1790516485522468167|container|exec_create: /bin/sh -c test -f /tmp/ready|e29d02ebb408dde3dc4a497a1e337b05b12809781ca3dd5a58152b00b7cdcc2a|fleetly-founder-default-ord1-mid.1.kqknjj3rye4j95ltnyw80it7y
1790516485522600217|container|exec_start: /bin/sh -c test -f /tmp/ready|e29d02ebb408dde3dc4a497a1e337b05b12809781ca3dd5a58152b00b7cdcc2a|fleetly-founder-default-ord1-mid.1.kqknjj3rye4j95ltnyw80it7y
1790516485548312439|container|exec_die|e29d02ebb408dde3dc4a497a1e337b05b12809781ca3dd5a58152b00b7cdcc2a|fleetly-founder-default-ord1-mid.1.kqknjj3rye4j95ltnyw80it7y
1790516485713373030|container|exec_create: /bin/sh -c test -f /tmp/ready|0d096972fa3aef6b612263c2939078291c239df8a9cbcd931079efa08f17bedd|fleetly-founder-default-ord1-leaf.1.na8gd3puwgw0o03bjhnmq2ci6
1790516485713475990|container|exec_start: /bin/sh -c test -f /tmp/ready|0d096972fa3aef6b612263c2939078291c239df8a9cbcd931079efa08f17bedd|fleetly-founder-default-ord1-leaf.1.na8gd3puwgw0o03bjhnmq2ci6
1790516485738636751|container|exec_die|0d096972fa3aef6b612263c2939078291c239df8a9cbcd931079efa08f17bedd|fleetly-founder-default-ord1-leaf.1.na8gd3puwgw0o03bjhnmq2ci6
1790516486140473751|container|exec_create: /bin/sh -c test -f /tmp/ready|0acab2935ffe06cc91d415cafb956d16fa2e27881e9e5b36da2d7f0e0a785f1c|fleetly-founder-default-ord1-base.1.mkxbor6qrn8pgp5ibyh6mkomi
1790516486140580822|container|exec_start: /bin/sh -c test -f /tmp/ready|0acab2935ffe06cc91d415cafb956d16fa2e27881e9e5b36da2d7f0e0a785f1c|fleetly-founder-default-ord1-base.1.mkxbor6qrn8pgp5ibyh6mkomi
1790516486166464942|container|exec_die|0acab2935ffe06cc91d415cafb956d16fa2e27881e9e5b36da2d7f0e0a785f1c|fleetly-founder-default-ord1-base.1.mkxbor6qrn8pgp5ibyh6mkomi
1790516486549372534|container|exec_create: /bin/sh -c test -f /tmp/ready|e29d02ebb408dde3dc4a497a1e337b05b12809781ca3dd5a58152b00b7cdcc2a|fleetly-founder-default-ord1-mid.1.kqknjj3rye4j95ltnyw80it7y
1790516486549461260|container|exec_start: /bin/sh -c test -f /tmp/ready|e29d02ebb408dde3dc4a497a1e337b05b12809781ca3dd5a58152b00b7cdcc2a|fleetly-founder-default-ord1-mid.1.kqknjj3rye4j95ltnyw80it7y
1790516486574254418|container|exec_die|e29d02ebb408dde3dc4a497a1e337b05b12809781ca3dd5a58152b00b7cdcc2a|fleetly-founder-default-ord1-mid.1.kqknjj3rye4j95ltnyw80it7y
1790516486739507847|container|exec_create: /bin/sh -c test -f /tmp/ready|0d096972fa3aef6b612263c2939078291c239df8a9cbcd931079efa08f17bedd|fleetly-founder-default-ord1-leaf.1.na8gd3puwgw0o03bjhnmq2ci6
1790516486739593431|container|exec_start: /bin/sh -c test -f /tmp/ready|0d096972fa3aef6b612263c2939078291c239df8a9cbcd931079efa08f17bedd|fleetly-founder-default-ord1-leaf.1.na8gd3puwgw0o03bjhnmq2ci6
1790516486765304544|container|exec_die|0d096972fa3aef6b612263c2939078291c239df8a9cbcd931079efa08f17bedd|fleetly-founder-default-ord1-leaf.1.na8gd3puwgw0o03bjhnmq2ci6
1790516487167220040|container|exec_create: /bin/sh -c test -f /tmp/ready|0acab2935ffe06cc91d415cafb956d16fa2e27881e9e5b36da2d7f0e0a785f1c|fleetly-founder-default-ord1-base.1.mkxbor6qrn8pgp5ibyh6mkomi
1790516487167361442|container|exec_start: /bin/sh -c test -f /tmp/ready|0acab2935ffe06cc91d415cafb956d16fa2e27881e9e5b36da2d7f0e0a785f1c|fleetly-founder-default-ord1-base.1.mkxbor6qrn8pgp5ibyh6mkomi
1790516487192520334|container|exec_die|0acab2935ffe06cc91d415cafb956d16fa2e27881e9e5b36da2d7f0e0a785f1c|fleetly-founder-default-ord1-base.1.mkxbor6qrn8pgp5ibyh6mkomi
1790516487283747671|network|create|yxpm0g97jwya56n4gbygptpqs|fleetly-founder-default-ord2-net
1790516487288260370|network|update|yxpm0g97jwya56n4gbygptpqs|fleetly-founder-default-ord2-net
1790516487291235197|service|create|vk1yxdgqri13ctq57yayd6ipr|fleetly-founder-default-ord2-bad
1790516487295193230|service|update|vk1yxdgqri13ctq57yayd6ipr|fleetly-founder-default-ord2-bad
1790516487299169433|service|create|xm7f8dskuqfv167uh6yr6528h|fleetly-founder-default-ord2-good
1790516487306190281|service|update|xm7f8dskuqfv167uh6yr6528h|fleetly-founder-default-ord2-good
1790516487365386272|node|update|hqc8kvf73o3ubo1vxd6i58z2y|s4
1790516487574707841|container|exec_create: /bin/sh -c test -f /tmp/ready|e29d02ebb408dde3dc4a497a1e337b05b12809781ca3dd5a58152b00b7cdcc2a|fleetly-founder-default-ord1-mid.1.kqknjj3rye4j95ltnyw80it7y
1790516487574818009|container|exec_start: /bin/sh -c test -f /tmp/ready|e29d02ebb408dde3dc4a497a1e337b05b12809781ca3dd5a58152b00b7cdcc2a|fleetly-founder-default-ord1-mid.1.kqknjj3rye4j95ltnyw80it7y
1790516487598456816|container|exec_die|e29d02ebb408dde3dc4a497a1e337b05b12809781ca3dd5a58152b00b7cdcc2a|fleetly-founder-default-ord1-mid.1.kqknjj3rye4j95ltnyw80it7y
1790516487628300666|network|create|yxpm0g97jwya56n4gbygptpqs|fleetly-founder-default-ord2-net
1790516487754172419|container|create|4228749e91f4a45c4ae7b1afffb932ad09396a783db1a0948d1dcd84e87c0d8c|fleetly-founder-default-ord2-good.1.nhwaolitj54c0kn6u66xigjdy
1790516487765826926|container|exec_create: /bin/sh -c test -f /tmp/ready|0d096972fa3aef6b612263c2939078291c239df8a9cbcd931079efa08f17bedd|fleetly-founder-default-ord1-leaf.1.na8gd3puwgw0o03bjhnmq2ci6
1790516487765917653|container|exec_start: /bin/sh -c test -f /tmp/ready|0d096972fa3aef6b612263c2939078291c239df8a9cbcd931079efa08f17bedd|fleetly-founder-default-ord1-leaf.1.na8gd3puwgw0o03bjhnmq2ci6
1790516487771305604|container|create|4f53c1c8f6762b38a5f3288c5c7e4dd462af15cb05f051c102aefd87073e9d24|fleetly-founder-default-ord2-bad.1.8rc8col9flm4xfq0nedikpm1x
1790516487796764821|container|exec_die|0d096972fa3aef6b612263c2939078291c239df8a9cbcd931079efa08f17bedd|fleetly-founder-default-ord1-leaf.1.na8gd3puwgw0o03bjhnmq2ci6
1790516488109101345|network|connect|yxpm0g97jwya56n4gbygptpqs|fleetly-founder-default-ord2-net
1790516488127166333|container|start|4228749e91f4a45c4ae7b1afffb932ad09396a783db1a0948d1dcd84e87c0d8c|fleetly-founder-default-ord2-good.1.nhwaolitj54c0kn6u66xigjdy
1790516488144275500|network|connect|yxpm0g97jwya56n4gbygptpqs|fleetly-founder-default-ord2-net
1790516488162116285|container|start|4f53c1c8f6762b38a5f3288c5c7e4dd462af15cb05f051c102aefd87073e9d24|fleetly-founder-default-ord2-bad.1.8rc8col9flm4xfq0nedikpm1x
1790516488193068265|container|exec_create: /bin/sh -c test -f /tmp/ready|0acab2935ffe06cc91d415cafb956d16fa2e27881e9e5b36da2d7f0e0a785f1c|fleetly-founder-default-ord1-base.1.mkxbor6qrn8pgp5ibyh6mkomi
1790516488193155179|container|exec_start: /bin/sh -c test -f /tmp/ready|0acab2935ffe06cc91d415cafb956d16fa2e27881e9e5b36da2d7f0e0a785f1c|fleetly-founder-default-ord1-base.1.mkxbor6qrn8pgp5ibyh6mkomi
1790516488218424100|container|exec_die|0acab2935ffe06cc91d415cafb956d16fa2e27881e9e5b36da2d7f0e0a785f1c|fleetly-founder-default-ord1-base.1.mkxbor6qrn8pgp5ibyh6mkomi
1790516488393075971|network|disconnect|yxpm0g97jwya56n4gbygptpqs|fleetly-founder-default-ord2-net
1790516488413204378|container|die|4f53c1c8f6762b38a5f3288c5c7e4dd462af15cb05f051c102aefd87073e9d24|fleetly-founder-default-ord2-bad.1.8rc8col9flm4xfq0nedikpm1x
1790516488599785221|container|exec_create: /bin/sh -c test -f /tmp/ready|e29d02ebb408dde3dc4a497a1e337b05b12809781ca3dd5a58152b00b7cdcc2a|fleetly-founder-default-ord1-mid.1.kqknjj3rye4j95ltnyw80it7y
1790516488599880530|container|exec_start: /bin/sh -c test -f /tmp/ready|e29d02ebb408dde3dc4a497a1e337b05b12809781ca3dd5a58152b00b7cdcc2a|fleetly-founder-default-ord1-mid.1.kqknjj3rye4j95ltnyw80it7y
1790516488627415397|container|exec_die|e29d02ebb408dde3dc4a497a1e337b05b12809781ca3dd5a58152b00b7cdcc2a|fleetly-founder-default-ord1-mid.1.kqknjj3rye4j95ltnyw80it7y
1790516488723199095|container|create|7ade1eaf720a89ed16dd7adbf48660db39bf1279ac3b9873383c27ca6411e361|fleetly-founder-default-ord2-bad.1.qclok7uvykqatuz2q3u5fbyp7
1790516488797329006|container|exec_create: /bin/sh -c test -f /tmp/ready|0d096972fa3aef6b612263c2939078291c239df8a9cbcd931079efa08f17bedd|fleetly-founder-default-ord1-leaf.1.na8gd3puwgw0o03bjhnmq2ci6
1790516488797447271|container|exec_start: /bin/sh -c test -f /tmp/ready|0d096972fa3aef6b612263c2939078291c239df8a9cbcd931079efa08f17bedd|fleetly-founder-default-ord1-leaf.1.na8gd3puwgw0o03bjhnmq2ci6
1790516488823334304|container|exec_die|0d096972fa3aef6b612263c2939078291c239df8a9cbcd931079efa08f17bedd|fleetly-founder-default-ord1-leaf.1.na8gd3puwgw0o03bjhnmq2ci6
1790516489127407379|container|exec_create: /bin/sh -c test -f /tmp/ready|4228749e91f4a45c4ae7b1afffb932ad09396a783db1a0948d1dcd84e87c0d8c|fleetly-founder-default-ord2-good.1.nhwaolitj54c0kn6u66xigjdy
1790516489127535129|container|exec_start: /bin/sh -c test -f /tmp/ready|4228749e91f4a45c4ae7b1afffb932ad09396a783db1a0948d1dcd84e87c0d8c|fleetly-founder-default-ord2-good.1.nhwaolitj54c0kn6u66xigjdy
1790516489152615001|container|exec_die|4228749e91f4a45c4ae7b1afffb932ad09396a783db1a0948d1dcd84e87c0d8c|fleetly-founder-default-ord2-good.1.nhwaolitj54c0kn6u66xigjdy
1790516489153048977|container|health_status: healthy|4228749e91f4a45c4ae7b1afffb932ad09396a783db1a0948d1dcd84e87c0d8c|fleetly-founder-default-ord2-good.1.nhwaolitj54c0kn6u66xigjdy
1790516489219414737|container|exec_create: /bin/sh -c test -f /tmp/ready|0acab2935ffe06cc91d415cafb956d16fa2e27881e9e5b36da2d7f0e0a785f1c|fleetly-founder-default-ord1-base.1.mkxbor6qrn8pgp5ibyh6mkomi
1790516489219506027|container|exec_start: /bin/sh -c test -f /tmp/ready|0acab2935ffe06cc91d415cafb956d16fa2e27881e9e5b36da2d7f0e0a785f1c|fleetly-founder-default-ord1-base.1.mkxbor6qrn8pgp5ibyh6mkomi
1790516489244616043|container|exec_die|0acab2935ffe06cc91d415cafb956d16fa2e27881e9e5b36da2d7f0e0a785f1c|fleetly-founder-default-ord1-base.1.mkxbor6qrn8pgp5ibyh6mkomi
1790516489628240428|container|exec_create: /bin/sh -c test -f /tmp/ready|e29d02ebb408dde3dc4a497a1e337b05b12809781ca3dd5a58152b00b7cdcc2a|fleetly-founder-default-ord1-mid.1.kqknjj3rye4j95ltnyw80it7y
1790516489628324705|container|exec_start: /bin/sh -c test -f /tmp/ready|e29d02ebb408dde3dc4a497a1e337b05b12809781ca3dd5a58152b00b7cdcc2a|fleetly-founder-default-ord1-mid.1.kqknjj3rye4j95ltnyw80it7y
1790516489652444311|container|exec_die|e29d02ebb408dde3dc4a497a1e337b05b12809781ca3dd5a58152b00b7cdcc2a|fleetly-founder-default-ord1-mid.1.kqknjj3rye4j95ltnyw80it7y
1790516489823932886|container|exec_create: /bin/sh -c test -f /tmp/ready|0d096972fa3aef6b612263c2939078291c239df8a9cbcd931079efa08f17bedd|fleetly-founder-default-ord1-leaf.1.na8gd3puwgw0o03bjhnmq2ci6
1790516489824034516|container|exec_start: /bin/sh -c test -f /tmp/ready|0d096972fa3aef6b612263c2939078291c239df8a9cbcd931079efa08f17bedd|fleetly-founder-default-ord1-leaf.1.na8gd3puwgw0o03bjhnmq2ci6
1790516489849657087|container|exec_die|0d096972fa3aef6b612263c2939078291c239df8a9cbcd931079efa08f17bedd|fleetly-founder-default-ord1-leaf.1.na8gd3puwgw0o03bjhnmq2ci6
1790516490153519158|container|exec_create: /bin/sh -c test -f /tmp/ready|4228749e91f4a45c4ae7b1afffb932ad09396a783db1a0948d1dcd84e87c0d8c|fleetly-founder-default-ord2-good.1.nhwaolitj54c0kn6u66xigjdy
1790516490153622781|container|exec_start: /bin/sh -c test -f /tmp/ready|4228749e91f4a45c4ae7b1afffb932ad09396a783db1a0948d1dcd84e87c0d8c|fleetly-founder-default-ord2-good.1.nhwaolitj54c0kn6u66xigjdy
1790516490178398032|container|exec_die|4228749e91f4a45c4ae7b1afffb932ad09396a783db1a0948d1dcd84e87c0d8c|fleetly-founder-default-ord2-good.1.nhwaolitj54c0kn6u66xigjdy
1790516490245024192|container|exec_create: /bin/sh -c test -f /tmp/ready|0acab2935ffe06cc91d415cafb956d16fa2e27881e9e5b36da2d7f0e0a785f1c|fleetly-founder-default-ord1-base.1.mkxbor6qrn8pgp5ibyh6mkomi
1790516490245127532|container|exec_start: /bin/sh -c test -f /tmp/ready|0acab2935ffe06cc91d415cafb956d16fa2e27881e9e5b36da2d7f0e0a785f1c|fleetly-founder-default-ord1-base.1.mkxbor6qrn8pgp5ibyh6mkomi
1790516490270577143|container|exec_die|0acab2935ffe06cc91d415cafb956d16fa2e27881e9e5b36da2d7f0e0a785f1c|fleetly-founder-default-ord1-base.1.mkxbor6qrn8pgp5ibyh6mkomi
1790516490652846708|container|exec_create: /bin/sh -c test -f /tmp/ready|e29d02ebb408dde3dc4a497a1e337b05b12809781ca3dd5a58152b00b7cdcc2a|fleetly-founder-default-ord1-mid.1.kqknjj3rye4j95ltnyw80it7y
1790516490653000011|container|exec_start: /bin/sh -c test -f /tmp/ready|e29d02ebb408dde3dc4a497a1e337b05b12809781ca3dd5a58152b00b7cdcc2a|fleetly-founder-default-ord1-mid.1.kqknjj3rye4j95ltnyw80it7y
1790516490679401676|container|exec_die|e29d02ebb408dde3dc4a497a1e337b05b12809781ca3dd5a58152b00b7cdcc2a|fleetly-founder-default-ord1-mid.1.kqknjj3rye4j95ltnyw80it7y
1790516490850853943|container|exec_create: /bin/sh -c test -f /tmp/ready|0d096972fa3aef6b612263c2939078291c239df8a9cbcd931079efa08f17bedd|fleetly-founder-default-ord1-leaf.1.na8gd3puwgw0o03bjhnmq2ci6
1790516490851015528|container|exec_start: /bin/sh -c test -f /tmp/ready|0d096972fa3aef6b612263c2939078291c239df8a9cbcd931079efa08f17bedd|fleetly-founder-default-ord1-leaf.1.na8gd3puwgw0o03bjhnmq2ci6
1790516490876702175|container|exec_die|0d096972fa3aef6b612263c2939078291c239df8a9cbcd931079efa08f17bedd|fleetly-founder-default-ord1-leaf.1.na8gd3puwgw0o03bjhnmq2ci6
1790516491179527597|container|exec_create: /bin/sh -c test -f /tmp/ready|4228749e91f4a45c4ae7b1afffb932ad09396a783db1a0948d1dcd84e87c0d8c|fleetly-founder-default-ord2-good.1.nhwaolitj54c0kn6u66xigjdy
1790516491179655572|container|exec_start: /bin/sh -c test -f /tmp/ready|4228749e91f4a45c4ae7b1afffb932ad09396a783db1a0948d1dcd84e87c0d8c|fleetly-founder-default-ord2-good.1.nhwaolitj54c0kn6u66xigjdy
1790516491204430506|container|exec_die|4228749e91f4a45c4ae7b1afffb932ad09396a783db1a0948d1dcd84e87c0d8c|fleetly-founder-default-ord2-good.1.nhwaolitj54c0kn6u66xigjdy
1790516491271183810|container|exec_create: /bin/sh -c test -f /tmp/ready|0acab2935ffe06cc91d415cafb956d16fa2e27881e9e5b36da2d7f0e0a785f1c|fleetly-founder-default-ord1-base.1.mkxbor6qrn8pgp5ibyh6mkomi
1790516491271295705|container|exec_start: /bin/sh -c test -f /tmp/ready|0acab2935ffe06cc91d415cafb956d16fa2e27881e9e5b36da2d7f0e0a785f1c|fleetly-founder-default-ord1-base.1.mkxbor6qrn8pgp5ibyh6mkomi
1790516491297671668|container|exec_die|0acab2935ffe06cc91d415cafb956d16fa2e27881e9e5b36da2d7f0e0a785f1c|fleetly-founder-default-ord1-base.1.mkxbor6qrn8pgp5ibyh6mkomi
1790516491635965041|container|exec_create: traefik healthcheck --ping|62f7c8af8fdba29d7f5a70f96d3977146e337ba79d68f77dc9d8005f67dee5ed|fleetly-ingress.hqc8kvf73o3ubo1vxd6i58z2y.vilbhyluwisbjmbvtqqh14tz6
1790516491636080115|container|exec_start: traefik healthcheck --ping|62f7c8af8fdba29d7f5a70f96d3977146e337ba79d68f77dc9d8005f67dee5ed|fleetly-ingress.hqc8kvf73o3ubo1vxd6i58z2y.vilbhyluwisbjmbvtqqh14tz6
1790516491670947037|container|exec_die|62f7c8af8fdba29d7f5a70f96d3977146e337ba79d68f77dc9d8005f67dee5ed|fleetly-ingress.hqc8kvf73o3ubo1vxd6i58z2y.vilbhyluwisbjmbvtqqh14tz6
1790516491679739155|container|exec_create: /bin/sh -c test -f /tmp/ready|e29d02ebb408dde3dc4a497a1e337b05b12809781ca3dd5a58152b00b7cdcc2a|fleetly-founder-default-ord1-mid.1.kqknjj3rye4j95ltnyw80it7y
1790516491679807549|container|exec_start: /bin/sh -c test -f /tmp/ready|e29d02ebb408dde3dc4a497a1e337b05b12809781ca3dd5a58152b00b7cdcc2a|fleetly-founder-default-ord1-mid.1.kqknjj3rye4j95ltnyw80it7y
1790516491704332542|container|exec_die|e29d02ebb408dde3dc4a497a1e337b05b12809781ca3dd5a58152b00b7cdcc2a|fleetly-founder-default-ord1-mid.1.kqknjj3rye4j95ltnyw80it7y
1790516491877056642|container|exec_create: /bin/sh -c test -f /tmp/ready|0d096972fa3aef6b612263c2939078291c239df8a9cbcd931079efa08f17bedd|fleetly-founder-default-ord1-leaf.1.na8gd3puwgw0o03bjhnmq2ci6
1790516491877162632|container|exec_start: /bin/sh -c test -f /tmp/ready|0d096972fa3aef6b612263c2939078291c239df8a9cbcd931079efa08f17bedd|fleetly-founder-default-ord1-leaf.1.na8gd3puwgw0o03bjhnmq2ci6
1790516491902725367|container|exec_die|0d096972fa3aef6b612263c2939078291c239df8a9cbcd931079efa08f17bedd|fleetly-founder-default-ord1-leaf.1.na8gd3puwgw0o03bjhnmq2ci6
1790516492205160904|container|exec_create: /bin/sh -c test -f /tmp/ready|4228749e91f4a45c4ae7b1afffb932ad09396a783db1a0948d1dcd84e87c0d8c|fleetly-founder-default-ord2-good.1.nhwaolitj54c0kn6u66xigjdy
1790516492205271003|container|exec_start: /bin/sh -c test -f /tmp/ready|4228749e91f4a45c4ae7b1afffb932ad09396a783db1a0948d1dcd84e87c0d8c|fleetly-founder-default-ord2-good.1.nhwaolitj54c0kn6u66xigjdy
1790516492230281801|container|exec_die|4228749e91f4a45c4ae7b1afffb932ad09396a783db1a0948d1dcd84e87c0d8c|fleetly-founder-default-ord2-good.1.nhwaolitj54c0kn6u66xigjdy
1790516492298734692|container|exec_create: /bin/sh -c test -f /tmp/ready|0acab2935ffe06cc91d415cafb956d16fa2e27881e9e5b36da2d7f0e0a785f1c|fleetly-founder-default-ord1-base.1.mkxbor6qrn8pgp5ibyh6mkomi
1790516492298831090|container|exec_start: /bin/sh -c test -f /tmp/ready|0acab2935ffe06cc91d415cafb956d16fa2e27881e9e5b36da2d7f0e0a785f1c|fleetly-founder-default-ord1-base.1.mkxbor6qrn8pgp5ibyh6mkomi
1790516492323304597|container|exec_die|0acab2935ffe06cc91d415cafb956d16fa2e27881e9e5b36da2d7f0e0a785f1c|fleetly-founder-default-ord1-base.1.mkxbor6qrn8pgp5ibyh6mkomi
1790516492705362242|container|exec_create: /bin/sh -c test -f /tmp/ready|e29d02ebb408dde3dc4a497a1e337b05b12809781ca3dd5a58152b00b7cdcc2a|fleetly-founder-default-ord1-mid.1.kqknjj3rye4j95ltnyw80it7y
1790516492705464580|container|exec_start: /bin/sh -c test -f /tmp/ready|e29d02ebb408dde3dc4a497a1e337b05b12809781ca3dd5a58152b00b7cdcc2a|fleetly-founder-default-ord1-mid.1.kqknjj3rye4j95ltnyw80it7y
1790516492730561068|container|exec_die|e29d02ebb408dde3dc4a497a1e337b05b12809781ca3dd5a58152b00b7cdcc2a|fleetly-founder-default-ord1-mid.1.kqknjj3rye4j95ltnyw80it7y
1790516492903521698|container|exec_create: /bin/sh -c test -f /tmp/ready|0d096972fa3aef6b612263c2939078291c239df8a9cbcd931079efa08f17bedd|fleetly-founder-default-ord1-leaf.1.na8gd3puwgw0o03bjhnmq2ci6
1790516492903625404|container|exec_start: /bin/sh -c test -f /tmp/ready|0d096972fa3aef6b612263c2939078291c239df8a9cbcd931079efa08f17bedd|fleetly-founder-default-ord1-leaf.1.na8gd3puwgw0o03bjhnmq2ci6
1790516492928468786|container|exec_die|0d096972fa3aef6b612263c2939078291c239df8a9cbcd931079efa08f17bedd|fleetly-founder-default-ord1-leaf.1.na8gd3puwgw0o03bjhnmq2ci6
1790516493231426687|container|exec_create: /bin/sh -c test -f /tmp/ready|4228749e91f4a45c4ae7b1afffb932ad09396a783db1a0948d1dcd84e87c0d8c|fleetly-founder-default-ord2-good.1.nhwaolitj54c0kn6u66xigjdy
1790516493231517506|container|exec_start: /bin/sh -c test -f /tmp/ready|4228749e91f4a45c4ae7b1afffb932ad09396a783db1a0948d1dcd84e87c0d8c|fleetly-founder-default-ord2-good.1.nhwaolitj54c0kn6u66xigjdy
1790516493257462355|container|exec_die|4228749e91f4a45c4ae7b1afffb932ad09396a783db1a0948d1dcd84e87c0d8c|fleetly-founder-default-ord2-good.1.nhwaolitj54c0kn6u66xigjdy
1790516493324034680|container|exec_create: /bin/sh -c test -f /tmp/ready|0acab2935ffe06cc91d415cafb956d16fa2e27881e9e5b36da2d7f0e0a785f1c|fleetly-founder-default-ord1-base.1.mkxbor6qrn8pgp5ibyh6mkomi
1790516493324174093|container|exec_start: /bin/sh -c test -f /tmp/ready|0acab2935ffe06cc91d415cafb956d16fa2e27881e9e5b36da2d7f0e0a785f1c|fleetly-founder-default-ord1-base.1.mkxbor6qrn8pgp5ibyh6mkomi
1790516493349633832|container|exec_die|0acab2935ffe06cc91d415cafb956d16fa2e27881e9e5b36da2d7f0e0a785f1c|fleetly-founder-default-ord1-base.1.mkxbor6qrn8pgp5ibyh6mkomi
1790516493731296307|container|exec_create: /bin/sh -c test -f /tmp/ready|e29d02ebb408dde3dc4a497a1e337b05b12809781ca3dd5a58152b00b7cdcc2a|fleetly-founder-default-ord1-mid.1.kqknjj3rye4j95ltnyw80it7y
1790516493731373817|container|exec_start: /bin/sh -c test -f /tmp/ready|e29d02ebb408dde3dc4a497a1e337b05b12809781ca3dd5a58152b00b7cdcc2a|fleetly-founder-default-ord1-mid.1.kqknjj3rye4j95ltnyw80it7y
1790516493756516452|container|exec_die|e29d02ebb408dde3dc4a497a1e337b05b12809781ca3dd5a58152b00b7cdcc2a|fleetly-founder-default-ord1-mid.1.kqknjj3rye4j95ltnyw80it7y
1790516493799321930|network|connect|yxpm0g97jwya56n4gbygptpqs|fleetly-founder-default-ord2-net
1790516493820262193|container|start|7ade1eaf720a89ed16dd7adbf48660db39bf1279ac3b9873383c27ca6411e361|fleetly-founder-default-ord2-bad.1.qclok7uvykqatuz2q3u5fbyp7
1790516493929300044|container|exec_create: /bin/sh -c test -f /tmp/ready|0d096972fa3aef6b612263c2939078291c239df8a9cbcd931079efa08f17bedd|fleetly-founder-default-ord1-leaf.1.na8gd3puwgw0o03bjhnmq2ci6
1790516493929389792|container|exec_start: /bin/sh -c test -f /tmp/ready|0d096972fa3aef6b612263c2939078291c239df8a9cbcd931079efa08f17bedd|fleetly-founder-default-ord1-leaf.1.na8gd3puwgw0o03bjhnmq2ci6
1790516493954614353|container|exec_die|0d096972fa3aef6b612263c2939078291c239df8a9cbcd931079efa08f17bedd|fleetly-founder-default-ord1-leaf.1.na8gd3puwgw0o03bjhnmq2ci6
1790516494045293762|network|disconnect|yxpm0g97jwya56n4gbygptpqs|fleetly-founder-default-ord2-net
1790516494064342941|container|die|7ade1eaf720a89ed16dd7adbf48660db39bf1279ac3b9873383c27ca6411e361|fleetly-founder-default-ord2-bad.1.qclok7uvykqatuz2q3u5fbyp7
1790516494258729426|container|exec_create: /bin/sh -c test -f /tmp/ready|4228749e91f4a45c4ae7b1afffb932ad09396a783db1a0948d1dcd84e87c0d8c|fleetly-founder-default-ord2-good.1.nhwaolitj54c0kn6u66xigjdy
1790516494258819436|container|exec_start: /bin/sh -c test -f /tmp/ready|4228749e91f4a45c4ae7b1afffb932ad09396a783db1a0948d1dcd84e87c0d8c|fleetly-founder-default-ord2-good.1.nhwaolitj54c0kn6u66xigjdy
1790516494287478534|container|exec_die|4228749e91f4a45c4ae7b1afffb932ad09396a783db1a0948d1dcd84e87c0d8c|fleetly-founder-default-ord2-good.1.nhwaolitj54c0kn6u66xigjdy
1790516494350431665|container|exec_create: /bin/sh -c test -f /tmp/ready|0acab2935ffe06cc91d415cafb956d16fa2e27881e9e5b36da2d7f0e0a785f1c|fleetly-founder-default-ord1-base.1.mkxbor6qrn8pgp5ibyh6mkomi
1790516494350513452|container|exec_start: /bin/sh -c test -f /tmp/ready|0acab2935ffe06cc91d415cafb956d16fa2e27881e9e5b36da2d7f0e0a785f1c|fleetly-founder-default-ord1-base.1.mkxbor6qrn8pgp5ibyh6mkomi
1790516494375632180|container|exec_die|0acab2935ffe06cc91d415cafb956d16fa2e27881e9e5b36da2d7f0e0a785f1c|fleetly-founder-default-ord1-base.1.mkxbor6qrn8pgp5ibyh6mkomi
1790516494382296843|container|create|86b460d929864b5903bfa7d03508b400c0999530f58343f2b763331d0214712b|fleetly-founder-default-ord2-bad.1.w3n5oepxlm2a5s4nmuesvz1da
1790516494757219414|container|exec_create: /bin/sh -c test -f /tmp/ready|e29d02ebb408dde3dc4a497a1e337b05b12809781ca3dd5a58152b00b7cdcc2a|fleetly-founder-default-ord1-mid.1.kqknjj3rye4j95ltnyw80it7y
1790516494757317501|container|exec_start: /bin/sh -c test -f /tmp/ready|e29d02ebb408dde3dc4a497a1e337b05b12809781ca3dd5a58152b00b7cdcc2a|fleetly-founder-default-ord1-mid.1.kqknjj3rye4j95ltnyw80it7y
1790516494782612165|container|exec_die|e29d02ebb408dde3dc4a497a1e337b05b12809781ca3dd5a58152b00b7cdcc2a|fleetly-founder-default-ord1-mid.1.kqknjj3rye4j95ltnyw80it7y
1790516494955969864|container|exec_create: /bin/sh -c test -f /tmp/ready|0d096972fa3aef6b612263c2939078291c239df8a9cbcd931079efa08f17bedd|fleetly-founder-default-ord1-leaf.1.na8gd3puwgw0o03bjhnmq2ci6
1790516494956108140|container|exec_start: /bin/sh -c test -f /tmp/ready|0d096972fa3aef6b612263c2939078291c239df8a9cbcd931079efa08f17bedd|fleetly-founder-default-ord1-leaf.1.na8gd3puwgw0o03bjhnmq2ci6
1790516494982629718|container|exec_die|0d096972fa3aef6b612263c2939078291c239df8a9cbcd931079efa08f17bedd|fleetly-founder-default-ord1-leaf.1.na8gd3puwgw0o03bjhnmq2ci6
1790516495287912443|container|exec_create: /bin/sh -c test -f /tmp/ready|4228749e91f4a45c4ae7b1afffb932ad09396a783db1a0948d1dcd84e87c0d8c|fleetly-founder-default-ord2-good.1.nhwaolitj54c0kn6u66xigjdy
1790516495288003013|container|exec_start: /bin/sh -c test -f /tmp/ready|4228749e91f4a45c4ae7b1afffb932ad09396a783db1a0948d1dcd84e87c0d8c|fleetly-founder-default-ord2-good.1.nhwaolitj54c0kn6u66xigjdy
1790516495312840349|container|exec_die|4228749e91f4a45c4ae7b1afffb932ad09396a783db1a0948d1dcd84e87c0d8c|fleetly-founder-default-ord2-good.1.nhwaolitj54c0kn6u66xigjdy
1790516495376918090|container|exec_create: /bin/sh -c test -f /tmp/ready|0acab2935ffe06cc91d415cafb956d16fa2e27881e9e5b36da2d7f0e0a785f1c|fleetly-founder-default-ord1-base.1.mkxbor6qrn8pgp5ibyh6mkomi
1790516495376984393|container|exec_start: /bin/sh -c test -f /tmp/ready|0acab2935ffe06cc91d415cafb956d16fa2e27881e9e5b36da2d7f0e0a785f1c|fleetly-founder-default-ord1-base.1.mkxbor6qrn8pgp5ibyh6mkomi
1790516495401589796|container|exec_die|0acab2935ffe06cc91d415cafb956d16fa2e27881e9e5b36da2d7f0e0a785f1c|fleetly-founder-default-ord1-base.1.mkxbor6qrn8pgp5ibyh6mkomi
1790516495783185037|container|exec_create: /bin/sh -c test -f /tmp/ready|e29d02ebb408dde3dc4a497a1e337b05b12809781ca3dd5a58152b00b7cdcc2a|fleetly-founder-default-ord1-mid.1.kqknjj3rye4j95ltnyw80it7y
1790516495783249143|container|exec_start: /bin/sh -c test -f /tmp/ready|e29d02ebb408dde3dc4a497a1e337b05b12809781ca3dd5a58152b00b7cdcc2a|fleetly-founder-default-ord1-mid.1.kqknjj3rye4j95ltnyw80it7y
1790516495807660378|container|exec_die|e29d02ebb408dde3dc4a497a1e337b05b12809781ca3dd5a58152b00b7cdcc2a|fleetly-founder-default-ord1-mid.1.kqknjj3rye4j95ltnyw80it7y
1790516495983511685|container|exec_create: /bin/sh -c test -f /tmp/ready|0d096972fa3aef6b612263c2939078291c239df8a9cbcd931079efa08f17bedd|fleetly-founder-default-ord1-leaf.1.na8gd3puwgw0o03bjhnmq2ci6
1790516495983583720|container|exec_start: /bin/sh -c test -f /tmp/ready|0d096972fa3aef6b612263c2939078291c239df8a9cbcd931079efa08f17bedd|fleetly-founder-default-ord1-leaf.1.na8gd3puwgw0o03bjhnmq2ci6
1790516496007695736|container|exec_die|0d096972fa3aef6b612263c2939078291c239df8a9cbcd931079efa08f17bedd|fleetly-founder-default-ord1-leaf.1.na8gd3puwgw0o03bjhnmq2ci6
1790516496313428264|container|exec_create: /bin/sh -c test -f /tmp/ready|4228749e91f4a45c4ae7b1afffb932ad09396a783db1a0948d1dcd84e87c0d8c|fleetly-founder-default-ord2-good.1.nhwaolitj54c0kn6u66xigjdy
1790516496313581415|container|exec_start: /bin/sh -c test -f /tmp/ready|4228749e91f4a45c4ae7b1afffb932ad09396a783db1a0948d1dcd84e87c0d8c|fleetly-founder-default-ord2-good.1.nhwaolitj54c0kn6u66xigjdy
1790516496338747003|container|exec_die|4228749e91f4a45c4ae7b1afffb932ad09396a783db1a0948d1dcd84e87c0d8c|fleetly-founder-default-ord2-good.1.nhwaolitj54c0kn6u66xigjdy
1790516496402597552|container|exec_create: /bin/sh -c test -f /tmp/ready|0acab2935ffe06cc91d415cafb956d16fa2e27881e9e5b36da2d7f0e0a785f1c|fleetly-founder-default-ord1-base.1.mkxbor6qrn8pgp5ibyh6mkomi
1790516496402700605|container|exec_start: /bin/sh -c test -f /tmp/ready|0acab2935ffe06cc91d415cafb956d16fa2e27881e9e5b36da2d7f0e0a785f1c|fleetly-founder-default-ord1-base.1.mkxbor6qrn8pgp5ibyh6mkomi
1790516496427315775|container|exec_die|0acab2935ffe06cc91d415cafb956d16fa2e27881e9e5b36da2d7f0e0a785f1c|fleetly-founder-default-ord1-base.1.mkxbor6qrn8pgp5ibyh6mkomi
1790516496809069323|container|exec_create: /bin/sh -c test -f /tmp/ready|e29d02ebb408dde3dc4a497a1e337b05b12809781ca3dd5a58152b00b7cdcc2a|fleetly-founder-default-ord1-mid.1.kqknjj3rye4j95ltnyw80it7y
1790516496809147824|container|exec_start: /bin/sh -c test -f /tmp/ready|e29d02ebb408dde3dc4a497a1e337b05b12809781ca3dd5a58152b00b7cdcc2a|fleetly-founder-default-ord1-mid.1.kqknjj3rye4j95ltnyw80it7y
1790516496833564252|container|exec_die|e29d02ebb408dde3dc4a497a1e337b05b12809781ca3dd5a58152b00b7cdcc2a|fleetly-founder-default-ord1-mid.1.kqknjj3rye4j95ltnyw80it7y
1790516497008627907|container|exec_create: /bin/sh -c test -f /tmp/ready|0d096972fa3aef6b612263c2939078291c239df8a9cbcd931079efa08f17bedd|fleetly-founder-default-ord1-leaf.1.na8gd3puwgw0o03bjhnmq2ci6
1790516497008771787|container|exec_start: /bin/sh -c test -f /tmp/ready|0d096972fa3aef6b612263c2939078291c239df8a9cbcd931079efa08f17bedd|fleetly-founder-default-ord1-leaf.1.na8gd3puwgw0o03bjhnmq2ci6
1790516497033646485|container|exec_die|0d096972fa3aef6b612263c2939078291c239df8a9cbcd931079efa08f17bedd|fleetly-founder-default-ord1-leaf.1.na8gd3puwgw0o03bjhnmq2ci6
1790516497339579413|container|exec_create: /bin/sh -c test -f /tmp/ready|4228749e91f4a45c4ae7b1afffb932ad09396a783db1a0948d1dcd84e87c0d8c|fleetly-founder-default-ord2-good.1.nhwaolitj54c0kn6u66xigjdy
1790516497339689940|container|exec_start: /bin/sh -c test -f /tmp/ready|4228749e91f4a45c4ae7b1afffb932ad09396a783db1a0948d1dcd84e87c0d8c|fleetly-founder-default-ord2-good.1.nhwaolitj54c0kn6u66xigjdy
1790516497364484882|container|exec_die|4228749e91f4a45c4ae7b1afffb932ad09396a783db1a0948d1dcd84e87c0d8c|fleetly-founder-default-ord2-good.1.nhwaolitj54c0kn6u66xigjdy
1790516497428437157|container|exec_create: /bin/sh -c test -f /tmp/ready|0acab2935ffe06cc91d415cafb956d16fa2e27881e9e5b36da2d7f0e0a785f1c|fleetly-founder-default-ord1-base.1.mkxbor6qrn8pgp5ibyh6mkomi
1790516497428520515|container|exec_start: /bin/sh -c test -f /tmp/ready|0acab2935ffe06cc91d415cafb956d16fa2e27881e9e5b36da2d7f0e0a785f1c|fleetly-founder-default-ord1-base.1.mkxbor6qrn8pgp5ibyh6mkomi
1790516497453343064|container|exec_die|0acab2935ffe06cc91d415cafb956d16fa2e27881e9e5b36da2d7f0e0a785f1c|fleetly-founder-default-ord1-base.1.mkxbor6qrn8pgp5ibyh6mkomi
1790516497834476259|container|exec_create: /bin/sh -c test -f /tmp/ready|e29d02ebb408dde3dc4a497a1e337b05b12809781ca3dd5a58152b00b7cdcc2a|fleetly-founder-default-ord1-mid.1.kqknjj3rye4j95ltnyw80it7y
1790516497834560759|container|exec_start: /bin/sh -c test -f /tmp/ready|e29d02ebb408dde3dc4a497a1e337b05b12809781ca3dd5a58152b00b7cdcc2a|fleetly-founder-default-ord1-mid.1.kqknjj3rye4j95ltnyw80it7y
1790516497859419497|container|exec_die|e29d02ebb408dde3dc4a497a1e337b05b12809781ca3dd5a58152b00b7cdcc2a|fleetly-founder-default-ord1-mid.1.kqknjj3rye4j95ltnyw80it7y
1790516498034759247|container|exec_create: /bin/sh -c test -f /tmp/ready|0d096972fa3aef6b612263c2939078291c239df8a9cbcd931079efa08f17bedd|fleetly-founder-default-ord1-leaf.1.na8gd3puwgw0o03bjhnmq2ci6
1790516498034867041|container|exec_start: /bin/sh -c test -f /tmp/ready|0d096972fa3aef6b612263c2939078291c239df8a9cbcd931079efa08f17bedd|fleetly-founder-default-ord1-leaf.1.na8gd3puwgw0o03bjhnmq2ci6
1790516498059697996|container|exec_die|0d096972fa3aef6b612263c2939078291c239df8a9cbcd931079efa08f17bedd|fleetly-founder-default-ord1-leaf.1.na8gd3puwgw0o03bjhnmq2ci6
1790516498365831679|container|exec_create: /bin/sh -c test -f /tmp/ready|4228749e91f4a45c4ae7b1afffb932ad09396a783db1a0948d1dcd84e87c0d8c|fleetly-founder-default-ord2-good.1.nhwaolitj54c0kn6u66xigjdy
1790516498365915856|container|exec_start: /bin/sh -c test -f /tmp/ready|4228749e91f4a45c4ae7b1afffb932ad09396a783db1a0948d1dcd84e87c0d8c|fleetly-founder-default-ord2-good.1.nhwaolitj54c0kn6u66xigjdy
1790516498391481196|container|exec_die|4228749e91f4a45c4ae7b1afffb932ad09396a783db1a0948d1dcd84e87c0d8c|fleetly-founder-default-ord2-good.1.nhwaolitj54c0kn6u66xigjdy
1790516498454629329|container|exec_create: /bin/sh -c test -f /tmp/ready|0acab2935ffe06cc91d415cafb956d16fa2e27881e9e5b36da2d7f0e0a785f1c|fleetly-founder-default-ord1-base.1.mkxbor6qrn8pgp5ibyh6mkomi
1790516498454740669|container|exec_start: /bin/sh -c test -f /tmp/ready|0acab2935ffe06cc91d415cafb956d16fa2e27881e9e5b36da2d7f0e0a785f1c|fleetly-founder-default-ord1-base.1.mkxbor6qrn8pgp5ibyh6mkomi
1790516498479303810|container|exec_die|0acab2935ffe06cc91d415cafb956d16fa2e27881e9e5b36da2d7f0e0a785f1c|fleetly-founder-default-ord1-base.1.mkxbor6qrn8pgp5ibyh6mkomi
1790516498860513513|container|exec_create: /bin/sh -c test -f /tmp/ready|e29d02ebb408dde3dc4a497a1e337b05b12809781ca3dd5a58152b00b7cdcc2a|fleetly-founder-default-ord1-mid.1.kqknjj3rye4j95ltnyw80it7y
1790516498860597684|container|exec_start: /bin/sh -c test -f /tmp/ready|e29d02ebb408dde3dc4a497a1e337b05b12809781ca3dd5a58152b00b7cdcc2a|fleetly-founder-default-ord1-mid.1.kqknjj3rye4j95ltnyw80it7y
1790516498886496347|container|exec_die|e29d02ebb408dde3dc4a497a1e337b05b12809781ca3dd5a58152b00b7cdcc2a|fleetly-founder-default-ord1-mid.1.kqknjj3rye4j95ltnyw80it7y
1790516499061027962|container|exec_create: /bin/sh -c test -f /tmp/ready|0d096972fa3aef6b612263c2939078291c239df8a9cbcd931079efa08f17bedd|fleetly-founder-default-ord1-leaf.1.na8gd3puwgw0o03bjhnmq2ci6
1790516499061096280|container|exec_start: /bin/sh -c test -f /tmp/ready|0d096972fa3aef6b612263c2939078291c239df8a9cbcd931079efa08f17bedd|fleetly-founder-default-ord1-leaf.1.na8gd3puwgw0o03bjhnmq2ci6
1790516499085881670|container|exec_die|0d096972fa3aef6b612263c2939078291c239df8a9cbcd931079efa08f17bedd|fleetly-founder-default-ord1-leaf.1.na8gd3puwgw0o03bjhnmq2ci6
1790516499392407726|container|exec_create: /bin/sh -c test -f /tmp/ready|4228749e91f4a45c4ae7b1afffb932ad09396a783db1a0948d1dcd84e87c0d8c|fleetly-founder-default-ord2-good.1.nhwaolitj54c0kn6u66xigjdy
1790516499392502662|container|exec_start: /bin/sh -c test -f /tmp/ready|4228749e91f4a45c4ae7b1afffb932ad09396a783db1a0948d1dcd84e87c0d8c|fleetly-founder-default-ord2-good.1.nhwaolitj54c0kn6u66xigjdy
1790516499417510140|container|exec_die|4228749e91f4a45c4ae7b1afffb932ad09396a783db1a0948d1dcd84e87c0d8c|fleetly-founder-default-ord2-good.1.nhwaolitj54c0kn6u66xigjdy
1790516499479720689|container|exec_create: /bin/sh -c test -f /tmp/ready|0acab2935ffe06cc91d415cafb956d16fa2e27881e9e5b36da2d7f0e0a785f1c|fleetly-founder-default-ord1-base.1.mkxbor6qrn8pgp5ibyh6mkomi
1790516499479822944|container|exec_start: /bin/sh -c test -f /tmp/ready|0acab2935ffe06cc91d415cafb956d16fa2e27881e9e5b36da2d7f0e0a785f1c|fleetly-founder-default-ord1-base.1.mkxbor6qrn8pgp5ibyh6mkomi
1790516499506576082|network|connect|yxpm0g97jwya56n4gbygptpqs|fleetly-founder-default-ord2-net
1790516499509676333|container|exec_die|0acab2935ffe06cc91d415cafb956d16fa2e27881e9e5b36da2d7f0e0a785f1c|fleetly-founder-default-ord1-base.1.mkxbor6qrn8pgp5ibyh6mkomi
1790516499526542704|container|start|86b460d929864b5903bfa7d03508b400c0999530f58343f2b763331d0214712b|fleetly-founder-default-ord2-bad.1.w3n5oepxlm2a5s4nmuesvz1da
1790516499785382338|network|disconnect|yxpm0g97jwya56n4gbygptpqs|fleetly-founder-default-ord2-net
1790516499804402503|container|die|86b460d929864b5903bfa7d03508b400c0999530f58343f2b763331d0214712b|fleetly-founder-default-ord2-bad.1.w3n5oepxlm2a5s4nmuesvz1da
1790516499887480009|container|exec_create: /bin/sh -c test -f /tmp/ready|e29d02ebb408dde3dc4a497a1e337b05b12809781ca3dd5a58152b00b7cdcc2a|fleetly-founder-default-ord1-mid.1.kqknjj3rye4j95ltnyw80it7y
1790516499887573232|container|exec_start: /bin/sh -c test -f /tmp/ready|e29d02ebb408dde3dc4a497a1e337b05b12809781ca3dd5a58152b00b7cdcc2a|fleetly-founder-default-ord1-mid.1.kqknjj3rye4j95ltnyw80it7y
1790516499912569466|container|exec_die|e29d02ebb408dde3dc4a497a1e337b05b12809781ca3dd5a58152b00b7cdcc2a|fleetly-founder-default-ord1-mid.1.kqknjj3rye4j95ltnyw80it7y
1790516500087209264|container|exec_create: /bin/sh -c test -f /tmp/ready|0d096972fa3aef6b612263c2939078291c239df8a9cbcd931079efa08f17bedd|fleetly-founder-default-ord1-leaf.1.na8gd3puwgw0o03bjhnmq2ci6
1790516500087295092|container|exec_start: /bin/sh -c test -f /tmp/ready|0d096972fa3aef6b612263c2939078291c239df8a9cbcd931079efa08f17bedd|fleetly-founder-default-ord1-leaf.1.na8gd3puwgw0o03bjhnmq2ci6
1790516500115426376|container|exec_die|0d096972fa3aef6b612263c2939078291c239df8a9cbcd931079efa08f17bedd|fleetly-founder-default-ord1-leaf.1.na8gd3puwgw0o03bjhnmq2ci6
1790516500127464084|container|create|9c6412455d64f2165cc36748ef6e9e50cc73179a2b43f9eb79483e1af7fd5a26|fleetly-founder-default-ord2-bad.1.qwaz37fa9dw8vt48twwh5tul4
1790516500418945933|container|exec_create: /bin/sh -c test -f /tmp/ready|4228749e91f4a45c4ae7b1afffb932ad09396a783db1a0948d1dcd84e87c0d8c|fleetly-founder-default-ord2-good.1.nhwaolitj54c0kn6u66xigjdy
1790516500419052055|container|exec_start: /bin/sh -c test -f /tmp/ready|4228749e91f4a45c4ae7b1afffb932ad09396a783db1a0948d1dcd84e87c0d8c|fleetly-founder-default-ord2-good.1.nhwaolitj54c0kn6u66xigjdy
1790516500444665188|container|exec_die|4228749e91f4a45c4ae7b1afffb932ad09396a783db1a0948d1dcd84e87c0d8c|fleetly-founder-default-ord2-good.1.nhwaolitj54c0kn6u66xigjdy
1790516500510522599|container|exec_create: /bin/sh -c test -f /tmp/ready|0acab2935ffe06cc91d415cafb956d16fa2e27881e9e5b36da2d7f0e0a785f1c|fleetly-founder-default-ord1-base.1.mkxbor6qrn8pgp5ibyh6mkomi
1790516500510680470|container|exec_start: /bin/sh -c test -f /tmp/ready|0acab2935ffe06cc91d415cafb956d16fa2e27881e9e5b36da2d7f0e0a785f1c|fleetly-founder-default-ord1-base.1.mkxbor6qrn8pgp5ibyh6mkomi
1790516500535626453|container|exec_die|0acab2935ffe06cc91d415cafb956d16fa2e27881e9e5b36da2d7f0e0a785f1c|fleetly-founder-default-ord1-base.1.mkxbor6qrn8pgp5ibyh6mkomi
1790516500912966338|container|exec_create: /bin/sh -c test -f /tmp/ready|e29d02ebb408dde3dc4a497a1e337b05b12809781ca3dd5a58152b00b7cdcc2a|fleetly-founder-default-ord1-mid.1.kqknjj3rye4j95ltnyw80it7y
1790516500913093947|container|exec_start: /bin/sh -c test -f /tmp/ready|e29d02ebb408dde3dc4a497a1e337b05b12809781ca3dd5a58152b00b7cdcc2a|fleetly-founder-default-ord1-mid.1.kqknjj3rye4j95ltnyw80it7y
1790516500938896377|container|exec_die|e29d02ebb408dde3dc4a497a1e337b05b12809781ca3dd5a58152b00b7cdcc2a|fleetly-founder-default-ord1-mid.1.kqknjj3rye4j95ltnyw80it7y
1790516501116552664|container|exec_create: /bin/sh -c test -f /tmp/ready|0d096972fa3aef6b612263c2939078291c239df8a9cbcd931079efa08f17bedd|fleetly-founder-default-ord1-leaf.1.na8gd3puwgw0o03bjhnmq2ci6
1790516501116684698|container|exec_start: /bin/sh -c test -f /tmp/ready|0d096972fa3aef6b612263c2939078291c239df8a9cbcd931079efa08f17bedd|fleetly-founder-default-ord1-leaf.1.na8gd3puwgw0o03bjhnmq2ci6
1790516501141603420|container|exec_die|0d096972fa3aef6b612263c2939078291c239df8a9cbcd931079efa08f17bedd|fleetly-founder-default-ord1-leaf.1.na8gd3puwgw0o03bjhnmq2ci6
1790516501445998481|container|exec_create: /bin/sh -c test -f /tmp/ready|4228749e91f4a45c4ae7b1afffb932ad09396a783db1a0948d1dcd84e87c0d8c|fleetly-founder-default-ord2-good.1.nhwaolitj54c0kn6u66xigjdy
1790516501446062257|container|exec_start: /bin/sh -c test -f /tmp/ready|4228749e91f4a45c4ae7b1afffb932ad09396a783db1a0948d1dcd84e87c0d8c|fleetly-founder-default-ord2-good.1.nhwaolitj54c0kn6u66xigjdy
1790516501470826045|container|exec_die|4228749e91f4a45c4ae7b1afffb932ad09396a783db1a0948d1dcd84e87c0d8c|fleetly-founder-default-ord2-good.1.nhwaolitj54c0kn6u66xigjdy
1790516501536574539|container|exec_create: /bin/sh -c test -f /tmp/ready|0acab2935ffe06cc91d415cafb956d16fa2e27881e9e5b36da2d7f0e0a785f1c|fleetly-founder-default-ord1-base.1.mkxbor6qrn8pgp5ibyh6mkomi
1790516501536673069|container|exec_start: /bin/sh -c test -f /tmp/ready|0acab2935ffe06cc91d415cafb956d16fa2e27881e9e5b36da2d7f0e0a785f1c|fleetly-founder-default-ord1-base.1.mkxbor6qrn8pgp5ibyh6mkomi
1790516501561496850|container|exec_die|0acab2935ffe06cc91d415cafb956d16fa2e27881e9e5b36da2d7f0e0a785f1c|fleetly-founder-default-ord1-base.1.mkxbor6qrn8pgp5ibyh6mkomi
1790516501672052411|container|exec_create: traefik healthcheck --ping|62f7c8af8fdba29d7f5a70f96d3977146e337ba79d68f77dc9d8005f67dee5ed|fleetly-ingress.hqc8kvf73o3ubo1vxd6i58z2y.vilbhyluwisbjmbvtqqh14tz6
1790516501672172812|container|exec_start: traefik healthcheck --ping|62f7c8af8fdba29d7f5a70f96d3977146e337ba79d68f77dc9d8005f67dee5ed|fleetly-ingress.hqc8kvf73o3ubo1vxd6i58z2y.vilbhyluwisbjmbvtqqh14tz6
1790516501708148147|container|exec_die|62f7c8af8fdba29d7f5a70f96d3977146e337ba79d68f77dc9d8005f67dee5ed|fleetly-ingress.hqc8kvf73o3ubo1vxd6i58z2y.vilbhyluwisbjmbvtqqh14tz6
1790516501939692716|container|exec_create: /bin/sh -c test -f /tmp/ready|e29d02ebb408dde3dc4a497a1e337b05b12809781ca3dd5a58152b00b7cdcc2a|fleetly-founder-default-ord1-mid.1.kqknjj3rye4j95ltnyw80it7y
1790516501939771967|container|exec_start: /bin/sh -c test -f /tmp/ready|e29d02ebb408dde3dc4a497a1e337b05b12809781ca3dd5a58152b00b7cdcc2a|fleetly-founder-default-ord1-mid.1.kqknjj3rye4j95ltnyw80it7y
1790516501964749752|container|exec_die|e29d02ebb408dde3dc4a497a1e337b05b12809781ca3dd5a58152b00b7cdcc2a|fleetly-founder-default-ord1-mid.1.kqknjj3rye4j95ltnyw80it7y
1790516502142313206|container|exec_create: /bin/sh -c test -f /tmp/ready|0d096972fa3aef6b612263c2939078291c239df8a9cbcd931079efa08f17bedd|fleetly-founder-default-ord1-leaf.1.na8gd3puwgw0o03bjhnmq2ci6
1790516502142409038|container|exec_start: /bin/sh -c test -f /tmp/ready|0d096972fa3aef6b612263c2939078291c239df8a9cbcd931079efa08f17bedd|fleetly-founder-default-ord1-leaf.1.na8gd3puwgw0o03bjhnmq2ci6
1790516502167534243|container|exec_die|0d096972fa3aef6b612263c2939078291c239df8a9cbcd931079efa08f17bedd|fleetly-founder-default-ord1-leaf.1.na8gd3puwgw0o03bjhnmq2ci6
1790516502471582338|container|exec_create: /bin/sh -c test -f /tmp/ready|4228749e91f4a45c4ae7b1afffb932ad09396a783db1a0948d1dcd84e87c0d8c|fleetly-founder-default-ord2-good.1.nhwaolitj54c0kn6u66xigjdy
1790516502471716431|container|exec_start: /bin/sh -c test -f /tmp/ready|4228749e91f4a45c4ae7b1afffb932ad09396a783db1a0948d1dcd84e87c0d8c|fleetly-founder-default-ord2-good.1.nhwaolitj54c0kn6u66xigjdy
1790516502495697948|container|exec_die|4228749e91f4a45c4ae7b1afffb932ad09396a783db1a0948d1dcd84e87c0d8c|fleetly-founder-default-ord2-good.1.nhwaolitj54c0kn6u66xigjdy
1790516502562671492|container|exec_create: /bin/sh -c test -f /tmp/ready|0acab2935ffe06cc91d415cafb956d16fa2e27881e9e5b36da2d7f0e0a785f1c|fleetly-founder-default-ord1-base.1.mkxbor6qrn8pgp5ibyh6mkomi
1790516502562801531|container|exec_start: /bin/sh -c test -f /tmp/ready|0acab2935ffe06cc91d415cafb956d16fa2e27881e9e5b36da2d7f0e0a785f1c|fleetly-founder-default-ord1-base.1.mkxbor6qrn8pgp5ibyh6mkomi
1790516502587723597|container|exec_die|0acab2935ffe06cc91d415cafb956d16fa2e27881e9e5b36da2d7f0e0a785f1c|fleetly-founder-default-ord1-base.1.mkxbor6qrn8pgp5ibyh6mkomi
1790516502965287118|container|exec_create: /bin/sh -c test -f /tmp/ready|e29d02ebb408dde3dc4a497a1e337b05b12809781ca3dd5a58152b00b7cdcc2a|fleetly-founder-default-ord1-mid.1.kqknjj3rye4j95ltnyw80it7y
1790516502965397526|container|exec_start: /bin/sh -c test -f /tmp/ready|e29d02ebb408dde3dc4a497a1e337b05b12809781ca3dd5a58152b00b7cdcc2a|fleetly-founder-default-ord1-mid.1.kqknjj3rye4j95ltnyw80it7y
1790516502989524988|container|exec_die|e29d02ebb408dde3dc4a497a1e337b05b12809781ca3dd5a58152b00b7cdcc2a|fleetly-founder-default-ord1-mid.1.kqknjj3rye4j95ltnyw80it7y
1790516503168374272|container|exec_create: /bin/sh -c test -f /tmp/ready|0d096972fa3aef6b612263c2939078291c239df8a9cbcd931079efa08f17bedd|fleetly-founder-default-ord1-leaf.1.na8gd3puwgw0o03bjhnmq2ci6
1790516503168492118|container|exec_start: /bin/sh -c test -f /tmp/ready|0d096972fa3aef6b612263c2939078291c239df8a9cbcd931079efa08f17bedd|fleetly-founder-default-ord1-leaf.1.na8gd3puwgw0o03bjhnmq2ci6
1790516503193559684|container|exec_die|0d096972fa3aef6b612263c2939078291c239df8a9cbcd931079efa08f17bedd|fleetly-founder-default-ord1-leaf.1.na8gd3puwgw0o03bjhnmq2ci6
1790516503496266591|container|exec_create: /bin/sh -c test -f /tmp/ready|4228749e91f4a45c4ae7b1afffb932ad09396a783db1a0948d1dcd84e87c0d8c|fleetly-founder-default-ord2-good.1.nhwaolitj54c0kn6u66xigjdy
1790516503496407902|container|exec_start: /bin/sh -c test -f /tmp/ready|4228749e91f4a45c4ae7b1afffb932ad09396a783db1a0948d1dcd84e87c0d8c|fleetly-founder-default-ord2-good.1.nhwaolitj54c0kn6u66xigjdy
1790516503521749550|container|exec_die|4228749e91f4a45c4ae7b1afffb932ad09396a783db1a0948d1dcd84e87c0d8c|fleetly-founder-default-ord2-good.1.nhwaolitj54c0kn6u66xigjdy
1790516503589082496|container|exec_create: /bin/sh -c test -f /tmp/ready|0acab2935ffe06cc91d415cafb956d16fa2e27881e9e5b36da2d7f0e0a785f1c|fleetly-founder-default-ord1-base.1.mkxbor6qrn8pgp5ibyh6mkomi
1790516503589142999|container|exec_start: /bin/sh -c test -f /tmp/ready|0acab2935ffe06cc91d415cafb956d16fa2e27881e9e5b36da2d7f0e0a785f1c|fleetly-founder-default-ord1-base.1.mkxbor6qrn8pgp5ibyh6mkomi
1790516503614551795|container|exec_die|0acab2935ffe06cc91d415cafb956d16fa2e27881e9e5b36da2d7f0e0a785f1c|fleetly-founder-default-ord1-base.1.mkxbor6qrn8pgp5ibyh6mkomi
1790516503990240309|container|exec_create: /bin/sh -c test -f /tmp/ready|e29d02ebb408dde3dc4a497a1e337b05b12809781ca3dd5a58152b00b7cdcc2a|fleetly-founder-default-ord1-mid.1.kqknjj3rye4j95ltnyw80it7y
1790516503990363112|container|exec_start: /bin/sh -c test -f /tmp/ready|e29d02ebb408dde3dc4a497a1e337b05b12809781ca3dd5a58152b00b7cdcc2a|fleetly-founder-default-ord1-mid.1.kqknjj3rye4j95ltnyw80it7y
1790516504015617790|container|exec_die|e29d02ebb408dde3dc4a497a1e337b05b12809781ca3dd5a58152b00b7cdcc2a|fleetly-founder-default-ord1-mid.1.kqknjj3rye4j95ltnyw80it7y
1790516504194895510|container|exec_create: /bin/sh -c test -f /tmp/ready|0d096972fa3aef6b612263c2939078291c239df8a9cbcd931079efa08f17bedd|fleetly-founder-default-ord1-leaf.1.na8gd3puwgw0o03bjhnmq2ci6
1790516504195018814|container|exec_start: /bin/sh -c test -f /tmp/ready|0d096972fa3aef6b612263c2939078291c239df8a9cbcd931079efa08f17bedd|fleetly-founder-default-ord1-leaf.1.na8gd3puwgw0o03bjhnmq2ci6
1790516504219788982|container|exec_die|0d096972fa3aef6b612263c2939078291c239df8a9cbcd931079efa08f17bedd|fleetly-founder-default-ord1-leaf.1.na8gd3puwgw0o03bjhnmq2ci6
1790516504522208184|container|exec_create: /bin/sh -c test -f /tmp/ready|4228749e91f4a45c4ae7b1afffb932ad09396a783db1a0948d1dcd84e87c0d8c|fleetly-founder-default-ord2-good.1.nhwaolitj54c0kn6u66xigjdy
1790516504522325234|container|exec_start: /bin/sh -c test -f /tmp/ready|4228749e91f4a45c4ae7b1afffb932ad09396a783db1a0948d1dcd84e87c0d8c|fleetly-founder-default-ord2-good.1.nhwaolitj54c0kn6u66xigjdy
1790516504547609953|container|exec_die|4228749e91f4a45c4ae7b1afffb932ad09396a783db1a0948d1dcd84e87c0d8c|fleetly-founder-default-ord2-good.1.nhwaolitj54c0kn6u66xigjdy
1790516504615515919|container|exec_create: /bin/sh -c test -f /tmp/ready|0acab2935ffe06cc91d415cafb956d16fa2e27881e9e5b36da2d7f0e0a785f1c|fleetly-founder-default-ord1-base.1.mkxbor6qrn8pgp5ibyh6mkomi
1790516504615659025|container|exec_start: /bin/sh -c test -f /tmp/ready|0acab2935ffe06cc91d415cafb956d16fa2e27881e9e5b36da2d7f0e0a785f1c|fleetly-founder-default-ord1-base.1.mkxbor6qrn8pgp5ibyh6mkomi
1790516504640616816|container|exec_die|0acab2935ffe06cc91d415cafb956d16fa2e27881e9e5b36da2d7f0e0a785f1c|fleetly-founder-default-ord1-base.1.mkxbor6qrn8pgp5ibyh6mkomi
1790516505017048658|container|exec_create: /bin/sh -c test -f /tmp/ready|e29d02ebb408dde3dc4a497a1e337b05b12809781ca3dd5a58152b00b7cdcc2a|fleetly-founder-default-ord1-mid.1.kqknjj3rye4j95ltnyw80it7y
1790516505017107017|container|exec_start: /bin/sh -c test -f /tmp/ready|e29d02ebb408dde3dc4a497a1e337b05b12809781ca3dd5a58152b00b7cdcc2a|fleetly-founder-default-ord1-mid.1.kqknjj3rye4j95ltnyw80it7y
1790516505051459393|container|exec_die|e29d02ebb408dde3dc4a497a1e337b05b12809781ca3dd5a58152b00b7cdcc2a|fleetly-founder-default-ord1-mid.1.kqknjj3rye4j95ltnyw80it7y
1790516505219605344|network|connect|yxpm0g97jwya56n4gbygptpqs|fleetly-founder-default-ord2-net
1790516505220844742|container|exec_create: /bin/sh -c test -f /tmp/ready|0d096972fa3aef6b612263c2939078291c239df8a9cbcd931079efa08f17bedd|fleetly-founder-default-ord1-leaf.1.na8gd3puwgw0o03bjhnmq2ci6
1790516505220930877|container|exec_start: /bin/sh -c test -f /tmp/ready|0d096972fa3aef6b612263c2939078291c239df8a9cbcd931079efa08f17bedd|fleetly-founder-default-ord1-leaf.1.na8gd3puwgw0o03bjhnmq2ci6
1790516505237564703|container|start|9c6412455d64f2165cc36748ef6e9e50cc73179a2b43f9eb79483e1af7fd5a26|fleetly-founder-default-ord2-bad.1.qwaz37fa9dw8vt48twwh5tul4
1790516505245998578|container|exec_die|0d096972fa3aef6b612263c2939078291c239df8a9cbcd931079efa08f17bedd|fleetly-founder-default-ord1-leaf.1.na8gd3puwgw0o03bjhnmq2ci6
1790516505497381505|network|disconnect|yxpm0g97jwya56n4gbygptpqs|fleetly-founder-default-ord2-net
1790516505516503030|container|die|9c6412455d64f2165cc36748ef6e9e50cc73179a2b43f9eb79483e1af7fd5a26|fleetly-founder-default-ord2-bad.1.qwaz37fa9dw8vt48twwh5tul4
1790516505548619061|container|exec_create: /bin/sh -c test -f /tmp/ready|4228749e91f4a45c4ae7b1afffb932ad09396a783db1a0948d1dcd84e87c0d8c|fleetly-founder-default-ord2-good.1.nhwaolitj54c0kn6u66xigjdy
1790516505548708367|container|exec_start: /bin/sh -c test -f /tmp/ready|4228749e91f4a45c4ae7b1afffb932ad09396a783db1a0948d1dcd84e87c0d8c|fleetly-founder-default-ord2-good.1.nhwaolitj54c0kn6u66xigjdy
1790516505573577339|container|exec_die|4228749e91f4a45c4ae7b1afffb932ad09396a783db1a0948d1dcd84e87c0d8c|fleetly-founder-default-ord2-good.1.nhwaolitj54c0kn6u66xigjdy
1790516505641736975|container|exec_create: /bin/sh -c test -f /tmp/ready|0acab2935ffe06cc91d415cafb956d16fa2e27881e9e5b36da2d7f0e0a785f1c|fleetly-founder-default-ord1-base.1.mkxbor6qrn8pgp5ibyh6mkomi
1790516505641832159|container|exec_start: /bin/sh -c test -f /tmp/ready|0acab2935ffe06cc91d415cafb956d16fa2e27881e9e5b36da2d7f0e0a785f1c|fleetly-founder-default-ord1-base.1.mkxbor6qrn8pgp5ibyh6mkomi
1790516505666692443|container|exec_die|0acab2935ffe06cc91d415cafb956d16fa2e27881e9e5b36da2d7f0e0a785f1c|fleetly-founder-default-ord1-base.1.mkxbor6qrn8pgp5ibyh6mkomi
1790516505877444955|container|create|5b8bed737698ffb3798036ac3917c0611ce50c2ea2fe3ed81c096996fc30aa7f|fleetly-founder-default-ord2-bad.1.u2zjqntl8zh2alrtf3cylp8ld
1790516506052601289|container|exec_create: /bin/sh -c test -f /tmp/ready|e29d02ebb408dde3dc4a497a1e337b05b12809781ca3dd5a58152b00b7cdcc2a|fleetly-founder-default-ord1-mid.1.kqknjj3rye4j95ltnyw80it7y
1790516506052675642|container|exec_start: /bin/sh -c test -f /tmp/ready|e29d02ebb408dde3dc4a497a1e337b05b12809781ca3dd5a58152b00b7cdcc2a|fleetly-founder-default-ord1-mid.1.kqknjj3rye4j95ltnyw80it7y
1790516506077681732|container|exec_die|e29d02ebb408dde3dc4a497a1e337b05b12809781ca3dd5a58152b00b7cdcc2a|fleetly-founder-default-ord1-mid.1.kqknjj3rye4j95ltnyw80it7y
1790516506247128887|container|exec_create: /bin/sh -c test -f /tmp/ready|0d096972fa3aef6b612263c2939078291c239df8a9cbcd931079efa08f17bedd|fleetly-founder-default-ord1-leaf.1.na8gd3puwgw0o03bjhnmq2ci6
1790516506247225427|container|exec_start: /bin/sh -c test -f /tmp/ready|0d096972fa3aef6b612263c2939078291c239df8a9cbcd931079efa08f17bedd|fleetly-founder-default-ord1-leaf.1.na8gd3puwgw0o03bjhnmq2ci6
1790516506271973649|container|exec_die|0d096972fa3aef6b612263c2939078291c239df8a9cbcd931079efa08f17bedd|fleetly-founder-default-ord1-leaf.1.na8gd3puwgw0o03bjhnmq2ci6
1790516506574171895|container|exec_create: /bin/sh -c test -f /tmp/ready|4228749e91f4a45c4ae7b1afffb932ad09396a783db1a0948d1dcd84e87c0d8c|fleetly-founder-default-ord2-good.1.nhwaolitj54c0kn6u66xigjdy
1790516506574236312|container|exec_start: /bin/sh -c test -f /tmp/ready|4228749e91f4a45c4ae7b1afffb932ad09396a783db1a0948d1dcd84e87c0d8c|fleetly-founder-default-ord2-good.1.nhwaolitj54c0kn6u66xigjdy
1790516506598678410|container|exec_die|4228749e91f4a45c4ae7b1afffb932ad09396a783db1a0948d1dcd84e87c0d8c|fleetly-founder-default-ord2-good.1.nhwaolitj54c0kn6u66xigjdy
1790516506667783360|container|exec_create: /bin/sh -c test -f /tmp/ready|0acab2935ffe06cc91d415cafb956d16fa2e27881e9e5b36da2d7f0e0a785f1c|fleetly-founder-default-ord1-base.1.mkxbor6qrn8pgp5ibyh6mkomi
1790516506667887846|container|exec_start: /bin/sh -c test -f /tmp/ready|0acab2935ffe06cc91d415cafb956d16fa2e27881e9e5b36da2d7f0e0a785f1c|fleetly-founder-default-ord1-base.1.mkxbor6qrn8pgp5ibyh6mkomi
1790516506692865276|container|exec_die|0acab2935ffe06cc91d415cafb956d16fa2e27881e9e5b36da2d7f0e0a785f1c|fleetly-founder-default-ord1-base.1.mkxbor6qrn8pgp5ibyh6mkomi
1790516507078994727|container|exec_create: /bin/sh -c test -f /tmp/ready|e29d02ebb408dde3dc4a497a1e337b05b12809781ca3dd5a58152b00b7cdcc2a|fleetly-founder-default-ord1-mid.1.kqknjj3rye4j95ltnyw80it7y
1790516507079084152|container|exec_start: /bin/sh -c test -f /tmp/ready|e29d02ebb408dde3dc4a497a1e337b05b12809781ca3dd5a58152b00b7cdcc2a|fleetly-founder-default-ord1-mid.1.kqknjj3rye4j95ltnyw80it7y
1790516507104825373|container|exec_die|e29d02ebb408dde3dc4a497a1e337b05b12809781ca3dd5a58152b00b7cdcc2a|fleetly-founder-default-ord1-mid.1.kqknjj3rye4j95ltnyw80it7y
1790516507272320780|container|exec_create: /bin/sh -c test -f /tmp/ready|0d096972fa3aef6b612263c2939078291c239df8a9cbcd931079efa08f17bedd|fleetly-founder-default-ord1-leaf.1.na8gd3puwgw0o03bjhnmq2ci6
1790516507272404857|container|exec_start: /bin/sh -c test -f /tmp/ready|0d096972fa3aef6b612263c2939078291c239df8a9cbcd931079efa08f17bedd|fleetly-founder-default-ord1-leaf.1.na8gd3puwgw0o03bjhnmq2ci6
1790516507297800824|container|exec_die|0d096972fa3aef6b612263c2939078291c239df8a9cbcd931079efa08f17bedd|fleetly-founder-default-ord1-leaf.1.na8gd3puwgw0o03bjhnmq2ci6
1790516507599979044|container|exec_create: /bin/sh -c test -f /tmp/ready|4228749e91f4a45c4ae7b1afffb932ad09396a783db1a0948d1dcd84e87c0d8c|fleetly-founder-default-ord2-good.1.nhwaolitj54c0kn6u66xigjdy
1790516507600072871|container|exec_start: /bin/sh -c test -f /tmp/ready|4228749e91f4a45c4ae7b1afffb932ad09396a783db1a0948d1dcd84e87c0d8c|fleetly-founder-default-ord2-good.1.nhwaolitj54c0kn6u66xigjdy
1790516507624838176|container|exec_die|4228749e91f4a45c4ae7b1afffb932ad09396a783db1a0948d1dcd84e87c0d8c|fleetly-founder-default-ord2-good.1.nhwaolitj54c0kn6u66xigjdy
1790516507693322492|container|exec_create: /bin/sh -c test -f /tmp/ready|0acab2935ffe06cc91d415cafb956d16fa2e27881e9e5b36da2d7f0e0a785f1c|fleetly-founder-default-ord1-base.1.mkxbor6qrn8pgp5ibyh6mkomi
1790516507693455589|container|exec_start: /bin/sh -c test -f /tmp/ready|0acab2935ffe06cc91d415cafb956d16fa2e27881e9e5b36da2d7f0e0a785f1c|fleetly-founder-default-ord1-base.1.mkxbor6qrn8pgp5ibyh6mkomi
1790516507718942979|container|exec_die|0acab2935ffe06cc91d415cafb956d16fa2e27881e9e5b36da2d7f0e0a785f1c|fleetly-founder-default-ord1-base.1.mkxbor6qrn8pgp5ibyh6mkomi
1790516508105654716|container|exec_create: /bin/sh -c test -f /tmp/ready|e29d02ebb408dde3dc4a497a1e337b05b12809781ca3dd5a58152b00b7cdcc2a|fleetly-founder-default-ord1-mid.1.kqknjj3rye4j95ltnyw80it7y
1790516508105720346|container|exec_start: /bin/sh -c test -f /tmp/ready|e29d02ebb408dde3dc4a497a1e337b05b12809781ca3dd5a58152b00b7cdcc2a|fleetly-founder-default-ord1-mid.1.kqknjj3rye4j95ltnyw80it7y
1790516508130197770|container|exec_die|e29d02ebb408dde3dc4a497a1e337b05b12809781ca3dd5a58152b00b7cdcc2a|fleetly-founder-default-ord1-mid.1.kqknjj3rye4j95ltnyw80it7y
1790516508298787209|container|exec_create: /bin/sh -c test -f /tmp/ready|0d096972fa3aef6b612263c2939078291c239df8a9cbcd931079efa08f17bedd|fleetly-founder-default-ord1-leaf.1.na8gd3puwgw0o03bjhnmq2ci6
1790516508298896028|container|exec_start: /bin/sh -c test -f /tmp/ready|0d096972fa3aef6b612263c2939078291c239df8a9cbcd931079efa08f17bedd|fleetly-founder-default-ord1-leaf.1.na8gd3puwgw0o03bjhnmq2ci6
1790516508323608099|container|exec_die|0d096972fa3aef6b612263c2939078291c239df8a9cbcd931079efa08f17bedd|fleetly-founder-default-ord1-leaf.1.na8gd3puwgw0o03bjhnmq2ci6
1790516508625806059|container|exec_create: /bin/sh -c test -f /tmp/ready|4228749e91f4a45c4ae7b1afffb932ad09396a783db1a0948d1dcd84e87c0d8c|fleetly-founder-default-ord2-good.1.nhwaolitj54c0kn6u66xigjdy
1790516508625912578|container|exec_start: /bin/sh -c test -f /tmp/ready|4228749e91f4a45c4ae7b1afffb932ad09396a783db1a0948d1dcd84e87c0d8c|fleetly-founder-default-ord2-good.1.nhwaolitj54c0kn6u66xigjdy
1790516508649621768|container|exec_die|4228749e91f4a45c4ae7b1afffb932ad09396a783db1a0948d1dcd84e87c0d8c|fleetly-founder-default-ord2-good.1.nhwaolitj54c0kn6u66xigjdy
1790516508720336084|container|exec_create: /bin/sh -c test -f /tmp/ready|0acab2935ffe06cc91d415cafb956d16fa2e27881e9e5b36da2d7f0e0a785f1c|fleetly-founder-default-ord1-base.1.mkxbor6qrn8pgp5ibyh6mkomi
1790516508720426964|container|exec_start: /bin/sh -c test -f /tmp/ready|0acab2935ffe06cc91d415cafb956d16fa2e27881e9e5b36da2d7f0e0a785f1c|fleetly-founder-default-ord1-base.1.mkxbor6qrn8pgp5ibyh6mkomi
1790516508745332511|container|exec_die|0acab2935ffe06cc91d415cafb956d16fa2e27881e9e5b36da2d7f0e0a785f1c|fleetly-founder-default-ord1-base.1.mkxbor6qrn8pgp5ibyh6mkomi
1790516509131599179|container|exec_create: /bin/sh -c test -f /tmp/ready|e29d02ebb408dde3dc4a497a1e337b05b12809781ca3dd5a58152b00b7cdcc2a|fleetly-founder-default-ord1-mid.1.kqknjj3rye4j95ltnyw80it7y
1790516509131700161|container|exec_start: /bin/sh -c test -f /tmp/ready|e29d02ebb408dde3dc4a497a1e337b05b12809781ca3dd5a58152b00b7cdcc2a|fleetly-founder-default-ord1-mid.1.kqknjj3rye4j95ltnyw80it7y
1790516509155905983|container|exec_die|e29d02ebb408dde3dc4a497a1e337b05b12809781ca3dd5a58152b00b7cdcc2a|fleetly-founder-default-ord1-mid.1.kqknjj3rye4j95ltnyw80it7y
1790516509324621365|container|exec_create: /bin/sh -c test -f /tmp/ready|0d096972fa3aef6b612263c2939078291c239df8a9cbcd931079efa08f17bedd|fleetly-founder-default-ord1-leaf.1.na8gd3puwgw0o03bjhnmq2ci6
1790516509324705457|container|exec_start: /bin/sh -c test -f /tmp/ready|0d096972fa3aef6b612263c2939078291c239df8a9cbcd931079efa08f17bedd|fleetly-founder-default-ord1-leaf.1.na8gd3puwgw0o03bjhnmq2ci6
1790516509349813888|container|exec_die|0d096972fa3aef6b612263c2939078291c239df8a9cbcd931079efa08f17bedd|fleetly-founder-default-ord1-leaf.1.na8gd3puwgw0o03bjhnmq2ci6
1790516509650797547|container|exec_create: /bin/sh -c test -f /tmp/ready|4228749e91f4a45c4ae7b1afffb932ad09396a783db1a0948d1dcd84e87c0d8c|fleetly-founder-default-ord2-good.1.nhwaolitj54c0kn6u66xigjdy
1790516509650917652|container|exec_start: /bin/sh -c test -f /tmp/ready|4228749e91f4a45c4ae7b1afffb932ad09396a783db1a0948d1dcd84e87c0d8c|fleetly-founder-default-ord2-good.1.nhwaolitj54c0kn6u66xigjdy
1790516509676713361|container|exec_die|4228749e91f4a45c4ae7b1afffb932ad09396a783db1a0948d1dcd84e87c0d8c|fleetly-founder-default-ord2-good.1.nhwaolitj54c0kn6u66xigjdy
1790516509746643145|container|exec_create: /bin/sh -c test -f /tmp/ready|0acab2935ffe06cc91d415cafb956d16fa2e27881e9e5b36da2d7f0e0a785f1c|fleetly-founder-default-ord1-base.1.mkxbor6qrn8pgp5ibyh6mkomi
1790516509746719139|container|exec_start: /bin/sh -c test -f /tmp/ready|0acab2935ffe06cc91d415cafb956d16fa2e27881e9e5b36da2d7f0e0a785f1c|fleetly-founder-default-ord1-base.1.mkxbor6qrn8pgp5ibyh6mkomi
1790516509771948851|container|exec_die|0acab2935ffe06cc91d415cafb956d16fa2e27881e9e5b36da2d7f0e0a785f1c|fleetly-founder-default-ord1-base.1.mkxbor6qrn8pgp5ibyh6mkomi
1790516510156562873|container|exec_create: /bin/sh -c test -f /tmp/ready|e29d02ebb408dde3dc4a497a1e337b05b12809781ca3dd5a58152b00b7cdcc2a|fleetly-founder-default-ord1-mid.1.kqknjj3rye4j95ltnyw80it7y
1790516510156666782|container|exec_start: /bin/sh -c test -f /tmp/ready|e29d02ebb408dde3dc4a497a1e337b05b12809781ca3dd5a58152b00b7cdcc2a|fleetly-founder-default-ord1-mid.1.kqknjj3rye4j95ltnyw80it7y
1790516510180744136|container|exec_die|e29d02ebb408dde3dc4a497a1e337b05b12809781ca3dd5a58152b00b7cdcc2a|fleetly-founder-default-ord1-mid.1.kqknjj3rye4j95ltnyw80it7y
1790516510350882429|container|exec_create: /bin/sh -c test -f /tmp/ready|0d096972fa3aef6b612263c2939078291c239df8a9cbcd931079efa08f17bedd|fleetly-founder-default-ord1-leaf.1.na8gd3puwgw0o03bjhnmq2ci6
1790516510351013690|container|exec_start: /bin/sh -c test -f /tmp/ready|0d096972fa3aef6b612263c2939078291c239df8a9cbcd931079efa08f17bedd|fleetly-founder-default-ord1-leaf.1.na8gd3puwgw0o03bjhnmq2ci6
1790516510376994980|container|exec_die|0d096972fa3aef6b612263c2939078291c239df8a9cbcd931079efa08f17bedd|fleetly-founder-default-ord1-leaf.1.na8gd3puwgw0o03bjhnmq2ci6
1790516510678088616|container|exec_create: /bin/sh -c test -f /tmp/ready|4228749e91f4a45c4ae7b1afffb932ad09396a783db1a0948d1dcd84e87c0d8c|fleetly-founder-default-ord2-good.1.nhwaolitj54c0kn6u66xigjdy
1790516510678232911|container|exec_start: /bin/sh -c test -f /tmp/ready|4228749e91f4a45c4ae7b1afffb932ad09396a783db1a0948d1dcd84e87c0d8c|fleetly-founder-default-ord2-good.1.nhwaolitj54c0kn6u66xigjdy
1790516510704839464|container|exec_die|4228749e91f4a45c4ae7b1afffb932ad09396a783db1a0948d1dcd84e87c0d8c|fleetly-founder-default-ord2-good.1.nhwaolitj54c0kn6u66xigjdy
1790516510772966738|container|exec_create: /bin/sh -c test -f /tmp/ready|0acab2935ffe06cc91d415cafb956d16fa2e27881e9e5b36da2d7f0e0a785f1c|fleetly-founder-default-ord1-base.1.mkxbor6qrn8pgp5ibyh6mkomi
1790516510773064879|container|exec_start: /bin/sh -c test -f /tmp/ready|0acab2935ffe06cc91d415cafb956d16fa2e27881e9e5b36da2d7f0e0a785f1c|fleetly-founder-default-ord1-base.1.mkxbor6qrn8pgp5ibyh6mkomi
1790516510812992909|container|exec_die|0acab2935ffe06cc91d415cafb956d16fa2e27881e9e5b36da2d7f0e0a785f1c|fleetly-founder-default-ord1-base.1.mkxbor6qrn8pgp5ibyh6mkomi
1790516510955510319|network|connect|yxpm0g97jwya56n4gbygptpqs|fleetly-founder-default-ord2-net
1790516510972647715|container|start|5b8bed737698ffb3798036ac3917c0611ce50c2ea2fe3ed81c096996fc30aa7f|fleetly-founder-default-ord2-bad.1.u2zjqntl8zh2alrtf3cylp8ld
1790516511181696989|container|exec_create: /bin/sh -c test -f /tmp/ready|e29d02ebb408dde3dc4a497a1e337b05b12809781ca3dd5a58152b00b7cdcc2a|fleetly-founder-default-ord1-mid.1.kqknjj3rye4j95ltnyw80it7y
1790516511181807660|container|exec_start: /bin/sh -c test -f /tmp/ready|e29d02ebb408dde3dc4a497a1e337b05b12809781ca3dd5a58152b00b7cdcc2a|fleetly-founder-default-ord1-mid.1.kqknjj3rye4j95ltnyw80it7y
1790516511206696135|container|exec_die|e29d02ebb408dde3dc4a497a1e337b05b12809781ca3dd5a58152b00b7cdcc2a|fleetly-founder-default-ord1-mid.1.kqknjj3rye4j95ltnyw80it7y
1790516511216567596|network|disconnect|yxpm0g97jwya56n4gbygptpqs|fleetly-founder-default-ord2-net
1790516511236577648|container|die|5b8bed737698ffb3798036ac3917c0611ce50c2ea2fe3ed81c096996fc30aa7f|fleetly-founder-default-ord2-bad.1.u2zjqntl8zh2alrtf3cylp8ld
1790516511377415485|container|exec_create: /bin/sh -c test -f /tmp/ready|0d096972fa3aef6b612263c2939078291c239df8a9cbcd931079efa08f17bedd|fleetly-founder-default-ord1-leaf.1.na8gd3puwgw0o03bjhnmq2ci6
1790516511377491931|container|exec_start: /bin/sh -c test -f /tmp/ready|0d096972fa3aef6b612263c2939078291c239df8a9cbcd931079efa08f17bedd|fleetly-founder-default-ord1-leaf.1.na8gd3puwgw0o03bjhnmq2ci6
1790516511401979911|container|exec_die|0d096972fa3aef6b612263c2939078291c239df8a9cbcd931079efa08f17bedd|fleetly-founder-default-ord1-leaf.1.na8gd3puwgw0o03bjhnmq2ci6
1790516511568533379|container|create|57567219ba4aa0523f01adb10b427034cd406dd2a19e7b0a42175f48b9c1c7cb|fleetly-founder-default-ord2-bad.1.n0lkh5fsrd53ut7kq1shylwda
1790516511706085477|container|exec_create: /bin/sh -c test -f /tmp/ready|4228749e91f4a45c4ae7b1afffb932ad09396a783db1a0948d1dcd84e87c0d8c|fleetly-founder-default-ord2-good.1.nhwaolitj54c0kn6u66xigjdy
1790516511706210466|container|exec_start: /bin/sh -c test -f /tmp/ready|4228749e91f4a45c4ae7b1afffb932ad09396a783db1a0948d1dcd84e87c0d8c|fleetly-founder-default-ord2-good.1.nhwaolitj54c0kn6u66xigjdy
1790516511708893859|container|exec_create: traefik healthcheck --ping|62f7c8af8fdba29d7f5a70f96d3977146e337ba79d68f77dc9d8005f67dee5ed|fleetly-ingress.hqc8kvf73o3ubo1vxd6i58z2y.vilbhyluwisbjmbvtqqh14tz6
1790516511708958135|container|exec_start: traefik healthcheck --ping|62f7c8af8fdba29d7f5a70f96d3977146e337ba79d68f77dc9d8005f67dee5ed|fleetly-ingress.hqc8kvf73o3ubo1vxd6i58z2y.vilbhyluwisbjmbvtqqh14tz6
1790516511730797024|container|exec_die|4228749e91f4a45c4ae7b1afffb932ad09396a783db1a0948d1dcd84e87c0d8c|fleetly-founder-default-ord2-good.1.nhwaolitj54c0kn6u66xigjdy
1790516511744827125|container|exec_die|62f7c8af8fdba29d7f5a70f96d3977146e337ba79d68f77dc9d8005f67dee5ed|fleetly-ingress.hqc8kvf73o3ubo1vxd6i58z2y.vilbhyluwisbjmbvtqqh14tz6
1790516511814039978|container|exec_create: /bin/sh -c test -f /tmp/ready|0acab2935ffe06cc91d415cafb956d16fa2e27881e9e5b36da2d7f0e0a785f1c|fleetly-founder-default-ord1-base.1.mkxbor6qrn8pgp5ibyh6mkomi
1790516511814162519|container|exec_start: /bin/sh -c test -f /tmp/ready|0acab2935ffe06cc91d415cafb956d16fa2e27881e9e5b36da2d7f0e0a785f1c|fleetly-founder-default-ord1-base.1.mkxbor6qrn8pgp5ibyh6mkomi
1790516511840130516|container|exec_die|0acab2935ffe06cc91d415cafb956d16fa2e27881e9e5b36da2d7f0e0a785f1c|fleetly-founder-default-ord1-base.1.mkxbor6qrn8pgp5ibyh6mkomi
1790516512207591475|container|exec_create: /bin/sh -c test -f /tmp/ready|e29d02ebb408dde3dc4a497a1e337b05b12809781ca3dd5a58152b00b7cdcc2a|fleetly-founder-default-ord1-mid.1.kqknjj3rye4j95ltnyw80it7y
1790516512207644313|container|exec_start: /bin/sh -c test -f /tmp/ready|e29d02ebb408dde3dc4a497a1e337b05b12809781ca3dd5a58152b00b7cdcc2a|fleetly-founder-default-ord1-mid.1.kqknjj3rye4j95ltnyw80it7y
1790516512233770817|container|exec_die|e29d02ebb408dde3dc4a497a1e337b05b12809781ca3dd5a58152b00b7cdcc2a|fleetly-founder-default-ord1-mid.1.kqknjj3rye4j95ltnyw80it7y
1790516512401556753|container|exec_create: /bin/sh -c test -f /tmp/ready|0d096972fa3aef6b612263c2939078291c239df8a9cbcd931079efa08f17bedd|fleetly-founder-default-ord1-leaf.1.na8gd3puwgw0o03bjhnmq2ci6
1790516512401658976|container|exec_start: /bin/sh -c test -f /tmp/ready|0d096972fa3aef6b612263c2939078291c239df8a9cbcd931079efa08f17bedd|fleetly-founder-default-ord1-leaf.1.na8gd3puwgw0o03bjhnmq2ci6
1790516512426867470|container|exec_die|0d096972fa3aef6b612263c2939078291c239df8a9cbcd931079efa08f17bedd|fleetly-founder-default-ord1-leaf.1.na8gd3puwgw0o03bjhnmq2ci6
1790516512730387792|container|exec_create: /bin/sh -c test -f /tmp/ready|4228749e91f4a45c4ae7b1afffb932ad09396a783db1a0948d1dcd84e87c0d8c|fleetly-founder-default-ord2-good.1.nhwaolitj54c0kn6u66xigjdy
1790516512730455015|container|exec_start: /bin/sh -c test -f /tmp/ready|4228749e91f4a45c4ae7b1afffb932ad09396a783db1a0948d1dcd84e87c0d8c|fleetly-founder-default-ord2-good.1.nhwaolitj54c0kn6u66xigjdy
1790516512755877067|container|exec_die|4228749e91f4a45c4ae7b1afffb932ad09396a783db1a0948d1dcd84e87c0d8c|fleetly-founder-default-ord2-good.1.nhwaolitj54c0kn6u66xigjdy
1790516512840541333|container|exec_create: /bin/sh -c test -f /tmp/ready|0acab2935ffe06cc91d415cafb956d16fa2e27881e9e5b36da2d7f0e0a785f1c|fleetly-founder-default-ord1-base.1.mkxbor6qrn8pgp5ibyh6mkomi
1790516512840635679|container|exec_start: /bin/sh -c test -f /tmp/ready|0acab2935ffe06cc91d415cafb956d16fa2e27881e9e5b36da2d7f0e0a785f1c|fleetly-founder-default-ord1-base.1.mkxbor6qrn8pgp5ibyh6mkomi
1790516512866670072|container|exec_die|0acab2935ffe06cc91d415cafb956d16fa2e27881e9e5b36da2d7f0e0a785f1c|fleetly-founder-default-ord1-base.1.mkxbor6qrn8pgp5ibyh6mkomi
1790516513233611851|container|exec_create: /bin/sh -c test -f /tmp/ready|e29d02ebb408dde3dc4a497a1e337b05b12809781ca3dd5a58152b00b7cdcc2a|fleetly-founder-default-ord1-mid.1.kqknjj3rye4j95ltnyw80it7y
1790516513233737186|container|exec_start: /bin/sh -c test -f /tmp/ready|e29d02ebb408dde3dc4a497a1e337b05b12809781ca3dd5a58152b00b7cdcc2a|fleetly-founder-default-ord1-mid.1.kqknjj3rye4j95ltnyw80it7y
1790516513260469379|container|exec_die|e29d02ebb408dde3dc4a497a1e337b05b12809781ca3dd5a58152b00b7cdcc2a|fleetly-founder-default-ord1-mid.1.kqknjj3rye4j95ltnyw80it7y
1790516513427305626|container|exec_create: /bin/sh -c test -f /tmp/ready|0d096972fa3aef6b612263c2939078291c239df8a9cbcd931079efa08f17bedd|fleetly-founder-default-ord1-leaf.1.na8gd3puwgw0o03bjhnmq2ci6
1790516513427415228|container|exec_start: /bin/sh -c test -f /tmp/ready|0d096972fa3aef6b612263c2939078291c239df8a9cbcd931079efa08f17bedd|fleetly-founder-default-ord1-leaf.1.na8gd3puwgw0o03bjhnmq2ci6
1790516513452933359|container|exec_die|0d096972fa3aef6b612263c2939078291c239df8a9cbcd931079efa08f17bedd|fleetly-founder-default-ord1-leaf.1.na8gd3puwgw0o03bjhnmq2ci6
1790516513490216706|container|destroy|4f53c1c8f6762b38a5f3288c5c7e4dd462af15cb05f051c102aefd87073e9d24|fleetly-founder-default-ord2-bad.1.8rc8col9flm4xfq0nedikpm1x
1790516513757147829|container|exec_create: /bin/sh -c test -f /tmp/ready|4228749e91f4a45c4ae7b1afffb932ad09396a783db1a0948d1dcd84e87c0d8c|fleetly-founder-default-ord2-good.1.nhwaolitj54c0kn6u66xigjdy
1790516513757235548|container|exec_start: /bin/sh -c test -f /tmp/ready|4228749e91f4a45c4ae7b1afffb932ad09396a783db1a0948d1dcd84e87c0d8c|fleetly-founder-default-ord2-good.1.nhwaolitj54c0kn6u66xigjdy
1790516513780586756|container|exec_die|4228749e91f4a45c4ae7b1afffb932ad09396a783db1a0948d1dcd84e87c0d8c|fleetly-founder-default-ord2-good.1.nhwaolitj54c0kn6u66xigjdy
1790516513867462812|container|exec_create: /bin/sh -c test -f /tmp/ready|0acab2935ffe06cc91d415cafb956d16fa2e27881e9e5b36da2d7f0e0a785f1c|fleetly-founder-default-ord1-base.1.mkxbor6qrn8pgp5ibyh6mkomi
1790516513867547954|container|exec_start: /bin/sh -c test -f /tmp/ready|0acab2935ffe06cc91d415cafb956d16fa2e27881e9e5b36da2d7f0e0a785f1c|fleetly-founder-default-ord1-base.1.mkxbor6qrn8pgp5ibyh6mkomi
1790516513892755272|container|exec_die|0acab2935ffe06cc91d415cafb956d16fa2e27881e9e5b36da2d7f0e0a785f1c|fleetly-founder-default-ord1-base.1.mkxbor6qrn8pgp5ibyh6mkomi
1790516514260926700|container|exec_create: /bin/sh -c test -f /tmp/ready|e29d02ebb408dde3dc4a497a1e337b05b12809781ca3dd5a58152b00b7cdcc2a|fleetly-founder-default-ord1-mid.1.kqknjj3rye4j95ltnyw80it7y
1790516514261079022|container|exec_start: /bin/sh -c test -f /tmp/ready|e29d02ebb408dde3dc4a497a1e337b05b12809781ca3dd5a58152b00b7cdcc2a|fleetly-founder-default-ord1-mid.1.kqknjj3rye4j95ltnyw80it7y
1790516514286805283|container|exec_die|e29d02ebb408dde3dc4a497a1e337b05b12809781ca3dd5a58152b00b7cdcc2a|fleetly-founder-default-ord1-mid.1.kqknjj3rye4j95ltnyw80it7y
1790516514453698732|container|exec_create: /bin/sh -c test -f /tmp/ready|0d096972fa3aef6b612263c2939078291c239df8a9cbcd931079efa08f17bedd|fleetly-founder-default-ord1-leaf.1.na8gd3puwgw0o03bjhnmq2ci6
1790516514453801609|container|exec_start: /bin/sh -c test -f /tmp/ready|0d096972fa3aef6b612263c2939078291c239df8a9cbcd931079efa08f17bedd|fleetly-founder-default-ord1-leaf.1.na8gd3puwgw0o03bjhnmq2ci6
1790516514477721879|container|exec_die|0d096972fa3aef6b612263c2939078291c239df8a9cbcd931079efa08f17bedd|fleetly-founder-default-ord1-leaf.1.na8gd3puwgw0o03bjhnmq2ci6
1790516514781361508|container|exec_create: /bin/sh -c test -f /tmp/ready|4228749e91f4a45c4ae7b1afffb932ad09396a783db1a0948d1dcd84e87c0d8c|fleetly-founder-default-ord2-good.1.nhwaolitj54c0kn6u66xigjdy
1790516514781485570|container|exec_start: /bin/sh -c test -f /tmp/ready|4228749e91f4a45c4ae7b1afffb932ad09396a783db1a0948d1dcd84e87c0d8c|fleetly-founder-default-ord2-good.1.nhwaolitj54c0kn6u66xigjdy
1790516514807476085|container|exec_die|4228749e91f4a45c4ae7b1afffb932ad09396a783db1a0948d1dcd84e87c0d8c|fleetly-founder-default-ord2-good.1.nhwaolitj54c0kn6u66xigjdy
1790516514893417349|container|exec_create: /bin/sh -c test -f /tmp/ready|0acab2935ffe06cc91d415cafb956d16fa2e27881e9e5b36da2d7f0e0a785f1c|fleetly-founder-default-ord1-base.1.mkxbor6qrn8pgp5ibyh6mkomi
1790516514893509755|container|exec_start: /bin/sh -c test -f /tmp/ready|0acab2935ffe06cc91d415cafb956d16fa2e27881e9e5b36da2d7f0e0a785f1c|fleetly-founder-default-ord1-base.1.mkxbor6qrn8pgp5ibyh6mkomi
1790516514918759046|container|exec_die|0acab2935ffe06cc91d415cafb956d16fa2e27881e9e5b36da2d7f0e0a785f1c|fleetly-founder-default-ord1-base.1.mkxbor6qrn8pgp5ibyh6mkomi
1790516515288106196|container|exec_create: /bin/sh -c test -f /tmp/ready|e29d02ebb408dde3dc4a497a1e337b05b12809781ca3dd5a58152b00b7cdcc2a|fleetly-founder-default-ord1-mid.1.kqknjj3rye4j95ltnyw80it7y
1790516515288200387|container|exec_start: /bin/sh -c test -f /tmp/ready|e29d02ebb408dde3dc4a497a1e337b05b12809781ca3dd5a58152b00b7cdcc2a|fleetly-founder-default-ord1-mid.1.kqknjj3rye4j95ltnyw80it7y
1790516515312669409|container|exec_die|e29d02ebb408dde3dc4a497a1e337b05b12809781ca3dd5a58152b00b7cdcc2a|fleetly-founder-default-ord1-mid.1.kqknjj3rye4j95ltnyw80it7y
1790516515479008467|container|exec_create: /bin/sh -c test -f /tmp/ready|0d096972fa3aef6b612263c2939078291c239df8a9cbcd931079efa08f17bedd|fleetly-founder-default-ord1-leaf.1.na8gd3puwgw0o03bjhnmq2ci6
1790516515479093292|container|exec_start: /bin/sh -c test -f /tmp/ready|0d096972fa3aef6b612263c2939078291c239df8a9cbcd931079efa08f17bedd|fleetly-founder-default-ord1-leaf.1.na8gd3puwgw0o03bjhnmq2ci6
1790516515503901645|container|exec_die|0d096972fa3aef6b612263c2939078291c239df8a9cbcd931079efa08f17bedd|fleetly-founder-default-ord1-leaf.1.na8gd3puwgw0o03bjhnmq2ci6
1790516515808461513|container|exec_create: /bin/sh -c test -f /tmp/ready|4228749e91f4a45c4ae7b1afffb932ad09396a783db1a0948d1dcd84e87c0d8c|fleetly-founder-default-ord2-good.1.nhwaolitj54c0kn6u66xigjdy
1790516515808538061|container|exec_start: /bin/sh -c test -f /tmp/ready|4228749e91f4a45c4ae7b1afffb932ad09396a783db1a0948d1dcd84e87c0d8c|fleetly-founder-default-ord2-good.1.nhwaolitj54c0kn6u66xigjdy
1790516515832560644|container|exec_die|4228749e91f4a45c4ae7b1afffb932ad09396a783db1a0948d1dcd84e87c0d8c|fleetly-founder-default-ord2-good.1.nhwaolitj54c0kn6u66xigjdy
1790516515919611022|container|exec_create: /bin/sh -c test -f /tmp/ready|0acab2935ffe06cc91d415cafb956d16fa2e27881e9e5b36da2d7f0e0a785f1c|fleetly-founder-default-ord1-base.1.mkxbor6qrn8pgp5ibyh6mkomi
1790516515919693837|container|exec_start: /bin/sh -c test -f /tmp/ready|0acab2935ffe06cc91d415cafb956d16fa2e27881e9e5b36da2d7f0e0a785f1c|fleetly-founder-default-ord1-base.1.mkxbor6qrn8pgp5ibyh6mkomi
1790516515944743959|container|exec_die|0acab2935ffe06cc91d415cafb956d16fa2e27881e9e5b36da2d7f0e0a785f1c|fleetly-founder-default-ord1-base.1.mkxbor6qrn8pgp5ibyh6mkomi
1790516516314020908|container|exec_create: /bin/sh -c test -f /tmp/ready|e29d02ebb408dde3dc4a497a1e337b05b12809781ca3dd5a58152b00b7cdcc2a|fleetly-founder-default-ord1-mid.1.kqknjj3rye4j95ltnyw80it7y
1790516516314129065|container|exec_start: /bin/sh -c test -f /tmp/ready|e29d02ebb408dde3dc4a497a1e337b05b12809781ca3dd5a58152b00b7cdcc2a|fleetly-founder-default-ord1-mid.1.kqknjj3rye4j95ltnyw80it7y
1790516516339302325|container|exec_die|e29d02ebb408dde3dc4a497a1e337b05b12809781ca3dd5a58152b00b7cdcc2a|fleetly-founder-default-ord1-mid.1.kqknjj3rye4j95ltnyw80it7y
1790516516505118449|container|exec_create: /bin/sh -c test -f /tmp/ready|0d096972fa3aef6b612263c2939078291c239df8a9cbcd931079efa08f17bedd|fleetly-founder-default-ord1-leaf.1.na8gd3puwgw0o03bjhnmq2ci6
1790516516505221206|container|exec_start: /bin/sh -c test -f /tmp/ready|0d096972fa3aef6b612263c2939078291c239df8a9cbcd931079efa08f17bedd|fleetly-founder-default-ord1-leaf.1.na8gd3puwgw0o03bjhnmq2ci6
1790516516529900616|container|exec_die|0d096972fa3aef6b612263c2939078291c239df8a9cbcd931079efa08f17bedd|fleetly-founder-default-ord1-leaf.1.na8gd3puwgw0o03bjhnmq2ci6
1790516516616544501|network|connect|yxpm0g97jwya56n4gbygptpqs|fleetly-founder-default-ord2-net
1790516516635539674|container|start|57567219ba4aa0523f01adb10b427034cd406dd2a19e7b0a42175f48b9c1c7cb|fleetly-founder-default-ord2-bad.1.n0lkh5fsrd53ut7kq1shylwda
1790516516833281703|container|exec_create: /bin/sh -c test -f /tmp/ready|4228749e91f4a45c4ae7b1afffb932ad09396a783db1a0948d1dcd84e87c0d8c|fleetly-founder-default-ord2-good.1.nhwaolitj54c0kn6u66xigjdy
1790516516833364475|container|exec_start: /bin/sh -c test -f /tmp/ready|4228749e91f4a45c4ae7b1afffb932ad09396a783db1a0948d1dcd84e87c0d8c|fleetly-founder-default-ord2-good.1.nhwaolitj54c0kn6u66xigjdy
1790516516858663267|container|exec_die|4228749e91f4a45c4ae7b1afffb932ad09396a783db1a0948d1dcd84e87c0d8c|fleetly-founder-default-ord2-good.1.nhwaolitj54c0kn6u66xigjdy
1790516516863488062|network|disconnect|yxpm0g97jwya56n4gbygptpqs|fleetly-founder-default-ord2-net
1790516516882534248|container|die|57567219ba4aa0523f01adb10b427034cd406dd2a19e7b0a42175f48b9c1c7cb|fleetly-founder-default-ord2-bad.1.n0lkh5fsrd53ut7kq1shylwda
1790516516945546262|container|exec_create: /bin/sh -c test -f /tmp/ready|0acab2935ffe06cc91d415cafb956d16fa2e27881e9e5b36da2d7f0e0a785f1c|fleetly-founder-default-ord1-base.1.mkxbor6qrn8pgp5ibyh6mkomi
1790516516945670612|container|exec_start: /bin/sh -c test -f /tmp/ready|0acab2935ffe06cc91d415cafb956d16fa2e27881e9e5b36da2d7f0e0a785f1c|fleetly-founder-default-ord1-base.1.mkxbor6qrn8pgp5ibyh6mkomi
1790516516970891953|container|exec_die|0acab2935ffe06cc91d415cafb956d16fa2e27881e9e5b36da2d7f0e0a785f1c|fleetly-founder-default-ord1-base.1.mkxbor6qrn8pgp5ibyh6mkomi
1790516517214686552|container|create|5a8c2c406e2eb02cd0a364efbc5f5a5681ef1908c57e1a328dff523fd29893e0|fleetly-founder-default-ord2-bad.1.q58elry3aka7dy58mg6qzj7gw
1790516517339805026|container|exec_create: /bin/sh -c test -f /tmp/ready|e29d02ebb408dde3dc4a497a1e337b05b12809781ca3dd5a58152b00b7cdcc2a|fleetly-founder-default-ord1-mid.1.kqknjj3rye4j95ltnyw80it7y
1790516517339900433|container|exec_start: /bin/sh -c test -f /tmp/ready|e29d02ebb408dde3dc4a497a1e337b05b12809781ca3dd5a58152b00b7cdcc2a|fleetly-founder-default-ord1-mid.1.kqknjj3rye4j95ltnyw80it7y
1790516517364803487|container|exec_die|e29d02ebb408dde3dc4a497a1e337b05b12809781ca3dd5a58152b00b7cdcc2a|fleetly-founder-default-ord1-mid.1.kqknjj3rye4j95ltnyw80it7y
1790516517530873233|container|exec_create: /bin/sh -c test -f /tmp/ready|0d096972fa3aef6b612263c2939078291c239df8a9cbcd931079efa08f17bedd|fleetly-founder-default-ord1-leaf.1.na8gd3puwgw0o03bjhnmq2ci6
1790516517530953000|container|exec_start: /bin/sh -c test -f /tmp/ready|0d096972fa3aef6b612263c2939078291c239df8a9cbcd931079efa08f17bedd|fleetly-founder-default-ord1-leaf.1.na8gd3puwgw0o03bjhnmq2ci6
1790516517554902526|container|exec_die|0d096972fa3aef6b612263c2939078291c239df8a9cbcd931079efa08f17bedd|fleetly-founder-default-ord1-leaf.1.na8gd3puwgw0o03bjhnmq2ci6
1790516517859621141|container|exec_create: /bin/sh -c test -f /tmp/ready|4228749e91f4a45c4ae7b1afffb932ad09396a783db1a0948d1dcd84e87c0d8c|fleetly-founder-default-ord2-good.1.nhwaolitj54c0kn6u66xigjdy
1790516517859745147|container|exec_start: /bin/sh -c test -f /tmp/ready|4228749e91f4a45c4ae7b1afffb932ad09396a783db1a0948d1dcd84e87c0d8c|fleetly-founder-default-ord2-good.1.nhwaolitj54c0kn6u66xigjdy
1790516517884628875|container|exec_die|4228749e91f4a45c4ae7b1afffb932ad09396a783db1a0948d1dcd84e87c0d8c|fleetly-founder-default-ord2-good.1.nhwaolitj54c0kn6u66xigjdy
1790516517971821869|container|exec_create: /bin/sh -c test -f /tmp/ready|0acab2935ffe06cc91d415cafb956d16fa2e27881e9e5b36da2d7f0e0a785f1c|fleetly-founder-default-ord1-base.1.mkxbor6qrn8pgp5ibyh6mkomi
1790516517971916419|container|exec_start: /bin/sh -c test -f /tmp/ready|0acab2935ffe06cc91d415cafb956d16fa2e27881e9e5b36da2d7f0e0a785f1c|fleetly-founder-default-ord1-base.1.mkxbor6qrn8pgp5ibyh6mkomi
1790516517996154290|container|exec_die|0acab2935ffe06cc91d415cafb956d16fa2e27881e9e5b36da2d7f0e0a785f1c|fleetly-founder-default-ord1-base.1.mkxbor6qrn8pgp5ibyh6mkomi
1790516518365332147|container|exec_create: /bin/sh -c test -f /tmp/ready|e29d02ebb408dde3dc4a497a1e337b05b12809781ca3dd5a58152b00b7cdcc2a|fleetly-founder-default-ord1-mid.1.kqknjj3rye4j95ltnyw80it7y
1790516518365446592|container|exec_start: /bin/sh -c test -f /tmp/ready|e29d02ebb408dde3dc4a497a1e337b05b12809781ca3dd5a58152b00b7cdcc2a|fleetly-founder-default-ord1-mid.1.kqknjj3rye4j95ltnyw80it7y
1790516518390766947|container|exec_die|e29d02ebb408dde3dc4a497a1e337b05b12809781ca3dd5a58152b00b7cdcc2a|fleetly-founder-default-ord1-mid.1.kqknjj3rye4j95ltnyw80it7y
1790516518556038841|container|exec_create: /bin/sh -c test -f /tmp/ready|0d096972fa3aef6b612263c2939078291c239df8a9cbcd931079efa08f17bedd|fleetly-founder-default-ord1-leaf.1.na8gd3puwgw0o03bjhnmq2ci6
1790516518556157120|container|exec_start: /bin/sh -c test -f /tmp/ready|0d096972fa3aef6b612263c2939078291c239df8a9cbcd931079efa08f17bedd|fleetly-founder-default-ord1-leaf.1.na8gd3puwgw0o03bjhnmq2ci6
1790516518581800108|container|exec_die|0d096972fa3aef6b612263c2939078291c239df8a9cbcd931079efa08f17bedd|fleetly-founder-default-ord1-leaf.1.na8gd3puwgw0o03bjhnmq2ci6
1790516518885103913|container|exec_create: /bin/sh -c test -f /tmp/ready|4228749e91f4a45c4ae7b1afffb932ad09396a783db1a0948d1dcd84e87c0d8c|fleetly-founder-default-ord2-good.1.nhwaolitj54c0kn6u66xigjdy
1790516518885251228|container|exec_start: /bin/sh -c test -f /tmp/ready|4228749e91f4a45c4ae7b1afffb932ad09396a783db1a0948d1dcd84e87c0d8c|fleetly-founder-default-ord2-good.1.nhwaolitj54c0kn6u66xigjdy
1790516518910779017|container|exec_die|4228749e91f4a45c4ae7b1afffb932ad09396a783db1a0948d1dcd84e87c0d8c|fleetly-founder-default-ord2-good.1.nhwaolitj54c0kn6u66xigjdy
1790516518996759307|container|exec_create: /bin/sh -c test -f /tmp/ready|0acab2935ffe06cc91d415cafb956d16fa2e27881e9e5b36da2d7f0e0a785f1c|fleetly-founder-default-ord1-base.1.mkxbor6qrn8pgp5ibyh6mkomi
1790516518996845670|container|exec_start: /bin/sh -c test -f /tmp/ready|0acab2935ffe06cc91d415cafb956d16fa2e27881e9e5b36da2d7f0e0a785f1c|fleetly-founder-default-ord1-base.1.mkxbor6qrn8pgp5ibyh6mkomi
1790516519020829740|container|exec_die|0acab2935ffe06cc91d415cafb956d16fa2e27881e9e5b36da2d7f0e0a785f1c|fleetly-founder-default-ord1-base.1.mkxbor6qrn8pgp5ibyh6mkomi
1790516519144272139|container|destroy|7ade1eaf720a89ed16dd7adbf48660db39bf1279ac3b9873383c27ca6411e361|fleetly-founder-default-ord2-bad.1.qclok7uvykqatuz2q3u5fbyp7
1790516519391851451|container|exec_create: /bin/sh -c test -f /tmp/ready|e29d02ebb408dde3dc4a497a1e337b05b12809781ca3dd5a58152b00b7cdcc2a|fleetly-founder-default-ord1-mid.1.kqknjj3rye4j95ltnyw80it7y
1790516519391939940|container|exec_start: /bin/sh -c test -f /tmp/ready|e29d02ebb408dde3dc4a497a1e337b05b12809781ca3dd5a58152b00b7cdcc2a|fleetly-founder-default-ord1-mid.1.kqknjj3rye4j95ltnyw80it7y
1790516519416740312|container|exec_die|e29d02ebb408dde3dc4a497a1e337b05b12809781ca3dd5a58152b00b7cdcc2a|fleetly-founder-default-ord1-mid.1.kqknjj3rye4j95ltnyw80it7y
1790516519582286777|container|exec_create: /bin/sh -c test -f /tmp/ready|0d096972fa3aef6b612263c2939078291c239df8a9cbcd931079efa08f17bedd|fleetly-founder-default-ord1-leaf.1.na8gd3puwgw0o03bjhnmq2ci6
1790516519582373623|container|exec_start: /bin/sh -c test -f /tmp/ready|0d096972fa3aef6b612263c2939078291c239df8a9cbcd931079efa08f17bedd|fleetly-founder-default-ord1-leaf.1.na8gd3puwgw0o03bjhnmq2ci6
1790516519609081874|container|exec_die|0d096972fa3aef6b612263c2939078291c239df8a9cbcd931079efa08f17bedd|fleetly-founder-default-ord1-leaf.1.na8gd3puwgw0o03bjhnmq2ci6
1790516519911394078|container|exec_create: /bin/sh -c test -f /tmp/ready|4228749e91f4a45c4ae7b1afffb932ad09396a783db1a0948d1dcd84e87c0d8c|fleetly-founder-default-ord2-good.1.nhwaolitj54c0kn6u66xigjdy
1790516519911496722|container|exec_start: /bin/sh -c test -f /tmp/ready|4228749e91f4a45c4ae7b1afffb932ad09396a783db1a0948d1dcd84e87c0d8c|fleetly-founder-default-ord2-good.1.nhwaolitj54c0kn6u66xigjdy
1790516519936105982|container|exec_die|4228749e91f4a45c4ae7b1afffb932ad09396a783db1a0948d1dcd84e87c0d8c|fleetly-founder-default-ord2-good.1.nhwaolitj54c0kn6u66xigjdy
1790516520021192874|container|exec_create: /bin/sh -c test -f /tmp/ready|0acab2935ffe06cc91d415cafb956d16fa2e27881e9e5b36da2d7f0e0a785f1c|fleetly-founder-default-ord1-base.1.mkxbor6qrn8pgp5ibyh6mkomi
1790516520021308828|container|exec_start: /bin/sh -c test -f /tmp/ready|0acab2935ffe06cc91d415cafb956d16fa2e27881e9e5b36da2d7f0e0a785f1c|fleetly-founder-default-ord1-base.1.mkxbor6qrn8pgp5ibyh6mkomi
1790516520046871190|container|exec_die|0acab2935ffe06cc91d415cafb956d16fa2e27881e9e5b36da2d7f0e0a785f1c|fleetly-founder-default-ord1-base.1.mkxbor6qrn8pgp5ibyh6mkomi
1790516520417775770|container|exec_create: /bin/sh -c test -f /tmp/ready|e29d02ebb408dde3dc4a497a1e337b05b12809781ca3dd5a58152b00b7cdcc2a|fleetly-founder-default-ord1-mid.1.kqknjj3rye4j95ltnyw80it7y
1790516520417898888|container|exec_start: /bin/sh -c test -f /tmp/ready|e29d02ebb408dde3dc4a497a1e337b05b12809781ca3dd5a58152b00b7cdcc2a|fleetly-founder-default-ord1-mid.1.kqknjj3rye4j95ltnyw80it7y
1790516520442816284|container|exec_die|e29d02ebb408dde3dc4a497a1e337b05b12809781ca3dd5a58152b00b7cdcc2a|fleetly-founder-default-ord1-mid.1.kqknjj3rye4j95ltnyw80it7y
1790516520610388099|container|exec_create: /bin/sh -c test -f /tmp/ready|0d096972fa3aef6b612263c2939078291c239df8a9cbcd931079efa08f17bedd|fleetly-founder-default-ord1-leaf.1.na8gd3puwgw0o03bjhnmq2ci6
1790516520610491901|container|exec_start: /bin/sh -c test -f /tmp/ready|0d096972fa3aef6b612263c2939078291c239df8a9cbcd931079efa08f17bedd|fleetly-founder-default-ord1-leaf.1.na8gd3puwgw0o03bjhnmq2ci6
1790516520635939847|container|exec_die|0d096972fa3aef6b612263c2939078291c239df8a9cbcd931079efa08f17bedd|fleetly-founder-default-ord1-leaf.1.na8gd3puwgw0o03bjhnmq2ci6
1790516520936775352|container|exec_create: /bin/sh -c test -f /tmp/ready|4228749e91f4a45c4ae7b1afffb932ad09396a783db1a0948d1dcd84e87c0d8c|fleetly-founder-default-ord2-good.1.nhwaolitj54c0kn6u66xigjdy
1790516520936875301|container|exec_start: /bin/sh -c test -f /tmp/ready|4228749e91f4a45c4ae7b1afffb932ad09396a783db1a0948d1dcd84e87c0d8c|fleetly-founder-default-ord2-good.1.nhwaolitj54c0kn6u66xigjdy
1790516520960789419|container|exec_die|4228749e91f4a45c4ae7b1afffb932ad09396a783db1a0948d1dcd84e87c0d8c|fleetly-founder-default-ord2-good.1.nhwaolitj54c0kn6u66xigjdy
1790516521048039185|container|exec_create: /bin/sh -c test -f /tmp/ready|0acab2935ffe06cc91d415cafb956d16fa2e27881e9e5b36da2d7f0e0a785f1c|fleetly-founder-default-ord1-base.1.mkxbor6qrn8pgp5ibyh6mkomi
1790516521048145827|container|exec_start: /bin/sh -c test -f /tmp/ready|0acab2935ffe06cc91d415cafb956d16fa2e27881e9e5b36da2d7f0e0a785f1c|fleetly-founder-default-ord1-base.1.mkxbor6qrn8pgp5ibyh6mkomi
1790516521072830472|container|exec_die|0acab2935ffe06cc91d415cafb956d16fa2e27881e9e5b36da2d7f0e0a785f1c|fleetly-founder-default-ord1-base.1.mkxbor6qrn8pgp5ibyh6mkomi
1790516521443942064|container|exec_create: /bin/sh -c test -f /tmp/ready|e29d02ebb408dde3dc4a497a1e337b05b12809781ca3dd5a58152b00b7cdcc2a|fleetly-founder-default-ord1-mid.1.kqknjj3rye4j95ltnyw80it7y
1790516521444035578|container|exec_start: /bin/sh -c test -f /tmp/ready|e29d02ebb408dde3dc4a497a1e337b05b12809781ca3dd5a58152b00b7cdcc2a|fleetly-founder-default-ord1-mid.1.kqknjj3rye4j95ltnyw80it7y
1790516521468967198|container|exec_die|e29d02ebb408dde3dc4a497a1e337b05b12809781ca3dd5a58152b00b7cdcc2a|fleetly-founder-default-ord1-mid.1.kqknjj3rye4j95ltnyw80it7y
1790516521636610293|container|exec_create: /bin/sh -c test -f /tmp/ready|0d096972fa3aef6b612263c2939078291c239df8a9cbcd931079efa08f17bedd|fleetly-founder-default-ord1-leaf.1.na8gd3puwgw0o03bjhnmq2ci6
1790516521636713512|container|exec_start: /bin/sh -c test -f /tmp/ready|0d096972fa3aef6b612263c2939078291c239df8a9cbcd931079efa08f17bedd|fleetly-founder-default-ord1-leaf.1.na8gd3puwgw0o03bjhnmq2ci6
1790516521661863927|container|exec_die|0d096972fa3aef6b612263c2939078291c239df8a9cbcd931079efa08f17bedd|fleetly-founder-default-ord1-leaf.1.na8gd3puwgw0o03bjhnmq2ci6
1790516521744783425|container|exec_create: traefik healthcheck --ping|62f7c8af8fdba29d7f5a70f96d3977146e337ba79d68f77dc9d8005f67dee5ed|fleetly-ingress.hqc8kvf73o3ubo1vxd6i58z2y.vilbhyluwisbjmbvtqqh14tz6
1790516521744861613|container|exec_start: traefik healthcheck --ping|62f7c8af8fdba29d7f5a70f96d3977146e337ba79d68f77dc9d8005f67dee5ed|fleetly-ingress.hqc8kvf73o3ubo1vxd6i58z2y.vilbhyluwisbjmbvtqqh14tz6
1790516521784253328|container|exec_die|62f7c8af8fdba29d7f5a70f96d3977146e337ba79d68f77dc9d8005f67dee5ed|fleetly-ingress.hqc8kvf73o3ubo1vxd6i58z2y.vilbhyluwisbjmbvtqqh14tz6
1790516521961532854|container|exec_create: /bin/sh -c test -f /tmp/ready|4228749e91f4a45c4ae7b1afffb932ad09396a783db1a0948d1dcd84e87c0d8c|fleetly-founder-default-ord2-good.1.nhwaolitj54c0kn6u66xigjdy
1790516521961652163|container|exec_start: /bin/sh -c test -f /tmp/ready|4228749e91f4a45c4ae7b1afffb932ad09396a783db1a0948d1dcd84e87c0d8c|fleetly-founder-default-ord2-good.1.nhwaolitj54c0kn6u66xigjdy
1790516521987776815|container|exec_die|4228749e91f4a45c4ae7b1afffb932ad09396a783db1a0948d1dcd84e87c0d8c|fleetly-founder-default-ord2-good.1.nhwaolitj54c0kn6u66xigjdy
1790516522073926107|container|exec_create: /bin/sh -c test -f /tmp/ready|0acab2935ffe06cc91d415cafb956d16fa2e27881e9e5b36da2d7f0e0a785f1c|fleetly-founder-default-ord1-base.1.mkxbor6qrn8pgp5ibyh6mkomi
1790516522074040137|container|exec_start: /bin/sh -c test -f /tmp/ready|0acab2935ffe06cc91d415cafb956d16fa2e27881e9e5b36da2d7f0e0a785f1c|fleetly-founder-default-ord1-base.1.mkxbor6qrn8pgp5ibyh6mkomi
1790516522120966717|container|exec_die|0acab2935ffe06cc91d415cafb956d16fa2e27881e9e5b36da2d7f0e0a785f1c|fleetly-founder-default-ord1-base.1.mkxbor6qrn8pgp5ibyh6mkomi
1790516522292724066|network|connect|yxpm0g97jwya56n4gbygptpqs|fleetly-founder-default-ord2-net
1790516522315651758|container|start|5a8c2c406e2eb02cd0a364efbc5f5a5681ef1908c57e1a328dff523fd29893e0|fleetly-founder-default-ord2-bad.1.q58elry3aka7dy58mg6qzj7gw
1790516522470203129|container|exec_create: /bin/sh -c test -f /tmp/ready|e29d02ebb408dde3dc4a497a1e337b05b12809781ca3dd5a58152b00b7cdcc2a|fleetly-founder-default-ord1-mid.1.kqknjj3rye4j95ltnyw80it7y
1790516522470270546|container|exec_start: /bin/sh -c test -f /tmp/ready|e29d02ebb408dde3dc4a497a1e337b05b12809781ca3dd5a58152b00b7cdcc2a|fleetly-founder-default-ord1-mid.1.kqknjj3rye4j95ltnyw80it7y
1790516522494876086|container|exec_die|e29d02ebb408dde3dc4a497a1e337b05b12809781ca3dd5a58152b00b7cdcc2a|fleetly-founder-default-ord1-mid.1.kqknjj3rye4j95ltnyw80it7y
1790516522531571061|network|disconnect|yxpm0g97jwya56n4gbygptpqs|fleetly-founder-default-ord2-net
1790516522549757020|container|die|5a8c2c406e2eb02cd0a364efbc5f5a5681ef1908c57e1a328dff523fd29893e0|fleetly-founder-default-ord2-bad.1.q58elry3aka7dy58mg6qzj7gw
1790516522663205613|container|exec_create: /bin/sh -c test -f /tmp/ready|0d096972fa3aef6b612263c2939078291c239df8a9cbcd931079efa08f17bedd|fleetly-founder-default-ord1-leaf.1.na8gd3puwgw0o03bjhnmq2ci6
1790516522663265555|container|exec_start: /bin/sh -c test -f /tmp/ready|0d096972fa3aef6b612263c2939078291c239df8a9cbcd931079efa08f17bedd|fleetly-founder-default-ord1-leaf.1.na8gd3puwgw0o03bjhnmq2ci6
1790516522688792398|container|exec_die|0d096972fa3aef6b612263c2939078291c239df8a9cbcd931079efa08f17bedd|fleetly-founder-default-ord1-leaf.1.na8gd3puwgw0o03bjhnmq2ci6
1790516522923687535|container|create|63764c2b10a87bedf87992b135e8ad697818497ac2b1ebc22f933da34f83945f|fleetly-founder-default-ord2-bad.1.hfk9uqh3cg7ezvzt9jb82fliw
1790516522988732853|container|exec_create: /bin/sh -c test -f /tmp/ready|4228749e91f4a45c4ae7b1afffb932ad09396a783db1a0948d1dcd84e87c0d8c|fleetly-founder-default-ord2-good.1.nhwaolitj54c0kn6u66xigjdy
1790516522988843149|container|exec_start: /bin/sh -c test -f /tmp/ready|4228749e91f4a45c4ae7b1afffb932ad09396a783db1a0948d1dcd84e87c0d8c|fleetly-founder-default-ord2-good.1.nhwaolitj54c0kn6u66xigjdy
1790516523013959842|container|exec_die|4228749e91f4a45c4ae7b1afffb932ad09396a783db1a0948d1dcd84e87c0d8c|fleetly-founder-default-ord2-good.1.nhwaolitj54c0kn6u66xigjdy
1790516523122025924|container|exec_create: /bin/sh -c test -f /tmp/ready|0acab2935ffe06cc91d415cafb956d16fa2e27881e9e5b36da2d7f0e0a785f1c|fleetly-founder-default-ord1-base.1.mkxbor6qrn8pgp5ibyh6mkomi
1790516523122152460|container|exec_start: /bin/sh -c test -f /tmp/ready|0acab2935ffe06cc91d415cafb956d16fa2e27881e9e5b36da2d7f0e0a785f1c|fleetly-founder-default-ord1-base.1.mkxbor6qrn8pgp5ibyh6mkomi
1790516523146783265|container|exec_die|0acab2935ffe06cc91d415cafb956d16fa2e27881e9e5b36da2d7f0e0a785f1c|fleetly-founder-default-ord1-base.1.mkxbor6qrn8pgp5ibyh6mkomi
1790516523495950925|container|exec_create: /bin/sh -c test -f /tmp/ready|e29d02ebb408dde3dc4a497a1e337b05b12809781ca3dd5a58152b00b7cdcc2a|fleetly-founder-default-ord1-mid.1.kqknjj3rye4j95ltnyw80it7y
1790516523496070565|container|exec_start: /bin/sh -c test -f /tmp/ready|e29d02ebb408dde3dc4a497a1e337b05b12809781ca3dd5a58152b00b7cdcc2a|fleetly-founder-default-ord1-mid.1.kqknjj3rye4j95ltnyw80it7y
1790516523520981803|container|exec_die|e29d02ebb408dde3dc4a497a1e337b05b12809781ca3dd5a58152b00b7cdcc2a|fleetly-founder-default-ord1-mid.1.kqknjj3rye4j95ltnyw80it7y
1790516523689937122|container|exec_create: /bin/sh -c test -f /tmp/ready|0d096972fa3aef6b612263c2939078291c239df8a9cbcd931079efa08f17bedd|fleetly-founder-default-ord1-leaf.1.na8gd3puwgw0o03bjhnmq2ci6
1790516523690047891|container|exec_start: /bin/sh -c test -f /tmp/ready|0d096972fa3aef6b612263c2939078291c239df8a9cbcd931079efa08f17bedd|fleetly-founder-default-ord1-leaf.1.na8gd3puwgw0o03bjhnmq2ci6
1790516523713918356|container|exec_die|0d096972fa3aef6b612263c2939078291c239df8a9cbcd931079efa08f17bedd|fleetly-founder-default-ord1-leaf.1.na8gd3puwgw0o03bjhnmq2ci6
1790516524015340602|container|exec_create: /bin/sh -c test -f /tmp/ready|4228749e91f4a45c4ae7b1afffb932ad09396a783db1a0948d1dcd84e87c0d8c|fleetly-founder-default-ord2-good.1.nhwaolitj54c0kn6u66xigjdy
1790516524015429805|container|exec_start: /bin/sh -c test -f /tmp/ready|4228749e91f4a45c4ae7b1afffb932ad09396a783db1a0948d1dcd84e87c0d8c|fleetly-founder-default-ord2-good.1.nhwaolitj54c0kn6u66xigjdy
1790516524039871715|container|exec_die|4228749e91f4a45c4ae7b1afffb932ad09396a783db1a0948d1dcd84e87c0d8c|fleetly-founder-default-ord2-good.1.nhwaolitj54c0kn6u66xigjdy
1790516524147897536|container|exec_create: /bin/sh -c test -f /tmp/ready|0acab2935ffe06cc91d415cafb956d16fa2e27881e9e5b36da2d7f0e0a785f1c|fleetly-founder-default-ord1-base.1.mkxbor6qrn8pgp5ibyh6mkomi
1790516524147993616|container|exec_start: /bin/sh -c test -f /tmp/ready|0acab2935ffe06cc91d415cafb956d16fa2e27881e9e5b36da2d7f0e0a785f1c|fleetly-founder-default-ord1-base.1.mkxbor6qrn8pgp5ibyh6mkomi
1790516524174327738|container|exec_die|0acab2935ffe06cc91d415cafb956d16fa2e27881e9e5b36da2d7f0e0a785f1c|fleetly-founder-default-ord1-base.1.mkxbor6qrn8pgp5ibyh6mkomi
1790516524522334467|container|exec_create: /bin/sh -c test -f /tmp/ready|e29d02ebb408dde3dc4a497a1e337b05b12809781ca3dd5a58152b00b7cdcc2a|fleetly-founder-default-ord1-mid.1.kqknjj3rye4j95ltnyw80it7y
1790516524522449479|container|exec_start: /bin/sh -c test -f /tmp/ready|e29d02ebb408dde3dc4a497a1e337b05b12809781ca3dd5a58152b00b7cdcc2a|fleetly-founder-default-ord1-mid.1.kqknjj3rye4j95ltnyw80it7y
1790516524548132932|container|exec_die|e29d02ebb408dde3dc4a497a1e337b05b12809781ca3dd5a58152b00b7cdcc2a|fleetly-founder-default-ord1-mid.1.kqknjj3rye4j95ltnyw80it7y
1790516524715239503|container|exec_create: /bin/sh -c test -f /tmp/ready|0d096972fa3aef6b612263c2939078291c239df8a9cbcd931079efa08f17bedd|fleetly-founder-default-ord1-leaf.1.na8gd3puwgw0o03bjhnmq2ci6
1790516524715337977|container|exec_start: /bin/sh -c test -f /tmp/ready|0d096972fa3aef6b612263c2939078291c239df8a9cbcd931079efa08f17bedd|fleetly-founder-default-ord1-leaf.1.na8gd3puwgw0o03bjhnmq2ci6
1790516524740952010|container|exec_die|0d096972fa3aef6b612263c2939078291c239df8a9cbcd931079efa08f17bedd|fleetly-founder-default-ord1-leaf.1.na8gd3puwgw0o03bjhnmq2ci6
1790516525040502368|container|exec_create: /bin/sh -c test -f /tmp/ready|4228749e91f4a45c4ae7b1afffb932ad09396a783db1a0948d1dcd84e87c0d8c|fleetly-founder-default-ord2-good.1.nhwaolitj54c0kn6u66xigjdy
1790516525040597209|container|exec_start: /bin/sh -c test -f /tmp/ready|4228749e91f4a45c4ae7b1afffb932ad09396a783db1a0948d1dcd84e87c0d8c|fleetly-founder-default-ord2-good.1.nhwaolitj54c0kn6u66xigjdy
1790516525047357800|container|destroy|86b460d929864b5903bfa7d03508b400c0999530f58343f2b763331d0214712b|fleetly-founder-default-ord2-bad.1.w3n5oepxlm2a5s4nmuesvz1da
1790516525065057427|container|exec_die|4228749e91f4a45c4ae7b1afffb932ad09396a783db1a0948d1dcd84e87c0d8c|fleetly-founder-default-ord2-good.1.nhwaolitj54c0kn6u66xigjdy
1790516525175302256|container|exec_create: /bin/sh -c test -f /tmp/ready|0acab2935ffe06cc91d415cafb956d16fa2e27881e9e5b36da2d7f0e0a785f1c|fleetly-founder-default-ord1-base.1.mkxbor6qrn8pgp5ibyh6mkomi
1790516525175413740|container|exec_start: /bin/sh -c test -f /tmp/ready|0acab2935ffe06cc91d415cafb956d16fa2e27881e9e5b36da2d7f0e0a785f1c|fleetly-founder-default-ord1-base.1.mkxbor6qrn8pgp5ibyh6mkomi
1790516525199936033|container|exec_die|0acab2935ffe06cc91d415cafb956d16fa2e27881e9e5b36da2d7f0e0a785f1c|fleetly-founder-default-ord1-base.1.mkxbor6qrn8pgp5ibyh6mkomi
1790516525548835264|container|exec_create: /bin/sh -c test -f /tmp/ready|e29d02ebb408dde3dc4a497a1e337b05b12809781ca3dd5a58152b00b7cdcc2a|fleetly-founder-default-ord1-mid.1.kqknjj3rye4j95ltnyw80it7y
1790516525548917783|container|exec_start: /bin/sh -c test -f /tmp/ready|e29d02ebb408dde3dc4a497a1e337b05b12809781ca3dd5a58152b00b7cdcc2a|fleetly-founder-default-ord1-mid.1.kqknjj3rye4j95ltnyw80it7y
1790516525572821842|container|exec_die|e29d02ebb408dde3dc4a497a1e337b05b12809781ca3dd5a58152b00b7cdcc2a|fleetly-founder-default-ord1-mid.1.kqknjj3rye4j95ltnyw80it7y
1790516525741584214|container|exec_create: /bin/sh -c test -f /tmp/ready|0d096972fa3aef6b612263c2939078291c239df8a9cbcd931079efa08f17bedd|fleetly-founder-default-ord1-leaf.1.na8gd3puwgw0o03bjhnmq2ci6
1790516525741703097|container|exec_start: /bin/sh -c test -f /tmp/ready|0d096972fa3aef6b612263c2939078291c239df8a9cbcd931079efa08f17bedd|fleetly-founder-default-ord1-leaf.1.na8gd3puwgw0o03bjhnmq2ci6
1790516525766841885|container|exec_die|0d096972fa3aef6b612263c2939078291c239df8a9cbcd931079efa08f17bedd|fleetly-founder-default-ord1-leaf.1.na8gd3puwgw0o03bjhnmq2ci6
1790516526066415034|container|exec_create: /bin/sh -c test -f /tmp/ready|4228749e91f4a45c4ae7b1afffb932ad09396a783db1a0948d1dcd84e87c0d8c|fleetly-founder-default-ord2-good.1.nhwaolitj54c0kn6u66xigjdy
1790516526066571299|container|exec_start: /bin/sh -c test -f /tmp/ready|4228749e91f4a45c4ae7b1afffb932ad09396a783db1a0948d1dcd84e87c0d8c|fleetly-founder-default-ord2-good.1.nhwaolitj54c0kn6u66xigjdy
1790516526090924299|container|exec_die|4228749e91f4a45c4ae7b1afffb932ad09396a783db1a0948d1dcd84e87c0d8c|fleetly-founder-default-ord2-good.1.nhwaolitj54c0kn6u66xigjdy
1790516526200957764|container|exec_create: /bin/sh -c test -f /tmp/ready|0acab2935ffe06cc91d415cafb956d16fa2e27881e9e5b36da2d7f0e0a785f1c|fleetly-founder-default-ord1-base.1.mkxbor6qrn8pgp5ibyh6mkomi
1790516526201060738|container|exec_start: /bin/sh -c test -f /tmp/ready|0acab2935ffe06cc91d415cafb956d16fa2e27881e9e5b36da2d7f0e0a785f1c|fleetly-founder-default-ord1-base.1.mkxbor6qrn8pgp5ibyh6mkomi
1790516526225968430|container|exec_die|0acab2935ffe06cc91d415cafb956d16fa2e27881e9e5b36da2d7f0e0a785f1c|fleetly-founder-default-ord1-base.1.mkxbor6qrn8pgp5ibyh6mkomi
1790516526573979557|container|exec_create: /bin/sh -c test -f /tmp/ready|e29d02ebb408dde3dc4a497a1e337b05b12809781ca3dd5a58152b00b7cdcc2a|fleetly-founder-default-ord1-mid.1.kqknjj3rye4j95ltnyw80it7y
1790516526574044599|container|exec_start: /bin/sh -c test -f /tmp/ready|e29d02ebb408dde3dc4a497a1e337b05b12809781ca3dd5a58152b00b7cdcc2a|fleetly-founder-default-ord1-mid.1.kqknjj3rye4j95ltnyw80it7y
1790516526599989155|container|exec_die|e29d02ebb408dde3dc4a497a1e337b05b12809781ca3dd5a58152b00b7cdcc2a|fleetly-founder-default-ord1-mid.1.kqknjj3rye4j95ltnyw80it7y
1790516526767367205|container|exec_create: /bin/sh -c test -f /tmp/ready|0d096972fa3aef6b612263c2939078291c239df8a9cbcd931079efa08f17bedd|fleetly-founder-default-ord1-leaf.1.na8gd3puwgw0o03bjhnmq2ci6
1790516526767476870|container|exec_start: /bin/sh -c test -f /tmp/ready|0d096972fa3aef6b612263c2939078291c239df8a9cbcd931079efa08f17bedd|fleetly-founder-default-ord1-leaf.1.na8gd3puwgw0o03bjhnmq2ci6
1790516526792959220|container|exec_die|0d096972fa3aef6b612263c2939078291c239df8a9cbcd931079efa08f17bedd|fleetly-founder-default-ord1-leaf.1.na8gd3puwgw0o03bjhnmq2ci6
1790516527091887004|container|exec_create: /bin/sh -c test -f /tmp/ready|4228749e91f4a45c4ae7b1afffb932ad09396a783db1a0948d1dcd84e87c0d8c|fleetly-founder-default-ord2-good.1.nhwaolitj54c0kn6u66xigjdy
1790516527092014084|container|exec_start: /bin/sh -c test -f /tmp/ready|4228749e91f4a45c4ae7b1afffb932ad09396a783db1a0948d1dcd84e87c0d8c|fleetly-founder-default-ord2-good.1.nhwaolitj54c0kn6u66xigjdy
1790516527118228683|container|exec_die|4228749e91f4a45c4ae7b1afffb932ad09396a783db1a0948d1dcd84e87c0d8c|fleetly-founder-default-ord2-good.1.nhwaolitj54c0kn6u66xigjdy
1790516527226836542|container|exec_create: /bin/sh -c test -f /tmp/ready|0acab2935ffe06cc91d415cafb956d16fa2e27881e9e5b36da2d7f0e0a785f1c|fleetly-founder-default-ord1-base.1.mkxbor6qrn8pgp5ibyh6mkomi
1790516527226929322|container|exec_start: /bin/sh -c test -f /tmp/ready|0acab2935ffe06cc91d415cafb956d16fa2e27881e9e5b36da2d7f0e0a785f1c|fleetly-founder-default-ord1-base.1.mkxbor6qrn8pgp5ibyh6mkomi
1790516527252089190|container|exec_die|0acab2935ffe06cc91d415cafb956d16fa2e27881e9e5b36da2d7f0e0a785f1c|fleetly-founder-default-ord1-base.1.mkxbor6qrn8pgp5ibyh6mkomi
1790516527601240506|container|exec_create: /bin/sh -c test -f /tmp/ready|e29d02ebb408dde3dc4a497a1e337b05b12809781ca3dd5a58152b00b7cdcc2a|fleetly-founder-default-ord1-mid.1.kqknjj3rye4j95ltnyw80it7y
1790516527601337349|container|exec_start: /bin/sh -c test -f /tmp/ready|e29d02ebb408dde3dc4a497a1e337b05b12809781ca3dd5a58152b00b7cdcc2a|fleetly-founder-default-ord1-mid.1.kqknjj3rye4j95ltnyw80it7y
1790516527626103494|container|exec_die|e29d02ebb408dde3dc4a497a1e337b05b12809781ca3dd5a58152b00b7cdcc2a|fleetly-founder-default-ord1-mid.1.kqknjj3rye4j95ltnyw80it7y
1790516527793248316|container|exec_create: /bin/sh -c test -f /tmp/ready|0d096972fa3aef6b612263c2939078291c239df8a9cbcd931079efa08f17bedd|fleetly-founder-default-ord1-leaf.1.na8gd3puwgw0o03bjhnmq2ci6
1790516527793341650|container|exec_start: /bin/sh -c test -f /tmp/ready|0d096972fa3aef6b612263c2939078291c239df8a9cbcd931079efa08f17bedd|fleetly-founder-default-ord1-leaf.1.na8gd3puwgw0o03bjhnmq2ci6
1790516527818833023|container|exec_die|0d096972fa3aef6b612263c2939078291c239df8a9cbcd931079efa08f17bedd|fleetly-founder-default-ord1-leaf.1.na8gd3puwgw0o03bjhnmq2ci6
1790516528012772190|network|connect|yxpm0g97jwya56n4gbygptpqs|fleetly-founder-default-ord2-net
1790516528033890081|container|start|63764c2b10a87bedf87992b135e8ad697818497ac2b1ebc22f933da34f83945f|fleetly-founder-default-ord2-bad.1.hfk9uqh3cg7ezvzt9jb82fliw
1790516528118844198|container|exec_create: /bin/sh -c test -f /tmp/ready|4228749e91f4a45c4ae7b1afffb932ad09396a783db1a0948d1dcd84e87c0d8c|fleetly-founder-default-ord2-good.1.nhwaolitj54c0kn6u66xigjdy
1790516528118928989|container|exec_start: /bin/sh -c test -f /tmp/ready|4228749e91f4a45c4ae7b1afffb932ad09396a783db1a0948d1dcd84e87c0d8c|fleetly-founder-default-ord2-good.1.nhwaolitj54c0kn6u66xigjdy
1790516528142857276|container|exec_die|4228749e91f4a45c4ae7b1afffb932ad09396a783db1a0948d1dcd84e87c0d8c|fleetly-founder-default-ord2-good.1.nhwaolitj54c0kn6u66xigjdy
1790516528253364770|container|exec_create: /bin/sh -c test -f /tmp/ready|0acab2935ffe06cc91d415cafb956d16fa2e27881e9e5b36da2d7f0e0a785f1c|fleetly-founder-default-ord1-base.1.mkxbor6qrn8pgp5ibyh6mkomi
1790516528253502731|container|exec_start: /bin/sh -c test -f /tmp/ready|0acab2935ffe06cc91d415cafb956d16fa2e27881e9e5b36da2d7f0e0a785f1c|fleetly-founder-default-ord1-base.1.mkxbor6qrn8pgp5ibyh6mkomi
1790516528283049817|container|exec_die|0acab2935ffe06cc91d415cafb956d16fa2e27881e9e5b36da2d7f0e0a785f1c|fleetly-founder-default-ord1-base.1.mkxbor6qrn8pgp5ibyh6mkomi
1790516528287717057|network|disconnect|yxpm0g97jwya56n4gbygptpqs|fleetly-founder-default-ord2-net
1790516528305834998|container|die|63764c2b10a87bedf87992b135e8ad697818497ac2b1ebc22f933da34f83945f|fleetly-founder-default-ord2-bad.1.hfk9uqh3cg7ezvzt9jb82fliw
1790516528627069108|container|exec_create: /bin/sh -c test -f /tmp/ready|e29d02ebb408dde3dc4a497a1e337b05b12809781ca3dd5a58152b00b7cdcc2a|fleetly-founder-default-ord1-mid.1.kqknjj3rye4j95ltnyw80it7y
1790516528627137753|container|exec_start: /bin/sh -c test -f /tmp/ready|e29d02ebb408dde3dc4a497a1e337b05b12809781ca3dd5a58152b00b7cdcc2a|fleetly-founder-default-ord1-mid.1.kqknjj3rye4j95ltnyw80it7y
1790516528653041692|container|exec_die|e29d02ebb408dde3dc4a497a1e337b05b12809781ca3dd5a58152b00b7cdcc2a|fleetly-founder-default-ord1-mid.1.kqknjj3rye4j95ltnyw80it7y
1790516528673871189|container|create|9ff35dc179b5108b854c553d7af79a60375a95ed352e075c30d2376f6ffe30b1|fleetly-founder-default-ord2-bad.1.oxbjptyawlcv5brsrehqaspzw
1790516528820098098|container|exec_create: /bin/sh -c test -f /tmp/ready|0d096972fa3aef6b612263c2939078291c239df8a9cbcd931079efa08f17bedd|fleetly-founder-default-ord1-leaf.1.na8gd3puwgw0o03bjhnmq2ci6
1790516528820204337|container|exec_start: /bin/sh -c test -f /tmp/ready|0d096972fa3aef6b612263c2939078291c239df8a9cbcd931079efa08f17bedd|fleetly-founder-default-ord1-leaf.1.na8gd3puwgw0o03bjhnmq2ci6
1790516528846099154|container|exec_die|0d096972fa3aef6b612263c2939078291c239df8a9cbcd931079efa08f17bedd|fleetly-founder-default-ord1-leaf.1.na8gd3puwgw0o03bjhnmq2ci6
1790516529144176092|container|exec_create: /bin/sh -c test -f /tmp/ready|4228749e91f4a45c4ae7b1afffb932ad09396a783db1a0948d1dcd84e87c0d8c|fleetly-founder-default-ord2-good.1.nhwaolitj54c0kn6u66xigjdy
1790516529144315082|container|exec_start: /bin/sh -c test -f /tmp/ready|4228749e91f4a45c4ae7b1afffb932ad09396a783db1a0948d1dcd84e87c0d8c|fleetly-founder-default-ord2-good.1.nhwaolitj54c0kn6u66xigjdy
1790516529169949891|container|exec_die|4228749e91f4a45c4ae7b1afffb932ad09396a783db1a0948d1dcd84e87c0d8c|fleetly-founder-default-ord2-good.1.nhwaolitj54c0kn6u66xigjdy
1790516529283941780|container|exec_create: /bin/sh -c test -f /tmp/ready|0acab2935ffe06cc91d415cafb956d16fa2e27881e9e5b36da2d7f0e0a785f1c|fleetly-founder-default-ord1-base.1.mkxbor6qrn8pgp5ibyh6mkomi
1790516529284050984|container|exec_start: /bin/sh -c test -f /tmp/ready|0acab2935ffe06cc91d415cafb956d16fa2e27881e9e5b36da2d7f0e0a785f1c|fleetly-founder-default-ord1-base.1.mkxbor6qrn8pgp5ibyh6mkomi
1790516529309225193|container|exec_die|0acab2935ffe06cc91d415cafb956d16fa2e27881e9e5b36da2d7f0e0a785f1c|fleetly-founder-default-ord1-base.1.mkxbor6qrn8pgp5ibyh6mkomi
1790516529654389810|container|exec_create: /bin/sh -c test -f /tmp/ready|e29d02ebb408dde3dc4a497a1e337b05b12809781ca3dd5a58152b00b7cdcc2a|fleetly-founder-default-ord1-mid.1.kqknjj3rye4j95ltnyw80it7y
1790516529654480357|container|exec_start: /bin/sh -c test -f /tmp/ready|e29d02ebb408dde3dc4a497a1e337b05b12809781ca3dd5a58152b00b7cdcc2a|fleetly-founder-default-ord1-mid.1.kqknjj3rye4j95ltnyw80it7y
1790516529680163476|container|exec_die|e29d02ebb408dde3dc4a497a1e337b05b12809781ca3dd5a58152b00b7cdcc2a|fleetly-founder-default-ord1-mid.1.kqknjj3rye4j95ltnyw80it7y
1790516529846965546|container|exec_create: /bin/sh -c test -f /tmp/ready|0d096972fa3aef6b612263c2939078291c239df8a9cbcd931079efa08f17bedd|fleetly-founder-default-ord1-leaf.1.na8gd3puwgw0o03bjhnmq2ci6
1790516529847074453|container|exec_start: /bin/sh -c test -f /tmp/ready|0d096972fa3aef6b612263c2939078291c239df8a9cbcd931079efa08f17bedd|fleetly-founder-default-ord1-leaf.1.na8gd3puwgw0o03bjhnmq2ci6
1790516529872201557|container|exec_die|0d096972fa3aef6b612263c2939078291c239df8a9cbcd931079efa08f17bedd|fleetly-founder-default-ord1-leaf.1.na8gd3puwgw0o03bjhnmq2ci6
1790516530170321550|container|exec_create: /bin/sh -c test -f /tmp/ready|4228749e91f4a45c4ae7b1afffb932ad09396a783db1a0948d1dcd84e87c0d8c|fleetly-founder-default-ord2-good.1.nhwaolitj54c0kn6u66xigjdy
1790516530170432554|container|exec_start: /bin/sh -c test -f /tmp/ready|4228749e91f4a45c4ae7b1afffb932ad09396a783db1a0948d1dcd84e87c0d8c|fleetly-founder-default-ord2-good.1.nhwaolitj54c0kn6u66xigjdy
1790516530195062987|container|exec_die|4228749e91f4a45c4ae7b1afffb932ad09396a783db1a0948d1dcd84e87c0d8c|fleetly-founder-default-ord2-good.1.nhwaolitj54c0kn6u66xigjdy
1790516530310185091|container|exec_create: /bin/sh -c test -f /tmp/ready|0acab2935ffe06cc91d415cafb956d16fa2e27881e9e5b36da2d7f0e0a785f1c|fleetly-founder-default-ord1-base.1.mkxbor6qrn8pgp5ibyh6mkomi
1790516530310295035|container|exec_start: /bin/sh -c test -f /tmp/ready|0acab2935ffe06cc91d415cafb956d16fa2e27881e9e5b36da2d7f0e0a785f1c|fleetly-founder-default-ord1-base.1.mkxbor6qrn8pgp5ibyh6mkomi
1790516530335280818|container|exec_die|0acab2935ffe06cc91d415cafb956d16fa2e27881e9e5b36da2d7f0e0a785f1c|fleetly-founder-default-ord1-base.1.mkxbor6qrn8pgp5ibyh6mkomi
1790516530681356015|container|exec_create: /bin/sh -c test -f /tmp/ready|e29d02ebb408dde3dc4a497a1e337b05b12809781ca3dd5a58152b00b7cdcc2a|fleetly-founder-default-ord1-mid.1.kqknjj3rye4j95ltnyw80it7y
1790516530681427287|container|exec_start: /bin/sh -c test -f /tmp/ready|e29d02ebb408dde3dc4a497a1e337b05b12809781ca3dd5a58152b00b7cdcc2a|fleetly-founder-default-ord1-mid.1.kqknjj3rye4j95ltnyw80it7y
1790516530707143223|container|exec_die|e29d02ebb408dde3dc4a497a1e337b05b12809781ca3dd5a58152b00b7cdcc2a|fleetly-founder-default-ord1-mid.1.kqknjj3rye4j95ltnyw80it7y
1790516530799659968|container|destroy|9c6412455d64f2165cc36748ef6e9e50cc73179a2b43f9eb79483e1af7fd5a26|fleetly-founder-default-ord2-bad.1.qwaz37fa9dw8vt48twwh5tul4
1790516530872805226|container|exec_create: /bin/sh -c test -f /tmp/ready|0d096972fa3aef6b612263c2939078291c239df8a9cbcd931079efa08f17bedd|fleetly-founder-default-ord1-leaf.1.na8gd3puwgw0o03bjhnmq2ci6
1790516530872926390|container|exec_start: /bin/sh -c test -f /tmp/ready|0d096972fa3aef6b612263c2939078291c239df8a9cbcd931079efa08f17bedd|fleetly-founder-default-ord1-leaf.1.na8gd3puwgw0o03bjhnmq2ci6
1790516530898116621|container|exec_die|0d096972fa3aef6b612263c2939078291c239df8a9cbcd931079efa08f17bedd|fleetly-founder-default-ord1-leaf.1.na8gd3puwgw0o03bjhnmq2ci6
1790516531196024692|container|exec_create: /bin/sh -c test -f /tmp/ready|4228749e91f4a45c4ae7b1afffb932ad09396a783db1a0948d1dcd84e87c0d8c|fleetly-founder-default-ord2-good.1.nhwaolitj54c0kn6u66xigjdy
1790516531196111552|container|exec_start: /bin/sh -c test -f /tmp/ready|4228749e91f4a45c4ae7b1afffb932ad09396a783db1a0948d1dcd84e87c0d8c|fleetly-founder-default-ord2-good.1.nhwaolitj54c0kn6u66xigjdy
1790516531221083218|container|exec_die|4228749e91f4a45c4ae7b1afffb932ad09396a783db1a0948d1dcd84e87c0d8c|fleetly-founder-default-ord2-good.1.nhwaolitj54c0kn6u66xigjdy
1790516531336396953|container|exec_create: /bin/sh -c test -f /tmp/ready|0acab2935ffe06cc91d415cafb956d16fa2e27881e9e5b36da2d7f0e0a785f1c|fleetly-founder-default-ord1-base.1.mkxbor6qrn8pgp5ibyh6mkomi
1790516531336490227|container|exec_start: /bin/sh -c test -f /tmp/ready|0acab2935ffe06cc91d415cafb956d16fa2e27881e9e5b36da2d7f0e0a785f1c|fleetly-founder-default-ord1-base.1.mkxbor6qrn8pgp5ibyh6mkomi
1790516531361041221|container|exec_die|0acab2935ffe06cc91d415cafb956d16fa2e27881e9e5b36da2d7f0e0a785f1c|fleetly-founder-default-ord1-base.1.mkxbor6qrn8pgp5ibyh6mkomi
1790516531707741949|container|exec_create: /bin/sh -c test -f /tmp/ready|e29d02ebb408dde3dc4a497a1e337b05b12809781ca3dd5a58152b00b7cdcc2a|fleetly-founder-default-ord1-mid.1.kqknjj3rye4j95ltnyw80it7y
1790516531707852542|container|exec_start: /bin/sh -c test -f /tmp/ready|e29d02ebb408dde3dc4a497a1e337b05b12809781ca3dd5a58152b00b7cdcc2a|fleetly-founder-default-ord1-mid.1.kqknjj3rye4j95ltnyw80it7y
1790516531733167924|container|exec_die|e29d02ebb408dde3dc4a497a1e337b05b12809781ca3dd5a58152b00b7cdcc2a|fleetly-founder-default-ord1-mid.1.kqknjj3rye4j95ltnyw80it7y
1790516531785779459|container|exec_create: traefik healthcheck --ping|62f7c8af8fdba29d7f5a70f96d3977146e337ba79d68f77dc9d8005f67dee5ed|fleetly-ingress.hqc8kvf73o3ubo1vxd6i58z2y.vilbhyluwisbjmbvtqqh14tz6
1790516531785923956|container|exec_start: traefik healthcheck --ping|62f7c8af8fdba29d7f5a70f96d3977146e337ba79d68f77dc9d8005f67dee5ed|fleetly-ingress.hqc8kvf73o3ubo1vxd6i58z2y.vilbhyluwisbjmbvtqqh14tz6
1790516531821369024|container|exec_die|62f7c8af8fdba29d7f5a70f96d3977146e337ba79d68f77dc9d8005f67dee5ed|fleetly-ingress.hqc8kvf73o3ubo1vxd6i58z2y.vilbhyluwisbjmbvtqqh14tz6
1790516531899243717|container|exec_create: /bin/sh -c test -f /tmp/ready|0d096972fa3aef6b612263c2939078291c239df8a9cbcd931079efa08f17bedd|fleetly-founder-default-ord1-leaf.1.na8gd3puwgw0o03bjhnmq2ci6
1790516531899411400|container|exec_start: /bin/sh -c test -f /tmp/ready|0d096972fa3aef6b612263c2939078291c239df8a9cbcd931079efa08f17bedd|fleetly-founder-default-ord1-leaf.1.na8gd3puwgw0o03bjhnmq2ci6
1790516531924059470|container|exec_die|0d096972fa3aef6b612263c2939078291c239df8a9cbcd931079efa08f17bedd|fleetly-founder-default-ord1-leaf.1.na8gd3puwgw0o03bjhnmq2ci6
1790516532222302623|container|exec_create: /bin/sh -c test -f /tmp/ready|4228749e91f4a45c4ae7b1afffb932ad09396a783db1a0948d1dcd84e87c0d8c|fleetly-founder-default-ord2-good.1.nhwaolitj54c0kn6u66xigjdy
1790516532222427657|container|exec_start: /bin/sh -c test -f /tmp/ready|4228749e91f4a45c4ae7b1afffb932ad09396a783db1a0948d1dcd84e87c0d8c|fleetly-founder-default-ord2-good.1.nhwaolitj54c0kn6u66xigjdy
1790516532248396420|container|exec_die|4228749e91f4a45c4ae7b1afffb932ad09396a783db1a0948d1dcd84e87c0d8c|fleetly-founder-default-ord2-good.1.nhwaolitj54c0kn6u66xigjdy
1790516532361503802|container|exec_create: /bin/sh -c test -f /tmp/ready|0acab2935ffe06cc91d415cafb956d16fa2e27881e9e5b36da2d7f0e0a785f1c|fleetly-founder-default-ord1-base.1.mkxbor6qrn8pgp5ibyh6mkomi
1790516532361577049|container|exec_start: /bin/sh -c test -f /tmp/ready|0acab2935ffe06cc91d415cafb956d16fa2e27881e9e5b36da2d7f0e0a785f1c|fleetly-founder-default-ord1-base.1.mkxbor6qrn8pgp5ibyh6mkomi
1790516532386951027|container|exec_die|0acab2935ffe06cc91d415cafb956d16fa2e27881e9e5b36da2d7f0e0a785f1c|fleetly-founder-default-ord1-base.1.mkxbor6qrn8pgp5ibyh6mkomi
1790516532733975602|container|exec_create: /bin/sh -c test -f /tmp/ready|e29d02ebb408dde3dc4a497a1e337b05b12809781ca3dd5a58152b00b7cdcc2a|fleetly-founder-default-ord1-mid.1.kqknjj3rye4j95ltnyw80it7y
1790516532734111919|container|exec_start: /bin/sh -c test -f /tmp/ready|e29d02ebb408dde3dc4a497a1e337b05b12809781ca3dd5a58152b00b7cdcc2a|fleetly-founder-default-ord1-mid.1.kqknjj3rye4j95ltnyw80it7y
1790516532759479680|container|exec_die|e29d02ebb408dde3dc4a497a1e337b05b12809781ca3dd5a58152b00b7cdcc2a|fleetly-founder-default-ord1-mid.1.kqknjj3rye4j95ltnyw80it7y
1790516532925397895|container|exec_create: /bin/sh -c test -f /tmp/ready|0d096972fa3aef6b612263c2939078291c239df8a9cbcd931079efa08f17bedd|fleetly-founder-default-ord1-leaf.1.na8gd3puwgw0o03bjhnmq2ci6
1790516532925500039|container|exec_start: /bin/sh -c test -f /tmp/ready|0d096972fa3aef6b612263c2939078291c239df8a9cbcd931079efa08f17bedd|fleetly-founder-default-ord1-leaf.1.na8gd3puwgw0o03bjhnmq2ci6
1790516532951474005|container|exec_die|0d096972fa3aef6b612263c2939078291c239df8a9cbcd931079efa08f17bedd|fleetly-founder-default-ord1-leaf.1.na8gd3puwgw0o03bjhnmq2ci6
1790516533249795662|container|exec_create: /bin/sh -c test -f /tmp/ready|4228749e91f4a45c4ae7b1afffb932ad09396a783db1a0948d1dcd84e87c0d8c|fleetly-founder-default-ord2-good.1.nhwaolitj54c0kn6u66xigjdy
1790516533249878516|container|exec_start: /bin/sh -c test -f /tmp/ready|4228749e91f4a45c4ae7b1afffb932ad09396a783db1a0948d1dcd84e87c0d8c|fleetly-founder-default-ord2-good.1.nhwaolitj54c0kn6u66xigjdy
1790516533274087311|container|exec_die|4228749e91f4a45c4ae7b1afffb932ad09396a783db1a0948d1dcd84e87c0d8c|fleetly-founder-default-ord2-good.1.nhwaolitj54c0kn6u66xigjdy
1790516533387619848|container|exec_create: /bin/sh -c test -f /tmp/ready|0acab2935ffe06cc91d415cafb956d16fa2e27881e9e5b36da2d7f0e0a785f1c|fleetly-founder-default-ord1-base.1.mkxbor6qrn8pgp5ibyh6mkomi
1790516533387765187|container|exec_start: /bin/sh -c test -f /tmp/ready|0acab2935ffe06cc91d415cafb956d16fa2e27881e9e5b36da2d7f0e0a785f1c|fleetly-founder-default-ord1-base.1.mkxbor6qrn8pgp5ibyh6mkomi
1790516533412099627|container|exec_die|0acab2935ffe06cc91d415cafb956d16fa2e27881e9e5b36da2d7f0e0a785f1c|fleetly-founder-default-ord1-base.1.mkxbor6qrn8pgp5ibyh6mkomi
1790516533760460354|container|exec_create: /bin/sh -c test -f /tmp/ready|e29d02ebb408dde3dc4a497a1e337b05b12809781ca3dd5a58152b00b7cdcc2a|fleetly-founder-default-ord1-mid.1.kqknjj3rye4j95ltnyw80it7y
1790516533760531236|container|exec_start: /bin/sh -c test -f /tmp/ready|e29d02ebb408dde3dc4a497a1e337b05b12809781ca3dd5a58152b00b7cdcc2a|fleetly-founder-default-ord1-mid.1.kqknjj3rye4j95ltnyw80it7y
1790516533770139714|network|connect|yxpm0g97jwya56n4gbygptpqs|fleetly-founder-default-ord2-net
1790516533785469474|container|exec_die|e29d02ebb408dde3dc4a497a1e337b05b12809781ca3dd5a58152b00b7cdcc2a|fleetly-founder-default-ord1-mid.1.kqknjj3rye4j95ltnyw80it7y
1790516533792030572|container|start|9ff35dc179b5108b854c553d7af79a60375a95ed352e075c30d2376f6ffe30b1|fleetly-founder-default-ord2-bad.1.oxbjptyawlcv5brsrehqaspzw
1790516533952096374|container|exec_create: /bin/sh -c test -f /tmp/ready|0d096972fa3aef6b612263c2939078291c239df8a9cbcd931079efa08f17bedd|fleetly-founder-default-ord1-leaf.1.na8gd3puwgw0o03bjhnmq2ci6
1790516533952180848|container|exec_start: /bin/sh -c test -f /tmp/ready|0d096972fa3aef6b612263c2939078291c239df8a9cbcd931079efa08f17bedd|fleetly-founder-default-ord1-leaf.1.na8gd3puwgw0o03bjhnmq2ci6
1790516533976241731|container|exec_die|0d096972fa3aef6b612263c2939078291c239df8a9cbcd931079efa08f17bedd|fleetly-founder-default-ord1-leaf.1.na8gd3puwgw0o03bjhnmq2ci6
1790516534071965954|network|disconnect|yxpm0g97jwya56n4gbygptpqs|fleetly-founder-default-ord2-net
1790516534091054413|container|die|9ff35dc179b5108b854c553d7af79a60375a95ed352e075c30d2376f6ffe30b1|fleetly-founder-default-ord2-bad.1.oxbjptyawlcv5brsrehqaspzw
1790516534274457414|container|exec_create: /bin/sh -c test -f /tmp/ready|4228749e91f4a45c4ae7b1afffb932ad09396a783db1a0948d1dcd84e87c0d8c|fleetly-founder-default-ord2-good.1.nhwaolitj54c0kn6u66xigjdy
1790516534274522970|container|exec_start: /bin/sh -c test -f /tmp/ready|4228749e91f4a45c4ae7b1afffb932ad09396a783db1a0948d1dcd84e87c0d8c|fleetly-founder-default-ord2-good.1.nhwaolitj54c0kn6u66xigjdy
1790516534299477812|container|exec_die|4228749e91f4a45c4ae7b1afffb932ad09396a783db1a0948d1dcd84e87c0d8c|fleetly-founder-default-ord2-good.1.nhwaolitj54c0kn6u66xigjdy
1790516534412671966|container|exec_create: /bin/sh -c test -f /tmp/ready|0acab2935ffe06cc91d415cafb956d16fa2e27881e9e5b36da2d7f0e0a785f1c|fleetly-founder-default-ord1-base.1.mkxbor6qrn8pgp5ibyh6mkomi
1790516534412753212|container|exec_start: /bin/sh -c test -f /tmp/ready|0acab2935ffe06cc91d415cafb956d16fa2e27881e9e5b36da2d7f0e0a785f1c|fleetly-founder-default-ord1-base.1.mkxbor6qrn8pgp5ibyh6mkomi
1790516534436104831|container|create|8b0bd5e5e51fce8871b3b333d66f6d5548baaf5f6df5014b2034860cfea7033a|fleetly-founder-default-ord2-bad.1.eg0twtju5f1232ru7nmzskvcg
1790516534437938199|container|exec_die|0acab2935ffe06cc91d415cafb956d16fa2e27881e9e5b36da2d7f0e0a785f1c|fleetly-founder-default-ord1-base.1.mkxbor6qrn8pgp5ibyh6mkomi
1790516534786596321|container|exec_create: /bin/sh -c test -f /tmp/ready|e29d02ebb408dde3dc4a497a1e337b05b12809781ca3dd5a58152b00b7cdcc2a|fleetly-founder-default-ord1-mid.1.kqknjj3rye4j95ltnyw80it7y
1790516534786687975|container|exec_start: /bin/sh -c test -f /tmp/ready|e29d02ebb408dde3dc4a497a1e337b05b12809781ca3dd5a58152b00b7cdcc2a|fleetly-founder-default-ord1-mid.1.kqknjj3rye4j95ltnyw80it7y
1790516534812410640|container|exec_die|e29d02ebb408dde3dc4a497a1e337b05b12809781ca3dd5a58152b00b7cdcc2a|fleetly-founder-default-ord1-mid.1.kqknjj3rye4j95ltnyw80it7y
1790516534977397714|container|exec_create: /bin/sh -c test -f /tmp/ready|0d096972fa3aef6b612263c2939078291c239df8a9cbcd931079efa08f17bedd|fleetly-founder-default-ord1-leaf.1.na8gd3puwgw0o03bjhnmq2ci6
1790516534977549584|container|exec_start: /bin/sh -c test -f /tmp/ready|0d096972fa3aef6b612263c2939078291c239df8a9cbcd931079efa08f17bedd|fleetly-founder-default-ord1-leaf.1.na8gd3puwgw0o03bjhnmq2ci6
1790516535002241946|container|exec_die|0d096972fa3aef6b612263c2939078291c239df8a9cbcd931079efa08f17bedd|fleetly-founder-default-ord1-leaf.1.na8gd3puwgw0o03bjhnmq2ci6
1790516535300789072|container|exec_create: /bin/sh -c test -f /tmp/ready|4228749e91f4a45c4ae7b1afffb932ad09396a783db1a0948d1dcd84e87c0d8c|fleetly-founder-default-ord2-good.1.nhwaolitj54c0kn6u66xigjdy
1790516535300907004|container|exec_start: /bin/sh -c test -f /tmp/ready|4228749e91f4a45c4ae7b1afffb932ad09396a783db1a0948d1dcd84e87c0d8c|fleetly-founder-default-ord2-good.1.nhwaolitj54c0kn6u66xigjdy
1790516535326286139|container|exec_die|4228749e91f4a45c4ae7b1afffb932ad09396a783db1a0948d1dcd84e87c0d8c|fleetly-founder-default-ord2-good.1.nhwaolitj54c0kn6u66xigjdy
1790516535438683030|container|exec_create: /bin/sh -c test -f /tmp/ready|0acab2935ffe06cc91d415cafb956d16fa2e27881e9e5b36da2d7f0e0a785f1c|fleetly-founder-default-ord1-base.1.mkxbor6qrn8pgp5ibyh6mkomi
1790516535438797799|container|exec_start: /bin/sh -c test -f /tmp/ready|0acab2935ffe06cc91d415cafb956d16fa2e27881e9e5b36da2d7f0e0a785f1c|fleetly-founder-default-ord1-base.1.mkxbor6qrn8pgp5ibyh6mkomi
1790516535463314210|container|exec_die|0acab2935ffe06cc91d415cafb956d16fa2e27881e9e5b36da2d7f0e0a785f1c|fleetly-founder-default-ord1-base.1.mkxbor6qrn8pgp5ibyh6mkomi
1790516535813232817|container|exec_create: /bin/sh -c test -f /tmp/ready|e29d02ebb408dde3dc4a497a1e337b05b12809781ca3dd5a58152b00b7cdcc2a|fleetly-founder-default-ord1-mid.1.kqknjj3rye4j95ltnyw80it7y
1790516535813323523|container|exec_start: /bin/sh -c test -f /tmp/ready|e29d02ebb408dde3dc4a497a1e337b05b12809781ca3dd5a58152b00b7cdcc2a|fleetly-founder-default-ord1-mid.1.kqknjj3rye4j95ltnyw80it7y
1790516535838393114|container|exec_die|e29d02ebb408dde3dc4a497a1e337b05b12809781ca3dd5a58152b00b7cdcc2a|fleetly-founder-default-ord1-mid.1.kqknjj3rye4j95ltnyw80it7y
1790516536002905078|container|exec_create: /bin/sh -c test -f /tmp/ready|0d096972fa3aef6b612263c2939078291c239df8a9cbcd931079efa08f17bedd|fleetly-founder-default-ord1-leaf.1.na8gd3puwgw0o03bjhnmq2ci6
1790516536002962096|container|exec_start: /bin/sh -c test -f /tmp/ready|0d096972fa3aef6b612263c2939078291c239df8a9cbcd931079efa08f17bedd|fleetly-founder-default-ord1-leaf.1.na8gd3puwgw0o03bjhnmq2ci6
1790516536028498517|container|exec_die|0d096972fa3aef6b612263c2939078291c239df8a9cbcd931079efa08f17bedd|fleetly-founder-default-ord1-leaf.1.na8gd3puwgw0o03bjhnmq2ci6
1790516536327215453|container|exec_create: /bin/sh -c test -f /tmp/ready|4228749e91f4a45c4ae7b1afffb932ad09396a783db1a0948d1dcd84e87c0d8c|fleetly-founder-default-ord2-good.1.nhwaolitj54c0kn6u66xigjdy
1790516536327306656|container|exec_start: /bin/sh -c test -f /tmp/ready|4228749e91f4a45c4ae7b1afffb932ad09396a783db1a0948d1dcd84e87c0d8c|fleetly-founder-default-ord2-good.1.nhwaolitj54c0kn6u66xigjdy
1790516536352453397|container|exec_die|4228749e91f4a45c4ae7b1afffb932ad09396a783db1a0948d1dcd84e87c0d8c|fleetly-founder-default-ord2-good.1.nhwaolitj54c0kn6u66xigjdy
1790516536464517299|container|exec_create: /bin/sh -c test -f /tmp/ready|0acab2935ffe06cc91d415cafb956d16fa2e27881e9e5b36da2d7f0e0a785f1c|fleetly-founder-default-ord1-base.1.mkxbor6qrn8pgp5ibyh6mkomi
1790516536464586374|container|exec_start: /bin/sh -c test -f /tmp/ready|0acab2935ffe06cc91d415cafb956d16fa2e27881e9e5b36da2d7f0e0a785f1c|fleetly-founder-default-ord1-base.1.mkxbor6qrn8pgp5ibyh6mkomi
1790516536489155118|container|exec_die|0acab2935ffe06cc91d415cafb956d16fa2e27881e9e5b36da2d7f0e0a785f1c|fleetly-founder-default-ord1-base.1.mkxbor6qrn8pgp5ibyh6mkomi
1790516536556813531|container|destroy|5b8bed737698ffb3798036ac3917c0611ce50c2ea2fe3ed81c096996fc30aa7f|fleetly-founder-default-ord2-bad.1.u2zjqntl8zh2alrtf3cylp8ld
