1790509199600623356|service|create|6t2dq6yu7occrav58u3psybwh|t20-lat-svc-1
1790509199868726343|container|create|4533999b1b862924b2823b03638182908458f78d11742bfbecbbe7bb651c4f8a|t20-lat-svc-1.1.b9mpmbknoxjuuh8wydb0uwqwv
1790509200028721953|network|connect|9851beeca5de58663c77abfb043b973396bb3f7f9aea89861e7e36f8f7713117|bridge
1790509200045767902|container|start|4533999b1b862924b2823b03638182908458f78d11742bfbecbbe7bb651c4f8a|t20-lat-svc-1.1.b9mpmbknoxjuuh8wydb0uwqwv
1790509201046869092|container|exec_create: /bin/sh -c true|4533999b1b862924b2823b03638182908458f78d11742bfbecbbe7bb651c4f8a|t20-lat-svc-1.1.b9mpmbknoxjuuh8wydb0uwqwv
1790509201046988403|container|exec_start: /bin/sh -c true|4533999b1b862924b2823b03638182908458f78d11742bfbecbbe7bb651c4f8a|t20-lat-svc-1.1.b9mpmbknoxjuuh8wydb0uwqwv
1790509201071977276|container|exec_die|4533999b1b862924b2823b03638182908458f78d11742bfbecbbe7bb651c4f8a|t20-lat-svc-1.1.b9mpmbknoxjuuh8wydb0uwqwv
1790509201072235746|container|health_status: healthy|4533999b1b862924b2823b03638182908458f78d11742bfbecbbe7bb651c4f8a|t20-lat-svc-1.1.b9mpmbknoxjuuh8wydb0uwqwv
1790509201666539938|service|update|6t2dq6yu7occrav58u3psybwh|t20-lat-svc-1
1790509201669108511|service|update|6t2dq6yu7occrav58u3psybwh|t20-lat-svc-1
1790509201937848149|container|create|87cab8fcc83f088293e780642fa0e75eb7d13fb04e63ba29645deaedcabb7165|t20-lat-svc-1.1.vg78c3t699ey03yc4p7eedb2b
1790509202072764478|container|exec_create: /bin/sh -c true|4533999b1b862924b2823b03638182908458f78d11742bfbecbbe7bb651c4f8a|t20-lat-svc-1.1.b9mpmbknoxjuuh8wydb0uwqwv
1790509202072785386|container|exec_start: /bin/sh -c true|4533999b1b862924b2823b03638182908458f78d11742bfbecbbe7bb651c4f8a|t20-lat-svc-1.1.b9mpmbknoxjuuh8wydb0uwqwv
1790509202097093898|container|exec_die|4533999b1b862924b2823b03638182908458f78d11742bfbecbbe7bb651c4f8a|t20-lat-svc-1.1.b9mpmbknoxjuuh8wydb0uwqwv
1790509202853007260|container|kill|4533999b1b862924b2823b03638182908458f78d11742bfbecbbe7bb651c4f8a|t20-lat-svc-1.1.b9mpmbknoxjuuh8wydb0uwqwv
1790509203097665832|container|exec_create: /bin/sh -c true|4533999b1b862924b2823b03638182908458f78d11742bfbecbbe7bb651c4f8a|t20-lat-svc-1.1.b9mpmbknoxjuuh8wydb0uwqwv
1790509203097703618|container|exec_start: /bin/sh -c true|4533999b1b862924b2823b03638182908458f78d11742bfbecbbe7bb651c4f8a|t20-lat-svc-1.1.b9mpmbknoxjuuh8wydb0uwqwv
1790509203122964066|container|exec_die|4533999b1b862924b2823b03638182908458f78d11742bfbecbbe7bb651c4f8a|t20-lat-svc-1.1.b9mpmbknoxjuuh8wydb0uwqwv
1790509204123348812|container|exec_create: /bin/sh -c true|4533999b1b862924b2823b03638182908458f78d11742bfbecbbe7bb651c4f8a|t20-lat-svc-1.1.b9mpmbknoxjuuh8wydb0uwqwv
1790509204123386284|container|exec_start: /bin/sh -c true|4533999b1b862924b2823b03638182908458f78d11742bfbecbbe7bb651c4f8a|t20-lat-svc-1.1.b9mpmbknoxjuuh8wydb0uwqwv
1790509204148188604|container|exec_die|4533999b1b862924b2823b03638182908458f78d11742bfbecbbe7bb651c4f8a|t20-lat-svc-1.1.b9mpmbknoxjuuh8wydb0uwqwv
1790509205149282292|container|exec_create: /bin/sh -c true|4533999b1b862924b2823b03638182908458f78d11742bfbecbbe7bb651c4f8a|t20-lat-svc-1.1.b9mpmbknoxjuuh8wydb0uwqwv
1790509205149304279|container|exec_start: /bin/sh -c true|4533999b1b862924b2823b03638182908458f78d11742bfbecbbe7bb651c4f8a|t20-lat-svc-1.1.b9mpmbknoxjuuh8wydb0uwqwv
1790509205174225756|container|exec_die|4533999b1b862924b2823b03638182908458f78d11742bfbecbbe7bb651c4f8a|t20-lat-svc-1.1.b9mpmbknoxjuuh8wydb0uwqwv
1790509206174738788|container|exec_create: /bin/sh -c true|4533999b1b862924b2823b03638182908458f78d11742bfbecbbe7bb651c4f8a|t20-lat-svc-1.1.b9mpmbknoxjuuh8wydb0uwqwv
1790509206174761629|container|exec_start: /bin/sh -c true|4533999b1b862924b2823b03638182908458f78d11742bfbecbbe7bb651c4f8a|t20-lat-svc-1.1.b9mpmbknoxjuuh8wydb0uwqwv
1790509206200264864|container|exec_die|4533999b1b862924b2823b03638182908458f78d11742bfbecbbe7bb651c4f8a|t20-lat-svc-1.1.b9mpmbknoxjuuh8wydb0uwqwv
1790509207200851303|container|exec_create: /bin/sh -c true|4533999b1b862924b2823b03638182908458f78d11742bfbecbbe7bb651c4f8a|t20-lat-svc-1.1.b9mpmbknoxjuuh8wydb0uwqwv
1790509207200903029|container|exec_start: /bin/sh -c true|4533999b1b862924b2823b03638182908458f78d11742bfbecbbe7bb651c4f8a|t20-lat-svc-1.1.b9mpmbknoxjuuh8wydb0uwqwv
1790509207227430750|container|exec_die|4533999b1b862924b2823b03638182908458f78d11742bfbecbbe7bb651c4f8a|t20-lat-svc-1.1.b9mpmbknoxjuuh8wydb0uwqwv
1790509208228390562|container|exec_create: /bin/sh -c true|4533999b1b862924b2823b03638182908458f78d11742bfbecbbe7bb651c4f8a|t20-lat-svc-1.1.b9mpmbknoxjuuh8wydb0uwqwv
1790509208228438315|container|exec_start: /bin/sh -c true|4533999b1b862924b2823b03638182908458f78d11742bfbecbbe7bb651c4f8a|t20-lat-svc-1.1.b9mpmbknoxjuuh8wydb0uwqwv
1790509208252382823|container|exec_die|4533999b1b862924b2823b03638182908458f78d11742bfbecbbe7bb651c4f8a|t20-lat-svc-1.1.b9mpmbknoxjuuh8wydb0uwqwv
1790509209252847540|container|exec_create: /bin/sh -c true|4533999b1b862924b2823b03638182908458f78d11742bfbecbbe7bb651c4f8a|t20-lat-svc-1.1.b9mpmbknoxjuuh8wydb0uwqwv
1790509209252880811|container|exec_start: /bin/sh -c true|4533999b1b862924b2823b03638182908458f78d11742bfbecbbe7bb651c4f8a|t20-lat-svc-1.1.b9mpmbknoxjuuh8wydb0uwqwv
1790509209278389240|container|exec_die|4533999b1b862924b2823b03638182908458f78d11742bfbecbbe7bb651c4f8a|t20-lat-svc-1.1.b9mpmbknoxjuuh8wydb0uwqwv
1790509210279133546|container|exec_create: /bin/sh -c true|4533999b1b862924b2823b03638182908458f78d11742bfbecbbe7bb651c4f8a|t20-lat-svc-1.1.b9mpmbknoxjuuh8wydb0uwqwv
1790509210279161726|container|exec_start: /bin/sh -c true|4533999b1b862924b2823b03638182908458f78d11742bfbecbbe7bb651c4f8a|t20-lat-svc-1.1.b9mpmbknoxjuuh8wydb0uwqwv
1790509210303421118|container|exec_die|4533999b1b862924b2823b03638182908458f78d11742bfbecbbe7bb651c4f8a|t20-lat-svc-1.1.b9mpmbknoxjuuh8wydb0uwqwv
1790509211304008318|container|exec_create: /bin/sh -c true|4533999b1b862924b2823b03638182908458f78d11742bfbecbbe7bb651c4f8a|t20-lat-svc-1.1.b9mpmbknoxjuuh8wydb0uwqwv
1790509211304039796|container|exec_start: /bin/sh -c true|4533999b1b862924b2823b03638182908458f78d11742bfbecbbe7bb651c4f8a|t20-lat-svc-1.1.b9mpmbknoxjuuh8wydb0uwqwv
1790509211327309893|container|exec_die|4533999b1b862924b2823b03638182908458f78d11742bfbecbbe7bb651c4f8a|t20-lat-svc-1.1.b9mpmbknoxjuuh8wydb0uwqwv
1790509212328079959|container|exec_create: /bin/sh -c true|4533999b1b862924b2823b03638182908458f78d11742bfbecbbe7bb651c4f8a|t20-lat-svc-1.1.b9mpmbknoxjuuh8wydb0uwqwv
1790509212328113264|container|exec_start: /bin/sh -c true|4533999b1b862924b2823b03638182908458f78d11742bfbecbbe7bb651c4f8a|t20-lat-svc-1.1.b9mpmbknoxjuuh8wydb0uwqwv
1790509212352694248|container|exec_die|4533999b1b862924b2823b03638182908458f78d11742bfbecbbe7bb651c4f8a|t20-lat-svc-1.1.b9mpmbknoxjuuh8wydb0uwqwv
1790509212867851758|container|kill|4533999b1b862924b2823b03638182908458f78d11742bfbecbbe7bb651c4f8a|t20-lat-svc-1.1.b9mpmbknoxjuuh8wydb0uwqwv
1790509213022361314|network|disconnect|9851beeca5de58663c77abfb043b973396bb3f7f9aea89861e7e36f8f7713117|bridge
1790509213031342877|container|stop|4533999b1b862924b2823b03638182908458f78d11742bfbecbbe7bb651c4f8a|t20-lat-svc-1.1.b9mpmbknoxjuuh8wydb0uwqwv
1790509213039569827|container|die|4533999b1b862924b2823b03638182908458f78d11742bfbecbbe7bb651c4f8a|t20-lat-svc-1.1.b9mpmbknoxjuuh8wydb0uwqwv
1790509213333486441|network|connect|9851beeca5de58663c77abfb043b973396bb3f7f9aea89861e7e36f8f7713117|bridge
1790509213350466204|container|start|87cab8fcc83f088293e780642fa0e75eb7d13fb04e63ba29645deaedcabb7165|t20-lat-svc-1.1.vg78c3t699ey03yc4p7eedb2b
1790509214351452284|container|exec_create: /bin/sh -c true|87cab8fcc83f088293e780642fa0e75eb7d13fb04e63ba29645deaedcabb7165|t20-lat-svc-1.1.vg78c3t699ey03yc4p7eedb2b
1790509214351492045|container|exec_start: /bin/sh -c true|87cab8fcc83f088293e780642fa0e75eb7d13fb04e63ba29645deaedcabb7165|t20-lat-svc-1.1.vg78c3t699ey03yc4p7eedb2b
1790509214376652215|container|exec_die|87cab8fcc83f088293e780642fa0e75eb7d13fb04e63ba29645deaedcabb7165|t20-lat-svc-1.1.vg78c3t699ey03yc4p7eedb2b
1790509214376892968|container|health_status: healthy|87cab8fcc83f088293e780642fa0e75eb7d13fb04e63ba29645deaedcabb7165|t20-lat-svc-1.1.vg78c3t699ey03yc4p7eedb2b
1790509214956757410|service|remove|6t2dq6yu7occrav58u3psybwh|t20-lat-svc-1
1790509215353379861|container|destroy|4533999b1b862924b2823b03638182908458f78d11742bfbecbbe7bb651c4f8a|t20-lat-svc-1.1.b9mpmbknoxjuuh8wydb0uwqwv
1790509215377767772|container|exec_create: /bin/sh -c true|87cab8fcc83f088293e780642fa0e75eb7d13fb04e63ba29645deaedcabb7165|t20-lat-svc-1.1.vg78c3t699ey03yc4p7eedb2b
1790509215377792682|container|exec_start: /bin/sh -c true|87cab8fcc83f088293e780642fa0e75eb7d13fb04e63ba29645deaedcabb7165|t20-lat-svc-1.1.vg78c3t699ey03yc4p7eedb2b
1790509215402589675|container|exec_die|87cab8fcc83f088293e780642fa0e75eb7d13fb04e63ba29645deaedcabb7165|t20-lat-svc-1.1.vg78c3t699ey03yc4p7eedb2b
1790509216082754381|container|kill|87cab8fcc83f088293e780642fa0e75eb7d13fb04e63ba29645deaedcabb7165|t20-lat-svc-1.1.vg78c3t699ey03yc4p7eedb2b
1790509216403913424|container|exec_create: /bin/sh -c true|87cab8fcc83f088293e780642fa0e75eb7d13fb04e63ba29645deaedcabb7165|t20-lat-svc-1.1.vg78c3t699ey03yc4p7eedb2b
1790509216403941171|container|exec_start: /bin/sh -c true|87cab8fcc83f088293e780642fa0e75eb7d13fb04e63ba29645deaedcabb7165|t20-lat-svc-1.1.vg78c3t699ey03yc4p7eedb2b
1790509216428864833|container|exec_die|87cab8fcc83f088293e780642fa0e75eb7d13fb04e63ba29645deaedcabb7165|t20-lat-svc-1.1.vg78c3t699ey03yc4p7eedb2b
1790509217429603571|container|exec_create: /bin/sh -c true|87cab8fcc83f088293e780642fa0e75eb7d13fb04e63ba29645deaedcabb7165|t20-lat-svc-1.1.vg78c3t699ey03yc4p7eedb2b
1790509217429629013|container|exec_start: /bin/sh -c true|87cab8fcc83f088293e780642fa0e75eb7d13fb04e63ba29645deaedcabb7165|t20-lat-svc-1.1.vg78c3t699ey03yc4p7eedb2b
1790509217453885326|container|exec_die|87cab8fcc83f088293e780642fa0e75eb7d13fb04e63ba29645deaedcabb7165|t20-lat-svc-1.1.vg78c3t699ey03yc4p7eedb2b
1790509218454898137|container|exec_create: /bin/sh -c true|87cab8fcc83f088293e780642fa0e75eb7d13fb04e63ba29645deaedcabb7165|t20-lat-svc-1.1.vg78c3t699ey03yc4p7eedb2b
1790509218454933893|container|exec_start: /bin/sh -c true|87cab8fcc83f088293e780642fa0e75eb7d13fb04e63ba29645deaedcabb7165|t20-lat-svc-1.1.vg78c3t699ey03yc4p7eedb2b
1790509218479978732|container|exec_die|87cab8fcc83f088293e780642fa0e75eb7d13fb04e63ba29645deaedcabb7165|t20-lat-svc-1.1.vg78c3t699ey03yc4p7eedb2b
1790509219480387625|container|exec_create: /bin/sh -c true|87cab8fcc83f088293e780642fa0e75eb7d13fb04e63ba29645deaedcabb7165|t20-lat-svc-1.1.vg78c3t699ey03yc4p7eedb2b
1790509219480412036|container|exec_start: /bin/sh -c true|87cab8fcc83f088293e780642fa0e75eb7d13fb04e63ba29645deaedcabb7165|t20-lat-svc-1.1.vg78c3t699ey03yc4p7eedb2b
1790509219504973427|container|exec_die|87cab8fcc83f088293e780642fa0e75eb7d13fb04e63ba29645deaedcabb7165|t20-lat-svc-1.1.vg78c3t699ey03yc4p7eedb2b
1790509220506262247|container|exec_create: /bin/sh -c true|87cab8fcc83f088293e780642fa0e75eb7d13fb04e63ba29645deaedcabb7165|t20-lat-svc-1.1.vg78c3t699ey03yc4p7eedb2b
1790509220506285182|container|exec_start: /bin/sh -c true|87cab8fcc83f088293e780642fa0e75eb7d13fb04e63ba29645deaedcabb7165|t20-lat-svc-1.1.vg78c3t699ey03yc4p7eedb2b
1790509220530904660|container|exec_die|87cab8fcc83f088293e780642fa0e75eb7d13fb04e63ba29645deaedcabb7165|t20-lat-svc-1.1.vg78c3t699ey03yc4p7eedb2b
1790509221531775141|container|exec_create: /bin/sh -c true|87cab8fcc83f088293e780642fa0e75eb7d13fb04e63ba29645deaedcabb7165|t20-lat-svc-1.1.vg78c3t699ey03yc4p7eedb2b
1790509221531812861|container|exec_start: /bin/sh -c true|87cab8fcc83f088293e780642fa0e75eb7d13fb04e63ba29645deaedcabb7165|t20-lat-svc-1.1.vg78c3t699ey03yc4p7eedb2b
1790509221556154557|container|exec_die|87cab8fcc83f088293e780642fa0e75eb7d13fb04e63ba29645deaedcabb7165|t20-lat-svc-1.1.vg78c3t699ey03yc4p7eedb2b
1790509222554985565|container|exec_create: /bin/sh -c true|87cab8fcc83f088293e780642fa0e75eb7d13fb04e63ba29645deaedcabb7165|t20-lat-svc-1.1.vg78c3t699ey03yc4p7eedb2b
1790509222555009347|container|exec_start: /bin/sh -c true|87cab8fcc83f088293e780642fa0e75eb7d13fb04e63ba29645deaedcabb7165|t20-lat-svc-1.1.vg78c3t699ey03yc4p7eedb2b
1790509222579531977|container|exec_die|87cab8fcc83f088293e780642fa0e75eb7d13fb04e63ba29645deaedcabb7165|t20-lat-svc-1.1.vg78c3t699ey03yc4p7eedb2b
1790509223579895661|container|exec_create: /bin/sh -c true|87cab8fcc83f088293e780642fa0e75eb7d13fb04e63ba29645deaedcabb7165|t20-lat-svc-1.1.vg78c3t699ey03yc4p7eedb2b
1790509223579931618|container|exec_start: /bin/sh -c true|87cab8fcc83f088293e780642fa0e75eb7d13fb04e63ba29645deaedcabb7165|t20-lat-svc-1.1.vg78c3t699ey03yc4p7eedb2b
1790509223604376930|container|exec_die|87cab8fcc83f088293e780642fa0e75eb7d13fb04e63ba29645deaedcabb7165|t20-lat-svc-1.1.vg78c3t699ey03yc4p7eedb2b
1790509224605367559|container|exec_create: /bin/sh -c true|87cab8fcc83f088293e780642fa0e75eb7d13fb04e63ba29645deaedcabb7165|t20-lat-svc-1.1.vg78c3t699ey03yc4p7eedb2b
1790509224605390609|container|exec_start: /bin/sh -c true|87cab8fcc83f088293e780642fa0e75eb7d13fb04e63ba29645deaedcabb7165|t20-lat-svc-1.1.vg78c3t699ey03yc4p7eedb2b
1790509224630114974|container|exec_die|87cab8fcc83f088293e780642fa0e75eb7d13fb04e63ba29645deaedcabb7165|t20-lat-svc-1.1.vg78c3t699ey03yc4p7eedb2b
1790509225630781750|container|exec_create: /bin/sh -c true|87cab8fcc83f088293e780642fa0e75eb7d13fb04e63ba29645deaedcabb7165|t20-lat-svc-1.1.vg78c3t699ey03yc4p7eedb2b
1790509225630806763|container|exec_start: /bin/sh -c true|87cab8fcc83f088293e780642fa0e75eb7d13fb04e63ba29645deaedcabb7165|t20-lat-svc-1.1.vg78c3t699ey03yc4p7eedb2b
1790509225656590693|container|exec_die|87cab8fcc83f088293e780642fa0e75eb7d13fb04e63ba29645deaedcabb7165|t20-lat-svc-1.1.vg78c3t699ey03yc4p7eedb2b
1790509226095142652|container|kill|87cab8fcc83f088293e780642fa0e75eb7d13fb04e63ba29645deaedcabb7165|t20-lat-svc-1.1.vg78c3t699ey03yc4p7eedb2b
1790509226259929158|network|disconnect|9851beeca5de58663c77abfb043b973396bb3f7f9aea89861e7e36f8f7713117|bridge
1790509226268792582|container|stop|87cab8fcc83f088293e780642fa0e75eb7d13fb04e63ba29645deaedcabb7165|t20-lat-svc-1.1.vg78c3t699ey03yc4p7eedb2b
1790509226277157792|container|die|87cab8fcc83f088293e780642fa0e75eb7d13fb04e63ba29645deaedcabb7165|t20-lat-svc-1.1.vg78c3t699ey03yc4p7eedb2b
1790509226764766072|container|destroy|87cab8fcc83f088293e780642fa0e75eb7d13fb04e63ba29645deaedcabb7165|t20-lat-svc-1.1.vg78c3t699ey03yc4p7eedb2b
1790509232712545320|service|create|vrbj8tneyjqhr7scw73ftsg1w|t20-lat-svc-2
1790509232969294290|container|create|dcc4ff3e41051a4a5aa99d2ce07d6c1708942f11576c4a3f3698dad3e14d68c1|t20-lat-svc-2.1.qzo83norrvnzyjaypzdz8544j
1790509233091321220|network|connect|9851beeca5de58663c77abfb043b973396bb3f7f9aea89861e7e36f8f7713117|bridge
1790509233110339353|container|start|dcc4ff3e41051a4a5aa99d2ce07d6c1708942f11576c4a3f3698dad3e14d68c1|t20-lat-svc-2.1.qzo83norrvnzyjaypzdz8544j
1790509234111051450|container|exec_create: /bin/sh -c true|dcc4ff3e41051a4a5aa99d2ce07d6c1708942f11576c4a3f3698dad3e14d68c1|t20-lat-svc-2.1.qzo83norrvnzyjaypzdz8544j
1790509234111100287|container|exec_start: /bin/sh -c true|dcc4ff3e41051a4a5aa99d2ce07d6c1708942f11576c4a3f3698dad3e14d68c1|t20-lat-svc-2.1.qzo83norrvnzyjaypzdz8544j
1790509234136581913|container|exec_die|dcc4ff3e41051a4a5aa99d2ce07d6c1708942f11576c4a3f3698dad3e14d68c1|t20-lat-svc-2.1.qzo83norrvnzyjaypzdz8544j
1790509234136822457|container|health_status: healthy|dcc4ff3e41051a4a5aa99d2ce07d6c1708942f11576c4a3f3698dad3e14d68c1|t20-lat-svc-2.1.qzo83norrvnzyjaypzdz8544j
1790509234779618370|service|update|vrbj8tneyjqhr7scw73ftsg1w|t20-lat-svc-2
1790509234782704407|service|update|vrbj8tneyjqhr7scw73ftsg1w|t20-lat-svc-2
1790509235048380019|container|create|fa487c2a38ff31a93e578f4f1727361fe5ddc9df0f1f16ab32fe77956527dafd|t20-lat-svc-2.1.9vipxjmpz4eikzvdg5u1cf21o
1790509235137735936|container|exec_create: /bin/sh -c true|dcc4ff3e41051a4a5aa99d2ce07d6c1708942f11576c4a3f3698dad3e14d68c1|t20-lat-svc-2.1.qzo83norrvnzyjaypzdz8544j
1790509235137760637|container|exec_start: /bin/sh -c true|dcc4ff3e41051a4a5aa99d2ce07d6c1708942f11576c4a3f3698dad3e14d68c1|t20-lat-svc-2.1.qzo83norrvnzyjaypzdz8544j
1790509235161704711|container|exec_die|dcc4ff3e41051a4a5aa99d2ce07d6c1708942f11576c4a3f3698dad3e14d68c1|t20-lat-svc-2.1.qzo83norrvnzyjaypzdz8544j
1790509235971856785|container|kill|dcc4ff3e41051a4a5aa99d2ce07d6c1708942f11576c4a3f3698dad3e14d68c1|t20-lat-svc-2.1.qzo83norrvnzyjaypzdz8544j
1790509236162118531|container|exec_create: /bin/sh -c true|dcc4ff3e41051a4a5aa99d2ce07d6c1708942f11576c4a3f3698dad3e14d68c1|t20-lat-svc-2.1.qzo83norrvnzyjaypzdz8544j
1790509236162153006|container|exec_start: /bin/sh -c true|dcc4ff3e41051a4a5aa99d2ce07d6c1708942f11576c4a3f3698dad3e14d68c1|t20-lat-svc-2.1.qzo83norrvnzyjaypzdz8544j
1790509236187034584|container|exec_die|dcc4ff3e41051a4a5aa99d2ce07d6c1708942f11576c4a3f3698dad3e14d68c1|t20-lat-svc-2.1.qzo83norrvnzyjaypzdz8544j
1790509237187556664|container|exec_create: /bin/sh -c true|dcc4ff3e41051a4a5aa99d2ce07d6c1708942f11576c4a3f3698dad3e14d68c1|t20-lat-svc-2.1.qzo83norrvnzyjaypzdz8544j
1790509237187590546|container|exec_start: /bin/sh -c true|dcc4ff3e41051a4a5aa99d2ce07d6c1708942f11576c4a3f3698dad3e14d68c1|t20-lat-svc-2.1.qzo83norrvnzyjaypzdz8544j
1790509237212699035|container|exec_die|dcc4ff3e41051a4a5aa99d2ce07d6c1708942f11576c4a3f3698dad3e14d68c1|t20-lat-svc-2.1.qzo83norrvnzyjaypzdz8544j
1790509238213662540|container|exec_create: /bin/sh -c true|dcc4ff3e41051a4a5aa99d2ce07d6c1708942f11576c4a3f3698dad3e14d68c1|t20-lat-svc-2.1.qzo83norrvnzyjaypzdz8544j
1790509238213684722|container|exec_start: /bin/sh -c true|dcc4ff3e41051a4a5aa99d2ce07d6c1708942f11576c4a3f3698dad3e14d68c1|t20-lat-svc-2.1.qzo83norrvnzyjaypzdz8544j
1790509238237747971|container|exec_die|dcc4ff3e41051a4a5aa99d2ce07d6c1708942f11576c4a3f3698dad3e14d68c1|t20-lat-svc-2.1.qzo83norrvnzyjaypzdz8544j
1790509239238804971|container|exec_create: /bin/sh -c true|dcc4ff3e41051a4a5aa99d2ce07d6c1708942f11576c4a3f3698dad3e14d68c1|t20-lat-svc-2.1.qzo83norrvnzyjaypzdz8544j
1790509239238827301|container|exec_start: /bin/sh -c true|dcc4ff3e41051a4a5aa99d2ce07d6c1708942f11576c4a3f3698dad3e14d68c1|t20-lat-svc-2.1.qzo83norrvnzyjaypzdz8544j
1790509239262915560|container|exec_die|dcc4ff3e41051a4a5aa99d2ce07d6c1708942f11576c4a3f3698dad3e14d68c1|t20-lat-svc-2.1.qzo83norrvnzyjaypzdz8544j
1790509240263792976|container|exec_create: /bin/sh -c true|dcc4ff3e41051a4a5aa99d2ce07d6c1708942f11576c4a3f3698dad3e14d68c1|t20-lat-svc-2.1.qzo83norrvnzyjaypzdz8544j
1790509240263819052|container|exec_start: /bin/sh -c true|dcc4ff3e41051a4a5aa99d2ce07d6c1708942f11576c4a3f3698dad3e14d68c1|t20-lat-svc-2.1.qzo83norrvnzyjaypzdz8544j
1790509240288684570|container|exec_die|dcc4ff3e41051a4a5aa99d2ce07d6c1708942f11576c4a3f3698dad3e14d68c1|t20-lat-svc-2.1.qzo83norrvnzyjaypzdz8544j
1790509241289628578|container|exec_create: /bin/sh -c true|dcc4ff3e41051a4a5aa99d2ce07d6c1708942f11576c4a3f3698dad3e14d68c1|t20-lat-svc-2.1.qzo83norrvnzyjaypzdz8544j
1790509241289652226|container|exec_start: /bin/sh -c true|dcc4ff3e41051a4a5aa99d2ce07d6c1708942f11576c4a3f3698dad3e14d68c1|t20-lat-svc-2.1.qzo83norrvnzyjaypzdz8544j
1790509241315109020|container|exec_die|dcc4ff3e41051a4a5aa99d2ce07d6c1708942f11576c4a3f3698dad3e14d68c1|t20-lat-svc-2.1.qzo83norrvnzyjaypzdz8544j
1790509242315778845|container|exec_create: /bin/sh -c true|dcc4ff3e41051a4a5aa99d2ce07d6c1708942f11576c4a3f3698dad3e14d68c1|t20-lat-svc-2.1.qzo83norrvnzyjaypzdz8544j
1790509242315804535|container|exec_start: /bin/sh -c true|dcc4ff3e41051a4a5aa99d2ce07d6c1708942f11576c4a3f3698dad3e14d68c1|t20-lat-svc-2.1.qzo83norrvnzyjaypzdz8544j
1790509242340983381|container|exec_die|dcc4ff3e41051a4a5aa99d2ce07d6c1708942f11576c4a3f3698dad3e14d68c1|t20-lat-svc-2.1.qzo83norrvnzyjaypzdz8544j
1790509243341508976|container|exec_create: /bin/sh -c true|dcc4ff3e41051a4a5aa99d2ce07d6c1708942f11576c4a3f3698dad3e14d68c1|t20-lat-svc-2.1.qzo83norrvnzyjaypzdz8544j
1790509243341543668|container|exec_start: /bin/sh -c true|dcc4ff3e41051a4a5aa99d2ce07d6c1708942f11576c4a3f3698dad3e14d68c1|t20-lat-svc-2.1.qzo83norrvnzyjaypzdz8544j
1790509243367272191|container|exec_die|dcc4ff3e41051a4a5aa99d2ce07d6c1708942f11576c4a3f3698dad3e14d68c1|t20-lat-svc-2.1.qzo83norrvnzyjaypzdz8544j
1790509244368086168|container|exec_create: /bin/sh -c true|dcc4ff3e41051a4a5aa99d2ce07d6c1708942f11576c4a3f3698dad3e14d68c1|t20-lat-svc-2.1.qzo83norrvnzyjaypzdz8544j
1790509244368123219|container|exec_start: /bin/sh -c true|dcc4ff3e41051a4a5aa99d2ce07d6c1708942f11576c4a3f3698dad3e14d68c1|t20-lat-svc-2.1.qzo83norrvnzyjaypzdz8544j
1790509244393037689|container|exec_die|dcc4ff3e41051a4a5aa99d2ce07d6c1708942f11576c4a3f3698dad3e14d68c1|t20-lat-svc-2.1.qzo83norrvnzyjaypzdz8544j
1790509245393361863|container|exec_create: /bin/sh -c true|dcc4ff3e41051a4a5aa99d2ce07d6c1708942f11576c4a3f3698dad3e14d68c1|t20-lat-svc-2.1.qzo83norrvnzyjaypzdz8544j
1790509245393398524|container|exec_start: /bin/sh -c true|dcc4ff3e41051a4a5aa99d2ce07d6c1708942f11576c4a3f3698dad3e14d68c1|t20-lat-svc-2.1.qzo83norrvnzyjaypzdz8544j
1790509245419268317|container|exec_die|dcc4ff3e41051a4a5aa99d2ce07d6c1708942f11576c4a3f3698dad3e14d68c1|t20-lat-svc-2.1.qzo83norrvnzyjaypzdz8544j
1790509245986986534|container|kill|dcc4ff3e41051a4a5aa99d2ce07d6c1708942f11576c4a3f3698dad3e14d68c1|t20-lat-svc-2.1.qzo83norrvnzyjaypzdz8544j
1790509246160032996|network|disconnect|9851beeca5de58663c77abfb043b973396bb3f7f9aea89861e7e36f8f7713117|bridge
1790509246165821594|container|stop|dcc4ff3e41051a4a5aa99d2ce07d6c1708942f11576c4a3f3698dad3e14d68c1|t20-lat-svc-2.1.qzo83norrvnzyjaypzdz8544j
1790509246178221054|container|die|dcc4ff3e41051a4a5aa99d2ce07d6c1708942f11576c4a3f3698dad3e14d68c1|t20-lat-svc-2.1.qzo83norrvnzyjaypzdz8544j
1790509246449104784|network|connect|9851beeca5de58663c77abfb043b973396bb3f7f9aea89861e7e36f8f7713117|bridge
1790509246468053280|container|start|fa487c2a38ff31a93e578f4f1727361fe5ddc9df0f1f16ab32fe77956527dafd|t20-lat-svc-2.1.9vipxjmpz4eikzvdg5u1cf21o
1790509247469026705|container|exec_create: /bin/sh -c true|fa487c2a38ff31a93e578f4f1727361fe5ddc9df0f1f16ab32fe77956527dafd|t20-lat-svc-2.1.9vipxjmpz4eikzvdg5u1cf21o
1790509247469087137|container|exec_start: /bin/sh -c true|fa487c2a38ff31a93e578f4f1727361fe5ddc9df0f1f16ab32fe77956527dafd|t20-lat-svc-2.1.9vipxjmpz4eikzvdg5u1cf21o
1790509247493168958|container|exec_die|fa487c2a38ff31a93e578f4f1727361fe5ddc9df0f1f16ab32fe77956527dafd|t20-lat-svc-2.1.9vipxjmpz4eikzvdg5u1cf21o
1790509247493524275|container|health_status: healthy|fa487c2a38ff31a93e578f4f1727361fe5ddc9df0f1f16ab32fe77956527dafd|t20-lat-svc-2.1.9vipxjmpz4eikzvdg5u1cf21o
1790509248068188527|service|remove|vrbj8tneyjqhr7scw73ftsg1w|t20-lat-svc-2
1790509248464797936|container|destroy|dcc4ff3e41051a4a5aa99d2ce07d6c1708942f11576c4a3f3698dad3e14d68c1|t20-lat-svc-2.1.qzo83norrvnzyjaypzdz8544j
1790509248494204740|container|exec_create: /bin/sh -c true|fa487c2a38ff31a93e578f4f1727361fe5ddc9df0f1f16ab32fe77956527dafd|t20-lat-svc-2.1.9vipxjmpz4eikzvdg5u1cf21o
1790509248494234695|container|exec_start: /bin/sh -c true|fa487c2a38ff31a93e578f4f1727361fe5ddc9df0f1f16ab32fe77956527dafd|t20-lat-svc-2.1.9vipxjmpz4eikzvdg5u1cf21o
1790509248519358286|container|exec_die|fa487c2a38ff31a93e578f4f1727361fe5ddc9df0f1f16ab32fe77956527dafd|t20-lat-svc-2.1.9vipxjmpz4eikzvdg5u1cf21o
1790509249197201289|container|kill|fa487c2a38ff31a93e578f4f1727361fe5ddc9df0f1f16ab32fe77956527dafd|t20-lat-svc-2.1.9vipxjmpz4eikzvdg5u1cf21o
1790509249519757613|container|exec_create: /bin/sh -c true|fa487c2a38ff31a93e578f4f1727361fe5ddc9df0f1f16ab32fe77956527dafd|t20-lat-svc-2.1.9vipxjmpz4eikzvdg5u1cf21o
1790509249519785263|container|exec_start: /bin/sh -c true|fa487c2a38ff31a93e578f4f1727361fe5ddc9df0f1f16ab32fe77956527dafd|t20-lat-svc-2.1.9vipxjmpz4eikzvdg5u1cf21o
1790509249544432817|container|exec_die|fa487c2a38ff31a93e578f4f1727361fe5ddc9df0f1f16ab32fe77956527dafd|t20-lat-svc-2.1.9vipxjmpz4eikzvdg5u1cf21o
1790509250544757457|container|exec_create: /bin/sh -c true|fa487c2a38ff31a93e578f4f1727361fe5ddc9df0f1f16ab32fe77956527dafd|t20-lat-svc-2.1.9vipxjmpz4eikzvdg5u1cf21o
1790509250544793142|container|exec_start: /bin/sh -c true|fa487c2a38ff31a93e578f4f1727361fe5ddc9df0f1f16ab32fe77956527dafd|t20-lat-svc-2.1.9vipxjmpz4eikzvdg5u1cf21o
1790509250569610774|container|exec_die|fa487c2a38ff31a93e578f4f1727361fe5ddc9df0f1f16ab32fe77956527dafd|t20-lat-svc-2.1.9vipxjmpz4eikzvdg5u1cf21o
1790509251570571364|container|exec_create: /bin/sh -c true|fa487c2a38ff31a93e578f4f1727361fe5ddc9df0f1f16ab32fe77956527dafd|t20-lat-svc-2.1.9vipxjmpz4eikzvdg5u1cf21o
1790509251570594193|container|exec_start: /bin/sh -c true|fa487c2a38ff31a93e578f4f1727361fe5ddc9df0f1f16ab32fe77956527dafd|t20-lat-svc-2.1.9vipxjmpz4eikzvdg5u1cf21o
1790509251595326861|container|exec_die|fa487c2a38ff31a93e578f4f1727361fe5ddc9df0f1f16ab32fe77956527dafd|t20-lat-svc-2.1.9vipxjmpz4eikzvdg5u1cf21o
1790509252594371821|container|exec_create: /bin/sh -c true|fa487c2a38ff31a93e578f4f1727361fe5ddc9df0f1f16ab32fe77956527dafd|t20-lat-svc-2.1.9vipxjmpz4eikzvdg5u1cf21o
1790509252594393523|container|exec_start: /bin/sh -c true|fa487c2a38ff31a93e578f4f1727361fe5ddc9df0f1f16ab32fe77956527dafd|t20-lat-svc-2.1.9vipxjmpz4eikzvdg5u1cf21o
1790509252618867445|container|exec_die|fa487c2a38ff31a93e578f4f1727361fe5ddc9df0f1f16ab32fe77956527dafd|t20-lat-svc-2.1.9vipxjmpz4eikzvdg5u1cf21o
1790509253619118773|container|exec_create: /bin/sh -c true|fa487c2a38ff31a93e578f4f1727361fe5ddc9df0f1f16ab32fe77956527dafd|t20-lat-svc-2.1.9vipxjmpz4eikzvdg5u1cf21o
1790509253619143260|container|exec_start: /bin/sh -c true|fa487c2a38ff31a93e578f4f1727361fe5ddc9df0f1f16ab32fe77956527dafd|t20-lat-svc-2.1.9vipxjmpz4eikzvdg5u1cf21o
1790509253644090278|container|exec_die|fa487c2a38ff31a93e578f4f1727361fe5ddc9df0f1f16ab32fe77956527dafd|t20-lat-svc-2.1.9vipxjmpz4eikzvdg5u1cf21o
1790509254645018407|container|exec_create: /bin/sh -c true|fa487c2a38ff31a93e578f4f1727361fe5ddc9df0f1f16ab32fe77956527dafd|t20-lat-svc-2.1.9vipxjmpz4eikzvdg5u1cf21o
1790509254645043421|container|exec_start: /bin/sh -c true|fa487c2a38ff31a93e578f4f1727361fe5ddc9df0f1f16ab32fe77956527dafd|t20-lat-svc-2.1.9vipxjmpz4eikzvdg5u1cf21o
1790509254670957543|container|exec_die|fa487c2a38ff31a93e578f4f1727361fe5ddc9df0f1f16ab32fe77956527dafd|t20-lat-svc-2.1.9vipxjmpz4eikzvdg5u1cf21o
1790509255672084345|container|exec_create: /bin/sh -c true|fa487c2a38ff31a93e578f4f1727361fe5ddc9df0f1f16ab32fe77956527dafd|t20-lat-svc-2.1.9vipxjmpz4eikzvdg5u1cf21o
1790509255672108841|container|exec_start: /bin/sh -c true|fa487c2a38ff31a93e578f4f1727361fe5ddc9df0f1f16ab32fe77956527dafd|t20-lat-svc-2.1.9vipxjmpz4eikzvdg5u1cf21o
1790509255696879368|container|exec_die|fa487c2a38ff31a93e578f4f1727361fe5ddc9df0f1f16ab32fe77956527dafd|t20-lat-svc-2.1.9vipxjmpz4eikzvdg5u1cf21o
1790509256697218254|container|exec_create: /bin/sh -c true|fa487c2a38ff31a93e578f4f1727361fe5ddc9df0f1f16ab32fe77956527dafd|t20-lat-svc-2.1.9vipxjmpz4eikzvdg5u1cf21o
1790509256697258164|container|exec_start: /bin/sh -c true|fa487c2a38ff31a93e578f4f1727361fe5ddc9df0f1f16ab32fe77956527dafd|t20-lat-svc-2.1.9vipxjmpz4eikzvdg5u1cf21o
1790509256723201648|container|exec_die|fa487c2a38ff31a93e578f4f1727361fe5ddc9df0f1f16ab32fe77956527dafd|t20-lat-svc-2.1.9vipxjmpz4eikzvdg5u1cf21o
1790509257724628998|container|exec_create: /bin/sh -c true|fa487c2a38ff31a93e578f4f1727361fe5ddc9df0f1f16ab32fe77956527dafd|t20-lat-svc-2.1.9vipxjmpz4eikzvdg5u1cf21o
1790509257724651387|container|exec_start: /bin/sh -c true|fa487c2a38ff31a93e578f4f1727361fe5ddc9df0f1f16ab32fe77956527dafd|t20-lat-svc-2.1.9vipxjmpz4eikzvdg5u1cf21o
1790509257749066204|container|exec_die|fa487c2a38ff31a93e578f4f1727361fe5ddc9df0f1f16ab32fe77956527dafd|t20-lat-svc-2.1.9vipxjmpz4eikzvdg5u1cf21o
1790509258749593969|container|exec_create: /bin/sh -c true|fa487c2a38ff31a93e578f4f1727361fe5ddc9df0f1f16ab32fe77956527dafd|t20-lat-svc-2.1.9vipxjmpz4eikzvdg5u1cf21o
1790509258749616822|container|exec_start: /bin/sh -c true|fa487c2a38ff31a93e578f4f1727361fe5ddc9df0f1f16ab32fe77956527dafd|t20-lat-svc-2.1.9vipxjmpz4eikzvdg5u1cf21o
1790509258774284220|container|exec_die|fa487c2a38ff31a93e578f4f1727361fe5ddc9df0f1f16ab32fe77956527dafd|t20-lat-svc-2.1.9vipxjmpz4eikzvdg5u1cf21o
1790509259209120567|container|kill|fa487c2a38ff31a93e578f4f1727361fe5ddc9df0f1f16ab32fe77956527dafd|t20-lat-svc-2.1.9vipxjmpz4eikzvdg5u1cf21o
1790509259350001352|network|disconnect|9851beeca5de58663c77abfb043b973396bb3f7f9aea89861e7e36f8f7713117|bridge
1790509259358633338|container|stop|fa487c2a38ff31a93e578f4f1727361fe5ddc9df0f1f16ab32fe77956527dafd|t20-lat-svc-2.1.9vipxjmpz4eikzvdg5u1cf21o
1790509259366110539|container|die|fa487c2a38ff31a93e578f4f1727361fe5ddc9df0f1f16ab32fe77956527dafd|t20-lat-svc-2.1.9vipxjmpz4eikzvdg5u1cf21o
1790509259788715270|container|destroy|fa487c2a38ff31a93e578f4f1727361fe5ddc9df0f1f16ab32fe77956527dafd|t20-lat-svc-2.1.9vipxjmpz4eikzvdg5u1cf21o
1790509267192856175|service|create|swiap3ybgifj5p751dfbovh9o|t20-lat-svc-3
1790509267443418053|container|create|a3dc26fc1a7a1e02b43739e84de5739be2110b58602af1e96e57a33f85a60990|t20-lat-svc-3.1.nuv9l5g7yz4eyvxk91wrsflr1
1790509267580437443|network|connect|9851beeca5de58663c77abfb043b973396bb3f7f9aea89861e7e36f8f7713117|bridge
1790509267599425042|container|start|a3dc26fc1a7a1e02b43739e84de5739be2110b58602af1e96e57a33f85a60990|t20-lat-svc-3.1.nuv9l5g7yz4eyvxk91wrsflr1
1790509268599750399|container|exec_create: /bin/sh -c true|a3dc26fc1a7a1e02b43739e84de5739be2110b58602af1e96e57a33f85a60990|t20-lat-svc-3.1.nuv9l5g7yz4eyvxk91wrsflr1
1790509268599783713|container|exec_start: /bin/sh -c true|a3dc26fc1a7a1e02b43739e84de5739be2110b58602af1e96e57a33f85a60990|t20-lat-svc-3.1.nuv9l5g7yz4eyvxk91wrsflr1
1790509268623270741|container|exec_die|a3dc26fc1a7a1e02b43739e84de5739be2110b58602af1e96e57a33f85a60990|t20-lat-svc-3.1.nuv9l5g7yz4eyvxk91wrsflr1
1790509268623560545|container|health_status: healthy|a3dc26fc1a7a1e02b43739e84de5739be2110b58602af1e96e57a33f85a60990|t20-lat-svc-3.1.nuv9l5g7yz4eyvxk91wrsflr1
1790509269257884323|service|update|swiap3ybgifj5p751dfbovh9o|t20-lat-svc-3
1790509269260647785|service|update|swiap3ybgifj5p751dfbovh9o|t20-lat-svc-3
1790509269524532790|container|create|77722a791c761360b497f76941755ac26a4f08c35d234af59ee2e6604b904adc|t20-lat-svc-3.1.mtp3zo1256jbqkl2ucisj753p
1790509269624216536|container|exec_create: /bin/sh -c true|a3dc26fc1a7a1e02b43739e84de5739be2110b58602af1e96e57a33f85a60990|t20-lat-svc-3.1.nuv9l5g7yz4eyvxk91wrsflr1
1790509269624249557|container|exec_start: /bin/sh -c true|a3dc26fc1a7a1e02b43739e84de5739be2110b58602af1e96e57a33f85a60990|t20-lat-svc-3.1.nuv9l5g7yz4eyvxk91wrsflr1
1790509269648743392|container|exec_die|a3dc26fc1a7a1e02b43739e84de5739be2110b58602af1e96e57a33f85a60990|t20-lat-svc-3.1.nuv9l5g7yz4eyvxk91wrsflr1
1790509270446379708|container|kill|a3dc26fc1a7a1e02b43739e84de5739be2110b58602af1e96e57a33f85a60990|t20-lat-svc-3.1.nuv9l5g7yz4eyvxk91wrsflr1
1790509270649222071|container|exec_create: /bin/sh -c true|a3dc26fc1a7a1e02b43739e84de5739be2110b58602af1e96e57a33f85a60990|t20-lat-svc-3.1.nuv9l5g7yz4eyvxk91wrsflr1
1790509270649255892|container|exec_start: /bin/sh -c true|a3dc26fc1a7a1e02b43739e84de5739be2110b58602af1e96e57a33f85a60990|t20-lat-svc-3.1.nuv9l5g7yz4eyvxk91wrsflr1
1790509270672775552|container|exec_die|a3dc26fc1a7a1e02b43739e84de5739be2110b58602af1e96e57a33f85a60990|t20-lat-svc-3.1.nuv9l5g7yz4eyvxk91wrsflr1
1790509271673095982|container|exec_create: /bin/sh -c true|a3dc26fc1a7a1e02b43739e84de5739be2110b58602af1e96e57a33f85a60990|t20-lat-svc-3.1.nuv9l5g7yz4eyvxk91wrsflr1
1790509271673120776|container|exec_start: /bin/sh -c true|a3dc26fc1a7a1e02b43739e84de5739be2110b58602af1e96e57a33f85a60990|t20-lat-svc-3.1.nuv9l5g7yz4eyvxk91wrsflr1
1790509271697719336|container|exec_die|a3dc26fc1a7a1e02b43739e84de5739be2110b58602af1e96e57a33f85a60990|t20-lat-svc-3.1.nuv9l5g7yz4eyvxk91wrsflr1
1790509272698422978|container|exec_create: /bin/sh -c true|a3dc26fc1a7a1e02b43739e84de5739be2110b58602af1e96e57a33f85a60990|t20-lat-svc-3.1.nuv9l5g7yz4eyvxk91wrsflr1
1790509272698460115|container|exec_start: /bin/sh -c true|a3dc26fc1a7a1e02b43739e84de5739be2110b58602af1e96e57a33f85a60990|t20-lat-svc-3.1.nuv9l5g7yz4eyvxk91wrsflr1
1790509272723784415|container|exec_die|a3dc26fc1a7a1e02b43739e84de5739be2110b58602af1e96e57a33f85a60990|t20-lat-svc-3.1.nuv9l5g7yz4eyvxk91wrsflr1
1790509273724881503|container|exec_create: /bin/sh -c true|a3dc26fc1a7a1e02b43739e84de5739be2110b58602af1e96e57a33f85a60990|t20-lat-svc-3.1.nuv9l5g7yz4eyvxk91wrsflr1
1790509273724927210|container|exec_start: /bin/sh -c true|a3dc26fc1a7a1e02b43739e84de5739be2110b58602af1e96e57a33f85a60990|t20-lat-svc-3.1.nuv9l5g7yz4eyvxk91wrsflr1
1790509273748952766|container|exec_die|a3dc26fc1a7a1e02b43739e84de5739be2110b58602af1e96e57a33f85a60990|t20-lat-svc-3.1.nuv9l5g7yz4eyvxk91wrsflr1
1790509274749811185|container|exec_create: /bin/sh -c true|a3dc26fc1a7a1e02b43739e84de5739be2110b58602af1e96e57a33f85a60990|t20-lat-svc-3.1.nuv9l5g7yz4eyvxk91wrsflr1
1790509274749836298|container|exec_start: /bin/sh -c true|a3dc26fc1a7a1e02b43739e84de5739be2110b58602af1e96e57a33f85a60990|t20-lat-svc-3.1.nuv9l5g7yz4eyvxk91wrsflr1
1790509274773951168|container|exec_die|a3dc26fc1a7a1e02b43739e84de5739be2110b58602af1e96e57a33f85a60990|t20-lat-svc-3.1.nuv9l5g7yz4eyvxk91wrsflr1
1790509275775371617|container|exec_create: /bin/sh -c true|a3dc26fc1a7a1e02b43739e84de5739be2110b58602af1e96e57a33f85a60990|t20-lat-svc-3.1.nuv9l5g7yz4eyvxk91wrsflr1
1790509275775393662|container|exec_start: /bin/sh -c true|a3dc26fc1a7a1e02b43739e84de5739be2110b58602af1e96e57a33f85a60990|t20-lat-svc-3.1.nuv9l5g7yz4eyvxk91wrsflr1
1790509275799953044|container|exec_die|a3dc26fc1a7a1e02b43739e84de5739be2110b58602af1e96e57a33f85a60990|t20-lat-svc-3.1.nuv9l5g7yz4eyvxk91wrsflr1
1790509276800967081|container|exec_create: /bin/sh -c true|a3dc26fc1a7a1e02b43739e84de5739be2110b58602af1e96e57a33f85a60990|t20-lat-svc-3.1.nuv9l5g7yz4eyvxk91wrsflr1
1790509276801002340|container|exec_start: /bin/sh -c true|a3dc26fc1a7a1e02b43739e84de5739be2110b58602af1e96e57a33f85a60990|t20-lat-svc-3.1.nuv9l5g7yz4eyvxk91wrsflr1
1790509276824989296|container|exec_die|a3dc26fc1a7a1e02b43739e84de5739be2110b58602af1e96e57a33f85a60990|t20-lat-svc-3.1.nuv9l5g7yz4eyvxk91wrsflr1
1790509277825390743|container|exec_create: /bin/sh -c true|a3dc26fc1a7a1e02b43739e84de5739be2110b58602af1e96e57a33f85a60990|t20-lat-svc-3.1.nuv9l5g7yz4eyvxk91wrsflr1
1790509277825429570|container|exec_start: /bin/sh -c true|a3dc26fc1a7a1e02b43739e84de5739be2110b58602af1e96e57a33f85a60990|t20-lat-svc-3.1.nuv9l5g7yz4eyvxk91wrsflr1
1790509277850097917|container|exec_die|a3dc26fc1a7a1e02b43739e84de5739be2110b58602af1e96e57a33f85a60990|t20-lat-svc-3.1.nuv9l5g7yz4eyvxk91wrsflr1
1790509278850801038|container|exec_create: /bin/sh -c true|a3dc26fc1a7a1e02b43739e84de5739be2110b58602af1e96e57a33f85a60990|t20-lat-svc-3.1.nuv9l5g7yz4eyvxk91wrsflr1
1790509278850848873|container|exec_start: /bin/sh -c true|a3dc26fc1a7a1e02b43739e84de5739be2110b58602af1e96e57a33f85a60990|t20-lat-svc-3.1.nuv9l5g7yz4eyvxk91wrsflr1
1790509278876280995|container|exec_die|a3dc26fc1a7a1e02b43739e84de5739be2110b58602af1e96e57a33f85a60990|t20-lat-svc-3.1.nuv9l5g7yz4eyvxk91wrsflr1
1790509279877412546|container|exec_create: /bin/sh -c true|a3dc26fc1a7a1e02b43739e84de5739be2110b58602af1e96e57a33f85a60990|t20-lat-svc-3.1.nuv9l5g7yz4eyvxk91wrsflr1
1790509279877445031|container|exec_start: /bin/sh -c true|a3dc26fc1a7a1e02b43739e84de5739be2110b58602af1e96e57a33f85a60990|t20-lat-svc-3.1.nuv9l5g7yz4eyvxk91wrsflr1
1790509279903008565|container|exec_die|a3dc26fc1a7a1e02b43739e84de5739be2110b58602af1e96e57a33f85a60990|t20-lat-svc-3.1.nuv9l5g7yz4eyvxk91wrsflr1
1790509280460155451|container|kill|a3dc26fc1a7a1e02b43739e84de5739be2110b58602af1e96e57a33f85a60990|t20-lat-svc-3.1.nuv9l5g7yz4eyvxk91wrsflr1
1790509280610951508|network|disconnect|9851beeca5de58663c77abfb043b973396bb3f7f9aea89861e7e36f8f7713117|bridge
1790509280615641790|container|stop|a3dc26fc1a7a1e02b43739e84de5739be2110b58602af1e96e57a33f85a60990|t20-lat-svc-3.1.nuv9l5g7yz4eyvxk91wrsflr1
1790509280627159027|container|die|a3dc26fc1a7a1e02b43739e84de5739be2110b58602af1e96e57a33f85a60990|t20-lat-svc-3.1.nuv9l5g7yz4eyvxk91wrsflr1
1790509280879032144|network|connect|9851beeca5de58663c77abfb043b973396bb3f7f9aea89861e7e36f8f7713117|bridge
1790509280896118912|container|start|77722a791c761360b497f76941755ac26a4f08c35d234af59ee2e6604b904adc|t20-lat-svc-3.1.mtp3zo1256jbqkl2ucisj753p
1790509281896867156|container|exec_create: /bin/sh -c true|77722a791c761360b497f76941755ac26a4f08c35d234af59ee2e6604b904adc|t20-lat-svc-3.1.mtp3zo1256jbqkl2ucisj753p
1790509281896945419|container|exec_start: /bin/sh -c true|77722a791c761360b497f76941755ac26a4f08c35d234af59ee2e6604b904adc|t20-lat-svc-3.1.mtp3zo1256jbqkl2ucisj753p
1790509281921308255|container|exec_die|77722a791c761360b497f76941755ac26a4f08c35d234af59ee2e6604b904adc|t20-lat-svc-3.1.mtp3zo1256jbqkl2ucisj753p
1790509281921524755|container|health_status: healthy|77722a791c761360b497f76941755ac26a4f08c35d234af59ee2e6604b904adc|t20-lat-svc-3.1.mtp3zo1256jbqkl2ucisj753p
1790509282542009547|service|remove|swiap3ybgifj5p751dfbovh9o|t20-lat-svc-3
1790509282919561331|container|exec_create: /bin/sh -c true|77722a791c761360b497f76941755ac26a4f08c35d234af59ee2e6604b904adc|t20-lat-svc-3.1.mtp3zo1256jbqkl2ucisj753p
1790509282919589168|container|exec_start: /bin/sh -c true|77722a791c761360b497f76941755ac26a4f08c35d234af59ee2e6604b904adc|t20-lat-svc-3.1.mtp3zo1256jbqkl2ucisj753p
1790509282938602892|container|destroy|a3dc26fc1a7a1e02b43739e84de5739be2110b58602af1e96e57a33f85a60990|t20-lat-svc-3.1.nuv9l5g7yz4eyvxk91wrsflr1
1790509282944043523|container|exec_die|77722a791c761360b497f76941755ac26a4f08c35d234af59ee2e6604b904adc|t20-lat-svc-3.1.mtp3zo1256jbqkl2ucisj753p
1790509283671172659|container|kill|77722a791c761360b497f76941755ac26a4f08c35d234af59ee2e6604b904adc|t20-lat-svc-3.1.mtp3zo1256jbqkl2ucisj753p
1790509283945232825|container|exec_create: /bin/sh -c true|77722a791c761360b497f76941755ac26a4f08c35d234af59ee2e6604b904adc|t20-lat-svc-3.1.mtp3zo1256jbqkl2ucisj753p
1790509283945258375|container|exec_start: /bin/sh -c true|77722a791c761360b497f76941755ac26a4f08c35d234af59ee2e6604b904adc|t20-lat-svc-3.1.mtp3zo1256jbqkl2ucisj753p
1790509283970440104|container|exec_die|77722a791c761360b497f76941755ac26a4f08c35d234af59ee2e6604b904adc|t20-lat-svc-3.1.mtp3zo1256jbqkl2ucisj753p
1790509284971024208|container|exec_create: /bin/sh -c true|77722a791c761360b497f76941755ac26a4f08c35d234af59ee2e6604b904adc|t20-lat-svc-3.1.mtp3zo1256jbqkl2ucisj753p
1790509284971047430|container|exec_start: /bin/sh -c true|77722a791c761360b497f76941755ac26a4f08c35d234af59ee2e6604b904adc|t20-lat-svc-3.1.mtp3zo1256jbqkl2ucisj753p
1790509284996187544|container|exec_die|77722a791c761360b497f76941755ac26a4f08c35d234af59ee2e6604b904adc|t20-lat-svc-3.1.mtp3zo1256jbqkl2ucisj753p
1790509285997364200|container|exec_create: /bin/sh -c true|77722a791c761360b497f76941755ac26a4f08c35d234af59ee2e6604b904adc|t20-lat-svc-3.1.mtp3zo1256jbqkl2ucisj753p
1790509285997389056|container|exec_start: /bin/sh -c true|77722a791c761360b497f76941755ac26a4f08c35d234af59ee2e6604b904adc|t20-lat-svc-3.1.mtp3zo1256jbqkl2ucisj753p
1790509286022261725|container|exec_die|77722a791c761360b497f76941755ac26a4f08c35d234af59ee2e6604b904adc|t20-lat-svc-3.1.mtp3zo1256jbqkl2ucisj753p
1790509287023327637|container|exec_create: /bin/sh -c true|77722a791c761360b497f76941755ac26a4f08c35d234af59ee2e6604b904adc|t20-lat-svc-3.1.mtp3zo1256jbqkl2ucisj753p
1790509287023370908|container|exec_start: /bin/sh -c true|77722a791c761360b497f76941755ac26a4f08c35d234af59ee2e6604b904adc|t20-lat-svc-3.1.mtp3zo1256jbqkl2ucisj753p
1790509287048521618|container|exec_die|77722a791c761360b497f76941755ac26a4f08c35d234af59ee2e6604b904adc|t20-lat-svc-3.1.mtp3zo1256jbqkl2ucisj753p
1790509288048986113|container|exec_create: /bin/sh -c true|77722a791c761360b497f76941755ac26a4f08c35d234af59ee2e6604b904adc|t20-lat-svc-3.1.mtp3zo1256jbqkl2ucisj753p
1790509288049017936|container|exec_start: /bin/sh -c true|77722a791c761360b497f76941755ac26a4f08c35d234af59ee2e6604b904adc|t20-lat-svc-3.1.mtp3zo1256jbqkl2ucisj753p
1790509288073318566|container|exec_die|77722a791c761360b497f76941755ac26a4f08c35d234af59ee2e6604b904adc|t20-lat-svc-3.1.mtp3zo1256jbqkl2ucisj753p
1790509289073817542|container|exec_create: /bin/sh -c true|77722a791c761360b497f76941755ac26a4f08c35d234af59ee2e6604b904adc|t20-lat-svc-3.1.mtp3zo1256jbqkl2ucisj753p
1790509289073841218|container|exec_start: /bin/sh -c true|77722a791c761360b497f76941755ac26a4f08c35d234af59ee2e6604b904adc|t20-lat-svc-3.1.mtp3zo1256jbqkl2ucisj753p
1790509289098564176|container|exec_die|77722a791c761360b497f76941755ac26a4f08c35d234af59ee2e6604b904adc|t20-lat-svc-3.1.mtp3zo1256jbqkl2ucisj753p
1790509290098837063|container|exec_create: /bin/sh -c true|77722a791c761360b497f76941755ac26a4f08c35d234af59ee2e6604b904adc|t20-lat-svc-3.1.mtp3zo1256jbqkl2ucisj753p
1790509290098869717|container|exec_start: /bin/sh -c true|77722a791c761360b497f76941755ac26a4f08c35d234af59ee2e6604b904adc|t20-lat-svc-3.1.mtp3zo1256jbqkl2ucisj753p
1790509290124498551|container|exec_die|77722a791c761360b497f76941755ac26a4f08c35d234af59ee2e6604b904adc|t20-lat-svc-3.1.mtp3zo1256jbqkl2ucisj753p
1790509291125412738|container|exec_create: /bin/sh -c true|77722a791c761360b497f76941755ac26a4f08c35d234af59ee2e6604b904adc|t20-lat-svc-3.1.mtp3zo1256jbqkl2ucisj753p
1790509291125448698|container|exec_start: /bin/sh -c true|77722a791c761360b497f76941755ac26a4f08c35d234af59ee2e6604b904adc|t20-lat-svc-3.1.mtp3zo1256jbqkl2ucisj753p
1790509291150483479|container|exec_die|77722a791c761360b497f76941755ac26a4f08c35d234af59ee2e6604b904adc|t20-lat-svc-3.1.mtp3zo1256jbqkl2ucisj753p
1790509292151777723|container|exec_create: /bin/sh -c true|77722a791c761360b497f76941755ac26a4f08c35d234af59ee2e6604b904adc|t20-lat-svc-3.1.mtp3zo1256jbqkl2ucisj753p
1790509292151814724|container|exec_start: /bin/sh -c true|77722a791c761360b497f76941755ac26a4f08c35d234af59ee2e6604b904adc|t20-lat-svc-3.1.mtp3zo1256jbqkl2ucisj753p
1790509292176557755|container|exec_die|77722a791c761360b497f76941755ac26a4f08c35d234af59ee2e6604b904adc|t20-lat-svc-3.1.mtp3zo1256jbqkl2ucisj753p
1790509293176998725|container|exec_create: /bin/sh -c true|77722a791c761360b497f76941755ac26a4f08c35d234af59ee2e6604b904adc|t20-lat-svc-3.1.mtp3zo1256jbqkl2ucisj753p
1790509293177029580|container|exec_start: /bin/sh -c true|77722a791c761360b497f76941755ac26a4f08c35d234af59ee2e6604b904adc|t20-lat-svc-3.1.mtp3zo1256jbqkl2ucisj753p
1790509293201563866|container|exec_die|77722a791c761360b497f76941755ac26a4f08c35d234af59ee2e6604b904adc|t20-lat-svc-3.1.mtp3zo1256jbqkl2ucisj753p
1790509293685860444|container|kill|77722a791c761360b497f76941755ac26a4f08c35d234af59ee2e6604b904adc|t20-lat-svc-3.1.mtp3zo1256jbqkl2ucisj753p
1790509293836336793|network|disconnect|9851beeca5de58663c77abfb043b973396bb3f7f9aea89861e7e36f8f7713117|bridge
1790509293845025034|container|stop|77722a791c761360b497f76941755ac26a4f08c35d234af59ee2e6604b904adc|t20-lat-svc-3.1.mtp3zo1256jbqkl2ucisj753p
1790509293853552066|container|die|77722a791c761360b497f76941755ac26a4f08c35d234af59ee2e6604b904adc|t20-lat-svc-3.1.mtp3zo1256jbqkl2ucisj753p
1790509294329150934|container|destroy|77722a791c761360b497f76941755ac26a4f08c35d234af59ee2e6604b904adc|t20-lat-svc-3.1.mtp3zo1256jbqkl2ucisj753p
1790509301774318439|service|create|s84ul98f4ceach3tob64s9ejn|t20-lat-svc-4
1790509302027881296|container|create|f4e8d0e4b8c92ee848ccb7dd7eefc3e58ddce7a6d77d80ec398df0d1ab2ec078|t20-lat-svc-4.1.q9nhn41yzi1rno8grih04bq5c
1790509302153838292|network|connect|9851beeca5de58663c77abfb043b973396bb3f7f9aea89861e7e36f8f7713117|bridge
1790509302171889377|container|start|f4e8d0e4b8c92ee848ccb7dd7eefc3e58ddce7a6d77d80ec398df0d1ab2ec078|t20-lat-svc-4.1.q9nhn41yzi1rno8grih04bq5c
1790509303173159010|container|exec_create: /bin/sh -c true|f4e8d0e4b8c92ee848ccb7dd7eefc3e58ddce7a6d77d80ec398df0d1ab2ec078|t20-lat-svc-4.1.q9nhn41yzi1rno8grih04bq5c
1790509303173228781|container|exec_start: /bin/sh -c true|f4e8d0e4b8c92ee848ccb7dd7eefc3e58ddce7a6d77d80ec398df0d1ab2ec078|t20-lat-svc-4.1.q9nhn41yzi1rno8grih04bq5c
1790509303198023414|container|exec_die|f4e8d0e4b8c92ee848ccb7dd7eefc3e58ddce7a6d77d80ec398df0d1ab2ec078|t20-lat-svc-4.1.q9nhn41yzi1rno8grih04bq5c
1790509303198252567|container|health_status: healthy|f4e8d0e4b8c92ee848ccb7dd7eefc3e58ddce7a6d77d80ec398df0d1ab2ec078|t20-lat-svc-4.1.q9nhn41yzi1rno8grih04bq5c
1790509303842043413|service|update|s84ul98f4ceach3tob64s9ejn|t20-lat-svc-4
1790509303845037758|service|update|s84ul98f4ceach3tob64s9ejn|t20-lat-svc-4
1790509304099986322|container|create|c5bda9165ee35d2d4ebd217ae3ae2022c177fb3bc6628f206cb50ba49430d1e9|t20-lat-svc-4.1.x6a8ks9ps0zbam8rsiz3h398t
1790509304198413600|container|exec_create: /bin/sh -c true|f4e8d0e4b8c92ee848ccb7dd7eefc3e58ddce7a6d77d80ec398df0d1ab2ec078|t20-lat-svc-4.1.q9nhn41yzi1rno8grih04bq5c
1790509304198449971|container|exec_start: /bin/sh -c true|f4e8d0e4b8c92ee848ccb7dd7eefc3e58ddce7a6d77d80ec398df0d1ab2ec078|t20-lat-svc-4.1.q9nhn41yzi1rno8grih04bq5c
1790509304223475389|container|exec_die|f4e8d0e4b8c92ee848ccb7dd7eefc3e58ddce7a6d77d80ec398df0d1ab2ec078|t20-lat-svc-4.1.q9nhn41yzi1rno8grih04bq5c
1790509305033138609|container|kill|f4e8d0e4b8c92ee848ccb7dd7eefc3e58ddce7a6d77d80ec398df0d1ab2ec078|t20-lat-svc-4.1.q9nhn41yzi1rno8grih04bq5c
1790509305224164785|container|exec_create: /bin/sh -c true|f4e8d0e4b8c92ee848ccb7dd7eefc3e58ddce7a6d77d80ec398df0d1ab2ec078|t20-lat-svc-4.1.q9nhn41yzi1rno8grih04bq5c
1790509305224204266|container|exec_start: /bin/sh -c true|f4e8d0e4b8c92ee848ccb7dd7eefc3e58ddce7a6d77d80ec398df0d1ab2ec078|t20-lat-svc-4.1.q9nhn41yzi1rno8grih04bq5c
1790509305248088897|container|exec_die|f4e8d0e4b8c92ee848ccb7dd7eefc3e58ddce7a6d77d80ec398df0d1ab2ec078|t20-lat-svc-4.1.q9nhn41yzi1rno8grih04bq5c
1790509306249366834|container|exec_create: /bin/sh -c true|f4e8d0e4b8c92ee848ccb7dd7eefc3e58ddce7a6d77d80ec398df0d1ab2ec078|t20-lat-svc-4.1.q9nhn41yzi1rno8grih04bq5c
1790509306249395084|container|exec_start: /bin/sh -c true|f4e8d0e4b8c92ee848ccb7dd7eefc3e58ddce7a6d77d80ec398df0d1ab2ec078|t20-lat-svc-4.1.q9nhn41yzi1rno8grih04bq5c
1790509306271808393|container|exec_die|f4e8d0e4b8c92ee848ccb7dd7eefc3e58ddce7a6d77d80ec398df0d1ab2ec078|t20-lat-svc-4.1.q9nhn41yzi1rno8grih04bq5c
1790509307272190871|container|exec_create: /bin/sh -c true|f4e8d0e4b8c92ee848ccb7dd7eefc3e58ddce7a6d77d80ec398df0d1ab2ec078|t20-lat-svc-4.1.q9nhn41yzi1rno8grih04bq5c
1790509307272214964|container|exec_start: /bin/sh -c true|f4e8d0e4b8c92ee848ccb7dd7eefc3e58ddce7a6d77d80ec398df0d1ab2ec078|t20-lat-svc-4.1.q9nhn41yzi1rno8grih04bq5c
1790509307298134816|container|exec_die|f4e8d0e4b8c92ee848ccb7dd7eefc3e58ddce7a6d77d80ec398df0d1ab2ec078|t20-lat-svc-4.1.q9nhn41yzi1rno8grih04bq5c
1790509308298988358|container|exec_create: /bin/sh -c true|f4e8d0e4b8c92ee848ccb7dd7eefc3e58ddce7a6d77d80ec398df0d1ab2ec078|t20-lat-svc-4.1.q9nhn41yzi1rno8grih04bq5c
1790509308299013491|container|exec_start: /bin/sh -c true|f4e8d0e4b8c92ee848ccb7dd7eefc3e58ddce7a6d77d80ec398df0d1ab2ec078|t20-lat-svc-4.1.q9nhn41yzi1rno8grih04bq5c
1790509308322516126|container|exec_die|f4e8d0e4b8c92ee848ccb7dd7eefc3e58ddce7a6d77d80ec398df0d1ab2ec078|t20-lat-svc-4.1.q9nhn41yzi1rno8grih04bq5c
1790509309323363089|container|exec_create: /bin/sh -c true|f4e8d0e4b8c92ee848ccb7dd7eefc3e58ddce7a6d77d80ec398df0d1ab2ec078|t20-lat-svc-4.1.q9nhn41yzi1rno8grih04bq5c
1790509309323401386|container|exec_start: /bin/sh -c true|f4e8d0e4b8c92ee848ccb7dd7eefc3e58ddce7a6d77d80ec398df0d1ab2ec078|t20-lat-svc-4.1.q9nhn41yzi1rno8grih04bq5c
1790509309347198044|container|exec_die|f4e8d0e4b8c92ee848ccb7dd7eefc3e58ddce7a6d77d80ec398df0d1ab2ec078|t20-lat-svc-4.1.q9nhn41yzi1rno8grih04bq5c
1790509310348449281|container|exec_create: /bin/sh -c true|f4e8d0e4b8c92ee848ccb7dd7eefc3e58ddce7a6d77d80ec398df0d1ab2ec078|t20-lat-svc-4.1.q9nhn41yzi1rno8grih04bq5c
1790509310348482281|container|exec_start: /bin/sh -c true|f4e8d0e4b8c92ee848ccb7dd7eefc3e58ddce7a6d77d80ec398df0d1ab2ec078|t20-lat-svc-4.1.q9nhn41yzi1rno8grih04bq5c
1790509310373394710|container|exec_die|f4e8d0e4b8c92ee848ccb7dd7eefc3e58ddce7a6d77d80ec398df0d1ab2ec078|t20-lat-svc-4.1.q9nhn41yzi1rno8grih04bq5c
1790509311374374503|container|exec_create: /bin/sh -c true|f4e8d0e4b8c92ee848ccb7dd7eefc3e58ddce7a6d77d80ec398df0d1ab2ec078|t20-lat-svc-4.1.q9nhn41yzi1rno8grih04bq5c
1790509311374412965|container|exec_start: /bin/sh -c true|f4e8d0e4b8c92ee848ccb7dd7eefc3e58ddce7a6d77d80ec398df0d1ab2ec078|t20-lat-svc-4.1.q9nhn41yzi1rno8grih04bq5c
1790509311400699393|container|exec_die|f4e8d0e4b8c92ee848ccb7dd7eefc3e58ddce7a6d77d80ec398df0d1ab2ec078|t20-lat-svc-4.1.q9nhn41yzi1rno8grih04bq5c
1790509312400696190|container|exec_create: /bin/sh -c true|f4e8d0e4b8c92ee848ccb7dd7eefc3e58ddce7a6d77d80ec398df0d1ab2ec078|t20-lat-svc-4.1.q9nhn41yzi1rno8grih04bq5c
1790509312400738037|container|exec_start: /bin/sh -c true|f4e8d0e4b8c92ee848ccb7dd7eefc3e58ddce7a6d77d80ec398df0d1ab2ec078|t20-lat-svc-4.1.q9nhn41yzi1rno8grih04bq5c
1790509312425384763|container|exec_die|f4e8d0e4b8c92ee848ccb7dd7eefc3e58ddce7a6d77d80ec398df0d1ab2ec078|t20-lat-svc-4.1.q9nhn41yzi1rno8grih04bq5c
1790509313426677815|container|exec_create: /bin/sh -c true|f4e8d0e4b8c92ee848ccb7dd7eefc3e58ddce7a6d77d80ec398df0d1ab2ec078|t20-lat-svc-4.1.q9nhn41yzi1rno8grih04bq5c
1790509313426699692|container|exec_start: /bin/sh -c true|f4e8d0e4b8c92ee848ccb7dd7eefc3e58ddce7a6d77d80ec398df0d1ab2ec078|t20-lat-svc-4.1.q9nhn41yzi1rno8grih04bq5c
1790509313451414641|container|exec_die|f4e8d0e4b8c92ee848ccb7dd7eefc3e58ddce7a6d77d80ec398df0d1ab2ec078|t20-lat-svc-4.1.q9nhn41yzi1rno8grih04bq5c
1790509314452290471|container|exec_create: /bin/sh -c true|f4e8d0e4b8c92ee848ccb7dd7eefc3e58ddce7a6d77d80ec398df0d1ab2ec078|t20-lat-svc-4.1.q9nhn41yzi1rno8grih04bq5c
1790509314452326665|container|exec_start: /bin/sh -c true|f4e8d0e4b8c92ee848ccb7dd7eefc3e58ddce7a6d77d80ec398df0d1ab2ec078|t20-lat-svc-4.1.q9nhn41yzi1rno8grih04bq5c
1790509314477600332|container|exec_die|f4e8d0e4b8c92ee848ccb7dd7eefc3e58ddce7a6d77d80ec398df0d1ab2ec078|t20-lat-svc-4.1.q9nhn41yzi1rno8grih04bq5c
1790509315045560807|container|kill|f4e8d0e4b8c92ee848ccb7dd7eefc3e58ddce7a6d77d80ec398df0d1ab2ec078|t20-lat-svc-4.1.q9nhn41yzi1rno8grih04bq5c
1790509315216381030|network|disconnect|9851beeca5de58663c77abfb043b973396bb3f7f9aea89861e7e36f8f7713117|bridge
1790509315222200004|container|stop|f4e8d0e4b8c92ee848ccb7dd7eefc3e58ddce7a6d77d80ec398df0d1ab2ec078|t20-lat-svc-4.1.q9nhn41yzi1rno8grih04bq5c
1790509315230441405|container|die|f4e8d0e4b8c92ee848ccb7dd7eefc3e58ddce7a6d77d80ec398df0d1ab2ec078|t20-lat-svc-4.1.q9nhn41yzi1rno8grih04bq5c
1790509315505536181|network|connect|9851beeca5de58663c77abfb043b973396bb3f7f9aea89861e7e36f8f7713117|bridge
1790509315522489797|container|start|c5bda9165ee35d2d4ebd217ae3ae2022c177fb3bc6628f206cb50ba49430d1e9|t20-lat-svc-4.1.x6a8ks9ps0zbam8rsiz3h398t
1790509316523008856|container|exec_create: /bin/sh -c true|c5bda9165ee35d2d4ebd217ae3ae2022c177fb3bc6628f206cb50ba49430d1e9|t20-lat-svc-4.1.x6a8ks9ps0zbam8rsiz3h398t
1790509316523113815|container|exec_start: /bin/sh -c true|c5bda9165ee35d2d4ebd217ae3ae2022c177fb3bc6628f206cb50ba49430d1e9|t20-lat-svc-4.1.x6a8ks9ps0zbam8rsiz3h398t
1790509316547680989|container|exec_die|c5bda9165ee35d2d4ebd217ae3ae2022c177fb3bc6628f206cb50ba49430d1e9|t20-lat-svc-4.1.x6a8ks9ps0zbam8rsiz3h398t
1790509316547873493|container|health_status: healthy|c5bda9165ee35d2d4ebd217ae3ae2022c177fb3bc6628f206cb50ba49430d1e9|t20-lat-svc-4.1.x6a8ks9ps0zbam8rsiz3h398t
1790509317136772652|service|remove|s84ul98f4ceach3tob64s9ejn|t20-lat-svc-4
1790509317531229271|container|destroy|f4e8d0e4b8c92ee848ccb7dd7eefc3e58ddce7a6d77d80ec398df0d1ab2ec078|t20-lat-svc-4.1.q9nhn41yzi1rno8grih04bq5c
1790509317548699522|container|exec_create: /bin/sh -c true|c5bda9165ee35d2d4ebd217ae3ae2022c177fb3bc6628f206cb50ba49430d1e9|t20-lat-svc-4.1.x6a8ks9ps0zbam8rsiz3h398t
1790509317548729326|container|exec_start: /bin/sh -c true|c5bda9165ee35d2d4ebd217ae3ae2022c177fb3bc6628f206cb50ba49430d1e9|t20-lat-svc-4.1.x6a8ks9ps0zbam8rsiz3h398t
1790509317573670942|container|exec_die|c5bda9165ee35d2d4ebd217ae3ae2022c177fb3bc6628f206cb50ba49430d1e9|t20-lat-svc-4.1.x6a8ks9ps0zbam8rsiz3h398t
1790509318262821264|container|kill|c5bda9165ee35d2d4ebd217ae3ae2022c177fb3bc6628f206cb50ba49430d1e9|t20-lat-svc-4.1.x6a8ks9ps0zbam8rsiz3h398t
1790509318574214908|container|exec_create: /bin/sh -c true|c5bda9165ee35d2d4ebd217ae3ae2022c177fb3bc6628f206cb50ba49430d1e9|t20-lat-svc-4.1.x6a8ks9ps0zbam8rsiz3h398t
1790509318574262219|container|exec_start: /bin/sh -c true|c5bda9165ee35d2d4ebd217ae3ae2022c177fb3bc6628f206cb50ba49430d1e9|t20-lat-svc-4.1.x6a8ks9ps0zbam8rsiz3h398t
1790509318599725721|container|exec_die|c5bda9165ee35d2d4ebd217ae3ae2022c177fb3bc6628f206cb50ba49430d1e9|t20-lat-svc-4.1.x6a8ks9ps0zbam8rsiz3h398t
1790509319600331969|container|exec_create: /bin/sh -c true|c5bda9165ee35d2d4ebd217ae3ae2022c177fb3bc6628f206cb50ba49430d1e9|t20-lat-svc-4.1.x6a8ks9ps0zbam8rsiz3h398t
1790509319600358669|container|exec_start: /bin/sh -c true|c5bda9165ee35d2d4ebd217ae3ae2022c177fb3bc6628f206cb50ba49430d1e9|t20-lat-svc-4.1.x6a8ks9ps0zbam8rsiz3h398t
1790509319624899787|container|exec_die|c5bda9165ee35d2d4ebd217ae3ae2022c177fb3bc6628f206cb50ba49430d1e9|t20-lat-svc-4.1.x6a8ks9ps0zbam8rsiz3h398t
1790509320625226994|container|exec_create: /bin/sh -c true|c5bda9165ee35d2d4ebd217ae3ae2022c177fb3bc6628f206cb50ba49430d1e9|t20-lat-svc-4.1.x6a8ks9ps0zbam8rsiz3h398t
1790509320625264628|container|exec_start: /bin/sh -c true|c5bda9165ee35d2d4ebd217ae3ae2022c177fb3bc6628f206cb50ba49430d1e9|t20-lat-svc-4.1.x6a8ks9ps0zbam8rsiz3h398t
1790509320651170355|container|exec_die|c5bda9165ee35d2d4ebd217ae3ae2022c177fb3bc6628f206cb50ba49430d1e9|t20-lat-svc-4.1.x6a8ks9ps0zbam8rsiz3h398t
1790509321651855197|container|exec_create: /bin/sh -c true|c5bda9165ee35d2d4ebd217ae3ae2022c177fb3bc6628f206cb50ba49430d1e9|t20-lat-svc-4.1.x6a8ks9ps0zbam8rsiz3h398t
1790509321651890306|container|exec_start: /bin/sh -c true|c5bda9165ee35d2d4ebd217ae3ae2022c177fb3bc6628f206cb50ba49430d1e9|t20-lat-svc-4.1.x6a8ks9ps0zbam8rsiz3h398t
1790509321675899513|container|exec_die|c5bda9165ee35d2d4ebd217ae3ae2022c177fb3bc6628f206cb50ba49430d1e9|t20-lat-svc-4.1.x6a8ks9ps0zbam8rsiz3h398t
1790509322676192949|container|exec_create: /bin/sh -c true|c5bda9165ee35d2d4ebd217ae3ae2022c177fb3bc6628f206cb50ba49430d1e9|t20-lat-svc-4.1.x6a8ks9ps0zbam8rsiz3h398t
1790509322676231990|container|exec_start: /bin/sh -c true|c5bda9165ee35d2d4ebd217ae3ae2022c177fb3bc6628f206cb50ba49430d1e9|t20-lat-svc-4.1.x6a8ks9ps0zbam8rsiz3h398t
1790509322701174520|container|exec_die|c5bda9165ee35d2d4ebd217ae3ae2022c177fb3bc6628f206cb50ba49430d1e9|t20-lat-svc-4.1.x6a8ks9ps0zbam8rsiz3h398t
1790509323702387664|container|exec_create: /bin/sh -c true|c5bda9165ee35d2d4ebd217ae3ae2022c177fb3bc6628f206cb50ba49430d1e9|t20-lat-svc-4.1.x6a8ks9ps0zbam8rsiz3h398t
1790509323702415496|container|exec_start: /bin/sh -c true|c5bda9165ee35d2d4ebd217ae3ae2022c177fb3bc6628f206cb50ba49430d1e9|t20-lat-svc-4.1.x6a8ks9ps0zbam8rsiz3h398t
1790509323727249183|container|exec_die|c5bda9165ee35d2d4ebd217ae3ae2022c177fb3bc6628f206cb50ba49430d1e9|t20-lat-svc-4.1.x6a8ks9ps0zbam8rsiz3h398t
1790509324727977139|container|exec_create: /bin/sh -c true|c5bda9165ee35d2d4ebd217ae3ae2022c177fb3bc6628f206cb50ba49430d1e9|t20-lat-svc-4.1.x6a8ks9ps0zbam8rsiz3h398t
1790509324728013263|container|exec_start: /bin/sh -c true|c5bda9165ee35d2d4ebd217ae3ae2022c177fb3bc6628f206cb50ba49430d1e9|t20-lat-svc-4.1.x6a8ks9ps0zbam8rsiz3h398t
1790509324753243634|container|exec_die|c5bda9165ee35d2d4ebd217ae3ae2022c177fb3bc6628f206cb50ba49430d1e9|t20-lat-svc-4.1.x6a8ks9ps0zbam8rsiz3h398t
1790509325754694487|container|exec_create: /bin/sh -c true|c5bda9165ee35d2d4ebd217ae3ae2022c177fb3bc6628f206cb50ba49430d1e9|t20-lat-svc-4.1.x6a8ks9ps0zbam8rsiz3h398t
1790509325754720401|container|exec_start: /bin/sh -c true|c5bda9165ee35d2d4ebd217ae3ae2022c177fb3bc6628f206cb50ba49430d1e9|t20-lat-svc-4.1.x6a8ks9ps0zbam8rsiz3h398t
1790509325779095313|container|exec_die|c5bda9165ee35d2d4ebd217ae3ae2022c177fb3bc6628f206cb50ba49430d1e9|t20-lat-svc-4.1.x6a8ks9ps0zbam8rsiz3h398t
1790509326780059275|container|exec_create: /bin/sh -c true|c5bda9165ee35d2d4ebd217ae3ae2022c177fb3bc6628f206cb50ba49430d1e9|t20-lat-svc-4.1.x6a8ks9ps0zbam8rsiz3h398t
1790509326780093116|container|exec_start: /bin/sh -c true|c5bda9165ee35d2d4ebd217ae3ae2022c177fb3bc6628f206cb50ba49430d1e9|t20-lat-svc-4.1.x6a8ks9ps0zbam8rsiz3h398t
1790509326804340548|container|exec_die|c5bda9165ee35d2d4ebd217ae3ae2022c177fb3bc6628f206cb50ba49430d1e9|t20-lat-svc-4.1.x6a8ks9ps0zbam8rsiz3h398t
1790509327804871732|container|exec_create: /bin/sh -c true|c5bda9165ee35d2d4ebd217ae3ae2022c177fb3bc6628f206cb50ba49430d1e9|t20-lat-svc-4.1.x6a8ks9ps0zbam8rsiz3h398t
1790509327804914570|container|exec_start: /bin/sh -c true|c5bda9165ee35d2d4ebd217ae3ae2022c177fb3bc6628f206cb50ba49430d1e9|t20-lat-svc-4.1.x6a8ks9ps0zbam8rsiz3h398t
1790509327830503082|container|exec_die|c5bda9165ee35d2d4ebd217ae3ae2022c177fb3bc6628f206cb50ba49430d1e9|t20-lat-svc-4.1.x6a8ks9ps0zbam8rsiz3h398t
1790509328276431854|container|kill|c5bda9165ee35d2d4ebd217ae3ae2022c177fb3bc6628f206cb50ba49430d1e9|t20-lat-svc-4.1.x6a8ks9ps0zbam8rsiz3h398t
1790509328415037566|network|disconnect|9851beeca5de58663c77abfb043b973396bb3f7f9aea89861e7e36f8f7713117|bridge
1790509328424770413|container|stop|c5bda9165ee35d2d4ebd217ae3ae2022c177fb3bc6628f206cb50ba49430d1e9|t20-lat-svc-4.1.x6a8ks9ps0zbam8rsiz3h398t
1790509328433081960|container|die|c5bda9165ee35d2d4ebd217ae3ae2022c177fb3bc6628f206cb50ba49430d1e9|t20-lat-svc-4.1.x6a8ks9ps0zbam8rsiz3h398t
1790509328856877675|container|destroy|c5bda9165ee35d2d4ebd217ae3ae2022c177fb3bc6628f206cb50ba49430d1e9|t20-lat-svc-4.1.x6a8ks9ps0zbam8rsiz3h398t
1790509335015065101|service|create|gqzl238atqdjv27t3my51oxw7|t20-lat-svc-5
1790509335272493154|container|create|3953f2032506c6bc59bd01abeae7866dcba11a922c458b3fd1001061632da9ce|t20-lat-svc-5.1.owbailc9bgkc00uvnck9j5ykn
1790509335386424431|network|connect|9851beeca5de58663c77abfb043b973396bb3f7f9aea89861e7e36f8f7713117|bridge
1790509335404364792|container|start|3953f2032506c6bc59bd01abeae7866dcba11a922c458b3fd1001061632da9ce|t20-lat-svc-5.1.owbailc9bgkc00uvnck9j5ykn
1790509336405491754|container|exec_create: /bin/sh -c true|3953f2032506c6bc59bd01abeae7866dcba11a922c458b3fd1001061632da9ce|t20-lat-svc-5.1.owbailc9bgkc00uvnck9j5ykn
1790509336405535286|container|exec_start: /bin/sh -c true|3953f2032506c6bc59bd01abeae7866dcba11a922c458b3fd1001061632da9ce|t20-lat-svc-5.1.owbailc9bgkc00uvnck9j5ykn
1790509336431916156|container|exec_die|3953f2032506c6bc59bd01abeae7866dcba11a922c458b3fd1001061632da9ce|t20-lat-svc-5.1.owbailc9bgkc00uvnck9j5ykn
1790509336432269543|container|health_status: healthy|3953f2032506c6bc59bd01abeae7866dcba11a922c458b3fd1001061632da9ce|t20-lat-svc-5.1.owbailc9bgkc00uvnck9j5ykn
1790509337082728583|service|update|gqzl238atqdjv27t3my51oxw7|t20-lat-svc-5
1790509337085828765|service|update|gqzl238atqdjv27t3my51oxw7|t20-lat-svc-5
1790509337351518636|container|create|6b643599e9e4a28b3764660bbefb5bd6e7143cabb4a3fa5d01b0a6ebd24fc1dc|t20-lat-svc-5.1.9ebutlhvn802h21w7299z932w
1790509337433096528|container|exec_create: /bin/sh -c true|3953f2032506c6bc59bd01abeae7866dcba11a922c458b3fd1001061632da9ce|t20-lat-svc-5.1.owbailc9bgkc00uvnck9j5ykn
1790509337433120991|container|exec_start: /bin/sh -c true|3953f2032506c6bc59bd01abeae7866dcba11a922c458b3fd1001061632da9ce|t20-lat-svc-5.1.owbailc9bgkc00uvnck9j5ykn
1790509337457773101|container|exec_die|3953f2032506c6bc59bd01abeae7866dcba11a922c458b3fd1001061632da9ce|t20-lat-svc-5.1.owbailc9bgkc00uvnck9j5ykn
1790509338273585252|container|kill|3953f2032506c6bc59bd01abeae7866dcba11a922c458b3fd1001061632da9ce|t20-lat-svc-5.1.owbailc9bgkc00uvnck9j5ykn
1790509338458253566|container|exec_create: /bin/sh -c true|3953f2032506c6bc59bd01abeae7866dcba11a922c458b3fd1001061632da9ce|t20-lat-svc-5.1.owbailc9bgkc00uvnck9j5ykn
1790509338458278873|container|exec_start: /bin/sh -c true|3953f2032506c6bc59bd01abeae7866dcba11a922c458b3fd1001061632da9ce|t20-lat-svc-5.1.owbailc9bgkc00uvnck9j5ykn
1790509338482566290|container|exec_die|3953f2032506c6bc59bd01abeae7866dcba11a922c458b3fd1001061632da9ce|t20-lat-svc-5.1.owbailc9bgkc00uvnck9j5ykn
1790509339483690918|container|exec_create: /bin/sh -c true|3953f2032506c6bc59bd01abeae7866dcba11a922c458b3fd1001061632da9ce|t20-lat-svc-5.1.owbailc9bgkc00uvnck9j5ykn
1790509339483725823|container|exec_start: /bin/sh -c true|3953f2032506c6bc59bd01abeae7866dcba11a922c458b3fd1001061632da9ce|t20-lat-svc-5.1.owbailc9bgkc00uvnck9j5ykn
1790509339508325058|container|exec_die|3953f2032506c6bc59bd01abeae7866dcba11a922c458b3fd1001061632da9ce|t20-lat-svc-5.1.owbailc9bgkc00uvnck9j5ykn
1790509340509187646|container|exec_create: /bin/sh -c true|3953f2032506c6bc59bd01abeae7866dcba11a922c458b3fd1001061632da9ce|t20-lat-svc-5.1.owbailc9bgkc00uvnck9j5ykn
1790509340509223017|container|exec_start: /bin/sh -c true|3953f2032506c6bc59bd01abeae7866dcba11a922c458b3fd1001061632da9ce|t20-lat-svc-5.1.owbailc9bgkc00uvnck9j5ykn
1790509340533614415|container|exec_die|3953f2032506c6bc59bd01abeae7866dcba11a922c458b3fd1001061632da9ce|t20-lat-svc-5.1.owbailc9bgkc00uvnck9j5ykn
1790509341533969960|container|exec_create: /bin/sh -c true|3953f2032506c6bc59bd01abeae7866dcba11a922c458b3fd1001061632da9ce|t20-lat-svc-5.1.owbailc9bgkc00uvnck9j5ykn
1790509341534007189|container|exec_start: /bin/sh -c true|3953f2032506c6bc59bd01abeae7866dcba11a922c458b3fd1001061632da9ce|t20-lat-svc-5.1.owbailc9bgkc00uvnck9j5ykn
1790509341558949676|container|exec_die|3953f2032506c6bc59bd01abeae7866dcba11a922c458b3fd1001061632da9ce|t20-lat-svc-5.1.owbailc9bgkc00uvnck9j5ykn
1790509342557744125|container|exec_create: /bin/sh -c true|3953f2032506c6bc59bd01abeae7866dcba11a922c458b3fd1001061632da9ce|t20-lat-svc-5.1.owbailc9bgkc00uvnck9j5ykn
1790509342557767751|container|exec_start: /bin/sh -c true|3953f2032506c6bc59bd01abeae7866dcba11a922c458b3fd1001061632da9ce|t20-lat-svc-5.1.owbailc9bgkc00uvnck9j5ykn
1790509342583054172|container|exec_die|3953f2032506c6bc59bd01abeae7866dcba11a922c458b3fd1001061632da9ce|t20-lat-svc-5.1.owbailc9bgkc00uvnck9j5ykn
1790509343583945078|container|exec_create: /bin/sh -c true|3953f2032506c6bc59bd01abeae7866dcba11a922c458b3fd1001061632da9ce|t20-lat-svc-5.1.owbailc9bgkc00uvnck9j5ykn
1790509343583972112|container|exec_start: /bin/sh -c true|3953f2032506c6bc59bd01abeae7866dcba11a922c458b3fd1001061632da9ce|t20-lat-svc-5.1.owbailc9bgkc00uvnck9j5ykn
1790509343607852327|container|exec_die|3953f2032506c6bc59bd01abeae7866dcba11a922c458b3fd1001061632da9ce|t20-lat-svc-5.1.owbailc9bgkc00uvnck9j5ykn
1790509344609013786|container|exec_create: /bin/sh -c true|3953f2032506c6bc59bd01abeae7866dcba11a922c458b3fd1001061632da9ce|t20-lat-svc-5.1.owbailc9bgkc00uvnck9j5ykn
1790509344609047974|container|exec_start: /bin/sh -c true|3953f2032506c6bc59bd01abeae7866dcba11a922c458b3fd1001061632da9ce|t20-lat-svc-5.1.owbailc9bgkc00uvnck9j5ykn
1790509344634501243|container|exec_die|3953f2032506c6bc59bd01abeae7866dcba11a922c458b3fd1001061632da9ce|t20-lat-svc-5.1.owbailc9bgkc00uvnck9j5ykn
1790509345635344033|container|exec_create: /bin/sh -c true|3953f2032506c6bc59bd01abeae7866dcba11a922c458b3fd1001061632da9ce|t20-lat-svc-5.1.owbailc9bgkc00uvnck9j5ykn
1790509345635387656|container|exec_start: /bin/sh -c true|3953f2032506c6bc59bd01abeae7866dcba11a922c458b3fd1001061632da9ce|t20-lat-svc-5.1.owbailc9bgkc00uvnck9j5ykn
1790509345659770499|container|exec_die|3953f2032506c6bc59bd01abeae7866dcba11a922c458b3fd1001061632da9ce|t20-lat-svc-5.1.owbailc9bgkc00uvnck9j5ykn
1790509346660392780|container|exec_create: /bin/sh -c true|3953f2032506c6bc59bd01abeae7866dcba11a922c458b3fd1001061632da9ce|t20-lat-svc-5.1.owbailc9bgkc00uvnck9j5ykn
1790509346660418357|container|exec_start: /bin/sh -c true|3953f2032506c6bc59bd01abeae7866dcba11a922c458b3fd1001061632da9ce|t20-lat-svc-5.1.owbailc9bgkc00uvnck9j5ykn
1790509346684578773|container|exec_die|3953f2032506c6bc59bd01abeae7866dcba11a922c458b3fd1001061632da9ce|t20-lat-svc-5.1.owbailc9bgkc00uvnck9j5ykn
1790509347685656645|container|exec_create: /bin/sh -c true|3953f2032506c6bc59bd01abeae7866dcba11a922c458b3fd1001061632da9ce|t20-lat-svc-5.1.owbailc9bgkc00uvnck9j5ykn
1790509347685687462|container|exec_start: /bin/sh -c true|3953f2032506c6bc59bd01abeae7866dcba11a922c458b3fd1001061632da9ce|t20-lat-svc-5.1.owbailc9bgkc00uvnck9j5ykn
1790509347710913461|container|exec_die|3953f2032506c6bc59bd01abeae7866dcba11a922c458b3fd1001061632da9ce|t20-lat-svc-5.1.owbailc9bgkc00uvnck9j5ykn
1790509348287564371|container|kill|3953f2032506c6bc59bd01abeae7866dcba11a922c458b3fd1001061632da9ce|t20-lat-svc-5.1.owbailc9bgkc00uvnck9j5ykn
1790509348433560009|network|disconnect|9851beeca5de58663c77abfb043b973396bb3f7f9aea89861e7e36f8f7713117|bridge
1790509348439319548|container|stop|3953f2032506c6bc59bd01abeae7866dcba11a922c458b3fd1001061632da9ce|t20-lat-svc-5.1.owbailc9bgkc00uvnck9j5ykn
1790509348446643890|container|die|3953f2032506c6bc59bd01abeae7866dcba11a922c458b3fd1001061632da9ce|t20-lat-svc-5.1.owbailc9bgkc00uvnck9j5ykn
1790509348723678536|network|connect|9851beeca5de58663c77abfb043b973396bb3f7f9aea89861e7e36f8f7713117|bridge
1790509348742703630|container|start|6b643599e9e4a28b3764660bbefb5bd6e7143cabb4a3fa5d01b0a6ebd24fc1dc|t20-lat-svc-5.1.9ebutlhvn802h21w7299z932w
1790509349743704957|container|exec_create: /bin/sh -c true|6b643599e9e4a28b3764660bbefb5bd6e7143cabb4a3fa5d01b0a6ebd24fc1dc|t20-lat-svc-5.1.9ebutlhvn802h21w7299z932w
1790509349743767729|container|exec_start: /bin/sh -c true|6b643599e9e4a28b3764660bbefb5bd6e7143cabb4a3fa5d01b0a6ebd24fc1dc|t20-lat-svc-5.1.9ebutlhvn802h21w7299z932w
1790509349769085625|container|exec_die|6b643599e9e4a28b3764660bbefb5bd6e7143cabb4a3fa5d01b0a6ebd24fc1dc|t20-lat-svc-5.1.9ebutlhvn802h21w7299z932w
1790509349769302685|container|health_status: healthy|6b643599e9e4a28b3764660bbefb5bd6e7143cabb4a3fa5d01b0a6ebd24fc1dc|t20-lat-svc-5.1.9ebutlhvn802h21w7299z932w
1790509350367943409|service|remove|gqzl238atqdjv27t3my51oxw7|t20-lat-svc-5
1790509350763409478|container|destroy|3953f2032506c6bc59bd01abeae7866dcba11a922c458b3fd1001061632da9ce|t20-lat-svc-5.1.owbailc9bgkc00uvnck9j5ykn
1790509350769729596|container|exec_create: /bin/sh -c true|6b643599e9e4a28b3764660bbefb5bd6e7143cabb4a3fa5d01b0a6ebd24fc1dc|t20-lat-svc-5.1.9ebutlhvn802h21w7299z932w
1790509350769756656|container|exec_start: /bin/sh -c true|6b643599e9e4a28b3764660bbefb5bd6e7143cabb4a3fa5d01b0a6ebd24fc1dc|t20-lat-svc-5.1.9ebutlhvn802h21w7299z932w
1790509350794960794|container|exec_die|6b643599e9e4a28b3764660bbefb5bd6e7143cabb4a3fa5d01b0a6ebd24fc1dc|t20-lat-svc-5.1.9ebutlhvn802h21w7299z932w
1790509351493790863|container|kill|6b643599e9e4a28b3764660bbefb5bd6e7143cabb4a3fa5d01b0a6ebd24fc1dc|t20-lat-svc-5.1.9ebutlhvn802h21w7299z932w
1790509351795551075|container|exec_create: /bin/sh -c true|6b643599e9e4a28b3764660bbefb5bd6e7143cabb4a3fa5d01b0a6ebd24fc1dc|t20-lat-svc-5.1.9ebutlhvn802h21w7299z932w
1790509351795576606|container|exec_start: /bin/sh -c true|6b643599e9e4a28b3764660bbefb5bd6e7143cabb4a3fa5d01b0a6ebd24fc1dc|t20-lat-svc-5.1.9ebutlhvn802h21w7299z932w
1790509351820281090|container|exec_die|6b643599e9e4a28b3764660bbefb5bd6e7143cabb4a3fa5d01b0a6ebd24fc1dc|t20-lat-svc-5.1.9ebutlhvn802h21w7299z932w
1790509352821628389|container|exec_create: /bin/sh -c true|6b643599e9e4a28b3764660bbefb5bd6e7143cabb4a3fa5d01b0a6ebd24fc1dc|t20-lat-svc-5.1.9ebutlhvn802h21w7299z932w
1790509352821671373|container|exec_start: /bin/sh -c true|6b643599e9e4a28b3764660bbefb5bd6e7143cabb4a3fa5d01b0a6ebd24fc1dc|t20-lat-svc-5.1.9ebutlhvn802h21w7299z932w
1790509352847032240|container|exec_die|6b643599e9e4a28b3764660bbefb5bd6e7143cabb4a3fa5d01b0a6ebd24fc1dc|t20-lat-svc-5.1.9ebutlhvn802h21w7299z932w
1790509353848246358|container|exec_create: /bin/sh -c true|6b643599e9e4a28b3764660bbefb5bd6e7143cabb4a3fa5d01b0a6ebd24fc1dc|t20-lat-svc-5.1.9ebutlhvn802h21w7299z932w
1790509353848284550|container|exec_start: /bin/sh -c true|6b643599e9e4a28b3764660bbefb5bd6e7143cabb4a3fa5d01b0a6ebd24fc1dc|t20-lat-svc-5.1.9ebutlhvn802h21w7299z932w
1790509353873134356|container|exec_die|6b643599e9e4a28b3764660bbefb5bd6e7143cabb4a3fa5d01b0a6ebd24fc1dc|t20-lat-svc-5.1.9ebutlhvn802h21w7299z932w
1790509354873642798|container|exec_create: /bin/sh -c true|6b643599e9e4a28b3764660bbefb5bd6e7143cabb4a3fa5d01b0a6ebd24fc1dc|t20-lat-svc-5.1.9ebutlhvn802h21w7299z932w
1790509354873677017|container|exec_start: /bin/sh -c true|6b643599e9e4a28b3764660bbefb5bd6e7143cabb4a3fa5d01b0a6ebd24fc1dc|t20-lat-svc-5.1.9ebutlhvn802h21w7299z932w
1790509354900342441|container|exec_die|6b643599e9e4a28b3764660bbefb5bd6e7143cabb4a3fa5d01b0a6ebd24fc1dc|t20-lat-svc-5.1.9ebutlhvn802h21w7299z932w
1790509355900845084|container|exec_create: /bin/sh -c true|6b643599e9e4a28b3764660bbefb5bd6e7143cabb4a3fa5d01b0a6ebd24fc1dc|t20-lat-svc-5.1.9ebutlhvn802h21w7299z932w
1790509355900878675|container|exec_start: /bin/sh -c true|6b643599e9e4a28b3764660bbefb5bd6e7143cabb4a3fa5d01b0a6ebd24fc1dc|t20-lat-svc-5.1.9ebutlhvn802h21w7299z932w
1790509355926331321|container|exec_die|6b643599e9e4a28b3764660bbefb5bd6e7143cabb4a3fa5d01b0a6ebd24fc1dc|t20-lat-svc-5.1.9ebutlhvn802h21w7299z932w
1790509356926873918|container|exec_create: /bin/sh -c true|6b643599e9e4a28b3764660bbefb5bd6e7143cabb4a3fa5d01b0a6ebd24fc1dc|t20-lat-svc-5.1.9ebutlhvn802h21w7299z932w
1790509356926901995|container|exec_start: /bin/sh -c true|6b643599e9e4a28b3764660bbefb5bd6e7143cabb4a3fa5d01b0a6ebd24fc1dc|t20-lat-svc-5.1.9ebutlhvn802h21w7299z932w
1790509356951699066|container|exec_die|6b643599e9e4a28b3764660bbefb5bd6e7143cabb4a3fa5d01b0a6ebd24fc1dc|t20-lat-svc-5.1.9ebutlhvn802h21w7299z932w
1790509357952752190|container|exec_create: /bin/sh -c true|6b643599e9e4a28b3764660bbefb5bd6e7143cabb4a3fa5d01b0a6ebd24fc1dc|t20-lat-svc-5.1.9ebutlhvn802h21w7299z932w
1790509357952790355|container|exec_start: /bin/sh -c true|6b643599e9e4a28b3764660bbefb5bd6e7143cabb4a3fa5d01b0a6ebd24fc1dc|t20-lat-svc-5.1.9ebutlhvn802h21w7299z932w
1790509357977421283|container|exec_die|6b643599e9e4a28b3764660bbefb5bd6e7143cabb4a3fa5d01b0a6ebd24fc1dc|t20-lat-svc-5.1.9ebutlhvn802h21w7299z932w
1790509358978413036|container|exec_create: /bin/sh -c true|6b643599e9e4a28b3764660bbefb5bd6e7143cabb4a3fa5d01b0a6ebd24fc1dc|t20-lat-svc-5.1.9ebutlhvn802h21w7299z932w
1790509358978450209|container|exec_start: /bin/sh -c true|6b643599e9e4a28b3764660bbefb5bd6e7143cabb4a3fa5d01b0a6ebd24fc1dc|t20-lat-svc-5.1.9ebutlhvn802h21w7299z932w
1790509359003676870|container|exec_die|6b643599e9e4a28b3764660bbefb5bd6e7143cabb4a3fa5d01b0a6ebd24fc1dc|t20-lat-svc-5.1.9ebutlhvn802h21w7299z932w
1790509360004797134|container|exec_create: /bin/sh -c true|6b643599e9e4a28b3764660bbefb5bd6e7143cabb4a3fa5d01b0a6ebd24fc1dc|t20-lat-svc-5.1.9ebutlhvn802h21w7299z932w
1790509360004824510|container|exec_start: /bin/sh -c true|6b643599e9e4a28b3764660bbefb5bd6e7143cabb4a3fa5d01b0a6ebd24fc1dc|t20-lat-svc-5.1.9ebutlhvn802h21w7299z932w
1790509360029572249|container|exec_die|6b643599e9e4a28b3764660bbefb5bd6e7143cabb4a3fa5d01b0a6ebd24fc1dc|t20-lat-svc-5.1.9ebutlhvn802h21w7299z932w
1790509361029897686|container|exec_create: /bin/sh -c true|6b643599e9e4a28b3764660bbefb5bd6e7143cabb4a3fa5d01b0a6ebd24fc1dc|t20-lat-svc-5.1.9ebutlhvn802h21w7299z932w
1790509361029923361|container|exec_start: /bin/sh -c true|6b643599e9e4a28b3764660bbefb5bd6e7143cabb4a3fa5d01b0a6ebd24fc1dc|t20-lat-svc-5.1.9ebutlhvn802h21w7299z932w
1790509361054820211|container|exec_die|6b643599e9e4a28b3764660bbefb5bd6e7143cabb4a3fa5d01b0a6ebd24fc1dc|t20-lat-svc-5.1.9ebutlhvn802h21w7299z932w
1790509361507799485|container|kill|6b643599e9e4a28b3764660bbefb5bd6e7143cabb4a3fa5d01b0a6ebd24fc1dc|t20-lat-svc-5.1.9ebutlhvn802h21w7299z932w
1790509361661464736|network|disconnect|9851beeca5de58663c77abfb043b973396bb3f7f9aea89861e7e36f8f7713117|bridge
1790509361670313147|container|stop|6b643599e9e4a28b3764660bbefb5bd6e7143cabb4a3fa5d01b0a6ebd24fc1dc|t20-lat-svc-5.1.9ebutlhvn802h21w7299z932w
1790509361678615368|container|die|6b643599e9e4a28b3764660bbefb5bd6e7143cabb4a3fa5d01b0a6ebd24fc1dc|t20-lat-svc-5.1.9ebutlhvn802h21w7299z932w
1790509362083175524|container|destroy|6b643599e9e4a28b3764660bbefb5bd6e7143cabb4a3fa5d01b0a6ebd24fc1dc|t20-lat-svc-5.1.9ebutlhvn802h21w7299z932w
1790509367718731586|service|create|x4ph3t6zm6oivd3inxj75s26d|t20-lat-svc-6
1790509367981848763|container|create|98260a9606981f57d80c1fa8fb5336ce366710c978664166f2057939f32f9b6e|t20-lat-svc-6.1.qda99zptrszviricgvvl226xy
1790509368119842561|network|connect|9851beeca5de58663c77abfb043b973396bb3f7f9aea89861e7e36f8f7713117|bridge
1790509368137888692|container|start|98260a9606981f57d80c1fa8fb5336ce366710c978664166f2057939f32f9b6e|t20-lat-svc-6.1.qda99zptrszviricgvvl226xy
1790509369139028226|container|exec_create: /bin/sh -c true|98260a9606981f57d80c1fa8fb5336ce366710c978664166f2057939f32f9b6e|t20-lat-svc-6.1.qda99zptrszviricgvvl226xy
1790509369139090000|container|exec_start: /bin/sh -c true|98260a9606981f57d80c1fa8fb5336ce366710c978664166f2057939f32f9b6e|t20-lat-svc-6.1.qda99zptrszviricgvvl226xy
1790509369165231857|container|exec_die|98260a9606981f57d80c1fa8fb5336ce366710c978664166f2057939f32f9b6e|t20-lat-svc-6.1.qda99zptrszviricgvvl226xy
1790509369165417549|container|health_status: healthy|98260a9606981f57d80c1fa8fb5336ce366710c978664166f2057939f32f9b6e|t20-lat-svc-6.1.qda99zptrszviricgvvl226xy
1790509369784883368|service|update|x4ph3t6zm6oivd3inxj75s26d|t20-lat-svc-6
1790509369788036565|service|update|x4ph3t6zm6oivd3inxj75s26d|t20-lat-svc-6
1790509370058844060|container|create|37961569ee46b6556dae5067226853064586b107b66a6ffde308786571785c85|t20-lat-svc-6.1.rtgae5y42ycwob64gpp0c779s
1790509370166119295|container|exec_create: /bin/sh -c true|98260a9606981f57d80c1fa8fb5336ce366710c978664166f2057939f32f9b6e|t20-lat-svc-6.1.qda99zptrszviricgvvl226xy
1790509370166152055|container|exec_start: /bin/sh -c true|98260a9606981f57d80c1fa8fb5336ce366710c978664166f2057939f32f9b6e|t20-lat-svc-6.1.qda99zptrszviricgvvl226xy
1790509370190032819|container|exec_die|98260a9606981f57d80c1fa8fb5336ce366710c978664166f2057939f32f9b6e|t20-lat-svc-6.1.qda99zptrszviricgvvl226xy
1790509370974001006|container|kill|98260a9606981f57d80c1fa8fb5336ce366710c978664166f2057939f32f9b6e|t20-lat-svc-6.1.qda99zptrszviricgvvl226xy
1790509371191246023|container|exec_create: /bin/sh -c true|98260a9606981f57d80c1fa8fb5336ce366710c978664166f2057939f32f9b6e|t20-lat-svc-6.1.qda99zptrszviricgvvl226xy
1790509371191272830|container|exec_start: /bin/sh -c true|98260a9606981f57d80c1fa8fb5336ce366710c978664166f2057939f32f9b6e|t20-lat-svc-6.1.qda99zptrszviricgvvl226xy
1790509371216115377|container|exec_die|98260a9606981f57d80c1fa8fb5336ce366710c978664166f2057939f32f9b6e|t20-lat-svc-6.1.qda99zptrszviricgvvl226xy
1790509372214978168|container|exec_create: /bin/sh -c true|98260a9606981f57d80c1fa8fb5336ce366710c978664166f2057939f32f9b6e|t20-lat-svc-6.1.qda99zptrszviricgvvl226xy
1790509372215002834|container|exec_start: /bin/sh -c true|98260a9606981f57d80c1fa8fb5336ce366710c978664166f2057939f32f9b6e|t20-lat-svc-6.1.qda99zptrszviricgvvl226xy
1790509372239906059|container|exec_die|98260a9606981f57d80c1fa8fb5336ce366710c978664166f2057939f32f9b6e|t20-lat-svc-6.1.qda99zptrszviricgvvl226xy
1790509373240275780|container|exec_create: /bin/sh -c true|98260a9606981f57d80c1fa8fb5336ce366710c978664166f2057939f32f9b6e|t20-lat-svc-6.1.qda99zptrszviricgvvl226xy
1790509373240312704|container|exec_start: /bin/sh -c true|98260a9606981f57d80c1fa8fb5336ce366710c978664166f2057939f32f9b6e|t20-lat-svc-6.1.qda99zptrszviricgvvl226xy
1790509373265765679|container|exec_die|98260a9606981f57d80c1fa8fb5336ce366710c978664166f2057939f32f9b6e|t20-lat-svc-6.1.qda99zptrszviricgvvl226xy
1790509374266871154|container|exec_create: /bin/sh -c true|98260a9606981f57d80c1fa8fb5336ce366710c978664166f2057939f32f9b6e|t20-lat-svc-6.1.qda99zptrszviricgvvl226xy
1790509374266897151|container|exec_start: /bin/sh -c true|98260a9606981f57d80c1fa8fb5336ce366710c978664166f2057939f32f9b6e|t20-lat-svc-6.1.qda99zptrszviricgvvl226xy
1790509374291853473|container|exec_die|98260a9606981f57d80c1fa8fb5336ce366710c978664166f2057939f32f9b6e|t20-lat-svc-6.1.qda99zptrszviricgvvl226xy
1790509375292236017|container|exec_create: /bin/sh -c true|98260a9606981f57d80c1fa8fb5336ce366710c978664166f2057939f32f9b6e|t20-lat-svc-6.1.qda99zptrszviricgvvl226xy
1790509375292268859|container|exec_start: /bin/sh -c true|98260a9606981f57d80c1fa8fb5336ce366710c978664166f2057939f32f9b6e|t20-lat-svc-6.1.qda99zptrszviricgvvl226xy
1790509375316805095|container|exec_die|98260a9606981f57d80c1fa8fb5336ce366710c978664166f2057939f32f9b6e|t20-lat-svc-6.1.qda99zptrszviricgvvl226xy
1790509376317518485|container|exec_create: /bin/sh -c true|98260a9606981f57d80c1fa8fb5336ce366710c978664166f2057939f32f9b6e|t20-lat-svc-6.1.qda99zptrszviricgvvl226xy
1790509376317546695|container|exec_start: /bin/sh -c true|98260a9606981f57d80c1fa8fb5336ce366710c978664166f2057939f32f9b6e|t20-lat-svc-6.1.qda99zptrszviricgvvl226xy
1790509376342220194|container|exec_die|98260a9606981f57d80c1fa8fb5336ce366710c978664166f2057939f32f9b6e|t20-lat-svc-6.1.qda99zptrszviricgvvl226xy
1790509377343523524|container|exec_create: /bin/sh -c true|98260a9606981f57d80c1fa8fb5336ce366710c978664166f2057939f32f9b6e|t20-lat-svc-6.1.qda99zptrszviricgvvl226xy
1790509377343560394|container|exec_start: /bin/sh -c true|98260a9606981f57d80c1fa8fb5336ce366710c978664166f2057939f32f9b6e|t20-lat-svc-6.1.qda99zptrszviricgvvl226xy
1790509377367919940|container|exec_die|98260a9606981f57d80c1fa8fb5336ce366710c978664166f2057939f32f9b6e|t20-lat-svc-6.1.qda99zptrszviricgvvl226xy
1790509378369194817|container|exec_create: /bin/sh -c true|98260a9606981f57d80c1fa8fb5336ce366710c978664166f2057939f32f9b6e|t20-lat-svc-6.1.qda99zptrszviricgvvl226xy
1790509378369232766|container|exec_start: /bin/sh -c true|98260a9606981f57d80c1fa8fb5336ce366710c978664166f2057939f32f9b6e|t20-lat-svc-6.1.qda99zptrszviricgvvl226xy
1790509378394017903|container|exec_die|98260a9606981f57d80c1fa8fb5336ce366710c978664166f2057939f32f9b6e|t20-lat-svc-6.1.qda99zptrszviricgvvl226xy
1790509379395157698|container|exec_create: /bin/sh -c true|98260a9606981f57d80c1fa8fb5336ce366710c978664166f2057939f32f9b6e|t20-lat-svc-6.1.qda99zptrszviricgvvl226xy
1790509379395198081|container|exec_start: /bin/sh -c true|98260a9606981f57d80c1fa8fb5336ce366710c978664166f2057939f32f9b6e|t20-lat-svc-6.1.qda99zptrszviricgvvl226xy
1790509379418825695|container|exec_die|98260a9606981f57d80c1fa8fb5336ce366710c978664166f2057939f32f9b6e|t20-lat-svc-6.1.qda99zptrszviricgvvl226xy
1790509380419248491|container|exec_create: /bin/sh -c true|98260a9606981f57d80c1fa8fb5336ce366710c978664166f2057939f32f9b6e|t20-lat-svc-6.1.qda99zptrszviricgvvl226xy
1790509380419274739|container|exec_start: /bin/sh -c true|98260a9606981f57d80c1fa8fb5336ce366710c978664166f2057939f32f9b6e|t20-lat-svc-6.1.qda99zptrszviricgvvl226xy
1790509380445228213|container|exec_die|98260a9606981f57d80c1fa8fb5336ce366710c978664166f2057939f32f9b6e|t20-lat-svc-6.1.qda99zptrszviricgvvl226xy
1790509380986446563|container|kill|98260a9606981f57d80c1fa8fb5336ce366710c978664166f2057939f32f9b6e|t20-lat-svc-6.1.qda99zptrszviricgvvl226xy
1790509381107789143|network|disconnect|9851beeca5de58663c77abfb043b973396bb3f7f9aea89861e7e36f8f7713117|bridge
1790509381116325617|container|stop|98260a9606981f57d80c1fa8fb5336ce366710c978664166f2057939f32f9b6e|t20-lat-svc-6.1.qda99zptrszviricgvvl226xy
1790509381129072354|container|die|98260a9606981f57d80c1fa8fb5336ce366710c978664166f2057939f32f9b6e|t20-lat-svc-6.1.qda99zptrszviricgvvl226xy
1790509381468908637|network|connect|9851beeca5de58663c77abfb043b973396bb3f7f9aea89861e7e36f8f7713117|bridge
1790509381486992230|container|start|37961569ee46b6556dae5067226853064586b107b66a6ffde308786571785c85|t20-lat-svc-6.1.rtgae5y42ycwob64gpp0c779s
1790509382487726584|container|exec_create: /bin/sh -c true|37961569ee46b6556dae5067226853064586b107b66a6ffde308786571785c85|t20-lat-svc-6.1.rtgae5y42ycwob64gpp0c779s
1790509382487789959|container|exec_start: /bin/sh -c true|37961569ee46b6556dae5067226853064586b107b66a6ffde308786571785c85|t20-lat-svc-6.1.rtgae5y42ycwob64gpp0c779s
1790509382513153624|container|exec_die|37961569ee46b6556dae5067226853064586b107b66a6ffde308786571785c85|t20-lat-svc-6.1.rtgae5y42ycwob64gpp0c779s
1790509382513381909|container|health_status: healthy|37961569ee46b6556dae5067226853064586b107b66a6ffde308786571785c85|t20-lat-svc-6.1.rtgae5y42ycwob64gpp0c779s
1790509383072117279|service|remove|x4ph3t6zm6oivd3inxj75s26d|t20-lat-svc-6
1790509383467630143|container|destroy|98260a9606981f57d80c1fa8fb5336ce366710c978664166f2057939f32f9b6e|t20-lat-svc-6.1.qda99zptrszviricgvvl226xy
1790509383513963427|container|exec_create: /bin/sh -c true|37961569ee46b6556dae5067226853064586b107b66a6ffde308786571785c85|t20-lat-svc-6.1.rtgae5y42ycwob64gpp0c779s
1790509383513999964|container|exec_start: /bin/sh -c true|37961569ee46b6556dae5067226853064586b107b66a6ffde308786571785c85|t20-lat-svc-6.1.rtgae5y42ycwob64gpp0c779s
1790509383539135632|container|exec_die|37961569ee46b6556dae5067226853064586b107b66a6ffde308786571785c85|t20-lat-svc-6.1.rtgae5y42ycwob64gpp0c779s
1790509384200032480|container|kill|37961569ee46b6556dae5067226853064586b107b66a6ffde308786571785c85|t20-lat-svc-6.1.rtgae5y42ycwob64gpp0c779s
1790509384540391115|container|exec_create: /bin/sh -c true|37961569ee46b6556dae5067226853064586b107b66a6ffde308786571785c85|t20-lat-svc-6.1.rtgae5y42ycwob64gpp0c779s
1790509384540417125|container|exec_start: /bin/sh -c true|37961569ee46b6556dae5067226853064586b107b66a6ffde308786571785c85|t20-lat-svc-6.1.rtgae5y42ycwob64gpp0c779s
1790509384565287557|container|exec_die|37961569ee46b6556dae5067226853064586b107b66a6ffde308786571785c85|t20-lat-svc-6.1.rtgae5y42ycwob64gpp0c779s
1790509385566083243|container|exec_create: /bin/sh -c true|37961569ee46b6556dae5067226853064586b107b66a6ffde308786571785c85|t20-lat-svc-6.1.rtgae5y42ycwob64gpp0c779s
1790509385566119036|container|exec_start: /bin/sh -c true|37961569ee46b6556dae5067226853064586b107b66a6ffde308786571785c85|t20-lat-svc-6.1.rtgae5y42ycwob64gpp0c779s
1790509385590192903|container|exec_die|37961569ee46b6556dae5067226853064586b107b66a6ffde308786571785c85|t20-lat-svc-6.1.rtgae5y42ycwob64gpp0c779s
1790509386590831136|container|exec_create: /bin/sh -c true|37961569ee46b6556dae5067226853064586b107b66a6ffde308786571785c85|t20-lat-svc-6.1.rtgae5y42ycwob64gpp0c779s
1790509386590880665|container|exec_start: /bin/sh -c true|37961569ee46b6556dae5067226853064586b107b66a6ffde308786571785c85|t20-lat-svc-6.1.rtgae5y42ycwob64gpp0c779s
1790509386615235717|container|exec_die|37961569ee46b6556dae5067226853064586b107b66a6ffde308786571785c85|t20-lat-svc-6.1.rtgae5y42ycwob64gpp0c779s
1790509387616081702|container|exec_create: /bin/sh -c true|37961569ee46b6556dae5067226853064586b107b66a6ffde308786571785c85|t20-lat-svc-6.1.rtgae5y42ycwob64gpp0c779s
1790509387616104966|container|exec_start: /bin/sh -c true|37961569ee46b6556dae5067226853064586b107b66a6ffde308786571785c85|t20-lat-svc-6.1.rtgae5y42ycwob64gpp0c779s
1790509387641552411|container|exec_die|37961569ee46b6556dae5067226853064586b107b66a6ffde308786571785c85|t20-lat-svc-6.1.rtgae5y42ycwob64gpp0c779s
1790509388641953106|container|exec_create: /bin/sh -c true|37961569ee46b6556dae5067226853064586b107b66a6ffde308786571785c85|t20-lat-svc-6.1.rtgae5y42ycwob64gpp0c779s
1790509388641990505|container|exec_start: /bin/sh -c true|37961569ee46b6556dae5067226853064586b107b66a6ffde308786571785c85|t20-lat-svc-6.1.rtgae5y42ycwob64gpp0c779s
1790509388666409466|container|exec_die|37961569ee46b6556dae5067226853064586b107b66a6ffde308786571785c85|t20-lat-svc-6.1.rtgae5y42ycwob64gpp0c779s
1790509389667511863|container|exec_create: /bin/sh -c true|37961569ee46b6556dae5067226853064586b107b66a6ffde308786571785c85|t20-lat-svc-6.1.rtgae5y42ycwob64gpp0c779s
1790509389667536935|container|exec_start: /bin/sh -c true|37961569ee46b6556dae5067226853064586b107b66a6ffde308786571785c85|t20-lat-svc-6.1.rtgae5y42ycwob64gpp0c779s
1790509389692443247|container|exec_die|37961569ee46b6556dae5067226853064586b107b66a6ffde308786571785c85|t20-lat-svc-6.1.rtgae5y42ycwob64gpp0c779s
1790509390693759538|container|exec_create: /bin/sh -c true|37961569ee46b6556dae5067226853064586b107b66a6ffde308786571785c85|t20-lat-svc-6.1.rtgae5y42ycwob64gpp0c779s
1790509390693813669|container|exec_start: /bin/sh -c true|37961569ee46b6556dae5067226853064586b107b66a6ffde308786571785c85|t20-lat-svc-6.1.rtgae5y42ycwob64gpp0c779s
1790509390718406311|container|exec_die|37961569ee46b6556dae5067226853064586b107b66a6ffde308786571785c85|t20-lat-svc-6.1.rtgae5y42ycwob64gpp0c779s
1790509391718983010|container|exec_create: /bin/sh -c true|37961569ee46b6556dae5067226853064586b107b66a6ffde308786571785c85|t20-lat-svc-6.1.rtgae5y42ycwob64gpp0c779s
1790509391719017071|container|exec_start: /bin/sh -c true|37961569ee46b6556dae5067226853064586b107b66a6ffde308786571785c85|t20-lat-svc-6.1.rtgae5y42ycwob64gpp0c779s
1790509391743660324|container|exec_die|37961569ee46b6556dae5067226853064586b107b66a6ffde308786571785c85|t20-lat-svc-6.1.rtgae5y42ycwob64gpp0c779s
1790509392744651257|container|exec_create: /bin/sh -c true|37961569ee46b6556dae5067226853064586b107b66a6ffde308786571785c85|t20-lat-svc-6.1.rtgae5y42ycwob64gpp0c779s
1790509392744685813|container|exec_start: /bin/sh -c true|37961569ee46b6556dae5067226853064586b107b66a6ffde308786571785c85|t20-lat-svc-6.1.rtgae5y42ycwob64gpp0c779s
1790509392769586277|container|exec_die|37961569ee46b6556dae5067226853064586b107b66a6ffde308786571785c85|t20-lat-svc-6.1.rtgae5y42ycwob64gpp0c779s
1790509393770392760|container|exec_create: /bin/sh -c true|37961569ee46b6556dae5067226853064586b107b66a6ffde308786571785c85|t20-lat-svc-6.1.rtgae5y42ycwob64gpp0c779s
1790509393770444494|container|exec_start: /bin/sh -c true|37961569ee46b6556dae5067226853064586b107b66a6ffde308786571785c85|t20-lat-svc-6.1.rtgae5y42ycwob64gpp0c779s
1790509393794641747|container|exec_die|37961569ee46b6556dae5067226853064586b107b66a6ffde308786571785c85|t20-lat-svc-6.1.rtgae5y42ycwob64gpp0c779s
1790509394214000339|container|kill|37961569ee46b6556dae5067226853064586b107b66a6ffde308786571785c85|t20-lat-svc-6.1.rtgae5y42ycwob64gpp0c779s
1790509394332465729|network|disconnect|9851beeca5de58663c77abfb043b973396bb3f7f9aea89861e7e36f8f7713117|bridge
1790509394343195843|container|stop|37961569ee46b6556dae5067226853064586b107b66a6ffde308786571785c85|t20-lat-svc-6.1.rtgae5y42ycwob64gpp0c779s
1790509394351565025|container|die|37961569ee46b6556dae5067226853064586b107b66a6ffde308786571785c85|t20-lat-svc-6.1.rtgae5y42ycwob64gpp0c779s
1790509394805233170|container|destroy|37961569ee46b6556dae5067226853064586b107b66a6ffde308786571785c85|t20-lat-svc-6.1.rtgae5y42ycwob64gpp0c779s
1790509402021197564|service|create|375ga6l3rj3y9s09zmb4keov2|t20-lat-svc-7
1790509402277151067|container|create|85fae6ebf83b50d71cabcca9ee9d837cc562c9a74aae5f5d852281bce5c1bcd4|t20-lat-svc-7.1.q1fjnrvo8p0sp0rb3qvk30sia
1790509402410102087|network|connect|9851beeca5de58663c77abfb043b973396bb3f7f9aea89861e7e36f8f7713117|bridge
1790509402430092016|container|start|85fae6ebf83b50d71cabcca9ee9d837cc562c9a74aae5f5d852281bce5c1bcd4|t20-lat-svc-7.1.q1fjnrvo8p0sp0rb3qvk30sia
1790509403431022280|container|exec_create: /bin/sh -c true|85fae6ebf83b50d71cabcca9ee9d837cc562c9a74aae5f5d852281bce5c1bcd4|t20-lat-svc-7.1.q1fjnrvo8p0sp0rb3qvk30sia
1790509403431101430|container|exec_start: /bin/sh -c true|85fae6ebf83b50d71cabcca9ee9d837cc562c9a74aae5f5d852281bce5c1bcd4|t20-lat-svc-7.1.q1fjnrvo8p0sp0rb3qvk30sia
1790509403457648982|container|exec_die|85fae6ebf83b50d71cabcca9ee9d837cc562c9a74aae5f5d852281bce5c1bcd4|t20-lat-svc-7.1.q1fjnrvo8p0sp0rb3qvk30sia
1790509403457842031|container|health_status: healthy|85fae6ebf83b50d71cabcca9ee9d837cc562c9a74aae5f5d852281bce5c1bcd4|t20-lat-svc-7.1.q1fjnrvo8p0sp0rb3qvk30sia
1790509404089723053|service|update|375ga6l3rj3y9s09zmb4keov2|t20-lat-svc-7
1790509404094409109|service|update|375ga6l3rj3y9s09zmb4keov2|t20-lat-svc-7
1790509404360178410|container|create|fb47ff849a42e0648892105e0f775f6a69eb1b17c54cd82f69027392ab016553|t20-lat-svc-7.1.63uxlheu86rlvncqwe3e7ly03
1790509404458053360|container|exec_create: /bin/sh -c true|85fae6ebf83b50d71cabcca9ee9d837cc562c9a74aae5f5d852281bce5c1bcd4|t20-lat-svc-7.1.q1fjnrvo8p0sp0rb3qvk30sia
1790509404458094603|container|exec_start: /bin/sh -c true|85fae6ebf83b50d71cabcca9ee9d837cc562c9a74aae5f5d852281bce5c1bcd4|t20-lat-svc-7.1.q1fjnrvo8p0sp0rb3qvk30sia
1790509404482294144|container|exec_die|85fae6ebf83b50d71cabcca9ee9d837cc562c9a74aae5f5d852281bce5c1bcd4|t20-lat-svc-7.1.q1fjnrvo8p0sp0rb3qvk30sia
1790509405284466769|container|kill|85fae6ebf83b50d71cabcca9ee9d837cc562c9a74aae5f5d852281bce5c1bcd4|t20-lat-svc-7.1.q1fjnrvo8p0sp0rb3qvk30sia
1790509405483552328|container|exec_create: /bin/sh -c true|85fae6ebf83b50d71cabcca9ee9d837cc562c9a74aae5f5d852281bce5c1bcd4|t20-lat-svc-7.1.q1fjnrvo8p0sp0rb3qvk30sia
1790509405483591169|container|exec_start: /bin/sh -c true|85fae6ebf83b50d71cabcca9ee9d837cc562c9a74aae5f5d852281bce5c1bcd4|t20-lat-svc-7.1.q1fjnrvo8p0sp0rb3qvk30sia
1790509405508133749|container|exec_die|85fae6ebf83b50d71cabcca9ee9d837cc562c9a74aae5f5d852281bce5c1bcd4|t20-lat-svc-7.1.q1fjnrvo8p0sp0rb3qvk30sia
1790509406508839341|container|exec_create: /bin/sh -c true|85fae6ebf83b50d71cabcca9ee9d837cc562c9a74aae5f5d852281bce5c1bcd4|t20-lat-svc-7.1.q1fjnrvo8p0sp0rb3qvk30sia
1790509406508880972|container|exec_start: /bin/sh -c true|85fae6ebf83b50d71cabcca9ee9d837cc562c9a74aae5f5d852281bce5c1bcd4|t20-lat-svc-7.1.q1fjnrvo8p0sp0rb3qvk30sia
1790509406534298788|container|exec_die|85fae6ebf83b50d71cabcca9ee9d837cc562c9a74aae5f5d852281bce5c1bcd4|t20-lat-svc-7.1.q1fjnrvo8p0sp0rb3qvk30sia
1790509407534942134|container|exec_create: /bin/sh -c true|85fae6ebf83b50d71cabcca9ee9d837cc562c9a74aae5f5d852281bce5c1bcd4|t20-lat-svc-7.1.q1fjnrvo8p0sp0rb3qvk30sia
1790509407534967496|container|exec_start: /bin/sh -c true|85fae6ebf83b50d71cabcca9ee9d837cc562c9a74aae5f5d852281bce5c1bcd4|t20-lat-svc-7.1.q1fjnrvo8p0sp0rb3qvk30sia
1790509407560455358|container|exec_die|85fae6ebf83b50d71cabcca9ee9d837cc562c9a74aae5f5d852281bce5c1bcd4|t20-lat-svc-7.1.q1fjnrvo8p0sp0rb3qvk30sia
1790509408561710043|container|exec_create: /bin/sh -c true|85fae6ebf83b50d71cabcca9ee9d837cc562c9a74aae5f5d852281bce5c1bcd4|t20-lat-svc-7.1.q1fjnrvo8p0sp0rb3qvk30sia
1790509408561742394|container|exec_start: /bin/sh -c true|85fae6ebf83b50d71cabcca9ee9d837cc562c9a74aae5f5d852281bce5c1bcd4|t20-lat-svc-7.1.q1fjnrvo8p0sp0rb3qvk30sia
1790509408587544959|container|exec_die|85fae6ebf83b50d71cabcca9ee9d837cc562c9a74aae5f5d852281bce5c1bcd4|t20-lat-svc-7.1.q1fjnrvo8p0sp0rb3qvk30sia
1790509409588118413|container|exec_create: /bin/sh -c true|85fae6ebf83b50d71cabcca9ee9d837cc562c9a74aae5f5d852281bce5c1bcd4|t20-lat-svc-7.1.q1fjnrvo8p0sp0rb3qvk30sia
1790509409588154213|container|exec_start: /bin/sh -c true|85fae6ebf83b50d71cabcca9ee9d837cc562c9a74aae5f5d852281bce5c1bcd4|t20-lat-svc-7.1.q1fjnrvo8p0sp0rb3qvk30sia
1790509409613403376|container|exec_die|85fae6ebf83b50d71cabcca9ee9d837cc562c9a74aae5f5d852281bce5c1bcd4|t20-lat-svc-7.1.q1fjnrvo8p0sp0rb3qvk30sia
1790509410614265902|container|exec_create: /bin/sh -c true|85fae6ebf83b50d71cabcca9ee9d837cc562c9a74aae5f5d852281bce5c1bcd4|t20-lat-svc-7.1.q1fjnrvo8p0sp0rb3qvk30sia
1790509410614299957|container|exec_start: /bin/sh -c true|85fae6ebf83b50d71cabcca9ee9d837cc562c9a74aae5f5d852281bce5c1bcd4|t20-lat-svc-7.1.q1fjnrvo8p0sp0rb3qvk30sia
1790509410639470590|container|exec_die|85fae6ebf83b50d71cabcca9ee9d837cc562c9a74aae5f5d852281bce5c1bcd4|t20-lat-svc-7.1.q1fjnrvo8p0sp0rb3qvk30sia
1790509411640324357|container|exec_create: /bin/sh -c true|85fae6ebf83b50d71cabcca9ee9d837cc562c9a74aae5f5d852281bce5c1bcd4|t20-lat-svc-7.1.q1fjnrvo8p0sp0rb3qvk30sia
1790509411640362175|container|exec_start: /bin/sh -c true|85fae6ebf83b50d71cabcca9ee9d837cc562c9a74aae5f5d852281bce5c1bcd4|t20-lat-svc-7.1.q1fjnrvo8p0sp0rb3qvk30sia
1790509411664585163|container|exec_die|85fae6ebf83b50d71cabcca9ee9d837cc562c9a74aae5f5d852281bce5c1bcd4|t20-lat-svc-7.1.q1fjnrvo8p0sp0rb3qvk30sia
1790509412665827722|container|exec_create: /bin/sh -c true|85fae6ebf83b50d71cabcca9ee9d837cc562c9a74aae5f5d852281bce5c1bcd4|t20-lat-svc-7.1.q1fjnrvo8p0sp0rb3qvk30sia
1790509412665868519|container|exec_start: /bin/sh -c true|85fae6ebf83b50d71cabcca9ee9d837cc562c9a74aae5f5d852281bce5c1bcd4|t20-lat-svc-7.1.q1fjnrvo8p0sp0rb3qvk30sia
1790509412690916723|container|exec_die|85fae6ebf83b50d71cabcca9ee9d837cc562c9a74aae5f5d852281bce5c1bcd4|t20-lat-svc-7.1.q1fjnrvo8p0sp0rb3qvk30sia
1790509413691400476|container|exec_create: /bin/sh -c true|85fae6ebf83b50d71cabcca9ee9d837cc562c9a74aae5f5d852281bce5c1bcd4|t20-lat-svc-7.1.q1fjnrvo8p0sp0rb3qvk30sia
1790509413691437616|container|exec_start: /bin/sh -c true|85fae6ebf83b50d71cabcca9ee9d837cc562c9a74aae5f5d852281bce5c1bcd4|t20-lat-svc-7.1.q1fjnrvo8p0sp0rb3qvk30sia
1790509413716725243|container|exec_die|85fae6ebf83b50d71cabcca9ee9d837cc562c9a74aae5f5d852281bce5c1bcd4|t20-lat-svc-7.1.q1fjnrvo8p0sp0rb3qvk30sia
1790509414717456865|container|exec_create: /bin/sh -c true|85fae6ebf83b50d71cabcca9ee9d837cc562c9a74aae5f5d852281bce5c1bcd4|t20-lat-svc-7.1.q1fjnrvo8p0sp0rb3qvk30sia
1790509414717480067|container|exec_start: /bin/sh -c true|85fae6ebf83b50d71cabcca9ee9d837cc562c9a74aae5f5d852281bce5c1bcd4|t20-lat-svc-7.1.q1fjnrvo8p0sp0rb3qvk30sia
1790509414742899114|container|exec_die|85fae6ebf83b50d71cabcca9ee9d837cc562c9a74aae5f5d852281bce5c1bcd4|t20-lat-svc-7.1.q1fjnrvo8p0sp0rb3qvk30sia
1790509415299273477|container|kill|85fae6ebf83b50d71cabcca9ee9d837cc562c9a74aae5f5d852281bce5c1bcd4|t20-lat-svc-7.1.q1fjnrvo8p0sp0rb3qvk30sia
1790509415430497211|network|disconnect|9851beeca5de58663c77abfb043b973396bb3f7f9aea89861e7e36f8f7713117|bridge
1790509415438001447|container|stop|85fae6ebf83b50d71cabcca9ee9d837cc562c9a74aae5f5d852281bce5c1bcd4|t20-lat-svc-7.1.q1fjnrvo8p0sp0rb3qvk30sia
1790509415451585387|container|die|85fae6ebf83b50d71cabcca9ee9d837cc562c9a74aae5f5d852281bce5c1bcd4|t20-lat-svc-7.1.q1fjnrvo8p0sp0rb3qvk30sia
1790509415787580660|network|connect|9851beeca5de58663c77abfb043b973396bb3f7f9aea89861e7e36f8f7713117|bridge
1790509415804705283|container|start|fb47ff849a42e0648892105e0f775f6a69eb1b17c54cd82f69027392ab016553|t20-lat-svc-7.1.63uxlheu86rlvncqwe3e7ly03
1790509416805964483|container|exec_create: /bin/sh -c true|fb47ff849a42e0648892105e0f775f6a69eb1b17c54cd82f69027392ab016553|t20-lat-svc-7.1.63uxlheu86rlvncqwe3e7ly03
1790509416806040365|container|exec_start: /bin/sh -c true|fb47ff849a42e0648892105e0f775f6a69eb1b17c54cd82f69027392ab016553|t20-lat-svc-7.1.63uxlheu86rlvncqwe3e7ly03
1790509416832228180|container|exec_die|fb47ff849a42e0648892105e0f775f6a69eb1b17c54cd82f69027392ab016553|t20-lat-svc-7.1.63uxlheu86rlvncqwe3e7ly03
1790509416832416950|container|health_status: healthy|fb47ff849a42e0648892105e0f775f6a69eb1b17c54cd82f69027392ab016553|t20-lat-svc-7.1.63uxlheu86rlvncqwe3e7ly03
1790509417381777872|service|remove|375ga6l3rj3y9s09zmb4keov2|t20-lat-svc-7
1790509417778297499|container|destroy|85fae6ebf83b50d71cabcca9ee9d837cc562c9a74aae5f5d852281bce5c1bcd4|t20-lat-svc-7.1.q1fjnrvo8p0sp0rb3qvk30sia
1790509417833080257|container|exec_create: /bin/sh -c true|fb47ff849a42e0648892105e0f775f6a69eb1b17c54cd82f69027392ab016553|t20-lat-svc-7.1.63uxlheu86rlvncqwe3e7ly03
1790509417833115989|container|exec_start: /bin/sh -c true|fb47ff849a42e0648892105e0f775f6a69eb1b17c54cd82f69027392ab016553|t20-lat-svc-7.1.63uxlheu86rlvncqwe3e7ly03
1790509417857898358|container|exec_die|fb47ff849a42e0648892105e0f775f6a69eb1b17c54cd82f69027392ab016553|t20-lat-svc-7.1.63uxlheu86rlvncqwe3e7ly03
1790509418511815381|container|kill|fb47ff849a42e0648892105e0f775f6a69eb1b17c54cd82f69027392ab016553|t20-lat-svc-7.1.63uxlheu86rlvncqwe3e7ly03
1790509418859210677|container|exec_create: /bin/sh -c true|fb47ff849a42e0648892105e0f775f6a69eb1b17c54cd82f69027392ab016553|t20-lat-svc-7.1.63uxlheu86rlvncqwe3e7ly03
1790509418859244717|container|exec_start: /bin/sh -c true|fb47ff849a42e0648892105e0f775f6a69eb1b17c54cd82f69027392ab016553|t20-lat-svc-7.1.63uxlheu86rlvncqwe3e7ly03
1790509418885070920|container|exec_die|fb47ff849a42e0648892105e0f775f6a69eb1b17c54cd82f69027392ab016553|t20-lat-svc-7.1.63uxlheu86rlvncqwe3e7ly03
1790509419886096429|container|exec_create: /bin/sh -c true|fb47ff849a42e0648892105e0f775f6a69eb1b17c54cd82f69027392ab016553|t20-lat-svc-7.1.63uxlheu86rlvncqwe3e7ly03
1790509419886137930|container|exec_start: /bin/sh -c true|fb47ff849a42e0648892105e0f775f6a69eb1b17c54cd82f69027392ab016553|t20-lat-svc-7.1.63uxlheu86rlvncqwe3e7ly03
1790509419911297654|container|exec_die|fb47ff849a42e0648892105e0f775f6a69eb1b17c54cd82f69027392ab016553|t20-lat-svc-7.1.63uxlheu86rlvncqwe3e7ly03
1790509420912122833|container|exec_create: /bin/sh -c true|fb47ff849a42e0648892105e0f775f6a69eb1b17c54cd82f69027392ab016553|t20-lat-svc-7.1.63uxlheu86rlvncqwe3e7ly03
1790509420912161914|container|exec_start: /bin/sh -c true|fb47ff849a42e0648892105e0f775f6a69eb1b17c54cd82f69027392ab016553|t20-lat-svc-7.1.63uxlheu86rlvncqwe3e7ly03
1790509420937836940|container|exec_die|fb47ff849a42e0648892105e0f775f6a69eb1b17c54cd82f69027392ab016553|t20-lat-svc-7.1.63uxlheu86rlvncqwe3e7ly03
1790509421938850016|container|exec_create: /bin/sh -c true|fb47ff849a42e0648892105e0f775f6a69eb1b17c54cd82f69027392ab016553|t20-lat-svc-7.1.63uxlheu86rlvncqwe3e7ly03
1790509421938891431|container|exec_start: /bin/sh -c true|fb47ff849a42e0648892105e0f775f6a69eb1b17c54cd82f69027392ab016553|t20-lat-svc-7.1.63uxlheu86rlvncqwe3e7ly03
1790509421963958349|container|exec_die|fb47ff849a42e0648892105e0f775f6a69eb1b17c54cd82f69027392ab016553|t20-lat-svc-7.1.63uxlheu86rlvncqwe3e7ly03
1790509422965254241|container|exec_create: /bin/sh -c true|fb47ff849a42e0648892105e0f775f6a69eb1b17c54cd82f69027392ab016553|t20-lat-svc-7.1.63uxlheu86rlvncqwe3e7ly03
1790509422965281761|container|exec_start: /bin/sh -c true|fb47ff849a42e0648892105e0f775f6a69eb1b17c54cd82f69027392ab016553|t20-lat-svc-7.1.63uxlheu86rlvncqwe3e7ly03
1790509422990528150|container|exec_die|fb47ff849a42e0648892105e0f775f6a69eb1b17c54cd82f69027392ab016553|t20-lat-svc-7.1.63uxlheu86rlvncqwe3e7ly03
1790509423991026569|container|exec_create: /bin/sh -c true|fb47ff849a42e0648892105e0f775f6a69eb1b17c54cd82f69027392ab016553|t20-lat-svc-7.1.63uxlheu86rlvncqwe3e7ly03
1790509423991059141|container|exec_start: /bin/sh -c true|fb47ff849a42e0648892105e0f775f6a69eb1b17c54cd82f69027392ab016553|t20-lat-svc-7.1.63uxlheu86rlvncqwe3e7ly03
1790509424016107148|container|exec_die|fb47ff849a42e0648892105e0f775f6a69eb1b17c54cd82f69027392ab016553|t20-lat-svc-7.1.63uxlheu86rlvncqwe3e7ly03
1790509425016725378|container|exec_create: /bin/sh -c true|fb47ff849a42e0648892105e0f775f6a69eb1b17c54cd82f69027392ab016553|t20-lat-svc-7.1.63uxlheu86rlvncqwe3e7ly03
1790509425016778800|container|exec_start: /bin/sh -c true|fb47ff849a42e0648892105e0f775f6a69eb1b17c54cd82f69027392ab016553|t20-lat-svc-7.1.63uxlheu86rlvncqwe3e7ly03
1790509425042434581|container|exec_die|fb47ff849a42e0648892105e0f775f6a69eb1b17c54cd82f69027392ab016553|t20-lat-svc-7.1.63uxlheu86rlvncqwe3e7ly03
1790509426043393756|container|exec_create: /bin/sh -c true|fb47ff849a42e0648892105e0f775f6a69eb1b17c54cd82f69027392ab016553|t20-lat-svc-7.1.63uxlheu86rlvncqwe3e7ly03
1790509426043432930|container|exec_start: /bin/sh -c true|fb47ff849a42e0648892105e0f775f6a69eb1b17c54cd82f69027392ab016553|t20-lat-svc-7.1.63uxlheu86rlvncqwe3e7ly03
1790509426068085219|container|exec_die|fb47ff849a42e0648892105e0f775f6a69eb1b17c54cd82f69027392ab016553|t20-lat-svc-7.1.63uxlheu86rlvncqwe3e7ly03
1790509427069163881|container|exec_create: /bin/sh -c true|fb47ff849a42e0648892105e0f775f6a69eb1b17c54cd82f69027392ab016553|t20-lat-svc-7.1.63uxlheu86rlvncqwe3e7ly03
1790509427069192610|container|exec_start: /bin/sh -c true|fb47ff849a42e0648892105e0f775f6a69eb1b17c54cd82f69027392ab016553|t20-lat-svc-7.1.63uxlheu86rlvncqwe3e7ly03
1790509427094514447|container|exec_die|fb47ff849a42e0648892105e0f775f6a69eb1b17c54cd82f69027392ab016553|t20-lat-svc-7.1.63uxlheu86rlvncqwe3e7ly03
1790509428094854693|container|exec_create: /bin/sh -c true|fb47ff849a42e0648892105e0f775f6a69eb1b17c54cd82f69027392ab016553|t20-lat-svc-7.1.63uxlheu86rlvncqwe3e7ly03
1790509428094879332|container|exec_start: /bin/sh -c true|fb47ff849a42e0648892105e0f775f6a69eb1b17c54cd82f69027392ab016553|t20-lat-svc-7.1.63uxlheu86rlvncqwe3e7ly03
1790509428119300688|container|exec_die|fb47ff849a42e0648892105e0f775f6a69eb1b17c54cd82f69027392ab016553|t20-lat-svc-7.1.63uxlheu86rlvncqwe3e7ly03
1790509428525421319|container|kill|fb47ff849a42e0648892105e0f775f6a69eb1b17c54cd82f69027392ab016553|t20-lat-svc-7.1.63uxlheu86rlvncqwe3e7ly03
1790509428670085815|network|disconnect|9851beeca5de58663c77abfb043b973396bb3f7f9aea89861e7e36f8f7713117|bridge
1790509428679791891|container|stop|fb47ff849a42e0648892105e0f775f6a69eb1b17c54cd82f69027392ab016553|t20-lat-svc-7.1.63uxlheu86rlvncqwe3e7ly03
1790509428688120403|container|die|fb47ff849a42e0648892105e0f775f6a69eb1b17c54cd82f69027392ab016553|t20-lat-svc-7.1.63uxlheu86rlvncqwe3e7ly03
1790509429128834685|container|destroy|fb47ff849a42e0648892105e0f775f6a69eb1b17c54cd82f69027392ab016553|t20-lat-svc-7.1.63uxlheu86rlvncqwe3e7ly03
1790509434662302685|service|create|nf82js3hhew3031vle24ic1mf|t20-lat-svc-8
1790509434919563976|container|create|b823c63b16144cc003b8e675f29941a70aed76ca97692aeef748b5c7bd7aebde|t20-lat-svc-8.1.zmdtrgovmp2dk9grweqw3g4p1
1790509435049533723|network|connect|9851beeca5de58663c77abfb043b973396bb3f7f9aea89861e7e36f8f7713117|bridge
1790509435067492331|container|start|b823c63b16144cc003b8e675f29941a70aed76ca97692aeef748b5c7bd7aebde|t20-lat-svc-8.1.zmdtrgovmp2dk9grweqw3g4p1
1790509436067820573|container|exec_create: /bin/sh -c true|b823c63b16144cc003b8e675f29941a70aed76ca97692aeef748b5c7bd7aebde|t20-lat-svc-8.1.zmdtrgovmp2dk9grweqw3g4p1
1790509436067877906|container|exec_start: /bin/sh -c true|b823c63b16144cc003b8e675f29941a70aed76ca97692aeef748b5c7bd7aebde|t20-lat-svc-8.1.zmdtrgovmp2dk9grweqw3g4p1
1790509436092732553|container|exec_die|b823c63b16144cc003b8e675f29941a70aed76ca97692aeef748b5c7bd7aebde|t20-lat-svc-8.1.zmdtrgovmp2dk9grweqw3g4p1
1790509436092949878|container|health_status: healthy|b823c63b16144cc003b8e675f29941a70aed76ca97692aeef748b5c7bd7aebde|t20-lat-svc-8.1.zmdtrgovmp2dk9grweqw3g4p1
1790509436730959254|service|update|nf82js3hhew3031vle24ic1mf|t20-lat-svc-8
1790509436733788380|service|update|nf82js3hhew3031vle24ic1mf|t20-lat-svc-8
1790509437000599795|container|create|7693d740cf46a6f2717c83f5790d77b735b3e020abe406c39f70cb9de4ffba71|t20-lat-svc-8.1.pli08iktrjid3ye7hrzhkqxke
1790509437093792023|container|exec_create: /bin/sh -c true|b823c63b16144cc003b8e675f29941a70aed76ca97692aeef748b5c7bd7aebde|t20-lat-svc-8.1.zmdtrgovmp2dk9grweqw3g4p1
1790509437093818196|container|exec_start: /bin/sh -c true|b823c63b16144cc003b8e675f29941a70aed76ca97692aeef748b5c7bd7aebde|t20-lat-svc-8.1.zmdtrgovmp2dk9grweqw3g4p1
1790509437119130163|container|exec_die|b823c63b16144cc003b8e675f29941a70aed76ca97692aeef748b5c7bd7aebde|t20-lat-svc-8.1.zmdtrgovmp2dk9grweqw3g4p1
1790509437922721319|container|kill|b823c63b16144cc003b8e675f29941a70aed76ca97692aeef748b5c7bd7aebde|t20-lat-svc-8.1.zmdtrgovmp2dk9grweqw3g4p1
1790509438120274148|container|exec_create: /bin/sh -c true|b823c63b16144cc003b8e675f29941a70aed76ca97692aeef748b5c7bd7aebde|t20-lat-svc-8.1.zmdtrgovmp2dk9grweqw3g4p1
1790509438120309255|container|exec_start: /bin/sh -c true|b823c63b16144cc003b8e675f29941a70aed76ca97692aeef748b5c7bd7aebde|t20-lat-svc-8.1.zmdtrgovmp2dk9grweqw3g4p1
1790509438145757579|container|exec_die|b823c63b16144cc003b8e675f29941a70aed76ca97692aeef748b5c7bd7aebde|t20-lat-svc-8.1.zmdtrgovmp2dk9grweqw3g4p1
1790509439146567434|container|exec_create: /bin/sh -c true|b823c63b16144cc003b8e675f29941a70aed76ca97692aeef748b5c7bd7aebde|t20-lat-svc-8.1.zmdtrgovmp2dk9grweqw3g4p1
1790509439146605320|container|exec_start: /bin/sh -c true|b823c63b16144cc003b8e675f29941a70aed76ca97692aeef748b5c7bd7aebde|t20-lat-svc-8.1.zmdtrgovmp2dk9grweqw3g4p1
1790509439171949695|container|exec_die|b823c63b16144cc003b8e675f29941a70aed76ca97692aeef748b5c7bd7aebde|t20-lat-svc-8.1.zmdtrgovmp2dk9grweqw3g4p1
1790509440172873365|container|exec_create: /bin/sh -c true|b823c63b16144cc003b8e675f29941a70aed76ca97692aeef748b5c7bd7aebde|t20-lat-svc-8.1.zmdtrgovmp2dk9grweqw3g4p1
1790509440172905219|container|exec_start: /bin/sh -c true|b823c63b16144cc003b8e675f29941a70aed76ca97692aeef748b5c7bd7aebde|t20-lat-svc-8.1.zmdtrgovmp2dk9grweqw3g4p1
1790509440197744699|container|exec_die|b823c63b16144cc003b8e675f29941a70aed76ca97692aeef748b5c7bd7aebde|t20-lat-svc-8.1.zmdtrgovmp2dk9grweqw3g4p1
1790509441198329978|container|exec_create: /bin/sh -c true|b823c63b16144cc003b8e675f29941a70aed76ca97692aeef748b5c7bd7aebde|t20-lat-svc-8.1.zmdtrgovmp2dk9grweqw3g4p1
1790509441198356232|container|exec_start: /bin/sh -c true|b823c63b16144cc003b8e675f29941a70aed76ca97692aeef748b5c7bd7aebde|t20-lat-svc-8.1.zmdtrgovmp2dk9grweqw3g4p1
1790509441222908594|container|exec_die|b823c63b16144cc003b8e675f29941a70aed76ca97692aeef748b5c7bd7aebde|t20-lat-svc-8.1.zmdtrgovmp2dk9grweqw3g4p1
1790509442224186801|container|exec_create: /bin/sh -c true|b823c63b16144cc003b8e675f29941a70aed76ca97692aeef748b5c7bd7aebde|t20-lat-svc-8.1.zmdtrgovmp2dk9grweqw3g4p1
1790509442224210275|container|exec_start: /bin/sh -c true|b823c63b16144cc003b8e675f29941a70aed76ca97692aeef748b5c7bd7aebde|t20-lat-svc-8.1.zmdtrgovmp2dk9grweqw3g4p1
1790509442249947836|container|exec_die|b823c63b16144cc003b8e675f29941a70aed76ca97692aeef748b5c7bd7aebde|t20-lat-svc-8.1.zmdtrgovmp2dk9grweqw3g4p1
1790509443250479940|container|exec_create: /bin/sh -c true|b823c63b16144cc003b8e675f29941a70aed76ca97692aeef748b5c7bd7aebde|t20-lat-svc-8.1.zmdtrgovmp2dk9grweqw3g4p1
1790509443250506127|container|exec_start: /bin/sh -c true|b823c63b16144cc003b8e675f29941a70aed76ca97692aeef748b5c7bd7aebde|t20-lat-svc-8.1.zmdtrgovmp2dk9grweqw3g4p1
1790509443276068627|container|exec_die|b823c63b16144cc003b8e675f29941a70aed76ca97692aeef748b5c7bd7aebde|t20-lat-svc-8.1.zmdtrgovmp2dk9grweqw3g4p1
1790509444276896123|container|exec_create: /bin/sh -c true|b823c63b16144cc003b8e675f29941a70aed76ca97692aeef748b5c7bd7aebde|t20-lat-svc-8.1.zmdtrgovmp2dk9grweqw3g4p1
1790509444276921502|container|exec_start: /bin/sh -c true|b823c63b16144cc003b8e675f29941a70aed76ca97692aeef748b5c7bd7aebde|t20-lat-svc-8.1.zmdtrgovmp2dk9grweqw3g4p1
1790509444300950744|container|exec_die|b823c63b16144cc003b8e675f29941a70aed76ca97692aeef748b5c7bd7aebde|t20-lat-svc-8.1.zmdtrgovmp2dk9grweqw3g4p1
1790509445301245387|container|exec_create: /bin/sh -c true|b823c63b16144cc003b8e675f29941a70aed76ca97692aeef748b5c7bd7aebde|t20-lat-svc-8.1.zmdtrgovmp2dk9grweqw3g4p1
1790509445301285584|container|exec_start: /bin/sh -c true|b823c63b16144cc003b8e675f29941a70aed76ca97692aeef748b5c7bd7aebde|t20-lat-svc-8.1.zmdtrgovmp2dk9grweqw3g4p1
1790509445326093280|container|exec_die|b823c63b16144cc003b8e675f29941a70aed76ca97692aeef748b5c7bd7aebde|t20-lat-svc-8.1.zmdtrgovmp2dk9grweqw3g4p1
1790509446327265129|container|exec_create: /bin/sh -c true|b823c63b16144cc003b8e675f29941a70aed76ca97692aeef748b5c7bd7aebde|t20-lat-svc-8.1.zmdtrgovmp2dk9grweqw3g4p1
1790509446327300763|container|exec_start: /bin/sh -c true|b823c63b16144cc003b8e675f29941a70aed76ca97692aeef748b5c7bd7aebde|t20-lat-svc-8.1.zmdtrgovmp2dk9grweqw3g4p1
1790509446352237297|container|exec_die|b823c63b16144cc003b8e675f29941a70aed76ca97692aeef748b5c7bd7aebde|t20-lat-svc-8.1.zmdtrgovmp2dk9grweqw3g4p1
1790509447353276509|container|exec_create: /bin/sh -c true|b823c63b16144cc003b8e675f29941a70aed76ca97692aeef748b5c7bd7aebde|t20-lat-svc-8.1.zmdtrgovmp2dk9grweqw3g4p1
1790509447353312074|container|exec_start: /bin/sh -c true|b823c63b16144cc003b8e675f29941a70aed76ca97692aeef748b5c7bd7aebde|t20-lat-svc-8.1.zmdtrgovmp2dk9grweqw3g4p1
1790509447379548354|container|exec_die|b823c63b16144cc003b8e675f29941a70aed76ca97692aeef748b5c7bd7aebde|t20-lat-svc-8.1.zmdtrgovmp2dk9grweqw3g4p1
1790509447936441231|container|kill|b823c63b16144cc003b8e675f29941a70aed76ca97692aeef748b5c7bd7aebde|t20-lat-svc-8.1.zmdtrgovmp2dk9grweqw3g4p1
1790509448098086723|network|disconnect|9851beeca5de58663c77abfb043b973396bb3f7f9aea89861e7e36f8f7713117|bridge
1790509448103890868|container|stop|b823c63b16144cc003b8e675f29941a70aed76ca97692aeef748b5c7bd7aebde|t20-lat-svc-8.1.zmdtrgovmp2dk9grweqw3g4p1
1790509448112202481|container|die|b823c63b16144cc003b8e675f29941a70aed76ca97692aeef748b5c7bd7aebde|t20-lat-svc-8.1.zmdtrgovmp2dk9grweqw3g4p1
1790509448419071887|network|connect|9851beeca5de58663c77abfb043b973396bb3f7f9aea89861e7e36f8f7713117|bridge
1790509448436152474|container|start|7693d740cf46a6f2717c83f5790d77b735b3e020abe406c39f70cb9de4ffba71|t20-lat-svc-8.1.pli08iktrjid3ye7hrzhkqxke
1790509449436926614|container|exec_create: /bin/sh -c true|7693d740cf46a6f2717c83f5790d77b735b3e020abe406c39f70cb9de4ffba71|t20-lat-svc-8.1.pli08iktrjid3ye7hrzhkqxke
1790509449437003740|container|exec_start: /bin/sh -c true|7693d740cf46a6f2717c83f5790d77b735b3e020abe406c39f70cb9de4ffba71|t20-lat-svc-8.1.pli08iktrjid3ye7hrzhkqxke
1790509449462401946|container|exec_die|7693d740cf46a6f2717c83f5790d77b735b3e020abe406c39f70cb9de4ffba71|t20-lat-svc-8.1.pli08iktrjid3ye7hrzhkqxke
1790509449462616977|container|health_status: healthy|7693d740cf46a6f2717c83f5790d77b735b3e020abe406c39f70cb9de4ffba71|t20-lat-svc-8.1.pli08iktrjid3ye7hrzhkqxke
1790509450021440675|service|remove|nf82js3hhew3031vle24ic1mf|t20-lat-svc-8
1790509450415866319|container|destroy|b823c63b16144cc003b8e675f29941a70aed76ca97692aeef748b5c7bd7aebde|t20-lat-svc-8.1.zmdtrgovmp2dk9grweqw3g4p1
1790509450463221115|container|exec_create: /bin/sh -c true|7693d740cf46a6f2717c83f5790d77b735b3e020abe406c39f70cb9de4ffba71|t20-lat-svc-8.1.pli08iktrjid3ye7hrzhkqxke
1790509450463244328|container|exec_start: /bin/sh -c true|7693d740cf46a6f2717c83f5790d77b735b3e020abe406c39f70cb9de4ffba71|t20-lat-svc-8.1.pli08iktrjid3ye7hrzhkqxke
1790509450487900963|container|exec_die|7693d740cf46a6f2717c83f5790d77b735b3e020abe406c39f70cb9de4ffba71|t20-lat-svc-8.1.pli08iktrjid3ye7hrzhkqxke
1790509451148277165|container|kill|7693d740cf46a6f2717c83f5790d77b735b3e020abe406c39f70cb9de4ffba71|t20-lat-svc-8.1.pli08iktrjid3ye7hrzhkqxke
1790509451488583390|container|exec_create: /bin/sh -c true|7693d740cf46a6f2717c83f5790d77b735b3e020abe406c39f70cb9de4ffba71|t20-lat-svc-8.1.pli08iktrjid3ye7hrzhkqxke
1790509451488618212|container|exec_start: /bin/sh -c true|7693d740cf46a6f2717c83f5790d77b735b3e020abe406c39f70cb9de4ffba71|t20-lat-svc-8.1.pli08iktrjid3ye7hrzhkqxke
1790509451513365961|container|exec_die|7693d740cf46a6f2717c83f5790d77b735b3e020abe406c39f70cb9de4ffba71|t20-lat-svc-8.1.pli08iktrjid3ye7hrzhkqxke
1790509452514426692|container|exec_create: /bin/sh -c true|7693d740cf46a6f2717c83f5790d77b735b3e020abe406c39f70cb9de4ffba71|t20-lat-svc-8.1.pli08iktrjid3ye7hrzhkqxke
1790509452514467403|container|exec_start: /bin/sh -c true|7693d740cf46a6f2717c83f5790d77b735b3e020abe406c39f70cb9de4ffba71|t20-lat-svc-8.1.pli08iktrjid3ye7hrzhkqxke
1790509452539357675|container|exec_die|7693d740cf46a6f2717c83f5790d77b735b3e020abe406c39f70cb9de4ffba71|t20-lat-svc-8.1.pli08iktrjid3ye7hrzhkqxke
1790509453540274761|container|exec_create: /bin/sh -c true|7693d740cf46a6f2717c83f5790d77b735b3e020abe406c39f70cb9de4ffba71|t20-lat-svc-8.1.pli08iktrjid3ye7hrzhkqxke
1790509453540307442|container|exec_start: /bin/sh -c true|7693d740cf46a6f2717c83f5790d77b735b3e020abe406c39f70cb9de4ffba71|t20-lat-svc-8.1.pli08iktrjid3ye7hrzhkqxke
1790509453564575274|container|exec_die|7693d740cf46a6f2717c83f5790d77b735b3e020abe406c39f70cb9de4ffba71|t20-lat-svc-8.1.pli08iktrjid3ye7hrzhkqxke
1790509454565013961|container|exec_create: /bin/sh -c true|7693d740cf46a6f2717c83f5790d77b735b3e020abe406c39f70cb9de4ffba71|t20-lat-svc-8.1.pli08iktrjid3ye7hrzhkqxke
1790509454565047414|container|exec_start: /bin/sh -c true|7693d740cf46a6f2717c83f5790d77b735b3e020abe406c39f70cb9de4ffba71|t20-lat-svc-8.1.pli08iktrjid3ye7hrzhkqxke
1790509454589636503|container|exec_die|7693d740cf46a6f2717c83f5790d77b735b3e020abe406c39f70cb9de4ffba71|t20-lat-svc-8.1.pli08iktrjid3ye7hrzhkqxke
1790509455590648809|container|exec_create: /bin/sh -c true|7693d740cf46a6f2717c83f5790d77b735b3e020abe406c39f70cb9de4ffba71|t20-lat-svc-8.1.pli08iktrjid3ye7hrzhkqxke
1790509455590673950|container|exec_start: /bin/sh -c true|7693d740cf46a6f2717c83f5790d77b735b3e020abe406c39f70cb9de4ffba71|t20-lat-svc-8.1.pli08iktrjid3ye7hrzhkqxke
1790509455615503753|container|exec_die|7693d740cf46a6f2717c83f5790d77b735b3e020abe406c39f70cb9de4ffba71|t20-lat-svc-8.1.pli08iktrjid3ye7hrzhkqxke
1790509456616385862|container|exec_create: /bin/sh -c true|7693d740cf46a6f2717c83f5790d77b735b3e020abe406c39f70cb9de4ffba71|t20-lat-svc-8.1.pli08iktrjid3ye7hrzhkqxke
1790509456616412282|container|exec_start: /bin/sh -c true|7693d740cf46a6f2717c83f5790d77b735b3e020abe406c39f70cb9de4ffba71|t20-lat-svc-8.1.pli08iktrjid3ye7hrzhkqxke
1790509456642685605|container|exec_die|7693d740cf46a6f2717c83f5790d77b735b3e020abe406c39f70cb9de4ffba71|t20-lat-svc-8.1.pli08iktrjid3ye7hrzhkqxke
1790509457643947527|container|exec_create: /bin/sh -c true|7693d740cf46a6f2717c83f5790d77b735b3e020abe406c39f70cb9de4ffba71|t20-lat-svc-8.1.pli08iktrjid3ye7hrzhkqxke
1790509457643985719|container|exec_start: /bin/sh -c true|7693d740cf46a6f2717c83f5790d77b735b3e020abe406c39f70cb9de4ffba71|t20-lat-svc-8.1.pli08iktrjid3ye7hrzhkqxke
1790509457669891309|container|exec_die|7693d740cf46a6f2717c83f5790d77b735b3e020abe406c39f70cb9de4ffba71|t20-lat-svc-8.1.pli08iktrjid3ye7hrzhkqxke
1790509458670561464|container|exec_create: /bin/sh -c true|7693d740cf46a6f2717c83f5790d77b735b3e020abe406c39f70cb9de4ffba71|t20-lat-svc-8.1.pli08iktrjid3ye7hrzhkqxke
1790509458670598975|container|exec_start: /bin/sh -c true|7693d740cf46a6f2717c83f5790d77b735b3e020abe406c39f70cb9de4ffba71|t20-lat-svc-8.1.pli08iktrjid3ye7hrzhkqxke
1790509458694840277|container|exec_die|7693d740cf46a6f2717c83f5790d77b735b3e020abe406c39f70cb9de4ffba71|t20-lat-svc-8.1.pli08iktrjid3ye7hrzhkqxke
1790509459695245558|container|exec_create: /bin/sh -c true|7693d740cf46a6f2717c83f5790d77b735b3e020abe406c39f70cb9de4ffba71|t20-lat-svc-8.1.pli08iktrjid3ye7hrzhkqxke
1790509459695271030|container|exec_start: /bin/sh -c true|7693d740cf46a6f2717c83f5790d77b735b3e020abe406c39f70cb9de4ffba71|t20-lat-svc-8.1.pli08iktrjid3ye7hrzhkqxke
1790509459719742714|container|exec_die|7693d740cf46a6f2717c83f5790d77b735b3e020abe406c39f70cb9de4ffba71|t20-lat-svc-8.1.pli08iktrjid3ye7hrzhkqxke
1790509460720049307|container|exec_create: /bin/sh -c true|7693d740cf46a6f2717c83f5790d77b735b3e020abe406c39f70cb9de4ffba71|t20-lat-svc-8.1.pli08iktrjid3ye7hrzhkqxke
1790509460720084778|container|exec_start: /bin/sh -c true|7693d740cf46a6f2717c83f5790d77b735b3e020abe406c39f70cb9de4ffba71|t20-lat-svc-8.1.pli08iktrjid3ye7hrzhkqxke
1790509460744808661|container|exec_die|7693d740cf46a6f2717c83f5790d77b735b3e020abe406c39f70cb9de4ffba71|t20-lat-svc-8.1.pli08iktrjid3ye7hrzhkqxke
1790509461164289247|container|kill|7693d740cf46a6f2717c83f5790d77b735b3e020abe406c39f70cb9de4ffba71|t20-lat-svc-8.1.pli08iktrjid3ye7hrzhkqxke
1790509461324526483|network|disconnect|9851beeca5de58663c77abfb043b973396bb3f7f9aea89861e7e36f8f7713117|bridge
1790509461333399578|container|stop|7693d740cf46a6f2717c83f5790d77b735b3e020abe406c39f70cb9de4ffba71|t20-lat-svc-8.1.pli08iktrjid3ye7hrzhkqxke
1790509461341737703|container|die|7693d740cf46a6f2717c83f5790d77b735b3e020abe406c39f70cb9de4ffba71|t20-lat-svc-8.1.pli08iktrjid3ye7hrzhkqxke
1790509461751446861|container|destroy|7693d740cf46a6f2717c83f5790d77b735b3e020abe406c39f70cb9de4ffba71|t20-lat-svc-8.1.pli08iktrjid3ye7hrzhkqxke
1790509466355774516|service|create|2nxb3m88tygblxx4yf914wc9o|t20-lat-svc-9
1790509466613570663|container|create|1bd3c7f14cc83307cb708651ceb62b34939f95eef9394d2887685073a9dd030b|t20-lat-svc-9.1.6bwptcxw918or7e119wgg04ct
1790509466734488460|network|connect|9851beeca5de58663c77abfb043b973396bb3f7f9aea89861e7e36f8f7713117|bridge
1790509466752661560|container|start|1bd3c7f14cc83307cb708651ceb62b34939f95eef9394d2887685073a9dd030b|t20-lat-svc-9.1.6bwptcxw918or7e119wgg04ct
1790509467753874275|container|exec_create: /bin/sh -c true|1bd3c7f14cc83307cb708651ceb62b34939f95eef9394d2887685073a9dd030b|t20-lat-svc-9.1.6bwptcxw918or7e119wgg04ct
1790509467753976200|container|exec_start: /bin/sh -c true|1bd3c7f14cc83307cb708651ceb62b34939f95eef9394d2887685073a9dd030b|t20-lat-svc-9.1.6bwptcxw918or7e119wgg04ct
1790509467778764581|container|exec_die|1bd3c7f14cc83307cb708651ceb62b34939f95eef9394d2887685073a9dd030b|t20-lat-svc-9.1.6bwptcxw918or7e119wgg04ct
1790509467778951523|container|health_status: healthy|1bd3c7f14cc83307cb708651ceb62b34939f95eef9394d2887685073a9dd030b|t20-lat-svc-9.1.6bwptcxw918or7e119wgg04ct
1790509468423354853|service|update|2nxb3m88tygblxx4yf914wc9o|t20-lat-svc-9
1790509468425750619|service|update|2nxb3m88tygblxx4yf914wc9o|t20-lat-svc-9
1790509468689635463|container|create|f90c8dc3321527a6431ddf94dd917fb7c7d017a0e17a28d144c38a8fc5facb7f|t20-lat-svc-9.1.ijua4t5ctfbdyhadl7fsavyzm
1790509468779249823|container|exec_create: /bin/sh -c true|1bd3c7f14cc83307cb708651ceb62b34939f95eef9394d2887685073a9dd030b|t20-lat-svc-9.1.6bwptcxw918or7e119wgg04ct
1790509468779286067|container|exec_start: /bin/sh -c true|1bd3c7f14cc83307cb708651ceb62b34939f95eef9394d2887685073a9dd030b|t20-lat-svc-9.1.6bwptcxw918or7e119wgg04ct
1790509468804504343|container|exec_die|1bd3c7f14cc83307cb708651ceb62b34939f95eef9394d2887685073a9dd030b|t20-lat-svc-9.1.6bwptcxw918or7e119wgg04ct
1790509469613029378|container|kill|1bd3c7f14cc83307cb708651ceb62b34939f95eef9394d2887685073a9dd030b|t20-lat-svc-9.1.6bwptcxw918or7e119wgg04ct
1790509469805328155|container|exec_create: /bin/sh -c true|1bd3c7f14cc83307cb708651ceb62b34939f95eef9394d2887685073a9dd030b|t20-lat-svc-9.1.6bwptcxw918or7e119wgg04ct
1790509469805360936|container|exec_start: /bin/sh -c true|1bd3c7f14cc83307cb708651ceb62b34939f95eef9394d2887685073a9dd030b|t20-lat-svc-9.1.6bwptcxw918or7e119wgg04ct
1790509469829959916|container|exec_die|1bd3c7f14cc83307cb708651ceb62b34939f95eef9394d2887685073a9dd030b|t20-lat-svc-9.1.6bwptcxw918or7e119wgg04ct
1790509470830262236|container|exec_create: /bin/sh -c true|1bd3c7f14cc83307cb708651ceb62b34939f95eef9394d2887685073a9dd030b|t20-lat-svc-9.1.6bwptcxw918or7e119wgg04ct
1790509470830298277|container|exec_start: /bin/sh -c true|1bd3c7f14cc83307cb708651ceb62b34939f95eef9394d2887685073a9dd030b|t20-lat-svc-9.1.6bwptcxw918or7e119wgg04ct
1790509470854917326|container|exec_die|1bd3c7f14cc83307cb708651ceb62b34939f95eef9394d2887685073a9dd030b|t20-lat-svc-9.1.6bwptcxw918or7e119wgg04ct
1790509471856165093|container|exec_create: /bin/sh -c true|1bd3c7f14cc83307cb708651ceb62b34939f95eef9394d2887685073a9dd030b|t20-lat-svc-9.1.6bwptcxw918or7e119wgg04ct
1790509471856199119|container|exec_start: /bin/sh -c true|1bd3c7f14cc83307cb708651ceb62b34939f95eef9394d2887685073a9dd030b|t20-lat-svc-9.1.6bwptcxw918or7e119wgg04ct
1790509471880813919|container|exec_die|1bd3c7f14cc83307cb708651ceb62b34939f95eef9394d2887685073a9dd030b|t20-lat-svc-9.1.6bwptcxw918or7e119wgg04ct
1790509472881445426|container|exec_create: /bin/sh -c true|1bd3c7f14cc83307cb708651ceb62b34939f95eef9394d2887685073a9dd030b|t20-lat-svc-9.1.6bwptcxw918or7e119wgg04ct
1790509472881475079|container|exec_start: /bin/sh -c true|1bd3c7f14cc83307cb708651ceb62b34939f95eef9394d2887685073a9dd030b|t20-lat-svc-9.1.6bwptcxw918or7e119wgg04ct
1790509472907579799|container|exec_die|1bd3c7f14cc83307cb708651ceb62b34939f95eef9394d2887685073a9dd030b|t20-lat-svc-9.1.6bwptcxw918or7e119wgg04ct
1790509473908017832|container|exec_create: /bin/sh -c true|1bd3c7f14cc83307cb708651ceb62b34939f95eef9394d2887685073a9dd030b|t20-lat-svc-9.1.6bwptcxw918or7e119wgg04ct
1790509473908054795|container|exec_start: /bin/sh -c true|1bd3c7f14cc83307cb708651ceb62b34939f95eef9394d2887685073a9dd030b|t20-lat-svc-9.1.6bwptcxw918or7e119wgg04ct
1790509473933003785|container|exec_die|1bd3c7f14cc83307cb708651ceb62b34939f95eef9394d2887685073a9dd030b|t20-lat-svc-9.1.6bwptcxw918or7e119wgg04ct
1790509474933565496|container|exec_create: /bin/sh -c true|1bd3c7f14cc83307cb708651ceb62b34939f95eef9394d2887685073a9dd030b|t20-lat-svc-9.1.6bwptcxw918or7e119wgg04ct
1790509474933601904|container|exec_start: /bin/sh -c true|1bd3c7f14cc83307cb708651ceb62b34939f95eef9394d2887685073a9dd030b|t20-lat-svc-9.1.6bwptcxw918or7e119wgg04ct
1790509474958104460|container|exec_die|1bd3c7f14cc83307cb708651ceb62b34939f95eef9394d2887685073a9dd030b|t20-lat-svc-9.1.6bwptcxw918or7e119wgg04ct
1790509475959237888|container|exec_create: /bin/sh -c true|1bd3c7f14cc83307cb708651ceb62b34939f95eef9394d2887685073a9dd030b|t20-lat-svc-9.1.6bwptcxw918or7e119wgg04ct
1790509475959276403|container|exec_start: /bin/sh -c true|1bd3c7f14cc83307cb708651ceb62b34939f95eef9394d2887685073a9dd030b|t20-lat-svc-9.1.6bwptcxw918or7e119wgg04ct
1790509475983972534|container|exec_die|1bd3c7f14cc83307cb708651ceb62b34939f95eef9394d2887685073a9dd030b|t20-lat-svc-9.1.6bwptcxw918or7e119wgg04ct
1790509476984822546|container|exec_create: /bin/sh -c true|1bd3c7f14cc83307cb708651ceb62b34939f95eef9394d2887685073a9dd030b|t20-lat-svc-9.1.6bwptcxw918or7e119wgg04ct
1790509476984855981|container|exec_start: /bin/sh -c true|1bd3c7f14cc83307cb708651ceb62b34939f95eef9394d2887685073a9dd030b|t20-lat-svc-9.1.6bwptcxw918or7e119wgg04ct
1790509477010263315|container|exec_die|1bd3c7f14cc83307cb708651ceb62b34939f95eef9394d2887685073a9dd030b|t20-lat-svc-9.1.6bwptcxw918or7e119wgg04ct
1790509478011322808|container|exec_create: /bin/sh -c true|1bd3c7f14cc83307cb708651ceb62b34939f95eef9394d2887685073a9dd030b|t20-lat-svc-9.1.6bwptcxw918or7e119wgg04ct
1790509478011356594|container|exec_start: /bin/sh -c true|1bd3c7f14cc83307cb708651ceb62b34939f95eef9394d2887685073a9dd030b|t20-lat-svc-9.1.6bwptcxw918or7e119wgg04ct
1790509478037338557|container|exec_die|1bd3c7f14cc83307cb708651ceb62b34939f95eef9394d2887685073a9dd030b|t20-lat-svc-9.1.6bwptcxw918or7e119wgg04ct
1790509479037822225|container|exec_create: /bin/sh -c true|1bd3c7f14cc83307cb708651ceb62b34939f95eef9394d2887685073a9dd030b|t20-lat-svc-9.1.6bwptcxw918or7e119wgg04ct
1790509479037849568|container|exec_start: /bin/sh -c true|1bd3c7f14cc83307cb708651ceb62b34939f95eef9394d2887685073a9dd030b|t20-lat-svc-9.1.6bwptcxw918or7e119wgg04ct
1790509479063670518|container|exec_die|1bd3c7f14cc83307cb708651ceb62b34939f95eef9394d2887685073a9dd030b|t20-lat-svc-9.1.6bwptcxw918or7e119wgg04ct
1790509479627212136|container|kill|1bd3c7f14cc83307cb708651ceb62b34939f95eef9394d2887685073a9dd030b|t20-lat-svc-9.1.6bwptcxw918or7e119wgg04ct
1790509479763120487|network|disconnect|9851beeca5de58663c77abfb043b973396bb3f7f9aea89861e7e36f8f7713117|bridge
1790509479768783811|container|stop|1bd3c7f14cc83307cb708651ceb62b34939f95eef9394d2887685073a9dd030b|t20-lat-svc-9.1.6bwptcxw918or7e119wgg04ct
1790509479777194510|container|die|1bd3c7f14cc83307cb708651ceb62b34939f95eef9394d2887685073a9dd030b|t20-lat-svc-9.1.6bwptcxw918or7e119wgg04ct
1790509480025099050|network|connect|9851beeca5de58663c77abfb043b973396bb3f7f9aea89861e7e36f8f7713117|bridge
1790509480043192825|container|start|f90c8dc3321527a6431ddf94dd917fb7c7d017a0e17a28d144c38a8fc5facb7f|t20-lat-svc-9.1.ijua4t5ctfbdyhadl7fsavyzm
1790509481043756988|container|exec_create: /bin/sh -c true|f90c8dc3321527a6431ddf94dd917fb7c7d017a0e17a28d144c38a8fc5facb7f|t20-lat-svc-9.1.ijua4t5ctfbdyhadl7fsavyzm
1790509481043817183|container|exec_start: /bin/sh -c true|f90c8dc3321527a6431ddf94dd917fb7c7d017a0e17a28d144c38a8fc5facb7f|t20-lat-svc-9.1.ijua4t5ctfbdyhadl7fsavyzm
1790509481069278213|container|exec_die|f90c8dc3321527a6431ddf94dd917fb7c7d017a0e17a28d144c38a8fc5facb7f|t20-lat-svc-9.1.ijua4t5ctfbdyhadl7fsavyzm
1790509481069470300|container|health_status: healthy|f90c8dc3321527a6431ddf94dd917fb7c7d017a0e17a28d144c38a8fc5facb7f|t20-lat-svc-9.1.ijua4t5ctfbdyhadl7fsavyzm
1790509481706341831|service|remove|2nxb3m88tygblxx4yf914wc9o|t20-lat-svc-9
1790509482069760156|container|exec_create: /bin/sh -c true|f90c8dc3321527a6431ddf94dd917fb7c7d017a0e17a28d144c38a8fc5facb7f|t20-lat-svc-9.1.ijua4t5ctfbdyhadl7fsavyzm
1790509482069780594|container|exec_start: /bin/sh -c true|f90c8dc3321527a6431ddf94dd917fb7c7d017a0e17a28d144c38a8fc5facb7f|t20-lat-svc-9.1.ijua4t5ctfbdyhadl7fsavyzm
1790509482102606021|container|exec_die|f90c8dc3321527a6431ddf94dd917fb7c7d017a0e17a28d144c38a8fc5facb7f|t20-lat-svc-9.1.ijua4t5ctfbdyhadl7fsavyzm
1790509482109892048|container|destroy|1bd3c7f14cc83307cb708651ceb62b34939f95eef9394d2887685073a9dd030b|t20-lat-svc-9.1.6bwptcxw918or7e119wgg04ct
1790509482834307379|container|kill|f90c8dc3321527a6431ddf94dd917fb7c7d017a0e17a28d144c38a8fc5facb7f|t20-lat-svc-9.1.ijua4t5ctfbdyhadl7fsavyzm
1790509483103174566|container|exec_create: /bin/sh -c true|f90c8dc3321527a6431ddf94dd917fb7c7d017a0e17a28d144c38a8fc5facb7f|t20-lat-svc-9.1.ijua4t5ctfbdyhadl7fsavyzm
1790509483103205916|container|exec_start: /bin/sh -c true|f90c8dc3321527a6431ddf94dd917fb7c7d017a0e17a28d144c38a8fc5facb7f|t20-lat-svc-9.1.ijua4t5ctfbdyhadl7fsavyzm
1790509483128448219|container|exec_die|f90c8dc3321527a6431ddf94dd917fb7c7d017a0e17a28d144c38a8fc5facb7f|t20-lat-svc-9.1.ijua4t5ctfbdyhadl7fsavyzm
1790509484129118051|container|exec_create: /bin/sh -c true|f90c8dc3321527a6431ddf94dd917fb7c7d017a0e17a28d144c38a8fc5facb7f|t20-lat-svc-9.1.ijua4t5ctfbdyhadl7fsavyzm
1790509484129140279|container|exec_start: /bin/sh -c true|f90c8dc3321527a6431ddf94dd917fb7c7d017a0e17a28d144c38a8fc5facb7f|t20-lat-svc-9.1.ijua4t5ctfbdyhadl7fsavyzm
1790509484153618470|container|exec_die|f90c8dc3321527a6431ddf94dd917fb7c7d017a0e17a28d144c38a8fc5facb7f|t20-lat-svc-9.1.ijua4t5ctfbdyhadl7fsavyzm
1790509485154418309|container|exec_create: /bin/sh -c true|f90c8dc3321527a6431ddf94dd917fb7c7d017a0e17a28d144c38a8fc5facb7f|t20-lat-svc-9.1.ijua4t5ctfbdyhadl7fsavyzm
1790509485154444575|container|exec_start: /bin/sh -c true|f90c8dc3321527a6431ddf94dd917fb7c7d017a0e17a28d144c38a8fc5facb7f|t20-lat-svc-9.1.ijua4t5ctfbdyhadl7fsavyzm
1790509485179930966|container|exec_die|f90c8dc3321527a6431ddf94dd917fb7c7d017a0e17a28d144c38a8fc5facb7f|t20-lat-svc-9.1.ijua4t5ctfbdyhadl7fsavyzm
1790509486180636170|container|exec_create: /bin/sh -c true|f90c8dc3321527a6431ddf94dd917fb7c7d017a0e17a28d144c38a8fc5facb7f|t20-lat-svc-9.1.ijua4t5ctfbdyhadl7fsavyzm
1790509486180670220|container|exec_start: /bin/sh -c true|f90c8dc3321527a6431ddf94dd917fb7c7d017a0e17a28d144c38a8fc5facb7f|t20-lat-svc-9.1.ijua4t5ctfbdyhadl7fsavyzm
1790509486205695314|container|exec_die|f90c8dc3321527a6431ddf94dd917fb7c7d017a0e17a28d144c38a8fc5facb7f|t20-lat-svc-9.1.ijua4t5ctfbdyhadl7fsavyzm
1790509487206433295|container|exec_create: /bin/sh -c true|f90c8dc3321527a6431ddf94dd917fb7c7d017a0e17a28d144c38a8fc5facb7f|t20-lat-svc-9.1.ijua4t5ctfbdyhadl7fsavyzm
1790509487206469440|container|exec_start: /bin/sh -c true|f90c8dc3321527a6431ddf94dd917fb7c7d017a0e17a28d144c38a8fc5facb7f|t20-lat-svc-9.1.ijua4t5ctfbdyhadl7fsavyzm
1790509487232003283|container|exec_die|f90c8dc3321527a6431ddf94dd917fb7c7d017a0e17a28d144c38a8fc5facb7f|t20-lat-svc-9.1.ijua4t5ctfbdyhadl7fsavyzm
1790509488232844423|container|exec_create: /bin/sh -c true|f90c8dc3321527a6431ddf94dd917fb7c7d017a0e17a28d144c38a8fc5facb7f|t20-lat-svc-9.1.ijua4t5ctfbdyhadl7fsavyzm
1790509488232869415|container|exec_start: /bin/sh -c true|f90c8dc3321527a6431ddf94dd917fb7c7d017a0e17a28d144c38a8fc5facb7f|t20-lat-svc-9.1.ijua4t5ctfbdyhadl7fsavyzm
1790509488257842207|container|exec_die|f90c8dc3321527a6431ddf94dd917fb7c7d017a0e17a28d144c38a8fc5facb7f|t20-lat-svc-9.1.ijua4t5ctfbdyhadl7fsavyzm
1790509489258958212|container|exec_create: /bin/sh -c true|f90c8dc3321527a6431ddf94dd917fb7c7d017a0e17a28d144c38a8fc5facb7f|t20-lat-svc-9.1.ijua4t5ctfbdyhadl7fsavyzm
1790509489258996123|container|exec_start: /bin/sh -c true|f90c8dc3321527a6431ddf94dd917fb7c7d017a0e17a28d144c38a8fc5facb7f|t20-lat-svc-9.1.ijua4t5ctfbdyhadl7fsavyzm
1790509489283544544|container|exec_die|f90c8dc3321527a6431ddf94dd917fb7c7d017a0e17a28d144c38a8fc5facb7f|t20-lat-svc-9.1.ijua4t5ctfbdyhadl7fsavyzm
1790509490284536632|container|exec_create: /bin/sh -c true|f90c8dc3321527a6431ddf94dd917fb7c7d017a0e17a28d144c38a8fc5facb7f|t20-lat-svc-9.1.ijua4t5ctfbdyhadl7fsavyzm
1790509490284575238|container|exec_start: /bin/sh -c true|f90c8dc3321527a6431ddf94dd917fb7c7d017a0e17a28d144c38a8fc5facb7f|t20-lat-svc-9.1.ijua4t5ctfbdyhadl7fsavyzm
1790509490309735650|container|exec_die|f90c8dc3321527a6431ddf94dd917fb7c7d017a0e17a28d144c38a8fc5facb7f|t20-lat-svc-9.1.ijua4t5ctfbdyhadl7fsavyzm
1790509491310586180|container|exec_create: /bin/sh -c true|f90c8dc3321527a6431ddf94dd917fb7c7d017a0e17a28d144c38a8fc5facb7f|t20-lat-svc-9.1.ijua4t5ctfbdyhadl7fsavyzm
1790509491310621091|container|exec_start: /bin/sh -c true|f90c8dc3321527a6431ddf94dd917fb7c7d017a0e17a28d144c38a8fc5facb7f|t20-lat-svc-9.1.ijua4t5ctfbdyhadl7fsavyzm
1790509491335074980|container|exec_die|f90c8dc3321527a6431ddf94dd917fb7c7d017a0e17a28d144c38a8fc5facb7f|t20-lat-svc-9.1.ijua4t5ctfbdyhadl7fsavyzm
1790509492334393238|container|exec_create: /bin/sh -c true|f90c8dc3321527a6431ddf94dd917fb7c7d017a0e17a28d144c38a8fc5facb7f|t20-lat-svc-9.1.ijua4t5ctfbdyhadl7fsavyzm
1790509492334417778|container|exec_start: /bin/sh -c true|f90c8dc3321527a6431ddf94dd917fb7c7d017a0e17a28d144c38a8fc5facb7f|t20-lat-svc-9.1.ijua4t5ctfbdyhadl7fsavyzm
1790509492359569524|container|exec_die|f90c8dc3321527a6431ddf94dd917fb7c7d017a0e17a28d144c38a8fc5facb7f|t20-lat-svc-9.1.ijua4t5ctfbdyhadl7fsavyzm
1790509492847632899|container|kill|f90c8dc3321527a6431ddf94dd917fb7c7d017a0e17a28d144c38a8fc5facb7f|t20-lat-svc-9.1.ijua4t5ctfbdyhadl7fsavyzm
1790509493010269906|network|disconnect|9851beeca5de58663c77abfb043b973396bb3f7f9aea89861e7e36f8f7713117|bridge
1790509493020131079|container|stop|f90c8dc3321527a6431ddf94dd917fb7c7d017a0e17a28d144c38a8fc5facb7f|t20-lat-svc-9.1.ijua4t5ctfbdyhadl7fsavyzm
1790509493028333883|container|die|f90c8dc3321527a6431ddf94dd917fb7c7d017a0e17a28d144c38a8fc5facb7f|t20-lat-svc-9.1.ijua4t5ctfbdyhadl7fsavyzm
1790509493471927155|container|destroy|f90c8dc3321527a6431ddf94dd917fb7c7d017a0e17a28d144c38a8fc5facb7f|t20-lat-svc-9.1.ijua4t5ctfbdyhadl7fsavyzm
1790509502157519229|service|create|v0pxhw8mzx608jmc73idvqisk|t20-lat-svc-10
1790509502413566671|container|create|094453237a4ca1a3d94365f4bdc4b53652588d048e6362461076786c4b123edd|t20-lat-svc-10.1.u5aousd3boutxjmsk6jndw79m
1790509502544682259|network|connect|9851beeca5de58663c77abfb043b973396bb3f7f9aea89861e7e36f8f7713117|bridge
1790509502568723975|container|start|094453237a4ca1a3d94365f4bdc4b53652588d048e6362461076786c4b123edd|t20-lat-svc-10.1.u5aousd3boutxjmsk6jndw79m
1790509503569902600|container|exec_create: /bin/sh -c true|094453237a4ca1a3d94365f4bdc4b53652588d048e6362461076786c4b123edd|t20-lat-svc-10.1.u5aousd3boutxjmsk6jndw79m
1790509503569966799|container|exec_start: /bin/sh -c true|094453237a4ca1a3d94365f4bdc4b53652588d048e6362461076786c4b123edd|t20-lat-svc-10.1.u5aousd3boutxjmsk6jndw79m
1790509503594917127|container|exec_die|094453237a4ca1a3d94365f4bdc4b53652588d048e6362461076786c4b123edd|t20-lat-svc-10.1.u5aousd3boutxjmsk6jndw79m
1790509503595134638|container|health_status: healthy|094453237a4ca1a3d94365f4bdc4b53652588d048e6362461076786c4b123edd|t20-lat-svc-10.1.u5aousd3boutxjmsk6jndw79m
1790509504222301707|service|update|v0pxhw8mzx608jmc73idvqisk|t20-lat-svc-10
1790509504224876058|service|update|v0pxhw8mzx608jmc73idvqisk|t20-lat-svc-10
1790509504492860506|container|create|e47d89c3a1d49b8b0073b64ac7d11f061d71a70563c7f22aa8bd2aa2b655049f|t20-lat-svc-10.1.mxvcvpwiaomzurerm327os6v6
1790509504596308245|container|exec_create: /bin/sh -c true|094453237a4ca1a3d94365f4bdc4b53652588d048e6362461076786c4b123edd|t20-lat-svc-10.1.u5aousd3boutxjmsk6jndw79m
1790509504596334347|container|exec_start: /bin/sh -c true|094453237a4ca1a3d94365f4bdc4b53652588d048e6362461076786c4b123edd|t20-lat-svc-10.1.u5aousd3boutxjmsk6jndw79m
1790509504620860290|container|exec_die|094453237a4ca1a3d94365f4bdc4b53652588d048e6362461076786c4b123edd|t20-lat-svc-10.1.u5aousd3boutxjmsk6jndw79m
1790509505414007012|container|kill|094453237a4ca1a3d94365f4bdc4b53652588d048e6362461076786c4b123edd|t20-lat-svc-10.1.u5aousd3boutxjmsk6jndw79m
1790509505621170722|container|exec_create: /bin/sh -c true|094453237a4ca1a3d94365f4bdc4b53652588d048e6362461076786c4b123edd|t20-lat-svc-10.1.u5aousd3boutxjmsk6jndw79m
1790509505621197001|container|exec_start: /bin/sh -c true|094453237a4ca1a3d94365f4bdc4b53652588d048e6362461076786c4b123edd|t20-lat-svc-10.1.u5aousd3boutxjmsk6jndw79m
1790509505647232612|container|exec_die|094453237a4ca1a3d94365f4bdc4b53652588d048e6362461076786c4b123edd|t20-lat-svc-10.1.u5aousd3boutxjmsk6jndw79m
1790509506647711697|container|exec_create: /bin/sh -c true|094453237a4ca1a3d94365f4bdc4b53652588d048e6362461076786c4b123edd|t20-lat-svc-10.1.u5aousd3boutxjmsk6jndw79m
1790509506647747623|container|exec_start: /bin/sh -c true|094453237a4ca1a3d94365f4bdc4b53652588d048e6362461076786c4b123edd|t20-lat-svc-10.1.u5aousd3boutxjmsk6jndw79m
1790509506672165289|container|exec_die|094453237a4ca1a3d94365f4bdc4b53652588d048e6362461076786c4b123edd|t20-lat-svc-10.1.u5aousd3boutxjmsk6jndw79m
1790509507672464754|container|exec_create: /bin/sh -c true|094453237a4ca1a3d94365f4bdc4b53652588d048e6362461076786c4b123edd|t20-lat-svc-10.1.u5aousd3boutxjmsk6jndw79m
1790509507672490267|container|exec_start: /bin/sh -c true|094453237a4ca1a3d94365f4bdc4b53652588d048e6362461076786c4b123edd|t20-lat-svc-10.1.u5aousd3boutxjmsk6jndw79m
1790509507697212225|container|exec_die|094453237a4ca1a3d94365f4bdc4b53652588d048e6362461076786c4b123edd|t20-lat-svc-10.1.u5aousd3boutxjmsk6jndw79m
1790509508698283665|container|exec_create: /bin/sh -c true|094453237a4ca1a3d94365f4bdc4b53652588d048e6362461076786c4b123edd|t20-lat-svc-10.1.u5aousd3boutxjmsk6jndw79m
1790509508698306661|container|exec_start: /bin/sh -c true|094453237a4ca1a3d94365f4bdc4b53652588d048e6362461076786c4b123edd|t20-lat-svc-10.1.u5aousd3boutxjmsk6jndw79m
1790509508723032514|container|exec_die|094453237a4ca1a3d94365f4bdc4b53652588d048e6362461076786c4b123edd|t20-lat-svc-10.1.u5aousd3boutxjmsk6jndw79m
1790509509723690458|container|exec_create: /bin/sh -c true|094453237a4ca1a3d94365f4bdc4b53652588d048e6362461076786c4b123edd|t20-lat-svc-10.1.u5aousd3boutxjmsk6jndw79m
1790509509723717453|container|exec_start: /bin/sh -c true|094453237a4ca1a3d94365f4bdc4b53652588d048e6362461076786c4b123edd|t20-lat-svc-10.1.u5aousd3boutxjmsk6jndw79m
1790509509748410983|container|exec_die|094453237a4ca1a3d94365f4bdc4b53652588d048e6362461076786c4b123edd|t20-lat-svc-10.1.u5aousd3boutxjmsk6jndw79m
1790509510749298653|container|exec_create: /bin/sh -c true|094453237a4ca1a3d94365f4bdc4b53652588d048e6362461076786c4b123edd|t20-lat-svc-10.1.u5aousd3boutxjmsk6jndw79m
1790509510749330839|container|exec_start: /bin/sh -c true|094453237a4ca1a3d94365f4bdc4b53652588d048e6362461076786c4b123edd|t20-lat-svc-10.1.u5aousd3boutxjmsk6jndw79m
1790509510774115773|container|exec_die|094453237a4ca1a3d94365f4bdc4b53652588d048e6362461076786c4b123edd|t20-lat-svc-10.1.u5aousd3boutxjmsk6jndw79m
1790509511775210550|container|exec_create: /bin/sh -c true|094453237a4ca1a3d94365f4bdc4b53652588d048e6362461076786c4b123edd|t20-lat-svc-10.1.u5aousd3boutxjmsk6jndw79m
1790509511775243665|container|exec_start: /bin/sh -c true|094453237a4ca1a3d94365f4bdc4b53652588d048e6362461076786c4b123edd|t20-lat-svc-10.1.u5aousd3boutxjmsk6jndw79m
1790509511799235383|container|exec_die|094453237a4ca1a3d94365f4bdc4b53652588d048e6362461076786c4b123edd|t20-lat-svc-10.1.u5aousd3boutxjmsk6jndw79m
1790509512800099840|container|exec_create: /bin/sh -c true|094453237a4ca1a3d94365f4bdc4b53652588d048e6362461076786c4b123edd|t20-lat-svc-10.1.u5aousd3boutxjmsk6jndw79m
1790509512800122845|container|exec_start: /bin/sh -c true|094453237a4ca1a3d94365f4bdc4b53652588d048e6362461076786c4b123edd|t20-lat-svc-10.1.u5aousd3boutxjmsk6jndw79m
1790509512824066088|container|exec_die|094453237a4ca1a3d94365f4bdc4b53652588d048e6362461076786c4b123edd|t20-lat-svc-10.1.u5aousd3boutxjmsk6jndw79m
1790509513825348007|container|exec_create: /bin/sh -c true|094453237a4ca1a3d94365f4bdc4b53652588d048e6362461076786c4b123edd|t20-lat-svc-10.1.u5aousd3boutxjmsk6jndw79m
1790509513825378838|container|exec_start: /bin/sh -c true|094453237a4ca1a3d94365f4bdc4b53652588d048e6362461076786c4b123edd|t20-lat-svc-10.1.u5aousd3boutxjmsk6jndw79m
1790509513850226334|container|exec_die|094453237a4ca1a3d94365f4bdc4b53652588d048e6362461076786c4b123edd|t20-lat-svc-10.1.u5aousd3boutxjmsk6jndw79m
1790509514851454045|container|exec_create: /bin/sh -c true|094453237a4ca1a3d94365f4bdc4b53652588d048e6362461076786c4b123edd|t20-lat-svc-10.1.u5aousd3boutxjmsk6jndw79m
1790509514851492060|container|exec_start: /bin/sh -c true|094453237a4ca1a3d94365f4bdc4b53652588d048e6362461076786c4b123edd|t20-lat-svc-10.1.u5aousd3boutxjmsk6jndw79m
1790509514876295113|container|exec_die|094453237a4ca1a3d94365f4bdc4b53652588d048e6362461076786c4b123edd|t20-lat-svc-10.1.u5aousd3boutxjmsk6jndw79m
1790509515429312797|container|kill|094453237a4ca1a3d94365f4bdc4b53652588d048e6362461076786c4b123edd|t20-lat-svc-10.1.u5aousd3boutxjmsk6jndw79m
1790509515590187186|network|disconnect|9851beeca5de58663c77abfb043b973396bb3f7f9aea89861e7e36f8f7713117|bridge
1790509515595937000|container|stop|094453237a4ca1a3d94365f4bdc4b53652588d048e6362461076786c4b123edd|t20-lat-svc-10.1.u5aousd3boutxjmsk6jndw79m
1790509515604228217|container|die|094453237a4ca1a3d94365f4bdc4b53652588d048e6362461076786c4b123edd|t20-lat-svc-10.1.u5aousd3boutxjmsk6jndw79m
1790509515871186334|network|connect|9851beeca5de58663c77abfb043b973396bb3f7f9aea89861e7e36f8f7713117|bridge
1790509515888402480|container|start|e47d89c3a1d49b8b0073b64ac7d11f061d71a70563c7f22aa8bd2aa2b655049f|t20-lat-svc-10.1.mxvcvpwiaomzurerm327os6v6
1790509516889122012|container|exec_create: /bin/sh -c true|e47d89c3a1d49b8b0073b64ac7d11f061d71a70563c7f22aa8bd2aa2b655049f|t20-lat-svc-10.1.mxvcvpwiaomzurerm327os6v6
1790509516889169676|container|exec_start: /bin/sh -c true|e47d89c3a1d49b8b0073b64ac7d11f061d71a70563c7f22aa8bd2aa2b655049f|t20-lat-svc-10.1.mxvcvpwiaomzurerm327os6v6
1790509516914993253|container|exec_die|e47d89c3a1d49b8b0073b64ac7d11f061d71a70563c7f22aa8bd2aa2b655049f|t20-lat-svc-10.1.mxvcvpwiaomzurerm327os6v6
1790509516915199392|container|health_status: healthy|e47d89c3a1d49b8b0073b64ac7d11f061d71a70563c7f22aa8bd2aa2b655049f|t20-lat-svc-10.1.mxvcvpwiaomzurerm327os6v6
1790509517508563185|service|remove|v0pxhw8mzx608jmc73idvqisk|t20-lat-svc-10
1790509517907980201|container|destroy|094453237a4ca1a3d94365f4bdc4b53652588d048e6362461076786c4b123edd|t20-lat-svc-10.1.u5aousd3boutxjmsk6jndw79m
1790509517916308969|container|exec_create: /bin/sh -c true|e47d89c3a1d49b8b0073b64ac7d11f061d71a70563c7f22aa8bd2aa2b655049f|t20-lat-svc-10.1.mxvcvpwiaomzurerm327os6v6
1790509517916339365|container|exec_start: /bin/sh -c true|e47d89c3a1d49b8b0073b64ac7d11f061d71a70563c7f22aa8bd2aa2b655049f|t20-lat-svc-10.1.mxvcvpwiaomzurerm327os6v6
1790509517941535340|container|exec_die|e47d89c3a1d49b8b0073b64ac7d11f061d71a70563c7f22aa8bd2aa2b655049f|t20-lat-svc-10.1.mxvcvpwiaomzurerm327os6v6
1790509518638528438|container|kill|e47d89c3a1d49b8b0073b64ac7d11f061d71a70563c7f22aa8bd2aa2b655049f|t20-lat-svc-10.1.mxvcvpwiaomzurerm327os6v6
1790509518942642528|container|exec_create: /bin/sh -c true|e47d89c3a1d49b8b0073b64ac7d11f061d71a70563c7f22aa8bd2aa2b655049f|t20-lat-svc-10.1.mxvcvpwiaomzurerm327os6v6
1790509518942679851|container|exec_start: /bin/sh -c true|e47d89c3a1d49b8b0073b64ac7d11f061d71a70563c7f22aa8bd2aa2b655049f|t20-lat-svc-10.1.mxvcvpwiaomzurerm327os6v6
1790509518969744695|container|exec_die|e47d89c3a1d49b8b0073b64ac7d11f061d71a70563c7f22aa8bd2aa2b655049f|t20-lat-svc-10.1.mxvcvpwiaomzurerm327os6v6
1790509519970895763|container|exec_create: /bin/sh -c true|e47d89c3a1d49b8b0073b64ac7d11f061d71a70563c7f22aa8bd2aa2b655049f|t20-lat-svc-10.1.mxvcvpwiaomzurerm327os6v6
1790509519970919757|container|exec_start: /bin/sh -c true|e47d89c3a1d49b8b0073b64ac7d11f061d71a70563c7f22aa8bd2aa2b655049f|t20-lat-svc-10.1.mxvcvpwiaomzurerm327os6v6
1790509519995532355|container|exec_die|e47d89c3a1d49b8b0073b64ac7d11f061d71a70563c7f22aa8bd2aa2b655049f|t20-lat-svc-10.1.mxvcvpwiaomzurerm327os6v6
1790509520996369891|container|exec_create: /bin/sh -c true|e47d89c3a1d49b8b0073b64ac7d11f061d71a70563c7f22aa8bd2aa2b655049f|t20-lat-svc-10.1.mxvcvpwiaomzurerm327os6v6
1790509520996396478|container|exec_start: /bin/sh -c true|e47d89c3a1d49b8b0073b64ac7d11f061d71a70563c7f22aa8bd2aa2b655049f|t20-lat-svc-10.1.mxvcvpwiaomzurerm327os6v6
1790509521020453137|container|exec_die|e47d89c3a1d49b8b0073b64ac7d11f061d71a70563c7f22aa8bd2aa2b655049f|t20-lat-svc-10.1.mxvcvpwiaomzurerm327os6v6
1790509522019631742|container|exec_create: /bin/sh -c true|e47d89c3a1d49b8b0073b64ac7d11f061d71a70563c7f22aa8bd2aa2b655049f|t20-lat-svc-10.1.mxvcvpwiaomzurerm327os6v6
1790509522019666941|container|exec_start: /bin/sh -c true|e47d89c3a1d49b8b0073b64ac7d11f061d71a70563c7f22aa8bd2aa2b655049f|t20-lat-svc-10.1.mxvcvpwiaomzurerm327os6v6
1790509522044204500|container|exec_die|e47d89c3a1d49b8b0073b64ac7d11f061d71a70563c7f22aa8bd2aa2b655049f|t20-lat-svc-10.1.mxvcvpwiaomzurerm327os6v6
1790509523044690710|container|exec_create: /bin/sh -c true|e47d89c3a1d49b8b0073b64ac7d11f061d71a70563c7f22aa8bd2aa2b655049f|t20-lat-svc-10.1.mxvcvpwiaomzurerm327os6v6
1790509523044719693|container|exec_start: /bin/sh -c true|e47d89c3a1d49b8b0073b64ac7d11f061d71a70563c7f22aa8bd2aa2b655049f|t20-lat-svc-10.1.mxvcvpwiaomzurerm327os6v6
1790509523069978655|container|exec_die|e47d89c3a1d49b8b0073b64ac7d11f061d71a70563c7f22aa8bd2aa2b655049f|t20-lat-svc-10.1.mxvcvpwiaomzurerm327os6v6
1790509524070317029|container|exec_create: /bin/sh -c true|e47d89c3a1d49b8b0073b64ac7d11f061d71a70563c7f22aa8bd2aa2b655049f|t20-lat-svc-10.1.mxvcvpwiaomzurerm327os6v6
1790509524070343745|container|exec_start: /bin/sh -c true|e47d89c3a1d49b8b0073b64ac7d11f061d71a70563c7f22aa8bd2aa2b655049f|t20-lat-svc-10.1.mxvcvpwiaomzurerm327os6v6
1790509524095071862|container|exec_die|e47d89c3a1d49b8b0073b64ac7d11f061d71a70563c7f22aa8bd2aa2b655049f|t20-lat-svc-10.1.mxvcvpwiaomzurerm327os6v6
1790509525095922315|container|exec_create: /bin/sh -c true|e47d89c3a1d49b8b0073b64ac7d11f061d71a70563c7f22aa8bd2aa2b655049f|t20-lat-svc-10.1.mxvcvpwiaomzurerm327os6v6
1790509525096003638|container|exec_start: /bin/sh -c true|e47d89c3a1d49b8b0073b64ac7d11f061d71a70563c7f22aa8bd2aa2b655049f|t20-lat-svc-10.1.mxvcvpwiaomzurerm327os6v6
1790509525121418136|container|exec_die|e47d89c3a1d49b8b0073b64ac7d11f061d71a70563c7f22aa8bd2aa2b655049f|t20-lat-svc-10.1.mxvcvpwiaomzurerm327os6v6
1790509526122007116|container|exec_create: /bin/sh -c true|e47d89c3a1d49b8b0073b64ac7d11f061d71a70563c7f22aa8bd2aa2b655049f|t20-lat-svc-10.1.mxvcvpwiaomzurerm327os6v6
1790509526122041697|container|exec_start: /bin/sh -c true|e47d89c3a1d49b8b0073b64ac7d11f061d71a70563c7f22aa8bd2aa2b655049f|t20-lat-svc-10.1.mxvcvpwiaomzurerm327os6v6
1790509526147241343|container|exec_die|e47d89c3a1d49b8b0073b64ac7d11f061d71a70563c7f22aa8bd2aa2b655049f|t20-lat-svc-10.1.mxvcvpwiaomzurerm327os6v6
1790509527148067580|container|exec_create: /bin/sh -c true|e47d89c3a1d49b8b0073b64ac7d11f061d71a70563c7f22aa8bd2aa2b655049f|t20-lat-svc-10.1.mxvcvpwiaomzurerm327os6v6
1790509527148101699|container|exec_start: /bin/sh -c true|e47d89c3a1d49b8b0073b64ac7d11f061d71a70563c7f22aa8bd2aa2b655049f|t20-lat-svc-10.1.mxvcvpwiaomzurerm327os6v6
1790509527172301828|container|exec_die|e47d89c3a1d49b8b0073b64ac7d11f061d71a70563c7f22aa8bd2aa2b655049f|t20-lat-svc-10.1.mxvcvpwiaomzurerm327os6v6
1790509528172985182|container|exec_create: /bin/sh -c true|e47d89c3a1d49b8b0073b64ac7d11f061d71a70563c7f22aa8bd2aa2b655049f|t20-lat-svc-10.1.mxvcvpwiaomzurerm327os6v6
1790509528173017332|container|exec_start: /bin/sh -c true|e47d89c3a1d49b8b0073b64ac7d11f061d71a70563c7f22aa8bd2aa2b655049f|t20-lat-svc-10.1.mxvcvpwiaomzurerm327os6v6
1790509528197395929|container|exec_die|e47d89c3a1d49b8b0073b64ac7d11f061d71a70563c7f22aa8bd2aa2b655049f|t20-lat-svc-10.1.mxvcvpwiaomzurerm327os6v6
1790509528652082666|container|kill|e47d89c3a1d49b8b0073b64ac7d11f061d71a70563c7f22aa8bd2aa2b655049f|t20-lat-svc-10.1.mxvcvpwiaomzurerm327os6v6
1790509528809097539|network|disconnect|9851beeca5de58663c77abfb043b973396bb3f7f9aea89861e7e36f8f7713117|bridge
1790509528818785752|container|stop|e47d89c3a1d49b8b0073b64ac7d11f061d71a70563c7f22aa8bd2aa2b655049f|t20-lat-svc-10.1.mxvcvpwiaomzurerm327os6v6
1790509528827114200|container|die|e47d89c3a1d49b8b0073b64ac7d11f061d71a70563c7f22aa8bd2aa2b655049f|t20-lat-svc-10.1.mxvcvpwiaomzurerm327os6v6
1790509529311723055|container|destroy|e47d89c3a1d49b8b0073b64ac7d11f061d71a70563c7f22aa8bd2aa2b655049f|t20-lat-svc-10.1.mxvcvpwiaomzurerm327os6v6
1790509533129007850|service|create|1cqcx4kxsyp9cpu7s9sk4ti3h|t20-lat-svc-11
1790509533385287637|container|create|07f73d81b31ccee1dfcd0c250c96fa7a814bc61786514d746fe29050ef3eaa4b|t20-lat-svc-11.1.m6dvq42jq85yj08nlyd3h3kbh
1790509533521234651|network|connect|9851beeca5de58663c77abfb043b973396bb3f7f9aea89861e7e36f8f7713117|bridge
1790509533537349849|container|start|07f73d81b31ccee1dfcd0c250c96fa7a814bc61786514d746fe29050ef3eaa4b|t20-lat-svc-11.1.m6dvq42jq85yj08nlyd3h3kbh
1790509534538382276|container|exec_create: /bin/sh -c true|07f73d81b31ccee1dfcd0c250c96fa7a814bc61786514d746fe29050ef3eaa4b|t20-lat-svc-11.1.m6dvq42jq85yj08nlyd3h3kbh
1790509534538414853|container|exec_start: /bin/sh -c true|07f73d81b31ccee1dfcd0c250c96fa7a814bc61786514d746fe29050ef3eaa4b|t20-lat-svc-11.1.m6dvq42jq85yj08nlyd3h3kbh
1790509534563566654|container|exec_die|07f73d81b31ccee1dfcd0c250c96fa7a814bc61786514d746fe29050ef3eaa4b|t20-lat-svc-11.1.m6dvq42jq85yj08nlyd3h3kbh
1790509534563789268|container|health_status: healthy|07f73d81b31ccee1dfcd0c250c96fa7a814bc61786514d746fe29050ef3eaa4b|t20-lat-svc-11.1.m6dvq42jq85yj08nlyd3h3kbh
1790509535195852974|service|update|1cqcx4kxsyp9cpu7s9sk4ti3h|t20-lat-svc-11
1790509535199522060|service|update|1cqcx4kxsyp9cpu7s9sk4ti3h|t20-lat-svc-11
1790509535467412618|container|create|44ea44e2d049bd35aea9b4dadf91c87e9ba7d508cc27f73165c428ff5c450b7f|t20-lat-svc-11.1.w2brtp8xt8qmbbxko1onlh8rq
1790509535563943703|container|exec_create: /bin/sh -c true|07f73d81b31ccee1dfcd0c250c96fa7a814bc61786514d746fe29050ef3eaa4b|t20-lat-svc-11.1.m6dvq42jq85yj08nlyd3h3kbh
1790509535563980050|container|exec_start: /bin/sh -c true|07f73d81b31ccee1dfcd0c250c96fa7a814bc61786514d746fe29050ef3eaa4b|t20-lat-svc-11.1.m6dvq42jq85yj08nlyd3h3kbh
1790509535588447921|container|exec_die|07f73d81b31ccee1dfcd0c250c96fa7a814bc61786514d746fe29050ef3eaa4b|t20-lat-svc-11.1.m6dvq42jq85yj08nlyd3h3kbh
1790509536387889230|container|kill|07f73d81b31ccee1dfcd0c250c96fa7a814bc61786514d746fe29050ef3eaa4b|t20-lat-svc-11.1.m6dvq42jq85yj08nlyd3h3kbh
1790509536588905418|container|exec_create: /bin/sh -c true|07f73d81b31ccee1dfcd0c250c96fa7a814bc61786514d746fe29050ef3eaa4b|t20-lat-svc-11.1.m6dvq42jq85yj08nlyd3h3kbh
1790509536588931605|container|exec_start: /bin/sh -c true|07f73d81b31ccee1dfcd0c250c96fa7a814bc61786514d746fe29050ef3eaa4b|t20-lat-svc-11.1.m6dvq42jq85yj08nlyd3h3kbh
1790509536613802261|container|exec_die|07f73d81b31ccee1dfcd0c250c96fa7a814bc61786514d746fe29050ef3eaa4b|t20-lat-svc-11.1.m6dvq42jq85yj08nlyd3h3kbh
1790509537614140175|container|exec_create: /bin/sh -c true|07f73d81b31ccee1dfcd0c250c96fa7a814bc61786514d746fe29050ef3eaa4b|t20-lat-svc-11.1.m6dvq42jq85yj08nlyd3h3kbh
1790509537614164857|container|exec_start: /bin/sh -c true|07f73d81b31ccee1dfcd0c250c96fa7a814bc61786514d746fe29050ef3eaa4b|t20-lat-svc-11.1.m6dvq42jq85yj08nlyd3h3kbh
1790509537639656940|container|exec_die|07f73d81b31ccee1dfcd0c250c96fa7a814bc61786514d746fe29050ef3eaa4b|t20-lat-svc-11.1.m6dvq42jq85yj08nlyd3h3kbh
1790509538640283416|container|exec_create: /bin/sh -c true|07f73d81b31ccee1dfcd0c250c96fa7a814bc61786514d746fe29050ef3eaa4b|t20-lat-svc-11.1.m6dvq42jq85yj08nlyd3h3kbh
1790509538640309449|container|exec_start: /bin/sh -c true|07f73d81b31ccee1dfcd0c250c96fa7a814bc61786514d746fe29050ef3eaa4b|t20-lat-svc-11.1.m6dvq42jq85yj08nlyd3h3kbh
1790509538664534769|container|exec_die|07f73d81b31ccee1dfcd0c250c96fa7a814bc61786514d746fe29050ef3eaa4b|t20-lat-svc-11.1.m6dvq42jq85yj08nlyd3h3kbh
1790509539665268330|container|exec_create: /bin/sh -c true|07f73d81b31ccee1dfcd0c250c96fa7a814bc61786514d746fe29050ef3eaa4b|t20-lat-svc-11.1.m6dvq42jq85yj08nlyd3h3kbh
1790509539665307086|container|exec_start: /bin/sh -c true|07f73d81b31ccee1dfcd0c250c96fa7a814bc61786514d746fe29050ef3eaa4b|t20-lat-svc-11.1.m6dvq42jq85yj08nlyd3h3kbh
1790509539690694885|container|exec_die|07f73d81b31ccee1dfcd0c250c96fa7a814bc61786514d746fe29050ef3eaa4b|t20-lat-svc-11.1.m6dvq42jq85yj08nlyd3h3kbh
1790509540691831102|container|exec_create: /bin/sh -c true|07f73d81b31ccee1dfcd0c250c96fa7a814bc61786514d746fe29050ef3eaa4b|t20-lat-svc-11.1.m6dvq42jq85yj08nlyd3h3kbh
1790509540691866045|container|exec_start: /bin/sh -c true|07f73d81b31ccee1dfcd0c250c96fa7a814bc61786514d746fe29050ef3eaa4b|t20-lat-svc-11.1.m6dvq42jq85yj08nlyd3h3kbh
1790509540715801977|container|exec_die|07f73d81b31ccee1dfcd0c250c96fa7a814bc61786514d746fe29050ef3eaa4b|t20-lat-svc-11.1.m6dvq42jq85yj08nlyd3h3kbh
1790509541716488957|container|exec_create: /bin/sh -c true|07f73d81b31ccee1dfcd0c250c96fa7a814bc61786514d746fe29050ef3eaa4b|t20-lat-svc-11.1.m6dvq42jq85yj08nlyd3h3kbh
1790509541716515640|container|exec_start: /bin/sh -c true|07f73d81b31ccee1dfcd0c250c96fa7a814bc61786514d746fe29050ef3eaa4b|t20-lat-svc-11.1.m6dvq42jq85yj08nlyd3h3kbh
1790509541741041938|container|exec_die|07f73d81b31ccee1dfcd0c250c96fa7a814bc61786514d746fe29050ef3eaa4b|t20-lat-svc-11.1.m6dvq42jq85yj08nlyd3h3kbh
1790509542741356247|container|exec_create: /bin/sh -c true|07f73d81b31ccee1dfcd0c250c96fa7a814bc61786514d746fe29050ef3eaa4b|t20-lat-svc-11.1.m6dvq42jq85yj08nlyd3h3kbh
1790509542741380260|container|exec_start: /bin/sh -c true|07f73d81b31ccee1dfcd0c250c96fa7a814bc61786514d746fe29050ef3eaa4b|t20-lat-svc-11.1.m6dvq42jq85yj08nlyd3h3kbh
1790509542765757388|container|exec_die|07f73d81b31ccee1dfcd0c250c96fa7a814bc61786514d746fe29050ef3eaa4b|t20-lat-svc-11.1.m6dvq42jq85yj08nlyd3h3kbh
1790509543767002675|container|exec_create: /bin/sh -c true|07f73d81b31ccee1dfcd0c250c96fa7a814bc61786514d746fe29050ef3eaa4b|t20-lat-svc-11.1.m6dvq42jq85yj08nlyd3h3kbh
1790509543767088578|container|exec_start: /bin/sh -c true|07f73d81b31ccee1dfcd0c250c96fa7a814bc61786514d746fe29050ef3eaa4b|t20-lat-svc-11.1.m6dvq42jq85yj08nlyd3h3kbh
1790509543791946909|container|exec_die|07f73d81b31ccee1dfcd0c250c96fa7a814bc61786514d746fe29050ef3eaa4b|t20-lat-svc-11.1.m6dvq42jq85yj08nlyd3h3kbh
1790509544793029058|container|exec_create: /bin/sh -c true|07f73d81b31ccee1dfcd0c250c96fa7a814bc61786514d746fe29050ef3eaa4b|t20-lat-svc-11.1.m6dvq42jq85yj08nlyd3h3kbh
1790509544793050437|container|exec_start: /bin/sh -c true|07f73d81b31ccee1dfcd0c250c96fa7a814bc61786514d746fe29050ef3eaa4b|t20-lat-svc-11.1.m6dvq42jq85yj08nlyd3h3kbh
1790509544818840353|container|exec_die|07f73d81b31ccee1dfcd0c250c96fa7a814bc61786514d746fe29050ef3eaa4b|t20-lat-svc-11.1.m6dvq42jq85yj08nlyd3h3kbh
1790509545819778821|container|exec_create: /bin/sh -c true|07f73d81b31ccee1dfcd0c250c96fa7a814bc61786514d746fe29050ef3eaa4b|t20-lat-svc-11.1.m6dvq42jq85yj08nlyd3h3kbh
1790509545819816066|container|exec_start: /bin/sh -c true|07f73d81b31ccee1dfcd0c250c96fa7a814bc61786514d746fe29050ef3eaa4b|t20-lat-svc-11.1.m6dvq42jq85yj08nlyd3h3kbh
1790509545843934235|container|exec_die|07f73d81b31ccee1dfcd0c250c96fa7a814bc61786514d746fe29050ef3eaa4b|t20-lat-svc-11.1.m6dvq42jq85yj08nlyd3h3kbh
1790509546402892056|container|kill|07f73d81b31ccee1dfcd0c250c96fa7a814bc61786514d746fe29050ef3eaa4b|t20-lat-svc-11.1.m6dvq42jq85yj08nlyd3h3kbh
1790509546559803622|network|disconnect|9851beeca5de58663c77abfb043b973396bb3f7f9aea89861e7e36f8f7713117|bridge
1790509546564067182|container|stop|07f73d81b31ccee1dfcd0c250c96fa7a814bc61786514d746fe29050ef3eaa4b|t20-lat-svc-11.1.m6dvq42jq85yj08nlyd3h3kbh
1790509546572941382|container|die|07f73d81b31ccee1dfcd0c250c96fa7a814bc61786514d746fe29050ef3eaa4b|t20-lat-svc-11.1.m6dvq42jq85yj08nlyd3h3kbh
1790509546886934614|network|connect|9851beeca5de58663c77abfb043b973396bb3f7f9aea89861e7e36f8f7713117|bridge
1790509546905926350|container|start|44ea44e2d049bd35aea9b4dadf91c87e9ba7d508cc27f73165c428ff5c450b7f|t20-lat-svc-11.1.w2brtp8xt8qmbbxko1onlh8rq
1790509547906275416|container|exec_create: /bin/sh -c true|44ea44e2d049bd35aea9b4dadf91c87e9ba7d508cc27f73165c428ff5c450b7f|t20-lat-svc-11.1.w2brtp8xt8qmbbxko1onlh8rq
1790509547906335273|container|exec_start: /bin/sh -c true|44ea44e2d049bd35aea9b4dadf91c87e9ba7d508cc27f73165c428ff5c450b7f|t20-lat-svc-11.1.w2brtp8xt8qmbbxko1onlh8rq
1790509547931532991|container|exec_die|44ea44e2d049bd35aea9b4dadf91c87e9ba7d508cc27f73165c428ff5c450b7f|t20-lat-svc-11.1.w2brtp8xt8qmbbxko1onlh8rq
1790509547931758744|container|health_status: healthy|44ea44e2d049bd35aea9b4dadf91c87e9ba7d508cc27f73165c428ff5c450b7f|t20-lat-svc-11.1.w2brtp8xt8qmbbxko1onlh8rq
1790509548484075514|service|remove|1cqcx4kxsyp9cpu7s9sk4ti3h|t20-lat-svc-11
1790509548881482422|container|destroy|07f73d81b31ccee1dfcd0c250c96fa7a814bc61786514d746fe29050ef3eaa4b|t20-lat-svc-11.1.m6dvq42jq85yj08nlyd3h3kbh
1790509548932858466|container|exec_create: /bin/sh -c true|44ea44e2d049bd35aea9b4dadf91c87e9ba7d508cc27f73165c428ff5c450b7f|t20-lat-svc-11.1.w2brtp8xt8qmbbxko1onlh8rq
1790509548932928600|container|exec_start: /bin/sh -c true|44ea44e2d049bd35aea9b4dadf91c87e9ba7d508cc27f73165c428ff5c450b7f|t20-lat-svc-11.1.w2brtp8xt8qmbbxko1onlh8rq
1790509548958141241|container|exec_die|44ea44e2d049bd35aea9b4dadf91c87e9ba7d508cc27f73165c428ff5c450b7f|t20-lat-svc-11.1.w2brtp8xt8qmbbxko1onlh8rq
1790509549612135069|container|kill|44ea44e2d049bd35aea9b4dadf91c87e9ba7d508cc27f73165c428ff5c450b7f|t20-lat-svc-11.1.w2brtp8xt8qmbbxko1onlh8rq
1790509549958659790|container|exec_create: /bin/sh -c true|44ea44e2d049bd35aea9b4dadf91c87e9ba7d508cc27f73165c428ff5c450b7f|t20-lat-svc-11.1.w2brtp8xt8qmbbxko1onlh8rq
1790509549958684784|container|exec_start: /bin/sh -c true|44ea44e2d049bd35aea9b4dadf91c87e9ba7d508cc27f73165c428ff5c450b7f|t20-lat-svc-11.1.w2brtp8xt8qmbbxko1onlh8rq
1790509549984466399|container|exec_die|44ea44e2d049bd35aea9b4dadf91c87e9ba7d508cc27f73165c428ff5c450b7f|t20-lat-svc-11.1.w2brtp8xt8qmbbxko1onlh8rq
1790509550985548204|container|exec_create: /bin/sh -c true|44ea44e2d049bd35aea9b4dadf91c87e9ba7d508cc27f73165c428ff5c450b7f|t20-lat-svc-11.1.w2brtp8xt8qmbbxko1onlh8rq
1790509550985571750|container|exec_start: /bin/sh -c true|44ea44e2d049bd35aea9b4dadf91c87e9ba7d508cc27f73165c428ff5c450b7f|t20-lat-svc-11.1.w2brtp8xt8qmbbxko1onlh8rq
1790509551010214926|container|exec_die|44ea44e2d049bd35aea9b4dadf91c87e9ba7d508cc27f73165c428ff5c450b7f|t20-lat-svc-11.1.w2brtp8xt8qmbbxko1onlh8rq
1790509552009203616|container|exec_create: /bin/sh -c true|44ea44e2d049bd35aea9b4dadf91c87e9ba7d508cc27f73165c428ff5c450b7f|t20-lat-svc-11.1.w2brtp8xt8qmbbxko1onlh8rq
1790509552009232192|container|exec_start: /bin/sh -c true|44ea44e2d049bd35aea9b4dadf91c87e9ba7d508cc27f73165c428ff5c450b7f|t20-lat-svc-11.1.w2brtp8xt8qmbbxko1onlh8rq
1790509552034839124|container|exec_die|44ea44e2d049bd35aea9b4dadf91c87e9ba7d508cc27f73165c428ff5c450b7f|t20-lat-svc-11.1.w2brtp8xt8qmbbxko1onlh8rq
1790509553035970322|container|exec_create: /bin/sh -c true|44ea44e2d049bd35aea9b4dadf91c87e9ba7d508cc27f73165c428ff5c450b7f|t20-lat-svc-11.1.w2brtp8xt8qmbbxko1onlh8rq
1790509553036004053|container|exec_start: /bin/sh -c true|44ea44e2d049bd35aea9b4dadf91c87e9ba7d508cc27f73165c428ff5c450b7f|t20-lat-svc-11.1.w2brtp8xt8qmbbxko1onlh8rq
1790509553060796770|container|exec_die|44ea44e2d049bd35aea9b4dadf91c87e9ba7d508cc27f73165c428ff5c450b7f|t20-lat-svc-11.1.w2brtp8xt8qmbbxko1onlh8rq
1790509554061232265|container|exec_create: /bin/sh -c true|44ea44e2d049bd35aea9b4dadf91c87e9ba7d508cc27f73165c428ff5c450b7f|t20-lat-svc-11.1.w2brtp8xt8qmbbxko1onlh8rq
1790509554061256435|container|exec_start: /bin/sh -c true|44ea44e2d049bd35aea9b4dadf91c87e9ba7d508cc27f73165c428ff5c450b7f|t20-lat-svc-11.1.w2brtp8xt8qmbbxko1onlh8rq
1790509554086016316|container|exec_die|44ea44e2d049bd35aea9b4dadf91c87e9ba7d508cc27f73165c428ff5c450b7f|t20-lat-svc-11.1.w2brtp8xt8qmbbxko1onlh8rq
1790509555086952916|container|exec_create: /bin/sh -c true|44ea44e2d049bd35aea9b4dadf91c87e9ba7d508cc27f73165c428ff5c450b7f|t20-lat-svc-11.1.w2brtp8xt8qmbbxko1onlh8rq
1790509555086985461|container|exec_start: /bin/sh -c true|44ea44e2d049bd35aea9b4dadf91c87e9ba7d508cc27f73165c428ff5c450b7f|t20-lat-svc-11.1.w2brtp8xt8qmbbxko1onlh8rq
1790509555112277481|container|exec_die|44ea44e2d049bd35aea9b4dadf91c87e9ba7d508cc27f73165c428ff5c450b7f|t20-lat-svc-11.1.w2brtp8xt8qmbbxko1onlh8rq
1790509556113565160|container|exec_create: /bin/sh -c true|44ea44e2d049bd35aea9b4dadf91c87e9ba7d508cc27f73165c428ff5c450b7f|t20-lat-svc-11.1.w2brtp8xt8qmbbxko1onlh8rq
1790509556113591031|container|exec_start: /bin/sh -c true|44ea44e2d049bd35aea9b4dadf91c87e9ba7d508cc27f73165c428ff5c450b7f|t20-lat-svc-11.1.w2brtp8xt8qmbbxko1onlh8rq
1790509556139011162|container|exec_die|44ea44e2d049bd35aea9b4dadf91c87e9ba7d508cc27f73165c428ff5c450b7f|t20-lat-svc-11.1.w2brtp8xt8qmbbxko1onlh8rq
1790509557139396617|container|exec_create: /bin/sh -c true|44ea44e2d049bd35aea9b4dadf91c87e9ba7d508cc27f73165c428ff5c450b7f|t20-lat-svc-11.1.w2brtp8xt8qmbbxko1onlh8rq
1790509557139433842|container|exec_start: /bin/sh -c true|44ea44e2d049bd35aea9b4dadf91c87e9ba7d508cc27f73165c428ff5c450b7f|t20-lat-svc-11.1.w2brtp8xt8qmbbxko1onlh8rq
1790509557165107792|container|exec_die|44ea44e2d049bd35aea9b4dadf91c87e9ba7d508cc27f73165c428ff5c450b7f|t20-lat-svc-11.1.w2brtp8xt8qmbbxko1onlh8rq
1790509558166122294|container|exec_create: /bin/sh -c true|44ea44e2d049bd35aea9b4dadf91c87e9ba7d508cc27f73165c428ff5c450b7f|t20-lat-svc-11.1.w2brtp8xt8qmbbxko1onlh8rq
1790509558166150826|container|exec_start: /bin/sh -c true|44ea44e2d049bd35aea9b4dadf91c87e9ba7d508cc27f73165c428ff5c450b7f|t20-lat-svc-11.1.w2brtp8xt8qmbbxko1onlh8rq
1790509558191414002|container|exec_die|44ea44e2d049bd35aea9b4dadf91c87e9ba7d508cc27f73165c428ff5c450b7f|t20-lat-svc-11.1.w2brtp8xt8qmbbxko1onlh8rq
1790509559191902085|container|exec_create: /bin/sh -c true|44ea44e2d049bd35aea9b4dadf91c87e9ba7d508cc27f73165c428ff5c450b7f|t20-lat-svc-11.1.w2brtp8xt8qmbbxko1onlh8rq
1790509559191936716|container|exec_start: /bin/sh -c true|44ea44e2d049bd35aea9b4dadf91c87e9ba7d508cc27f73165c428ff5c450b7f|t20-lat-svc-11.1.w2brtp8xt8qmbbxko1onlh8rq
1790509559215963517|container|exec_die|44ea44e2d049bd35aea9b4dadf91c87e9ba7d508cc27f73165c428ff5c450b7f|t20-lat-svc-11.1.w2brtp8xt8qmbbxko1onlh8rq
1790509559625170062|container|kill|44ea44e2d049bd35aea9b4dadf91c87e9ba7d508cc27f73165c428ff5c450b7f|t20-lat-svc-11.1.w2brtp8xt8qmbbxko1onlh8rq
1790509559774815460|network|disconnect|9851beeca5de58663c77abfb043b973396bb3f7f9aea89861e7e36f8f7713117|bridge
1790509559783555135|container|stop|44ea44e2d049bd35aea9b4dadf91c87e9ba7d508cc27f73165c428ff5c450b7f|t20-lat-svc-11.1.w2brtp8xt8qmbbxko1onlh8rq
1790509559791981925|container|die|44ea44e2d049bd35aea9b4dadf91c87e9ba7d508cc27f73165c428ff5c450b7f|t20-lat-svc-11.1.w2brtp8xt8qmbbxko1onlh8rq
1790509560230678171|container|destroy|44ea44e2d049bd35aea9b4dadf91c87e9ba7d508cc27f73165c428ff5c450b7f|t20-lat-svc-11.1.w2brtp8xt8qmbbxko1onlh8rq
1790509564638087062|service|create|il36iij9em5nrfl51b15buka3|t20-lat-svc-12
1790509564892346178|container|create|f8ebb1e79a58b3f68852d4f3be13b0948b5d9c33fe90ea2811fbbb7c725b55c9|t20-lat-svc-12.1.yw2am4ft0h6x8p1ldopsrz0ir
1790509565014220219|network|connect|9851beeca5de58663c77abfb043b973396bb3f7f9aea89861e7e36f8f7713117|bridge
1790509565033326188|container|start|f8ebb1e79a58b3f68852d4f3be13b0948b5d9c33fe90ea2811fbbb7c725b55c9|t20-lat-svc-12.1.yw2am4ft0h6x8p1ldopsrz0ir
1790509566033884335|container|exec_create: /bin/sh -c true|f8ebb1e79a58b3f68852d4f3be13b0948b5d9c33fe90ea2811fbbb7c725b55c9|t20-lat-svc-12.1.yw2am4ft0h6x8p1ldopsrz0ir
1790509566033957455|container|exec_start: /bin/sh -c true|f8ebb1e79a58b3f68852d4f3be13b0948b5d9c33fe90ea2811fbbb7c725b55c9|t20-lat-svc-12.1.yw2am4ft0h6x8p1ldopsrz0ir
1790509566059529110|container|exec_die|f8ebb1e79a58b3f68852d4f3be13b0948b5d9c33fe90ea2811fbbb7c725b55c9|t20-lat-svc-12.1.yw2am4ft0h6x8p1ldopsrz0ir
1790509566059720705|container|health_status: healthy|f8ebb1e79a58b3f68852d4f3be13b0948b5d9c33fe90ea2811fbbb7c725b55c9|t20-lat-svc-12.1.yw2am4ft0h6x8p1ldopsrz0ir
1790509566703398735|service|update|il36iij9em5nrfl51b15buka3|t20-lat-svc-12
1790509566708582490|service|update|il36iij9em5nrfl51b15buka3|t20-lat-svc-12
1790509566970345533|container|create|4d2fd50191983bcbdc5a32ab92f2802e5a2dc25014340d78c70ba0de6c4a2313|t20-lat-svc-12.1.llwcif3tu0l5x1c6ghvzvii58
1790509567060299674|container|exec_create: /bin/sh -c true|f8ebb1e79a58b3f68852d4f3be13b0948b5d9c33fe90ea2811fbbb7c725b55c9|t20-lat-svc-12.1.yw2am4ft0h6x8p1ldopsrz0ir
1790509567060342739|container|exec_start: /bin/sh -c true|f8ebb1e79a58b3f68852d4f3be13b0948b5d9c33fe90ea2811fbbb7c725b55c9|t20-lat-svc-12.1.yw2am4ft0h6x8p1ldopsrz0ir
1790509567084115184|container|exec_die|f8ebb1e79a58b3f68852d4f3be13b0948b5d9c33fe90ea2811fbbb7c725b55c9|t20-lat-svc-12.1.yw2am4ft0h6x8p1ldopsrz0ir
1790509567902752445|container|kill|f8ebb1e79a58b3f68852d4f3be13b0948b5d9c33fe90ea2811fbbb7c725b55c9|t20-lat-svc-12.1.yw2am4ft0h6x8p1ldopsrz0ir
1790509568085120327|container|exec_create: /bin/sh -c true|f8ebb1e79a58b3f68852d4f3be13b0948b5d9c33fe90ea2811fbbb7c725b55c9|t20-lat-svc-12.1.yw2am4ft0h6x8p1ldopsrz0ir
1790509568085155160|container|exec_start: /bin/sh -c true|f8ebb1e79a58b3f68852d4f3be13b0948b5d9c33fe90ea2811fbbb7c725b55c9|t20-lat-svc-12.1.yw2am4ft0h6x8p1ldopsrz0ir
1790509568109828632|container|exec_die|f8ebb1e79a58b3f68852d4f3be13b0948b5d9c33fe90ea2811fbbb7c725b55c9|t20-lat-svc-12.1.yw2am4ft0h6x8p1ldopsrz0ir
1790509569110249617|container|exec_create: /bin/sh -c true|f8ebb1e79a58b3f68852d4f3be13b0948b5d9c33fe90ea2811fbbb7c725b55c9|t20-lat-svc-12.1.yw2am4ft0h6x8p1ldopsrz0ir
1790509569110284470|container|exec_start: /bin/sh -c true|f8ebb1e79a58b3f68852d4f3be13b0948b5d9c33fe90ea2811fbbb7c725b55c9|t20-lat-svc-12.1.yw2am4ft0h6x8p1ldopsrz0ir
1790509569134560233|container|exec_die|f8ebb1e79a58b3f68852d4f3be13b0948b5d9c33fe90ea2811fbbb7c725b55c9|t20-lat-svc-12.1.yw2am4ft0h6x8p1ldopsrz0ir
1790509570135004731|container|exec_create: /bin/sh -c true|f8ebb1e79a58b3f68852d4f3be13b0948b5d9c33fe90ea2811fbbb7c725b55c9|t20-lat-svc-12.1.yw2am4ft0h6x8p1ldopsrz0ir
1790509570135028471|container|exec_start: /bin/sh -c true|f8ebb1e79a58b3f68852d4f3be13b0948b5d9c33fe90ea2811fbbb7c725b55c9|t20-lat-svc-12.1.yw2am4ft0h6x8p1ldopsrz0ir
1790509570159458665|container|exec_die|f8ebb1e79a58b3f68852d4f3be13b0948b5d9c33fe90ea2811fbbb7c725b55c9|t20-lat-svc-12.1.yw2am4ft0h6x8p1ldopsrz0ir
1790509571160602473|container|exec_create: /bin/sh -c true|f8ebb1e79a58b3f68852d4f3be13b0948b5d9c33fe90ea2811fbbb7c725b55c9|t20-lat-svc-12.1.yw2am4ft0h6x8p1ldopsrz0ir
1790509571160635578|container|exec_start: /bin/sh -c true|f8ebb1e79a58b3f68852d4f3be13b0948b5d9c33fe90ea2811fbbb7c725b55c9|t20-lat-svc-12.1.yw2am4ft0h6x8p1ldopsrz0ir
1790509571185530707|container|exec_die|f8ebb1e79a58b3f68852d4f3be13b0948b5d9c33fe90ea2811fbbb7c725b55c9|t20-lat-svc-12.1.yw2am4ft0h6x8p1ldopsrz0ir
1790509572186197577|container|exec_create: /bin/sh -c true|f8ebb1e79a58b3f68852d4f3be13b0948b5d9c33fe90ea2811fbbb7c725b55c9|t20-lat-svc-12.1.yw2am4ft0h6x8p1ldopsrz0ir
1790509572186240235|container|exec_start: /bin/sh -c true|f8ebb1e79a58b3f68852d4f3be13b0948b5d9c33fe90ea2811fbbb7c725b55c9|t20-lat-svc-12.1.yw2am4ft0h6x8p1ldopsrz0ir
1790509572210690329|container|exec_die|f8ebb1e79a58b3f68852d4f3be13b0948b5d9c33fe90ea2811fbbb7c725b55c9|t20-lat-svc-12.1.yw2am4ft0h6x8p1ldopsrz0ir
1790509573211623738|container|exec_create: /bin/sh -c true|f8ebb1e79a58b3f68852d4f3be13b0948b5d9c33fe90ea2811fbbb7c725b55c9|t20-lat-svc-12.1.yw2am4ft0h6x8p1ldopsrz0ir
1790509573211647595|container|exec_start: /bin/sh -c true|f8ebb1e79a58b3f68852d4f3be13b0948b5d9c33fe90ea2811fbbb7c725b55c9|t20-lat-svc-12.1.yw2am4ft0h6x8p1ldopsrz0ir
1790509573235535731|container|exec_die|f8ebb1e79a58b3f68852d4f3be13b0948b5d9c33fe90ea2811fbbb7c725b55c9|t20-lat-svc-12.1.yw2am4ft0h6x8p1ldopsrz0ir
1790509574236202525|container|exec_create: /bin/sh -c true|f8ebb1e79a58b3f68852d4f3be13b0948b5d9c33fe90ea2811fbbb7c725b55c9|t20-lat-svc-12.1.yw2am4ft0h6x8p1ldopsrz0ir
1790509574236243496|container|exec_start: /bin/sh -c true|f8ebb1e79a58b3f68852d4f3be13b0948b5d9c33fe90ea2811fbbb7c725b55c9|t20-lat-svc-12.1.yw2am4ft0h6x8p1ldopsrz0ir
1790509574261046537|container|exec_die|f8ebb1e79a58b3f68852d4f3be13b0948b5d9c33fe90ea2811fbbb7c725b55c9|t20-lat-svc-12.1.yw2am4ft0h6x8p1ldopsrz0ir
1790509575261499217|container|exec_create: /bin/sh -c true|f8ebb1e79a58b3f68852d4f3be13b0948b5d9c33fe90ea2811fbbb7c725b55c9|t20-lat-svc-12.1.yw2am4ft0h6x8p1ldopsrz0ir
1790509575261524248|container|exec_start: /bin/sh -c true|f8ebb1e79a58b3f68852d4f3be13b0948b5d9c33fe90ea2811fbbb7c725b55c9|t20-lat-svc-12.1.yw2am4ft0h6x8p1ldopsrz0ir
1790509575285801627|container|exec_die|f8ebb1e79a58b3f68852d4f3be13b0948b5d9c33fe90ea2811fbbb7c725b55c9|t20-lat-svc-12.1.yw2am4ft0h6x8p1ldopsrz0ir
1790509576286859255|container|exec_create: /bin/sh -c true|f8ebb1e79a58b3f68852d4f3be13b0948b5d9c33fe90ea2811fbbb7c725b55c9|t20-lat-svc-12.1.yw2am4ft0h6x8p1ldopsrz0ir
1790509576286885665|container|exec_start: /bin/sh -c true|f8ebb1e79a58b3f68852d4f3be13b0948b5d9c33fe90ea2811fbbb7c725b55c9|t20-lat-svc-12.1.yw2am4ft0h6x8p1ldopsrz0ir
1790509576311905987|container|exec_die|f8ebb1e79a58b3f68852d4f3be13b0948b5d9c33fe90ea2811fbbb7c725b55c9|t20-lat-svc-12.1.yw2am4ft0h6x8p1ldopsrz0ir
1790509577313310316|container|exec_create: /bin/sh -c true|f8ebb1e79a58b3f68852d4f3be13b0948b5d9c33fe90ea2811fbbb7c725b55c9|t20-lat-svc-12.1.yw2am4ft0h6x8p1ldopsrz0ir
1790509577313345750|container|exec_start: /bin/sh -c true|f8ebb1e79a58b3f68852d4f3be13b0948b5d9c33fe90ea2811fbbb7c725b55c9|t20-lat-svc-12.1.yw2am4ft0h6x8p1ldopsrz0ir
1790509577338751065|container|exec_die|f8ebb1e79a58b3f68852d4f3be13b0948b5d9c33fe90ea2811fbbb7c725b55c9|t20-lat-svc-12.1.yw2am4ft0h6x8p1ldopsrz0ir
1790509577917747606|container|kill|f8ebb1e79a58b3f68852d4f3be13b0948b5d9c33fe90ea2811fbbb7c725b55c9|t20-lat-svc-12.1.yw2am4ft0h6x8p1ldopsrz0ir
1790509578078617549|network|disconnect|9851beeca5de58663c77abfb043b973396bb3f7f9aea89861e7e36f8f7713117|bridge
1790509578084300163|container|stop|f8ebb1e79a58b3f68852d4f3be13b0948b5d9c33fe90ea2811fbbb7c725b55c9|t20-lat-svc-12.1.yw2am4ft0h6x8p1ldopsrz0ir
1790509578092650239|container|die|f8ebb1e79a58b3f68852d4f3be13b0948b5d9c33fe90ea2811fbbb7c725b55c9|t20-lat-svc-12.1.yw2am4ft0h6x8p1ldopsrz0ir
1790509578394744826|network|connect|9851beeca5de58663c77abfb043b973396bb3f7f9aea89861e7e36f8f7713117|bridge
1790509578411720475|container|start|4d2fd50191983bcbdc5a32ab92f2802e5a2dc25014340d78c70ba0de6c4a2313|t20-lat-svc-12.1.llwcif3tu0l5x1c6ghvzvii58
1790509579412611004|container|exec_create: /bin/sh -c true|4d2fd50191983bcbdc5a32ab92f2802e5a2dc25014340d78c70ba0de6c4a2313|t20-lat-svc-12.1.llwcif3tu0l5x1c6ghvzvii58
1790509579412676325|container|exec_start: /bin/sh -c true|4d2fd50191983bcbdc5a32ab92f2802e5a2dc25014340d78c70ba0de6c4a2313|t20-lat-svc-12.1.llwcif3tu0l5x1c6ghvzvii58
1790509579438250699|container|exec_die|4d2fd50191983bcbdc5a32ab92f2802e5a2dc25014340d78c70ba0de6c4a2313|t20-lat-svc-12.1.llwcif3tu0l5x1c6ghvzvii58
1790509579438536170|container|health_status: healthy|4d2fd50191983bcbdc5a32ab92f2802e5a2dc25014340d78c70ba0de6c4a2313|t20-lat-svc-12.1.llwcif3tu0l5x1c6ghvzvii58
1790509579999953018|service|remove|il36iij9em5nrfl51b15buka3|t20-lat-svc-12
1790509580393623970|container|destroy|f8ebb1e79a58b3f68852d4f3be13b0948b5d9c33fe90ea2811fbbb7c725b55c9|t20-lat-svc-12.1.yw2am4ft0h6x8p1ldopsrz0ir
1790509580439505279|container|exec_create: /bin/sh -c true|4d2fd50191983bcbdc5a32ab92f2802e5a2dc25014340d78c70ba0de6c4a2313|t20-lat-svc-12.1.llwcif3tu0l5x1c6ghvzvii58
1790509580439546744|container|exec_start: /bin/sh -c true|4d2fd50191983bcbdc5a32ab92f2802e5a2dc25014340d78c70ba0de6c4a2313|t20-lat-svc-12.1.llwcif3tu0l5x1c6ghvzvii58
1790509580463867426|container|exec_die|4d2fd50191983bcbdc5a32ab92f2802e5a2dc25014340d78c70ba0de6c4a2313|t20-lat-svc-12.1.llwcif3tu0l5x1c6ghvzvii58
1790509581129347251|container|kill|4d2fd50191983bcbdc5a32ab92f2802e5a2dc25014340d78c70ba0de6c4a2313|t20-lat-svc-12.1.llwcif3tu0l5x1c6ghvzvii58
1790509581465065018|container|exec_create: /bin/sh -c true|4d2fd50191983bcbdc5a32ab92f2802e5a2dc25014340d78c70ba0de6c4a2313|t20-lat-svc-12.1.llwcif3tu0l5x1c6ghvzvii58
1790509581465102885|container|exec_start: /bin/sh -c true|4d2fd50191983bcbdc5a32ab92f2802e5a2dc25014340d78c70ba0de6c4a2313|t20-lat-svc-12.1.llwcif3tu0l5x1c6ghvzvii58
1790509581488973521|container|exec_die|4d2fd50191983bcbdc5a32ab92f2802e5a2dc25014340d78c70ba0de6c4a2313|t20-lat-svc-12.1.llwcif3tu0l5x1c6ghvzvii58
1790509582488229445|container|exec_create: /bin/sh -c true|4d2fd50191983bcbdc5a32ab92f2802e5a2dc25014340d78c70ba0de6c4a2313|t20-lat-svc-12.1.llwcif3tu0l5x1c6ghvzvii58
1790509582488264161|container|exec_start: /bin/sh -c true|4d2fd50191983bcbdc5a32ab92f2802e5a2dc25014340d78c70ba0de6c4a2313|t20-lat-svc-12.1.llwcif3tu0l5x1c6ghvzvii58
1790509582512740267|container|exec_die|4d2fd50191983bcbdc5a32ab92f2802e5a2dc25014340d78c70ba0de6c4a2313|t20-lat-svc-12.1.llwcif3tu0l5x1c6ghvzvii58
1790509583513114910|container|exec_create: /bin/sh -c true|4d2fd50191983bcbdc5a32ab92f2802e5a2dc25014340d78c70ba0de6c4a2313|t20-lat-svc-12.1.llwcif3tu0l5x1c6ghvzvii58
1790509583513139521|container|exec_start: /bin/sh -c true|4d2fd50191983bcbdc5a32ab92f2802e5a2dc25014340d78c70ba0de6c4a2313|t20-lat-svc-12.1.llwcif3tu0l5x1c6ghvzvii58
1790509583538027519|container|exec_die|4d2fd50191983bcbdc5a32ab92f2802e5a2dc25014340d78c70ba0de6c4a2313|t20-lat-svc-12.1.llwcif3tu0l5x1c6ghvzvii58
1790509584538429925|container|exec_create: /bin/sh -c true|4d2fd50191983bcbdc5a32ab92f2802e5a2dc25014340d78c70ba0de6c4a2313|t20-lat-svc-12.1.llwcif3tu0l5x1c6ghvzvii58
1790509584538465000|container|exec_start: /bin/sh -c true|4d2fd50191983bcbdc5a32ab92f2802e5a2dc25014340d78c70ba0de6c4a2313|t20-lat-svc-12.1.llwcif3tu0l5x1c6ghvzvii58
1790509584562785365|container|exec_die|4d2fd50191983bcbdc5a32ab92f2802e5a2dc25014340d78c70ba0de6c4a2313|t20-lat-svc-12.1.llwcif3tu0l5x1c6ghvzvii58
1790509585563899339|container|exec_create: /bin/sh -c true|4d2fd50191983bcbdc5a32ab92f2802e5a2dc25014340d78c70ba0de6c4a2313|t20-lat-svc-12.1.llwcif3tu0l5x1c6ghvzvii58
1790509585563938252|container|exec_start: /bin/sh -c true|4d2fd50191983bcbdc5a32ab92f2802e5a2dc25014340d78c70ba0de6c4a2313|t20-lat-svc-12.1.llwcif3tu0l5x1c6ghvzvii58
1790509585590294274|container|exec_die|4d2fd50191983bcbdc5a32ab92f2802e5a2dc25014340d78c70ba0de6c4a2313|t20-lat-svc-12.1.llwcif3tu0l5x1c6ghvzvii58
1790509586591309981|container|exec_create: /bin/sh -c true|4d2fd50191983bcbdc5a32ab92f2802e5a2dc25014340d78c70ba0de6c4a2313|t20-lat-svc-12.1.llwcif3tu0l5x1c6ghvzvii58
1790509586591343543|container|exec_start: /bin/sh -c true|4d2fd50191983bcbdc5a32ab92f2802e5a2dc25014340d78c70ba0de6c4a2313|t20-lat-svc-12.1.llwcif3tu0l5x1c6ghvzvii58
1790509586615871793|container|exec_die|4d2fd50191983bcbdc5a32ab92f2802e5a2dc25014340d78c70ba0de6c4a2313|t20-lat-svc-12.1.llwcif3tu0l5x1c6ghvzvii58
1790509587616659811|container|exec_create: /bin/sh -c true|4d2fd50191983bcbdc5a32ab92f2802e5a2dc25014340d78c70ba0de6c4a2313|t20-lat-svc-12.1.llwcif3tu0l5x1c6ghvzvii58
1790509587616696878|container|exec_start: /bin/sh -c true|4d2fd50191983bcbdc5a32ab92f2802e5a2dc25014340d78c70ba0de6c4a2313|t20-lat-svc-12.1.llwcif3tu0l5x1c6ghvzvii58
1790509587642134458|container|exec_die|4d2fd50191983bcbdc5a32ab92f2802e5a2dc25014340d78c70ba0de6c4a2313|t20-lat-svc-12.1.llwcif3tu0l5x1c6ghvzvii58
1790509588642484483|container|exec_create: /bin/sh -c true|4d2fd50191983bcbdc5a32ab92f2802e5a2dc25014340d78c70ba0de6c4a2313|t20-lat-svc-12.1.llwcif3tu0l5x1c6ghvzvii58
1790509588642515911|container|exec_start: /bin/sh -c true|4d2fd50191983bcbdc5a32ab92f2802e5a2dc25014340d78c70ba0de6c4a2313|t20-lat-svc-12.1.llwcif3tu0l5x1c6ghvzvii58
1790509588666829970|container|exec_die|4d2fd50191983bcbdc5a32ab92f2802e5a2dc25014340d78c70ba0de6c4a2313|t20-lat-svc-12.1.llwcif3tu0l5x1c6ghvzvii58
1790509589667978835|container|exec_create: /bin/sh -c true|4d2fd50191983bcbdc5a32ab92f2802e5a2dc25014340d78c70ba0de6c4a2313|t20-lat-svc-12.1.llwcif3tu0l5x1c6ghvzvii58
1790509589668012877|container|exec_start: /bin/sh -c true|4d2fd50191983bcbdc5a32ab92f2802e5a2dc25014340d78c70ba0de6c4a2313|t20-lat-svc-12.1.llwcif3tu0l5x1c6ghvzvii58
1790509589693362757|container|exec_die|4d2fd50191983bcbdc5a32ab92f2802e5a2dc25014340d78c70ba0de6c4a2313|t20-lat-svc-12.1.llwcif3tu0l5x1c6ghvzvii58
1790509590694673231|container|exec_create: /bin/sh -c true|4d2fd50191983bcbdc5a32ab92f2802e5a2dc25014340d78c70ba0de6c4a2313|t20-lat-svc-12.1.llwcif3tu0l5x1c6ghvzvii58
1790509590694822250|container|exec_start: /bin/sh -c true|4d2fd50191983bcbdc5a32ab92f2802e5a2dc25014340d78c70ba0de6c4a2313|t20-lat-svc-12.1.llwcif3tu0l5x1c6ghvzvii58
1790509590719203950|container|exec_die|4d2fd50191983bcbdc5a32ab92f2802e5a2dc25014340d78c70ba0de6c4a2313|t20-lat-svc-12.1.llwcif3tu0l5x1c6ghvzvii58
1790509591142099164|container|kill|4d2fd50191983bcbdc5a32ab92f2802e5a2dc25014340d78c70ba0de6c4a2313|t20-lat-svc-12.1.llwcif3tu0l5x1c6ghvzvii58
1790509591297917186|network|disconnect|9851beeca5de58663c77abfb043b973396bb3f7f9aea89861e7e36f8f7713117|bridge
1790509591307597199|container|stop|4d2fd50191983bcbdc5a32ab92f2802e5a2dc25014340d78c70ba0de6c4a2313|t20-lat-svc-12.1.llwcif3tu0l5x1c6ghvzvii58
1790509591316014542|container|die|4d2fd50191983bcbdc5a32ab92f2802e5a2dc25014340d78c70ba0de6c4a2313|t20-lat-svc-12.1.llwcif3tu0l5x1c6ghvzvii58
1790509591744677677|container|destroy|4d2fd50191983bcbdc5a32ab92f2802e5a2dc25014340d78c70ba0de6c4a2313|t20-lat-svc-12.1.llwcif3tu0l5x1c6ghvzvii58
1790509594947905669|service|create|t9arz7hp9cxt7hwa09m5e2tpa|t20-lat-svc-13
1790509595203097815|container|create|e90de696473d62c96348015fb3c463772bb78d4a7e1673539c6bbb610af8e086|t20-lat-svc-13.1.sjjib24s78eg7ill5p6it8q02
1790509595336051481|network|connect|9851beeca5de58663c77abfb043b973396bb3f7f9aea89861e7e36f8f7713117|bridge
1790509595353133010|container|start|e90de696473d62c96348015fb3c463772bb78d4a7e1673539c6bbb610af8e086|t20-lat-svc-13.1.sjjib24s78eg7ill5p6it8q02
1790509596353629394|container|exec_create: /bin/sh -c true|e90de696473d62c96348015fb3c463772bb78d4a7e1673539c6bbb610af8e086|t20-lat-svc-13.1.sjjib24s78eg7ill5p6it8q02
1790509596353670379|container|exec_start: /bin/sh -c true|e90de696473d62c96348015fb3c463772bb78d4a7e1673539c6bbb610af8e086|t20-lat-svc-13.1.sjjib24s78eg7ill5p6it8q02
1790509596379409764|container|exec_die|e90de696473d62c96348015fb3c463772bb78d4a7e1673539c6bbb610af8e086|t20-lat-svc-13.1.sjjib24s78eg7ill5p6it8q02
1790509596379602730|container|health_status: healthy|e90de696473d62c96348015fb3c463772bb78d4a7e1673539c6bbb610af8e086|t20-lat-svc-13.1.sjjib24s78eg7ill5p6it8q02
1790509597015226248|service|update|t9arz7hp9cxt7hwa09m5e2tpa|t20-lat-svc-13
1790509597018280815|service|update|t9arz7hp9cxt7hwa09m5e2tpa|t20-lat-svc-13
1790509597282140500|container|create|e38a302298581e0b550d48e1bbf8e3c64a74433e8c2e0713edfd802824508f6c|t20-lat-svc-13.1.osxg3sqrhxuatk9146qptvgqa
1790509597379857069|container|exec_create: /bin/sh -c true|e90de696473d62c96348015fb3c463772bb78d4a7e1673539c6bbb610af8e086|t20-lat-svc-13.1.sjjib24s78eg7ill5p6it8q02
1790509597379880732|container|exec_start: /bin/sh -c true|e90de696473d62c96348015fb3c463772bb78d4a7e1673539c6bbb610af8e086|t20-lat-svc-13.1.sjjib24s78eg7ill5p6it8q02
1790509597405589131|container|exec_die|e90de696473d62c96348015fb3c463772bb78d4a7e1673539c6bbb610af8e086|t20-lat-svc-13.1.sjjib24s78eg7ill5p6it8q02
1790509598205300398|container|kill|e90de696473d62c96348015fb3c463772bb78d4a7e1673539c6bbb610af8e086|t20-lat-svc-13.1.sjjib24s78eg7ill5p6it8q02
1790509598406056761|container|exec_create: /bin/sh -c true|e90de696473d62c96348015fb3c463772bb78d4a7e1673539c6bbb610af8e086|t20-lat-svc-13.1.sjjib24s78eg7ill5p6it8q02
1790509598406081668|container|exec_start: /bin/sh -c true|e90de696473d62c96348015fb3c463772bb78d4a7e1673539c6bbb610af8e086|t20-lat-svc-13.1.sjjib24s78eg7ill5p6it8q02
1790509598431569594|container|exec_die|e90de696473d62c96348015fb3c463772bb78d4a7e1673539c6bbb610af8e086|t20-lat-svc-13.1.sjjib24s78eg7ill5p6it8q02
1790509599432745597|container|exec_create: /bin/sh -c true|e90de696473d62c96348015fb3c463772bb78d4a7e1673539c6bbb610af8e086|t20-lat-svc-13.1.sjjib24s78eg7ill5p6it8q02
1790509599432781615|container|exec_start: /bin/sh -c true|e90de696473d62c96348015fb3c463772bb78d4a7e1673539c6bbb610af8e086|t20-lat-svc-13.1.sjjib24s78eg7ill5p6it8q02
1790509599457686197|container|exec_die|e90de696473d62c96348015fb3c463772bb78d4a7e1673539c6bbb610af8e086|t20-lat-svc-13.1.sjjib24s78eg7ill5p6it8q02
1790509600458384993|container|exec_create: /bin/sh -c true|e90de696473d62c96348015fb3c463772bb78d4a7e1673539c6bbb610af8e086|t20-lat-svc-13.1.sjjib24s78eg7ill5p6it8q02
1790509600458416179|container|exec_start: /bin/sh -c true|e90de696473d62c96348015fb3c463772bb78d4a7e1673539c6bbb610af8e086|t20-lat-svc-13.1.sjjib24s78eg7ill5p6it8q02
1790509600483422238|container|exec_die|e90de696473d62c96348015fb3c463772bb78d4a7e1673539c6bbb610af8e086|t20-lat-svc-13.1.sjjib24s78eg7ill5p6it8q02
1790509601484338274|container|exec_create: /bin/sh -c true|e90de696473d62c96348015fb3c463772bb78d4a7e1673539c6bbb610af8e086|t20-lat-svc-13.1.sjjib24s78eg7ill5p6it8q02
1790509601484373937|container|exec_start: /bin/sh -c true|e90de696473d62c96348015fb3c463772bb78d4a7e1673539c6bbb610af8e086|t20-lat-svc-13.1.sjjib24s78eg7ill5p6it8q02
1790509601508717239|container|exec_die|e90de696473d62c96348015fb3c463772bb78d4a7e1673539c6bbb610af8e086|t20-lat-svc-13.1.sjjib24s78eg7ill5p6it8q02
1790509602510171941|container|exec_create: /bin/sh -c true|e90de696473d62c96348015fb3c463772bb78d4a7e1673539c6bbb610af8e086|t20-lat-svc-13.1.sjjib24s78eg7ill5p6it8q02
1790509602510195883|container|exec_start: /bin/sh -c true|e90de696473d62c96348015fb3c463772bb78d4a7e1673539c6bbb610af8e086|t20-lat-svc-13.1.sjjib24s78eg7ill5p6it8q02
1790509602534305306|container|exec_die|e90de696473d62c96348015fb3c463772bb78d4a7e1673539c6bbb610af8e086|t20-lat-svc-13.1.sjjib24s78eg7ill5p6it8q02
1790509603534939587|container|exec_create: /bin/sh -c true|e90de696473d62c96348015fb3c463772bb78d4a7e1673539c6bbb610af8e086|t20-lat-svc-13.1.sjjib24s78eg7ill5p6it8q02
1790509603534976214|container|exec_start: /bin/sh -c true|e90de696473d62c96348015fb3c463772bb78d4a7e1673539c6bbb610af8e086|t20-lat-svc-13.1.sjjib24s78eg7ill5p6it8q02
1790509603559574042|container|exec_die|e90de696473d62c96348015fb3c463772bb78d4a7e1673539c6bbb610af8e086|t20-lat-svc-13.1.sjjib24s78eg7ill5p6it8q02
1790509604560017302|container|exec_create: /bin/sh -c true|e90de696473d62c96348015fb3c463772bb78d4a7e1673539c6bbb610af8e086|t20-lat-svc-13.1.sjjib24s78eg7ill5p6it8q02
1790509604560052339|container|exec_start: /bin/sh -c true|e90de696473d62c96348015fb3c463772bb78d4a7e1673539c6bbb610af8e086|t20-lat-svc-13.1.sjjib24s78eg7ill5p6it8q02
1790509604584886140|container|exec_die|e90de696473d62c96348015fb3c463772bb78d4a7e1673539c6bbb610af8e086|t20-lat-svc-13.1.sjjib24s78eg7ill5p6it8q02
1790509605586040734|container|exec_create: /bin/sh -c true|e90de696473d62c96348015fb3c463772bb78d4a7e1673539c6bbb610af8e086|t20-lat-svc-13.1.sjjib24s78eg7ill5p6it8q02
1790509605586075681|container|exec_start: /bin/sh -c true|e90de696473d62c96348015fb3c463772bb78d4a7e1673539c6bbb610af8e086|t20-lat-svc-13.1.sjjib24s78eg7ill5p6it8q02
1790509605609770430|container|exec_die|e90de696473d62c96348015fb3c463772bb78d4a7e1673539c6bbb610af8e086|t20-lat-svc-13.1.sjjib24s78eg7ill5p6it8q02
1790509606610445085|container|exec_create: /bin/sh -c true|e90de696473d62c96348015fb3c463772bb78d4a7e1673539c6bbb610af8e086|t20-lat-svc-13.1.sjjib24s78eg7ill5p6it8q02
1790509606610469477|container|exec_start: /bin/sh -c true|e90de696473d62c96348015fb3c463772bb78d4a7e1673539c6bbb610af8e086|t20-lat-svc-13.1.sjjib24s78eg7ill5p6it8q02
1790509606634467379|container|exec_die|e90de696473d62c96348015fb3c463772bb78d4a7e1673539c6bbb610af8e086|t20-lat-svc-13.1.sjjib24s78eg7ill5p6it8q02
1790509607635394990|container|exec_create: /bin/sh -c true|e90de696473d62c96348015fb3c463772bb78d4a7e1673539c6bbb610af8e086|t20-lat-svc-13.1.sjjib24s78eg7ill5p6it8q02
1790509607635422238|container|exec_start: /bin/sh -c true|e90de696473d62c96348015fb3c463772bb78d4a7e1673539c6bbb610af8e086|t20-lat-svc-13.1.sjjib24s78eg7ill5p6it8q02
1790509607660899913|container|exec_die|e90de696473d62c96348015fb3c463772bb78d4a7e1673539c6bbb610af8e086|t20-lat-svc-13.1.sjjib24s78eg7ill5p6it8q02
1790509608219456216|container|kill|e90de696473d62c96348015fb3c463772bb78d4a7e1673539c6bbb610af8e086|t20-lat-svc-13.1.sjjib24s78eg7ill5p6it8q02
1790509608349437087|network|disconnect|9851beeca5de58663c77abfb043b973396bb3f7f9aea89861e7e36f8f7713117|bridge
1790509608358163092|container|stop|e90de696473d62c96348015fb3c463772bb78d4a7e1673539c6bbb610af8e086|t20-lat-svc-13.1.sjjib24s78eg7ill5p6it8q02
1790509608366694629|container|die|e90de696473d62c96348015fb3c463772bb78d4a7e1673539c6bbb610af8e086|t20-lat-svc-13.1.sjjib24s78eg7ill5p6it8q02
1790509608706592696|network|connect|9851beeca5de58663c77abfb043b973396bb3f7f9aea89861e7e36f8f7713117|bridge
1790509608729619789|container|start|e38a302298581e0b550d48e1bbf8e3c64a74433e8c2e0713edfd802824508f6c|t20-lat-svc-13.1.osxg3sqrhxuatk9146qptvgqa
1790509609730342072|container|exec_create: /bin/sh -c true|e38a302298581e0b550d48e1bbf8e3c64a74433e8c2e0713edfd802824508f6c|t20-lat-svc-13.1.osxg3sqrhxuatk9146qptvgqa
1790509609730376964|container|exec_start: /bin/sh -c true|e38a302298581e0b550d48e1bbf8e3c64a74433e8c2e0713edfd802824508f6c|t20-lat-svc-13.1.osxg3sqrhxuatk9146qptvgqa
1790509609754737956|container|exec_die|e38a302298581e0b550d48e1bbf8e3c64a74433e8c2e0713edfd802824508f6c|t20-lat-svc-13.1.osxg3sqrhxuatk9146qptvgqa
1790509609754953847|container|health_status: healthy|e38a302298581e0b550d48e1bbf8e3c64a74433e8c2e0713edfd802824508f6c|t20-lat-svc-13.1.osxg3sqrhxuatk9146qptvgqa
1790509610308747851|service|remove|t9arz7hp9cxt7hwa09m5e2tpa|t20-lat-svc-13
1790509610707222207|container|destroy|e90de696473d62c96348015fb3c463772bb78d4a7e1673539c6bbb610af8e086|t20-lat-svc-13.1.sjjib24s78eg7ill5p6it8q02
1790509610755619460|container|exec_create: /bin/sh -c true|e38a302298581e0b550d48e1bbf8e3c64a74433e8c2e0713edfd802824508f6c|t20-lat-svc-13.1.osxg3sqrhxuatk9146qptvgqa
1790509610755645221|container|exec_start: /bin/sh -c true|e38a302298581e0b550d48e1bbf8e3c64a74433e8c2e0713edfd802824508f6c|t20-lat-svc-13.1.osxg3sqrhxuatk9146qptvgqa
1790509610779708808|container|exec_die|e38a302298581e0b550d48e1bbf8e3c64a74433e8c2e0713edfd802824508f6c|t20-lat-svc-13.1.osxg3sqrhxuatk9146qptvgqa
1790509611435633559|container|kill|e38a302298581e0b550d48e1bbf8e3c64a74433e8c2e0713edfd802824508f6c|t20-lat-svc-13.1.osxg3sqrhxuatk9146qptvgqa
1790509611780787828|container|exec_create: /bin/sh -c true|e38a302298581e0b550d48e1bbf8e3c64a74433e8c2e0713edfd802824508f6c|t20-lat-svc-13.1.osxg3sqrhxuatk9146qptvgqa
1790509611780810720|container|exec_start: /bin/sh -c true|e38a302298581e0b550d48e1bbf8e3c64a74433e8c2e0713edfd802824508f6c|t20-lat-svc-13.1.osxg3sqrhxuatk9146qptvgqa
1790509611804801501|container|exec_die|e38a302298581e0b550d48e1bbf8e3c64a74433e8c2e0713edfd802824508f6c|t20-lat-svc-13.1.osxg3sqrhxuatk9146qptvgqa
1790509612803422872|container|exec_create: /bin/sh -c true|e38a302298581e0b550d48e1bbf8e3c64a74433e8c2e0713edfd802824508f6c|t20-lat-svc-13.1.osxg3sqrhxuatk9146qptvgqa
1790509612803447055|container|exec_start: /bin/sh -c true|e38a302298581e0b550d48e1bbf8e3c64a74433e8c2e0713edfd802824508f6c|t20-lat-svc-13.1.osxg3sqrhxuatk9146qptvgqa
1790509612827886098|container|exec_die|e38a302298581e0b550d48e1bbf8e3c64a74433e8c2e0713edfd802824508f6c|t20-lat-svc-13.1.osxg3sqrhxuatk9146qptvgqa
1790509613828582227|container|exec_create: /bin/sh -c true|e38a302298581e0b550d48e1bbf8e3c64a74433e8c2e0713edfd802824508f6c|t20-lat-svc-13.1.osxg3sqrhxuatk9146qptvgqa
1790509613828621707|container|exec_start: /bin/sh -c true|e38a302298581e0b550d48e1bbf8e3c64a74433e8c2e0713edfd802824508f6c|t20-lat-svc-13.1.osxg3sqrhxuatk9146qptvgqa
1790509613852995432|container|exec_die|e38a302298581e0b550d48e1bbf8e3c64a74433e8c2e0713edfd802824508f6c|t20-lat-svc-13.1.osxg3sqrhxuatk9146qptvgqa
1790509614853790555|container|exec_create: /bin/sh -c true|e38a302298581e0b550d48e1bbf8e3c64a74433e8c2e0713edfd802824508f6c|t20-lat-svc-13.1.osxg3sqrhxuatk9146qptvgqa
1790509614853814421|container|exec_start: /bin/sh -c true|e38a302298581e0b550d48e1bbf8e3c64a74433e8c2e0713edfd802824508f6c|t20-lat-svc-13.1.osxg3sqrhxuatk9146qptvgqa
1790509614879020363|container|exec_die|e38a302298581e0b550d48e1bbf8e3c64a74433e8c2e0713edfd802824508f6c|t20-lat-svc-13.1.osxg3sqrhxuatk9146qptvgqa
1790509615879891545|container|exec_create: /bin/sh -c true|e38a302298581e0b550d48e1bbf8e3c64a74433e8c2e0713edfd802824508f6c|t20-lat-svc-13.1.osxg3sqrhxuatk9146qptvgqa
1790509615879918631|container|exec_start: /bin/sh -c true|e38a302298581e0b550d48e1bbf8e3c64a74433e8c2e0713edfd802824508f6c|t20-lat-svc-13.1.osxg3sqrhxuatk9146qptvgqa
1790509615905110757|container|exec_die|e38a302298581e0b550d48e1bbf8e3c64a74433e8c2e0713edfd802824508f6c|t20-lat-svc-13.1.osxg3sqrhxuatk9146qptvgqa
1790509616905958103|container|exec_create: /bin/sh -c true|e38a302298581e0b550d48e1bbf8e3c64a74433e8c2e0713edfd802824508f6c|t20-lat-svc-13.1.osxg3sqrhxuatk9146qptvgqa
1790509616905985042|container|exec_start: /bin/sh -c true|e38a302298581e0b550d48e1bbf8e3c64a74433e8c2e0713edfd802824508f6c|t20-lat-svc-13.1.osxg3sqrhxuatk9146qptvgqa
1790509616932385586|container|exec_die|e38a302298581e0b550d48e1bbf8e3c64a74433e8c2e0713edfd802824508f6c|t20-lat-svc-13.1.osxg3sqrhxuatk9146qptvgqa
1790509617933369459|container|exec_create: /bin/sh -c true|e38a302298581e0b550d48e1bbf8e3c64a74433e8c2e0713edfd802824508f6c|t20-lat-svc-13.1.osxg3sqrhxuatk9146qptvgqa
1790509617933404695|container|exec_start: /bin/sh -c true|e38a302298581e0b550d48e1bbf8e3c64a74433e8c2e0713edfd802824508f6c|t20-lat-svc-13.1.osxg3sqrhxuatk9146qptvgqa
1790509617958215490|container|exec_die|e38a302298581e0b550d48e1bbf8e3c64a74433e8c2e0713edfd802824508f6c|t20-lat-svc-13.1.osxg3sqrhxuatk9146qptvgqa
1790509618958945144|container|exec_create: /bin/sh -c true|e38a302298581e0b550d48e1bbf8e3c64a74433e8c2e0713edfd802824508f6c|t20-lat-svc-13.1.osxg3sqrhxuatk9146qptvgqa
1790509618958982535|container|exec_start: /bin/sh -c true|e38a302298581e0b550d48e1bbf8e3c64a74433e8c2e0713edfd802824508f6c|t20-lat-svc-13.1.osxg3sqrhxuatk9146qptvgqa
1790509618985301202|container|exec_die|e38a302298581e0b550d48e1bbf8e3c64a74433e8c2e0713edfd802824508f6c|t20-lat-svc-13.1.osxg3sqrhxuatk9146qptvgqa
1790509619985664050|container|exec_create: /bin/sh -c true|e38a302298581e0b550d48e1bbf8e3c64a74433e8c2e0713edfd802824508f6c|t20-lat-svc-13.1.osxg3sqrhxuatk9146qptvgqa
1790509619985741279|container|exec_start: /bin/sh -c true|e38a302298581e0b550d48e1bbf8e3c64a74433e8c2e0713edfd802824508f6c|t20-lat-svc-13.1.osxg3sqrhxuatk9146qptvgqa
1790509620010211370|container|exec_die|e38a302298581e0b550d48e1bbf8e3c64a74433e8c2e0713edfd802824508f6c|t20-lat-svc-13.1.osxg3sqrhxuatk9146qptvgqa
1790509621011195889|container|exec_create: /bin/sh -c true|e38a302298581e0b550d48e1bbf8e3c64a74433e8c2e0713edfd802824508f6c|t20-lat-svc-13.1.osxg3sqrhxuatk9146qptvgqa
1790509621011228937|container|exec_start: /bin/sh -c true|e38a302298581e0b550d48e1bbf8e3c64a74433e8c2e0713edfd802824508f6c|t20-lat-svc-13.1.osxg3sqrhxuatk9146qptvgqa
1790509621036465511|container|exec_die|e38a302298581e0b550d48e1bbf8e3c64a74433e8c2e0713edfd802824508f6c|t20-lat-svc-13.1.osxg3sqrhxuatk9146qptvgqa
1790509621448262365|container|kill|e38a302298581e0b550d48e1bbf8e3c64a74433e8c2e0713edfd802824508f6c|t20-lat-svc-13.1.osxg3sqrhxuatk9146qptvgqa
1790509621597170144|network|disconnect|9851beeca5de58663c77abfb043b973396bb3f7f9aea89861e7e36f8f7713117|bridge
1790509621606051430|container|stop|e38a302298581e0b550d48e1bbf8e3c64a74433e8c2e0713edfd802824508f6c|t20-lat-svc-13.1.osxg3sqrhxuatk9146qptvgqa
1790509621614298028|container|die|e38a302298581e0b550d48e1bbf8e3c64a74433e8c2e0713edfd802824508f6c|t20-lat-svc-13.1.osxg3sqrhxuatk9146qptvgqa
1790509622050815573|container|destroy|e38a302298581e0b550d48e1bbf8e3c64a74433e8c2e0713edfd802824508f6c|t20-lat-svc-13.1.osxg3sqrhxuatk9146qptvgqa
1790509625263157532|service|create|fm7a5k97bsicibqzdyiogyne3|t20-lat-svc-14
1790509625525435400|container|create|3c9c75f710bd664b5a887937914d70917c12d06a2834a4fdd62a064d1d782d9e|t20-lat-svc-14.1.7y29xh5d09y0u2k79g5xr9ucq
1790509625661458066|network|connect|9851beeca5de58663c77abfb043b973396bb3f7f9aea89861e7e36f8f7713117|bridge
1790509625679352218|container|start|3c9c75f710bd664b5a887937914d70917c12d06a2834a4fdd62a064d1d782d9e|t20-lat-svc-14.1.7y29xh5d09y0u2k79g5xr9ucq
1790509626680088982|container|exec_create: /bin/sh -c true|3c9c75f710bd664b5a887937914d70917c12d06a2834a4fdd62a064d1d782d9e|t20-lat-svc-14.1.7y29xh5d09y0u2k79g5xr9ucq
1790509626680153905|container|exec_start: /bin/sh -c true|3c9c75f710bd664b5a887937914d70917c12d06a2834a4fdd62a064d1d782d9e|t20-lat-svc-14.1.7y29xh5d09y0u2k79g5xr9ucq
1790509626705838765|container|exec_die|3c9c75f710bd664b5a887937914d70917c12d06a2834a4fdd62a064d1d782d9e|t20-lat-svc-14.1.7y29xh5d09y0u2k79g5xr9ucq
1790509626706028067|container|health_status: healthy|3c9c75f710bd664b5a887937914d70917c12d06a2834a4fdd62a064d1d782d9e|t20-lat-svc-14.1.7y29xh5d09y0u2k79g5xr9ucq
1790509627330862700|service|update|fm7a5k97bsicibqzdyiogyne3|t20-lat-svc-14
1790509627333526210|service|update|fm7a5k97bsicibqzdyiogyne3|t20-lat-svc-14
1790509627600464468|container|create|836aee0dac48313affe5bd005e316f188df250686d1035a75b711e7ef5b5bba3|t20-lat-svc-14.1.stziyrxgup8enf755ksvovcny
1790509627706753223|container|exec_create: /bin/sh -c true|3c9c75f710bd664b5a887937914d70917c12d06a2834a4fdd62a064d1d782d9e|t20-lat-svc-14.1.7y29xh5d09y0u2k79g5xr9ucq
1790509627706775967|container|exec_start: /bin/sh -c true|3c9c75f710bd664b5a887937914d70917c12d06a2834a4fdd62a064d1d782d9e|t20-lat-svc-14.1.7y29xh5d09y0u2k79g5xr9ucq
1790509627730346224|container|exec_die|3c9c75f710bd664b5a887937914d70917c12d06a2834a4fdd62a064d1d782d9e|t20-lat-svc-14.1.7y29xh5d09y0u2k79g5xr9ucq
1790509628520565241|container|kill|3c9c75f710bd664b5a887937914d70917c12d06a2834a4fdd62a064d1d782d9e|t20-lat-svc-14.1.7y29xh5d09y0u2k79g5xr9ucq
1790509628730735116|container|exec_create: /bin/sh -c true|3c9c75f710bd664b5a887937914d70917c12d06a2834a4fdd62a064d1d782d9e|t20-lat-svc-14.1.7y29xh5d09y0u2k79g5xr9ucq
1790509628730772951|container|exec_start: /bin/sh -c true|3c9c75f710bd664b5a887937914d70917c12d06a2834a4fdd62a064d1d782d9e|t20-lat-svc-14.1.7y29xh5d09y0u2k79g5xr9ucq
1790509628754708707|container|exec_die|3c9c75f710bd664b5a887937914d70917c12d06a2834a4fdd62a064d1d782d9e|t20-lat-svc-14.1.7y29xh5d09y0u2k79g5xr9ucq
1790509629755537040|container|exec_create: /bin/sh -c true|3c9c75f710bd664b5a887937914d70917c12d06a2834a4fdd62a064d1d782d9e|t20-lat-svc-14.1.7y29xh5d09y0u2k79g5xr9ucq
1790509629755562032|container|exec_start: /bin/sh -c true|3c9c75f710bd664b5a887937914d70917c12d06a2834a4fdd62a064d1d782d9e|t20-lat-svc-14.1.7y29xh5d09y0u2k79g5xr9ucq
1790509629780604289|container|exec_die|3c9c75f710bd664b5a887937914d70917c12d06a2834a4fdd62a064d1d782d9e|t20-lat-svc-14.1.7y29xh5d09y0u2k79g5xr9ucq
1790509630781177996|container|exec_create: /bin/sh -c true|3c9c75f710bd664b5a887937914d70917c12d06a2834a4fdd62a064d1d782d9e|t20-lat-svc-14.1.7y29xh5d09y0u2k79g5xr9ucq
1790509630781203477|container|exec_start: /bin/sh -c true|3c9c75f710bd664b5a887937914d70917c12d06a2834a4fdd62a064d1d782d9e|t20-lat-svc-14.1.7y29xh5d09y0u2k79g5xr9ucq
1790509630807037137|container|exec_die|3c9c75f710bd664b5a887937914d70917c12d06a2834a4fdd62a064d1d782d9e|t20-lat-svc-14.1.7y29xh5d09y0u2k79g5xr9ucq
1790509631807771068|container|exec_create: /bin/sh -c true|3c9c75f710bd664b5a887937914d70917c12d06a2834a4fdd62a064d1d782d9e|t20-lat-svc-14.1.7y29xh5d09y0u2k79g5xr9ucq
1790509631807806905|container|exec_start: /bin/sh -c true|3c9c75f710bd664b5a887937914d70917c12d06a2834a4fdd62a064d1d782d9e|t20-lat-svc-14.1.7y29xh5d09y0u2k79g5xr9ucq
1790509631831724357|container|exec_die|3c9c75f710bd664b5a887937914d70917c12d06a2834a4fdd62a064d1d782d9e|t20-lat-svc-14.1.7y29xh5d09y0u2k79g5xr9ucq
1790509632831986481|container|exec_create: /bin/sh -c true|3c9c75f710bd664b5a887937914d70917c12d06a2834a4fdd62a064d1d782d9e|t20-lat-svc-14.1.7y29xh5d09y0u2k79g5xr9ucq
1790509632832010502|container|exec_start: /bin/sh -c true|3c9c75f710bd664b5a887937914d70917c12d06a2834a4fdd62a064d1d782d9e|t20-lat-svc-14.1.7y29xh5d09y0u2k79g5xr9ucq
1790509632859905263|container|exec_die|3c9c75f710bd664b5a887937914d70917c12d06a2834a4fdd62a064d1d782d9e|t20-lat-svc-14.1.7y29xh5d09y0u2k79g5xr9ucq
1790509633860849709|container|exec_create: /bin/sh -c true|3c9c75f710bd664b5a887937914d70917c12d06a2834a4fdd62a064d1d782d9e|t20-lat-svc-14.1.7y29xh5d09y0u2k79g5xr9ucq
1790509633860882706|container|exec_start: /bin/sh -c true|3c9c75f710bd664b5a887937914d70917c12d06a2834a4fdd62a064d1d782d9e|t20-lat-svc-14.1.7y29xh5d09y0u2k79g5xr9ucq
1790509633884444499|container|exec_die|3c9c75f710bd664b5a887937914d70917c12d06a2834a4fdd62a064d1d782d9e|t20-lat-svc-14.1.7y29xh5d09y0u2k79g5xr9ucq
1790509634885542236|container|exec_create: /bin/sh -c true|3c9c75f710bd664b5a887937914d70917c12d06a2834a4fdd62a064d1d782d9e|t20-lat-svc-14.1.7y29xh5d09y0u2k79g5xr9ucq
1790509634885570016|container|exec_start: /bin/sh -c true|3c9c75f710bd664b5a887937914d70917c12d06a2834a4fdd62a064d1d782d9e|t20-lat-svc-14.1.7y29xh5d09y0u2k79g5xr9ucq
1790509634910246996|container|exec_die|3c9c75f710bd664b5a887937914d70917c12d06a2834a4fdd62a064d1d782d9e|t20-lat-svc-14.1.7y29xh5d09y0u2k79g5xr9ucq
1790509635910822991|container|exec_create: /bin/sh -c true|3c9c75f710bd664b5a887937914d70917c12d06a2834a4fdd62a064d1d782d9e|t20-lat-svc-14.1.7y29xh5d09y0u2k79g5xr9ucq
1790509635910859092|container|exec_start: /bin/sh -c true|3c9c75f710bd664b5a887937914d70917c12d06a2834a4fdd62a064d1d782d9e|t20-lat-svc-14.1.7y29xh5d09y0u2k79g5xr9ucq
1790509635934928621|container|exec_die|3c9c75f710bd664b5a887937914d70917c12d06a2834a4fdd62a064d1d782d9e|t20-lat-svc-14.1.7y29xh5d09y0u2k79g5xr9ucq
1790509636935760340|container|exec_create: /bin/sh -c true|3c9c75f710bd664b5a887937914d70917c12d06a2834a4fdd62a064d1d782d9e|t20-lat-svc-14.1.7y29xh5d09y0u2k79g5xr9ucq
1790509636935784121|container|exec_start: /bin/sh -c true|3c9c75f710bd664b5a887937914d70917c12d06a2834a4fdd62a064d1d782d9e|t20-lat-svc-14.1.7y29xh5d09y0u2k79g5xr9ucq
1790509636960320227|container|exec_die|3c9c75f710bd664b5a887937914d70917c12d06a2834a4fdd62a064d1d782d9e|t20-lat-svc-14.1.7y29xh5d09y0u2k79g5xr9ucq
1790509637961447459|container|exec_create: /bin/sh -c true|3c9c75f710bd664b5a887937914d70917c12d06a2834a4fdd62a064d1d782d9e|t20-lat-svc-14.1.7y29xh5d09y0u2k79g5xr9ucq
1790509637961475194|container|exec_start: /bin/sh -c true|3c9c75f710bd664b5a887937914d70917c12d06a2834a4fdd62a064d1d782d9e|t20-lat-svc-14.1.7y29xh5d09y0u2k79g5xr9ucq
1790509637986025424|container|exec_die|3c9c75f710bd664b5a887937914d70917c12d06a2834a4fdd62a064d1d782d9e|t20-lat-svc-14.1.7y29xh5d09y0u2k79g5xr9ucq
1790509638534123582|container|kill|3c9c75f710bd664b5a887937914d70917c12d06a2834a4fdd62a064d1d782d9e|t20-lat-svc-14.1.7y29xh5d09y0u2k79g5xr9ucq
1790509638675805563|network|disconnect|9851beeca5de58663c77abfb043b973396bb3f7f9aea89861e7e36f8f7713117|bridge
1790509638685671410|container|stop|3c9c75f710bd664b5a887937914d70917c12d06a2834a4fdd62a064d1d782d9e|t20-lat-svc-14.1.7y29xh5d09y0u2k79g5xr9ucq
1790509638694059500|container|die|3c9c75f710bd664b5a887937914d70917c12d06a2834a4fdd62a064d1d782d9e|t20-lat-svc-14.1.7y29xh5d09y0u2k79g5xr9ucq
1790509639017987939|network|connect|9851beeca5de58663c77abfb043b973396bb3f7f9aea89861e7e36f8f7713117|bridge
1790509639037043105|container|start|836aee0dac48313affe5bd005e316f188df250686d1035a75b711e7ef5b5bba3|t20-lat-svc-14.1.stziyrxgup8enf755ksvovcny
1790509640038192996|container|exec_create: /bin/sh -c true|836aee0dac48313affe5bd005e316f188df250686d1035a75b711e7ef5b5bba3|t20-lat-svc-14.1.stziyrxgup8enf755ksvovcny
1790509640038251794|container|exec_start: /bin/sh -c true|836aee0dac48313affe5bd005e316f188df250686d1035a75b711e7ef5b5bba3|t20-lat-svc-14.1.stziyrxgup8enf755ksvovcny
1790509640063160460|container|exec_die|836aee0dac48313affe5bd005e316f188df250686d1035a75b711e7ef5b5bba3|t20-lat-svc-14.1.stziyrxgup8enf755ksvovcny
1790509640063376224|container|health_status: healthy|836aee0dac48313affe5bd005e316f188df250686d1035a75b711e7ef5b5bba3|t20-lat-svc-14.1.stziyrxgup8enf755ksvovcny
1790509640625197213|service|remove|fm7a5k97bsicibqzdyiogyne3|t20-lat-svc-14
1790509641021663880|container|destroy|3c9c75f710bd664b5a887937914d70917c12d06a2834a4fdd62a064d1d782d9e|t20-lat-svc-14.1.7y29xh5d09y0u2k79g5xr9ucq
1790509641064312951|container|exec_create: /bin/sh -c true|836aee0dac48313affe5bd005e316f188df250686d1035a75b711e7ef5b5bba3|t20-lat-svc-14.1.stziyrxgup8enf755ksvovcny
1790509641064421141|container|exec_start: /bin/sh -c true|836aee0dac48313affe5bd005e316f188df250686d1035a75b711e7ef5b5bba3|t20-lat-svc-14.1.stziyrxgup8enf755ksvovcny
1790509641089039364|container|exec_die|836aee0dac48313affe5bd005e316f188df250686d1035a75b711e7ef5b5bba3|t20-lat-svc-14.1.stziyrxgup8enf755ksvovcny
1790509641756464084|container|kill|836aee0dac48313affe5bd005e316f188df250686d1035a75b711e7ef5b5bba3|t20-lat-svc-14.1.stziyrxgup8enf755ksvovcny
1790509642088095786|container|exec_create: /bin/sh -c true|836aee0dac48313affe5bd005e316f188df250686d1035a75b711e7ef5b5bba3|t20-lat-svc-14.1.stziyrxgup8enf755ksvovcny
1790509642088131695|container|exec_start: /bin/sh -c true|836aee0dac48313affe5bd005e316f188df250686d1035a75b711e7ef5b5bba3|t20-lat-svc-14.1.stziyrxgup8enf755ksvovcny
1790509642112946937|container|exec_die|836aee0dac48313affe5bd005e316f188df250686d1035a75b711e7ef5b5bba3|t20-lat-svc-14.1.stziyrxgup8enf755ksvovcny
1790509643113437373|container|exec_create: /bin/sh -c true|836aee0dac48313affe5bd005e316f188df250686d1035a75b711e7ef5b5bba3|t20-lat-svc-14.1.stziyrxgup8enf755ksvovcny
1790509643113471919|container|exec_start: /bin/sh -c true|836aee0dac48313affe5bd005e316f188df250686d1035a75b711e7ef5b5bba3|t20-lat-svc-14.1.stziyrxgup8enf755ksvovcny
1790509643138971220|container|exec_die|836aee0dac48313affe5bd005e316f188df250686d1035a75b711e7ef5b5bba3|t20-lat-svc-14.1.stziyrxgup8enf755ksvovcny
1790509644139510009|container|exec_create: /bin/sh -c true|836aee0dac48313affe5bd005e316f188df250686d1035a75b711e7ef5b5bba3|t20-lat-svc-14.1.stziyrxgup8enf755ksvovcny
1790509644139536139|container|exec_start: /bin/sh -c true|836aee0dac48313affe5bd005e316f188df250686d1035a75b711e7ef5b5bba3|t20-lat-svc-14.1.stziyrxgup8enf755ksvovcny
1790509644163876154|container|exec_die|836aee0dac48313affe5bd005e316f188df250686d1035a75b711e7ef5b5bba3|t20-lat-svc-14.1.stziyrxgup8enf755ksvovcny
1790509645164282050|container|exec_create: /bin/sh -c true|836aee0dac48313affe5bd005e316f188df250686d1035a75b711e7ef5b5bba3|t20-lat-svc-14.1.stziyrxgup8enf755ksvovcny
1790509645164309032|container|exec_start: /bin/sh -c true|836aee0dac48313affe5bd005e316f188df250686d1035a75b711e7ef5b5bba3|t20-lat-svc-14.1.stziyrxgup8enf755ksvovcny
1790509645188804966|container|exec_die|836aee0dac48313affe5bd005e316f188df250686d1035a75b711e7ef5b5bba3|t20-lat-svc-14.1.stziyrxgup8enf755ksvovcny
1790509646189881202|container|exec_create: /bin/sh -c true|836aee0dac48313affe5bd005e316f188df250686d1035a75b711e7ef5b5bba3|t20-lat-svc-14.1.stziyrxgup8enf755ksvovcny
1790509646189913926|container|exec_start: /bin/sh -c true|836aee0dac48313affe5bd005e316f188df250686d1035a75b711e7ef5b5bba3|t20-lat-svc-14.1.stziyrxgup8enf755ksvovcny
1790509646213911365|container|exec_die|836aee0dac48313affe5bd005e316f188df250686d1035a75b711e7ef5b5bba3|t20-lat-svc-14.1.stziyrxgup8enf755ksvovcny
1790509647214266183|container|exec_create: /bin/sh -c true|836aee0dac48313affe5bd005e316f188df250686d1035a75b711e7ef5b5bba3|t20-lat-svc-14.1.stziyrxgup8enf755ksvovcny
1790509647214300500|container|exec_start: /bin/sh -c true|836aee0dac48313affe5bd005e316f188df250686d1035a75b711e7ef5b5bba3|t20-lat-svc-14.1.stziyrxgup8enf755ksvovcny
1790509647239093203|container|exec_die|836aee0dac48313affe5bd005e316f188df250686d1035a75b711e7ef5b5bba3|t20-lat-svc-14.1.stziyrxgup8enf755ksvovcny
1790509648239962461|container|exec_create: /bin/sh -c true|836aee0dac48313affe5bd005e316f188df250686d1035a75b711e7ef5b5bba3|t20-lat-svc-14.1.stziyrxgup8enf755ksvovcny
1790509648239989537|container|exec_start: /bin/sh -c true|836aee0dac48313affe5bd005e316f188df250686d1035a75b711e7ef5b5bba3|t20-lat-svc-14.1.stziyrxgup8enf755ksvovcny
1790509648263960573|container|exec_die|836aee0dac48313affe5bd005e316f188df250686d1035a75b711e7ef5b5bba3|t20-lat-svc-14.1.stziyrxgup8enf755ksvovcny
1790509649264352658|container|exec_create: /bin/sh -c true|836aee0dac48313affe5bd005e316f188df250686d1035a75b711e7ef5b5bba3|t20-lat-svc-14.1.stziyrxgup8enf755ksvovcny
1790509649264376103|container|exec_start: /bin/sh -c true|836aee0dac48313affe5bd005e316f188df250686d1035a75b711e7ef5b5bba3|t20-lat-svc-14.1.stziyrxgup8enf755ksvovcny
1790509649289192758|container|exec_die|836aee0dac48313affe5bd005e316f188df250686d1035a75b711e7ef5b5bba3|t20-lat-svc-14.1.stziyrxgup8enf755ksvovcny
1790509650290274555|container|exec_create: /bin/sh -c true|836aee0dac48313affe5bd005e316f188df250686d1035a75b711e7ef5b5bba3|t20-lat-svc-14.1.stziyrxgup8enf755ksvovcny
1790509650290302117|container|exec_start: /bin/sh -c true|836aee0dac48313affe5bd005e316f188df250686d1035a75b711e7ef5b5bba3|t20-lat-svc-14.1.stziyrxgup8enf755ksvovcny
1790509650315084985|container|exec_die|836aee0dac48313affe5bd005e316f188df250686d1035a75b711e7ef5b5bba3|t20-lat-svc-14.1.stziyrxgup8enf755ksvovcny
1790509651315867712|container|exec_create: /bin/sh -c true|836aee0dac48313affe5bd005e316f188df250686d1035a75b711e7ef5b5bba3|t20-lat-svc-14.1.stziyrxgup8enf755ksvovcny
1790509651315895175|container|exec_start: /bin/sh -c true|836aee0dac48313affe5bd005e316f188df250686d1035a75b711e7ef5b5bba3|t20-lat-svc-14.1.stziyrxgup8enf755ksvovcny
1790509651341113864|container|exec_die|836aee0dac48313affe5bd005e316f188df250686d1035a75b711e7ef5b5bba3|t20-lat-svc-14.1.stziyrxgup8enf755ksvovcny
1790509651767235340|container|kill|836aee0dac48313affe5bd005e316f188df250686d1035a75b711e7ef5b5bba3|t20-lat-svc-14.1.stziyrxgup8enf755ksvovcny
1790509651886021626|network|disconnect|9851beeca5de58663c77abfb043b973396bb3f7f9aea89861e7e36f8f7713117|bridge
1790509651894776169|container|stop|836aee0dac48313affe5bd005e316f188df250686d1035a75b711e7ef5b5bba3|t20-lat-svc-14.1.stziyrxgup8enf755ksvovcny
1790509651899892850|container|die|836aee0dac48313affe5bd005e316f188df250686d1035a75b711e7ef5b5bba3|t20-lat-svc-14.1.stziyrxgup8enf755ksvovcny
1790509652369772007|container|destroy|836aee0dac48313affe5bd005e316f188df250686d1035a75b711e7ef5b5bba3|t20-lat-svc-14.1.stziyrxgup8enf755ksvovcny
1790509658579292578|service|create|ivdiwfsjn1pabm0eu65d6jb66|t20-lat-svc-15
1790509658836333812|container|create|dbefaa9994511971e6d162f6448b408c15e0f75d10d52aef399104a5a305f9df|t20-lat-svc-15.1.zdutv7fpcvcwrw3f6fylb8vbx
1790509658964288725|network|connect|9851beeca5de58663c77abfb043b973396bb3f7f9aea89861e7e36f8f7713117|bridge
1790509658982327493|container|start|dbefaa9994511971e6d162f6448b408c15e0f75d10d52aef399104a5a305f9df|t20-lat-svc-15.1.zdutv7fpcvcwrw3f6fylb8vbx
1790509659982664988|container|exec_create: /bin/sh -c true|dbefaa9994511971e6d162f6448b408c15e0f75d10d52aef399104a5a305f9df|t20-lat-svc-15.1.zdutv7fpcvcwrw3f6fylb8vbx
1790509659982706216|container|exec_start: /bin/sh -c true|dbefaa9994511971e6d162f6448b408c15e0f75d10d52aef399104a5a305f9df|t20-lat-svc-15.1.zdutv7fpcvcwrw3f6fylb8vbx
1790509660007441245|container|exec_die|dbefaa9994511971e6d162f6448b408c15e0f75d10d52aef399104a5a305f9df|t20-lat-svc-15.1.zdutv7fpcvcwrw3f6fylb8vbx
1790509660007631744|container|health_status: healthy|dbefaa9994511971e6d162f6448b408c15e0f75d10d52aef399104a5a305f9df|t20-lat-svc-15.1.zdutv7fpcvcwrw3f6fylb8vbx
1790509660647652160|service|update|ivdiwfsjn1pabm0eu65d6jb66|t20-lat-svc-15
1790509660650570276|service|update|ivdiwfsjn1pabm0eu65d6jb66|t20-lat-svc-15
1790509660914347680|container|create|61fdfbe5dcb6fbf31b845ea19d688511651f42ffcf7765a86b330a509c84a743|t20-lat-svc-15.1.f14llts6ntnseujglfdr3n071
1790509661008183954|container|exec_create: /bin/sh -c true|dbefaa9994511971e6d162f6448b408c15e0f75d10d52aef399104a5a305f9df|t20-lat-svc-15.1.zdutv7fpcvcwrw3f6fylb8vbx
1790509661008209485|container|exec_start: /bin/sh -c true|dbefaa9994511971e6d162f6448b408c15e0f75d10d52aef399104a5a305f9df|t20-lat-svc-15.1.zdutv7fpcvcwrw3f6fylb8vbx
1790509661033702135|container|exec_die|dbefaa9994511971e6d162f6448b408c15e0f75d10d52aef399104a5a305f9df|t20-lat-svc-15.1.zdutv7fpcvcwrw3f6fylb8vbx
1790509661834506695|container|kill|dbefaa9994511971e6d162f6448b408c15e0f75d10d52aef399104a5a305f9df|t20-lat-svc-15.1.zdutv7fpcvcwrw3f6fylb8vbx
1790509662034474779|container|exec_create: /bin/sh -c true|dbefaa9994511971e6d162f6448b408c15e0f75d10d52aef399104a5a305f9df|t20-lat-svc-15.1.zdutv7fpcvcwrw3f6fylb8vbx
1790509662034513974|container|exec_start: /bin/sh -c true|dbefaa9994511971e6d162f6448b408c15e0f75d10d52aef399104a5a305f9df|t20-lat-svc-15.1.zdutv7fpcvcwrw3f6fylb8vbx
1790509662059538447|container|exec_die|dbefaa9994511971e6d162f6448b408c15e0f75d10d52aef399104a5a305f9df|t20-lat-svc-15.1.zdutv7fpcvcwrw3f6fylb8vbx
1790509663060442841|container|exec_create: /bin/sh -c true|dbefaa9994511971e6d162f6448b408c15e0f75d10d52aef399104a5a305f9df|t20-lat-svc-15.1.zdutv7fpcvcwrw3f6fylb8vbx
1790509663060469378|container|exec_start: /bin/sh -c true|dbefaa9994511971e6d162f6448b408c15e0f75d10d52aef399104a5a305f9df|t20-lat-svc-15.1.zdutv7fpcvcwrw3f6fylb8vbx
1790509663084640696|container|exec_die|dbefaa9994511971e6d162f6448b408c15e0f75d10d52aef399104a5a305f9df|t20-lat-svc-15.1.zdutv7fpcvcwrw3f6fylb8vbx
1790509664085399645|container|exec_create: /bin/sh -c true|dbefaa9994511971e6d162f6448b408c15e0f75d10d52aef399104a5a305f9df|t20-lat-svc-15.1.zdutv7fpcvcwrw3f6fylb8vbx
1790509664085423870|container|exec_start: /bin/sh -c true|dbefaa9994511971e6d162f6448b408c15e0f75d10d52aef399104a5a305f9df|t20-lat-svc-15.1.zdutv7fpcvcwrw3f6fylb8vbx
1790509664109723461|container|exec_die|dbefaa9994511971e6d162f6448b408c15e0f75d10d52aef399104a5a305f9df|t20-lat-svc-15.1.zdutv7fpcvcwrw3f6fylb8vbx
1790509665110658541|container|exec_create: /bin/sh -c true|dbefaa9994511971e6d162f6448b408c15e0f75d10d52aef399104a5a305f9df|t20-lat-svc-15.1.zdutv7fpcvcwrw3f6fylb8vbx
1790509665110694816|container|exec_start: /bin/sh -c true|dbefaa9994511971e6d162f6448b408c15e0f75d10d52aef399104a5a305f9df|t20-lat-svc-15.1.zdutv7fpcvcwrw3f6fylb8vbx
1790509665136173076|container|exec_die|dbefaa9994511971e6d162f6448b408c15e0f75d10d52aef399104a5a305f9df|t20-lat-svc-15.1.zdutv7fpcvcwrw3f6fylb8vbx
1790509666137086907|container|exec_create: /bin/sh -c true|dbefaa9994511971e6d162f6448b408c15e0f75d10d52aef399104a5a305f9df|t20-lat-svc-15.1.zdutv7fpcvcwrw3f6fylb8vbx
1790509666137126101|container|exec_start: /bin/sh -c true|dbefaa9994511971e6d162f6448b408c15e0f75d10d52aef399104a5a305f9df|t20-lat-svc-15.1.zdutv7fpcvcwrw3f6fylb8vbx
1790509666162923653|container|exec_die|dbefaa9994511971e6d162f6448b408c15e0f75d10d52aef399104a5a305f9df|t20-lat-svc-15.1.zdutv7fpcvcwrw3f6fylb8vbx
1790509667164170479|container|exec_create: /bin/sh -c true|dbefaa9994511971e6d162f6448b408c15e0f75d10d52aef399104a5a305f9df|t20-lat-svc-15.1.zdutv7fpcvcwrw3f6fylb8vbx
1790509667164212905|container|exec_start: /bin/sh -c true|dbefaa9994511971e6d162f6448b408c15e0f75d10d52aef399104a5a305f9df|t20-lat-svc-15.1.zdutv7fpcvcwrw3f6fylb8vbx
1790509667190038967|container|exec_die|dbefaa9994511971e6d162f6448b408c15e0f75d10d52aef399104a5a305f9df|t20-lat-svc-15.1.zdutv7fpcvcwrw3f6fylb8vbx
1790509668191048893|container|exec_create: /bin/sh -c true|dbefaa9994511971e6d162f6448b408c15e0f75d10d52aef399104a5a305f9df|t20-lat-svc-15.1.zdutv7fpcvcwrw3f6fylb8vbx
1790509668191086462|container|exec_start: /bin/sh -c true|dbefaa9994511971e6d162f6448b408c15e0f75d10d52aef399104a5a305f9df|t20-lat-svc-15.1.zdutv7fpcvcwrw3f6fylb8vbx
1790509668214820233|container|exec_die|dbefaa9994511971e6d162f6448b408c15e0f75d10d52aef399104a5a305f9df|t20-lat-svc-15.1.zdutv7fpcvcwrw3f6fylb8vbx
1790509669215383344|container|exec_create: /bin/sh -c true|dbefaa9994511971e6d162f6448b408c15e0f75d10d52aef399104a5a305f9df|t20-lat-svc-15.1.zdutv7fpcvcwrw3f6fylb8vbx
1790509669215411242|container|exec_start: /bin/sh -c true|dbefaa9994511971e6d162f6448b408c15e0f75d10d52aef399104a5a305f9df|t20-lat-svc-15.1.zdutv7fpcvcwrw3f6fylb8vbx
1790509669240205844|container|exec_die|dbefaa9994511971e6d162f6448b408c15e0f75d10d52aef399104a5a305f9df|t20-lat-svc-15.1.zdutv7fpcvcwrw3f6fylb8vbx
1790509670241080738|container|exec_create: /bin/sh -c true|dbefaa9994511971e6d162f6448b408c15e0f75d10d52aef399104a5a305f9df|t20-lat-svc-15.1.zdutv7fpcvcwrw3f6fylb8vbx
1790509670241106838|container|exec_start: /bin/sh -c true|dbefaa9994511971e6d162f6448b408c15e0f75d10d52aef399104a5a305f9df|t20-lat-svc-15.1.zdutv7fpcvcwrw3f6fylb8vbx
1790509670266855444|container|exec_die|dbefaa9994511971e6d162f6448b408c15e0f75d10d52aef399104a5a305f9df|t20-lat-svc-15.1.zdutv7fpcvcwrw3f6fylb8vbx
1790509671268081823|container|exec_create: /bin/sh -c true|dbefaa9994511971e6d162f6448b408c15e0f75d10d52aef399104a5a305f9df|t20-lat-svc-15.1.zdutv7fpcvcwrw3f6fylb8vbx
1790509671268116279|container|exec_start: /bin/sh -c true|dbefaa9994511971e6d162f6448b408c15e0f75d10d52aef399104a5a305f9df|t20-lat-svc-15.1.zdutv7fpcvcwrw3f6fylb8vbx
1790509671293038399|container|exec_die|dbefaa9994511971e6d162f6448b408c15e0f75d10d52aef399104a5a305f9df|t20-lat-svc-15.1.zdutv7fpcvcwrw3f6fylb8vbx
1790509671849039260|container|kill|dbefaa9994511971e6d162f6448b408c15e0f75d10d52aef399104a5a305f9df|t20-lat-svc-15.1.zdutv7fpcvcwrw3f6fylb8vbx
1790509672005803902|network|disconnect|9851beeca5de58663c77abfb043b973396bb3f7f9aea89861e7e36f8f7713117|bridge
1790509672013705129|container|stop|dbefaa9994511971e6d162f6448b408c15e0f75d10d52aef399104a5a305f9df|t20-lat-svc-15.1.zdutv7fpcvcwrw3f6fylb8vbx
1790509672028167407|container|die|dbefaa9994511971e6d162f6448b408c15e0f75d10d52aef399104a5a305f9df|t20-lat-svc-15.1.zdutv7fpcvcwrw3f6fylb8vbx
1790509672357183902|network|connect|9851beeca5de58663c77abfb043b973396bb3f7f9aea89861e7e36f8f7713117|bridge
1790509672376160941|container|start|61fdfbe5dcb6fbf31b845ea19d688511651f42ffcf7765a86b330a509c84a743|t20-lat-svc-15.1.f14llts6ntnseujglfdr3n071
1790509673376396657|container|exec_create: /bin/sh -c true|61fdfbe5dcb6fbf31b845ea19d688511651f42ffcf7765a86b330a509c84a743|t20-lat-svc-15.1.f14llts6ntnseujglfdr3n071
1790509673376466149|container|exec_start: /bin/sh -c true|61fdfbe5dcb6fbf31b845ea19d688511651f42ffcf7765a86b330a509c84a743|t20-lat-svc-15.1.f14llts6ntnseujglfdr3n071
1790509673401609329|container|exec_die|61fdfbe5dcb6fbf31b845ea19d688511651f42ffcf7765a86b330a509c84a743|t20-lat-svc-15.1.f14llts6ntnseujglfdr3n071
1790509673401824427|container|health_status: healthy|61fdfbe5dcb6fbf31b845ea19d688511651f42ffcf7765a86b330a509c84a743|t20-lat-svc-15.1.f14llts6ntnseujglfdr3n071
1790509673933434868|service|remove|ivdiwfsjn1pabm0eu65d6jb66|t20-lat-svc-15
1790509674332016783|container|destroy|dbefaa9994511971e6d162f6448b408c15e0f75d10d52aef399104a5a305f9df|t20-lat-svc-15.1.zdutv7fpcvcwrw3f6fylb8vbx
1790509674402278080|container|exec_create: /bin/sh -c true|61fdfbe5dcb6fbf31b845ea19d688511651f42ffcf7765a86b330a509c84a743|t20-lat-svc-15.1.f14llts6ntnseujglfdr3n071
1790509674402325973|container|exec_start: /bin/sh -c true|61fdfbe5dcb6fbf31b845ea19d688511651f42ffcf7765a86b330a509c84a743|t20-lat-svc-15.1.f14llts6ntnseujglfdr3n071
1790509674428581319|container|exec_die|61fdfbe5dcb6fbf31b845ea19d688511651f42ffcf7765a86b330a509c84a743|t20-lat-svc-15.1.f14llts6ntnseujglfdr3n071
1790509675063581521|container|kill|61fdfbe5dcb6fbf31b845ea19d688511651f42ffcf7765a86b330a509c84a743|t20-lat-svc-15.1.f14llts6ntnseujglfdr3n071
1790509675429272956|container|exec_create: /bin/sh -c true|61fdfbe5dcb6fbf31b845ea19d688511651f42ffcf7765a86b330a509c84a743|t20-lat-svc-15.1.f14llts6ntnseujglfdr3n071
1790509675429309066|container|exec_start: /bin/sh -c true|61fdfbe5dcb6fbf31b845ea19d688511651f42ffcf7765a86b330a509c84a743|t20-lat-svc-15.1.f14llts6ntnseujglfdr3n071
1790509675454347313|container|exec_die|61fdfbe5dcb6fbf31b845ea19d688511651f42ffcf7765a86b330a509c84a743|t20-lat-svc-15.1.f14llts6ntnseujglfdr3n071
1790509676454775392|container|exec_create: /bin/sh -c true|61fdfbe5dcb6fbf31b845ea19d688511651f42ffcf7765a86b330a509c84a743|t20-lat-svc-15.1.f14llts6ntnseujglfdr3n071
1790509676454806580|container|exec_start: /bin/sh -c true|61fdfbe5dcb6fbf31b845ea19d688511651f42ffcf7765a86b330a509c84a743|t20-lat-svc-15.1.f14llts6ntnseujglfdr3n071
1790509676479732348|container|exec_die|61fdfbe5dcb6fbf31b845ea19d688511651f42ffcf7765a86b330a509c84a743|t20-lat-svc-15.1.f14llts6ntnseujglfdr3n071
1790509677481119423|container|exec_create: /bin/sh -c true|61fdfbe5dcb6fbf31b845ea19d688511651f42ffcf7765a86b330a509c84a743|t20-lat-svc-15.1.f14llts6ntnseujglfdr3n071
1790509677481147986|container|exec_start: /bin/sh -c true|61fdfbe5dcb6fbf31b845ea19d688511651f42ffcf7765a86b330a509c84a743|t20-lat-svc-15.1.f14llts6ntnseujglfdr3n071
1790509677506625175|container|exec_die|61fdfbe5dcb6fbf31b845ea19d688511651f42ffcf7765a86b330a509c84a743|t20-lat-svc-15.1.f14llts6ntnseujglfdr3n071
1790509678507893137|container|exec_create: /bin/sh -c true|61fdfbe5dcb6fbf31b845ea19d688511651f42ffcf7765a86b330a509c84a743|t20-lat-svc-15.1.f14llts6ntnseujglfdr3n071
1790509678507938940|container|exec_start: /bin/sh -c true|61fdfbe5dcb6fbf31b845ea19d688511651f42ffcf7765a86b330a509c84a743|t20-lat-svc-15.1.f14llts6ntnseujglfdr3n071
1790509678532576407|container|exec_die|61fdfbe5dcb6fbf31b845ea19d688511651f42ffcf7765a86b330a509c84a743|t20-lat-svc-15.1.f14llts6ntnseujglfdr3n071
1790509679533522619|container|exec_create: /bin/sh -c true|61fdfbe5dcb6fbf31b845ea19d688511651f42ffcf7765a86b330a509c84a743|t20-lat-svc-15.1.f14llts6ntnseujglfdr3n071
1790509679533550139|container|exec_start: /bin/sh -c true|61fdfbe5dcb6fbf31b845ea19d688511651f42ffcf7765a86b330a509c84a743|t20-lat-svc-15.1.f14llts6ntnseujglfdr3n071
1790509679557566200|container|exec_die|61fdfbe5dcb6fbf31b845ea19d688511651f42ffcf7765a86b330a509c84a743|t20-lat-svc-15.1.f14llts6ntnseujglfdr3n071
1790509680557878749|container|exec_create: /bin/sh -c true|61fdfbe5dcb6fbf31b845ea19d688511651f42ffcf7765a86b330a509c84a743|t20-lat-svc-15.1.f14llts6ntnseujglfdr3n071
1790509680557917774|container|exec_start: /bin/sh -c true|61fdfbe5dcb6fbf31b845ea19d688511651f42ffcf7765a86b330a509c84a743|t20-lat-svc-15.1.f14llts6ntnseujglfdr3n071
1790509680582534824|container|exec_die|61fdfbe5dcb6fbf31b845ea19d688511651f42ffcf7765a86b330a509c84a743|t20-lat-svc-15.1.f14llts6ntnseujglfdr3n071
1790509681583475596|container|exec_create: /bin/sh -c true|61fdfbe5dcb6fbf31b845ea19d688511651f42ffcf7765a86b330a509c84a743|t20-lat-svc-15.1.f14llts6ntnseujglfdr3n071
1790509681583522930|container|exec_start: /bin/sh -c true|61fdfbe5dcb6fbf31b845ea19d688511651f42ffcf7765a86b330a509c84a743|t20-lat-svc-15.1.f14llts6ntnseujglfdr3n071
1790509681608584690|container|exec_die|61fdfbe5dcb6fbf31b845ea19d688511651f42ffcf7765a86b330a509c84a743|t20-lat-svc-15.1.f14llts6ntnseujglfdr3n071
1790509682609343074|container|exec_create: /bin/sh -c true|61fdfbe5dcb6fbf31b845ea19d688511651f42ffcf7765a86b330a509c84a743|t20-lat-svc-15.1.f14llts6ntnseujglfdr3n071
1790509682609370352|container|exec_start: /bin/sh -c true|61fdfbe5dcb6fbf31b845ea19d688511651f42ffcf7765a86b330a509c84a743|t20-lat-svc-15.1.f14llts6ntnseujglfdr3n071
1790509682634603618|container|exec_die|61fdfbe5dcb6fbf31b845ea19d688511651f42ffcf7765a86b330a509c84a743|t20-lat-svc-15.1.f14llts6ntnseujglfdr3n071
1790509683635597097|container|exec_create: /bin/sh -c true|61fdfbe5dcb6fbf31b845ea19d688511651f42ffcf7765a86b330a509c84a743|t20-lat-svc-15.1.f14llts6ntnseujglfdr3n071
1790509683635624647|container|exec_start: /bin/sh -c true|61fdfbe5dcb6fbf31b845ea19d688511651f42ffcf7765a86b330a509c84a743|t20-lat-svc-15.1.f14llts6ntnseujglfdr3n071
1790509683661071632|container|exec_die|61fdfbe5dcb6fbf31b845ea19d688511651f42ffcf7765a86b330a509c84a743|t20-lat-svc-15.1.f14llts6ntnseujglfdr3n071
1790509684661734480|container|exec_create: /bin/sh -c true|61fdfbe5dcb6fbf31b845ea19d688511651f42ffcf7765a86b330a509c84a743|t20-lat-svc-15.1.f14llts6ntnseujglfdr3n071
1790509684661767487|container|exec_start: /bin/sh -c true|61fdfbe5dcb6fbf31b845ea19d688511651f42ffcf7765a86b330a509c84a743|t20-lat-svc-15.1.f14llts6ntnseujglfdr3n071
1790509684686737139|container|exec_die|61fdfbe5dcb6fbf31b845ea19d688511651f42ffcf7765a86b330a509c84a743|t20-lat-svc-15.1.f14llts6ntnseujglfdr3n071
1790509685077850046|container|kill|61fdfbe5dcb6fbf31b845ea19d688511651f42ffcf7765a86b330a509c84a743|t20-lat-svc-15.1.f14llts6ntnseujglfdr3n071
1790509685244596486|network|disconnect|9851beeca5de58663c77abfb043b973396bb3f7f9aea89861e7e36f8f7713117|bridge
1790509685254410076|container|stop|61fdfbe5dcb6fbf31b845ea19d688511651f42ffcf7765a86b330a509c84a743|t20-lat-svc-15.1.f14llts6ntnseujglfdr3n071
1790509685262678920|container|die|61fdfbe5dcb6fbf31b845ea19d688511651f42ffcf7765a86b330a509c84a743|t20-lat-svc-15.1.f14llts6ntnseujglfdr3n071
1790509685701256011|container|destroy|61fdfbe5dcb6fbf31b845ea19d688511651f42ffcf7765a86b330a509c84a743|t20-lat-svc-15.1.f14llts6ntnseujglfdr3n071
1790509688949638359|service|create|m0ucwyynq57qa6drufuk6xdpd|t20-lat-svc-16
1790509689205924091|container|create|37bdb597da71fc576cd28455133c43038e9b1651d3fe750643b3a15e4f98be7e|t20-lat-svc-16.1.5z1vkpzk2sst2mkgzavhl56b4
1790509689323867401|network|connect|9851beeca5de58663c77abfb043b973396bb3f7f9aea89861e7e36f8f7713117|bridge
1790509689341857473|container|start|37bdb597da71fc576cd28455133c43038e9b1651d3fe750643b3a15e4f98be7e|t20-lat-svc-16.1.5z1vkpzk2sst2mkgzavhl56b4
1790509690342319574|container|exec_create: /bin/sh -c true|37bdb597da71fc576cd28455133c43038e9b1651d3fe750643b3a15e4f98be7e|t20-lat-svc-16.1.5z1vkpzk2sst2mkgzavhl56b4
1790509690342354073|container|exec_start: /bin/sh -c true|37bdb597da71fc576cd28455133c43038e9b1651d3fe750643b3a15e4f98be7e|t20-lat-svc-16.1.5z1vkpzk2sst2mkgzavhl56b4
1790509690368460916|container|exec_die|37bdb597da71fc576cd28455133c43038e9b1651d3fe750643b3a15e4f98be7e|t20-lat-svc-16.1.5z1vkpzk2sst2mkgzavhl56b4
1790509690368671059|container|health_status: healthy|37bdb597da71fc576cd28455133c43038e9b1651d3fe750643b3a15e4f98be7e|t20-lat-svc-16.1.5z1vkpzk2sst2mkgzavhl56b4
1790509691015845774|service|update|m0ucwyynq57qa6drufuk6xdpd|t20-lat-svc-16
1790509691019829723|service|update|m0ucwyynq57qa6drufuk6xdpd|t20-lat-svc-16
1790509691284956669|container|create|db73ae68d9bb4debc224e1d6424211ebf2018e40c72d612bd5da0086e553e4c9|t20-lat-svc-16.1.jywolhss3bj5e1vm5rh3so3ku
1790509691369110889|container|exec_create: /bin/sh -c true|37bdb597da71fc576cd28455133c43038e9b1651d3fe750643b3a15e4f98be7e|t20-lat-svc-16.1.5z1vkpzk2sst2mkgzavhl56b4
1790509691369139153|container|exec_start: /bin/sh -c true|37bdb597da71fc576cd28455133c43038e9b1651d3fe750643b3a15e4f98be7e|t20-lat-svc-16.1.5z1vkpzk2sst2mkgzavhl56b4
1790509691393143813|container|exec_die|37bdb597da71fc576cd28455133c43038e9b1651d3fe750643b3a15e4f98be7e|t20-lat-svc-16.1.5z1vkpzk2sst2mkgzavhl56b4
1790509692207387081|container|kill|37bdb597da71fc576cd28455133c43038e9b1651d3fe750643b3a15e4f98be7e|t20-lat-svc-16.1.5z1vkpzk2sst2mkgzavhl56b4
1790509692394255969|container|exec_create: /bin/sh -c true|37bdb597da71fc576cd28455133c43038e9b1651d3fe750643b3a15e4f98be7e|t20-lat-svc-16.1.5z1vkpzk2sst2mkgzavhl56b4
1790509692394281287|container|exec_start: /bin/sh -c true|37bdb597da71fc576cd28455133c43038e9b1651d3fe750643b3a15e4f98be7e|t20-lat-svc-16.1.5z1vkpzk2sst2mkgzavhl56b4
1790509692419268344|container|exec_die|37bdb597da71fc576cd28455133c43038e9b1651d3fe750643b3a15e4f98be7e|t20-lat-svc-16.1.5z1vkpzk2sst2mkgzavhl56b4
1790509693420204740|container|exec_create: /bin/sh -c true|37bdb597da71fc576cd28455133c43038e9b1651d3fe750643b3a15e4f98be7e|t20-lat-svc-16.1.5z1vkpzk2sst2mkgzavhl56b4
1790509693420242767|container|exec_start: /bin/sh -c true|37bdb597da71fc576cd28455133c43038e9b1651d3fe750643b3a15e4f98be7e|t20-lat-svc-16.1.5z1vkpzk2sst2mkgzavhl56b4
1790509693445354254|container|exec_die|37bdb597da71fc576cd28455133c43038e9b1651d3fe750643b3a15e4f98be7e|t20-lat-svc-16.1.5z1vkpzk2sst2mkgzavhl56b4
1790509694446256469|container|exec_create: /bin/sh -c true|37bdb597da71fc576cd28455133c43038e9b1651d3fe750643b3a15e4f98be7e|t20-lat-svc-16.1.5z1vkpzk2sst2mkgzavhl56b4
1790509694446293325|container|exec_start: /bin/sh -c true|37bdb597da71fc576cd28455133c43038e9b1651d3fe750643b3a15e4f98be7e|t20-lat-svc-16.1.5z1vkpzk2sst2mkgzavhl56b4
1790509694470373197|container|exec_die|37bdb597da71fc576cd28455133c43038e9b1651d3fe750643b3a15e4f98be7e|t20-lat-svc-16.1.5z1vkpzk2sst2mkgzavhl56b4
1790509695471711515|container|exec_create: /bin/sh -c true|37bdb597da71fc576cd28455133c43038e9b1651d3fe750643b3a15e4f98be7e|t20-lat-svc-16.1.5z1vkpzk2sst2mkgzavhl56b4
1790509695471740478|container|exec_start: /bin/sh -c true|37bdb597da71fc576cd28455133c43038e9b1651d3fe750643b3a15e4f98be7e|t20-lat-svc-16.1.5z1vkpzk2sst2mkgzavhl56b4
1790509695496402546|container|exec_die|37bdb597da71fc576cd28455133c43038e9b1651d3fe750643b3a15e4f98be7e|t20-lat-svc-16.1.5z1vkpzk2sst2mkgzavhl56b4
1790509696497194928|container|exec_create: /bin/sh -c true|37bdb597da71fc576cd28455133c43038e9b1651d3fe750643b3a15e4f98be7e|t20-lat-svc-16.1.5z1vkpzk2sst2mkgzavhl56b4
1790509696497220598|container|exec_start: /bin/sh -c true|37bdb597da71fc576cd28455133c43038e9b1651d3fe750643b3a15e4f98be7e|t20-lat-svc-16.1.5z1vkpzk2sst2mkgzavhl56b4
1790509696522330675|container|exec_die|37bdb597da71fc576cd28455133c43038e9b1651d3fe750643b3a15e4f98be7e|t20-lat-svc-16.1.5z1vkpzk2sst2mkgzavhl56b4
1790509697522808410|container|exec_create: /bin/sh -c true|37bdb597da71fc576cd28455133c43038e9b1651d3fe750643b3a15e4f98be7e|t20-lat-svc-16.1.5z1vkpzk2sst2mkgzavhl56b4
1790509697522833381|container|exec_start: /bin/sh -c true|37bdb597da71fc576cd28455133c43038e9b1651d3fe750643b3a15e4f98be7e|t20-lat-svc-16.1.5z1vkpzk2sst2mkgzavhl56b4
1790509697547473638|container|exec_die|37bdb597da71fc576cd28455133c43038e9b1651d3fe750643b3a15e4f98be7e|t20-lat-svc-16.1.5z1vkpzk2sst2mkgzavhl56b4
1790509698547856794|container|exec_create: /bin/sh -c true|37bdb597da71fc576cd28455133c43038e9b1651d3fe750643b3a15e4f98be7e|t20-lat-svc-16.1.5z1vkpzk2sst2mkgzavhl56b4
1790509698547880802|container|exec_start: /bin/sh -c true|37bdb597da71fc576cd28455133c43038e9b1651d3fe750643b3a15e4f98be7e|t20-lat-svc-16.1.5z1vkpzk2sst2mkgzavhl56b4
1790509698572473906|container|exec_die|37bdb597da71fc576cd28455133c43038e9b1651d3fe750643b3a15e4f98be7e|t20-lat-svc-16.1.5z1vkpzk2sst2mkgzavhl56b4
1790509699573317936|container|exec_create: /bin/sh -c true|37bdb597da71fc576cd28455133c43038e9b1651d3fe750643b3a15e4f98be7e|t20-lat-svc-16.1.5z1vkpzk2sst2mkgzavhl56b4
1790509699573371639|container|exec_start: /bin/sh -c true|37bdb597da71fc576cd28455133c43038e9b1651d3fe750643b3a15e4f98be7e|t20-lat-svc-16.1.5z1vkpzk2sst2mkgzavhl56b4
1790509699597335054|container|exec_die|37bdb597da71fc576cd28455133c43038e9b1651d3fe750643b3a15e4f98be7e|t20-lat-svc-16.1.5z1vkpzk2sst2mkgzavhl56b4
1790509700598263149|container|exec_create: /bin/sh -c true|37bdb597da71fc576cd28455133c43038e9b1651d3fe750643b3a15e4f98be7e|t20-lat-svc-16.1.5z1vkpzk2sst2mkgzavhl56b4
1790509700598289509|container|exec_start: /bin/sh -c true|37bdb597da71fc576cd28455133c43038e9b1651d3fe750643b3a15e4f98be7e|t20-lat-svc-16.1.5z1vkpzk2sst2mkgzavhl56b4
1790509700622637827|container|exec_die|37bdb597da71fc576cd28455133c43038e9b1651d3fe750643b3a15e4f98be7e|t20-lat-svc-16.1.5z1vkpzk2sst2mkgzavhl56b4
1790509701623958785|container|exec_create: /bin/sh -c true|37bdb597da71fc576cd28455133c43038e9b1651d3fe750643b3a15e4f98be7e|t20-lat-svc-16.1.5z1vkpzk2sst2mkgzavhl56b4
1790509701623994193|container|exec_start: /bin/sh -c true|37bdb597da71fc576cd28455133c43038e9b1651d3fe750643b3a15e4f98be7e|t20-lat-svc-16.1.5z1vkpzk2sst2mkgzavhl56b4
1790509701648820881|container|exec_die|37bdb597da71fc576cd28455133c43038e9b1651d3fe750643b3a15e4f98be7e|t20-lat-svc-16.1.5z1vkpzk2sst2mkgzavhl56b4
1790509702219025259|container|kill|37bdb597da71fc576cd28455133c43038e9b1651d3fe750643b3a15e4f98be7e|t20-lat-svc-16.1.5z1vkpzk2sst2mkgzavhl56b4
1790509702374889089|network|disconnect|9851beeca5de58663c77abfb043b973396bb3f7f9aea89861e7e36f8f7713117|bridge
1790509702383732071|container|stop|37bdb597da71fc576cd28455133c43038e9b1651d3fe750643b3a15e4f98be7e|t20-lat-svc-16.1.5z1vkpzk2sst2mkgzavhl56b4
1790509702392053001|container|die|37bdb597da71fc576cd28455133c43038e9b1651d3fe750643b3a15e4f98be7e|t20-lat-svc-16.1.5z1vkpzk2sst2mkgzavhl56b4
1790509702681003684|network|connect|9851beeca5de58663c77abfb043b973396bb3f7f9aea89861e7e36f8f7713117|bridge
1790509702698000438|container|start|db73ae68d9bb4debc224e1d6424211ebf2018e40c72d612bd5da0086e553e4c9|t20-lat-svc-16.1.jywolhss3bj5e1vm5rh3so3ku
1790509703699017824|container|exec_create: /bin/sh -c true|db73ae68d9bb4debc224e1d6424211ebf2018e40c72d612bd5da0086e553e4c9|t20-lat-svc-16.1.jywolhss3bj5e1vm5rh3so3ku
1790509703699074898|container|exec_start: /bin/sh -c true|db73ae68d9bb4debc224e1d6424211ebf2018e40c72d612bd5da0086e553e4c9|t20-lat-svc-16.1.jywolhss3bj5e1vm5rh3so3ku
1790509703724077885|container|exec_die|db73ae68d9bb4debc224e1d6424211ebf2018e40c72d612bd5da0086e553e4c9|t20-lat-svc-16.1.jywolhss3bj5e1vm5rh3so3ku
1790509703724264677|container|health_status: healthy|db73ae68d9bb4debc224e1d6424211ebf2018e40c72d612bd5da0086e553e4c9|t20-lat-svc-16.1.jywolhss3bj5e1vm5rh3so3ku
1790509704303231512|service|remove|m0ucwyynq57qa6drufuk6xdpd|t20-lat-svc-16
1790509704697780188|container|destroy|37bdb597da71fc576cd28455133c43038e9b1651d3fe750643b3a15e4f98be7e|t20-lat-svc-16.1.5z1vkpzk2sst2mkgzavhl56b4
1790509704725243589|container|exec_create: /bin/sh -c true|db73ae68d9bb4debc224e1d6424211ebf2018e40c72d612bd5da0086e553e4c9|t20-lat-svc-16.1.jywolhss3bj5e1vm5rh3so3ku
1790509704725269676|container|exec_start: /bin/sh -c true|db73ae68d9bb4debc224e1d6424211ebf2018e40c72d612bd5da0086e553e4c9|t20-lat-svc-16.1.jywolhss3bj5e1vm5rh3so3ku
1790509704749270702|container|exec_die|db73ae68d9bb4debc224e1d6424211ebf2018e40c72d612bd5da0086e553e4c9|t20-lat-svc-16.1.jywolhss3bj5e1vm5rh3so3ku
1790509705433723947|container|kill|db73ae68d9bb4debc224e1d6424211ebf2018e40c72d612bd5da0086e553e4c9|t20-lat-svc-16.1.jywolhss3bj5e1vm5rh3so3ku
1790509705750036462|container|exec_create: /bin/sh -c true|db73ae68d9bb4debc224e1d6424211ebf2018e40c72d612bd5da0086e553e4c9|t20-lat-svc-16.1.jywolhss3bj5e1vm5rh3so3ku
1790509705750072144|container|exec_start: /bin/sh -c true|db73ae68d9bb4debc224e1d6424211ebf2018e40c72d612bd5da0086e553e4c9|t20-lat-svc-16.1.jywolhss3bj5e1vm5rh3so3ku
1790509705774237796|container|exec_die|db73ae68d9bb4debc224e1d6424211ebf2018e40c72d612bd5da0086e553e4c9|t20-lat-svc-16.1.jywolhss3bj5e1vm5rh3so3ku
1790509706774866256|container|exec_create: /bin/sh -c true|db73ae68d9bb4debc224e1d6424211ebf2018e40c72d612bd5da0086e553e4c9|t20-lat-svc-16.1.jywolhss3bj5e1vm5rh3so3ku
1790509706774902154|container|exec_start: /bin/sh -c true|db73ae68d9bb4debc224e1d6424211ebf2018e40c72d612bd5da0086e553e4c9|t20-lat-svc-16.1.jywolhss3bj5e1vm5rh3so3ku
1790509706799389577|container|exec_die|db73ae68d9bb4debc224e1d6424211ebf2018e40c72d612bd5da0086e553e4c9|t20-lat-svc-16.1.jywolhss3bj5e1vm5rh3so3ku
1790509707799919126|container|exec_create: /bin/sh -c true|db73ae68d9bb4debc224e1d6424211ebf2018e40c72d612bd5da0086e553e4c9|t20-lat-svc-16.1.jywolhss3bj5e1vm5rh3so3ku
1790509707799942717|container|exec_start: /bin/sh -c true|db73ae68d9bb4debc224e1d6424211ebf2018e40c72d612bd5da0086e553e4c9|t20-lat-svc-16.1.jywolhss3bj5e1vm5rh3so3ku
1790509707825254361|container|exec_die|db73ae68d9bb4debc224e1d6424211ebf2018e40c72d612bd5da0086e553e4c9|t20-lat-svc-16.1.jywolhss3bj5e1vm5rh3so3ku
1790509708826557266|container|exec_create: /bin/sh -c true|db73ae68d9bb4debc224e1d6424211ebf2018e40c72d612bd5da0086e553e4c9|t20-lat-svc-16.1.jywolhss3bj5e1vm5rh3so3ku
1790509708826594196|container|exec_start: /bin/sh -c true|db73ae68d9bb4debc224e1d6424211ebf2018e40c72d612bd5da0086e553e4c9|t20-lat-svc-16.1.jywolhss3bj5e1vm5rh3so3ku
1790509708851617284|container|exec_die|db73ae68d9bb4debc224e1d6424211ebf2018e40c72d612bd5da0086e553e4c9|t20-lat-svc-16.1.jywolhss3bj5e1vm5rh3so3ku
1790509709852638189|container|exec_create: /bin/sh -c true|db73ae68d9bb4debc224e1d6424211ebf2018e40c72d612bd5da0086e553e4c9|t20-lat-svc-16.1.jywolhss3bj5e1vm5rh3so3ku
1790509709852672942|container|exec_start: /bin/sh -c true|db73ae68d9bb4debc224e1d6424211ebf2018e40c72d612bd5da0086e553e4c9|t20-lat-svc-16.1.jywolhss3bj5e1vm5rh3so3ku
1790509709878590104|container|exec_die|db73ae68d9bb4debc224e1d6424211ebf2018e40c72d612bd5da0086e553e4c9|t20-lat-svc-16.1.jywolhss3bj5e1vm5rh3so3ku
1790509710879636456|container|exec_create: /bin/sh -c true|db73ae68d9bb4debc224e1d6424211ebf2018e40c72d612bd5da0086e553e4c9|t20-lat-svc-16.1.jywolhss3bj5e1vm5rh3so3ku
1790509710879658925|container|exec_start: /bin/sh -c true|db73ae68d9bb4debc224e1d6424211ebf2018e40c72d612bd5da0086e553e4c9|t20-lat-svc-16.1.jywolhss3bj5e1vm5rh3so3ku
1790509710905665915|container|exec_die|db73ae68d9bb4debc224e1d6424211ebf2018e40c72d612bd5da0086e553e4c9|t20-lat-svc-16.1.jywolhss3bj5e1vm5rh3so3ku
1790509711906413293|container|exec_create: /bin/sh -c true|db73ae68d9bb4debc224e1d6424211ebf2018e40c72d612bd5da0086e553e4c9|t20-lat-svc-16.1.jywolhss3bj5e1vm5rh3so3ku
1790509711906443167|container|exec_start: /bin/sh -c true|db73ae68d9bb4debc224e1d6424211ebf2018e40c72d612bd5da0086e553e4c9|t20-lat-svc-16.1.jywolhss3bj5e1vm5rh3so3ku
1790509711931478767|container|exec_die|db73ae68d9bb4debc224e1d6424211ebf2018e40c72d612bd5da0086e553e4c9|t20-lat-svc-16.1.jywolhss3bj5e1vm5rh3so3ku
1790509712932418289|container|exec_create: /bin/sh -c true|db73ae68d9bb4debc224e1d6424211ebf2018e40c72d612bd5da0086e553e4c9|t20-lat-svc-16.1.jywolhss3bj5e1vm5rh3so3ku
1790509712932447291|container|exec_start: /bin/sh -c true|db73ae68d9bb4debc224e1d6424211ebf2018e40c72d612bd5da0086e553e4c9|t20-lat-svc-16.1.jywolhss3bj5e1vm5rh3so3ku
1790509712956432762|container|exec_die|db73ae68d9bb4debc224e1d6424211ebf2018e40c72d612bd5da0086e553e4c9|t20-lat-svc-16.1.jywolhss3bj5e1vm5rh3so3ku
1790509713957320605|container|exec_create: /bin/sh -c true|db73ae68d9bb4debc224e1d6424211ebf2018e40c72d612bd5da0086e553e4c9|t20-lat-svc-16.1.jywolhss3bj5e1vm5rh3so3ku
1790509713957352971|container|exec_start: /bin/sh -c true|db73ae68d9bb4debc224e1d6424211ebf2018e40c72d612bd5da0086e553e4c9|t20-lat-svc-16.1.jywolhss3bj5e1vm5rh3so3ku
1790509713982443100|container|exec_die|db73ae68d9bb4debc224e1d6424211ebf2018e40c72d612bd5da0086e553e4c9|t20-lat-svc-16.1.jywolhss3bj5e1vm5rh3so3ku
1790509714983244988|container|exec_create: /bin/sh -c true|db73ae68d9bb4debc224e1d6424211ebf2018e40c72d612bd5da0086e553e4c9|t20-lat-svc-16.1.jywolhss3bj5e1vm5rh3so3ku
1790509714983283485|container|exec_start: /bin/sh -c true|db73ae68d9bb4debc224e1d6424211ebf2018e40c72d612bd5da0086e553e4c9|t20-lat-svc-16.1.jywolhss3bj5e1vm5rh3so3ku
1790509715008677892|container|exec_die|db73ae68d9bb4debc224e1d6424211ebf2018e40c72d612bd5da0086e553e4c9|t20-lat-svc-16.1.jywolhss3bj5e1vm5rh3so3ku
1790509715449175355|container|kill|db73ae68d9bb4debc224e1d6424211ebf2018e40c72d612bd5da0086e553e4c9|t20-lat-svc-16.1.jywolhss3bj5e1vm5rh3so3ku
1790509715591479209|network|disconnect|9851beeca5de58663c77abfb043b973396bb3f7f9aea89861e7e36f8f7713117|bridge
1790509715600120441|container|stop|db73ae68d9bb4debc224e1d6424211ebf2018e40c72d612bd5da0086e553e4c9|t20-lat-svc-16.1.jywolhss3bj5e1vm5rh3so3ku
1790509715608716812|container|die|db73ae68d9bb4debc224e1d6424211ebf2018e40c72d612bd5da0086e553e4c9|t20-lat-svc-16.1.jywolhss3bj5e1vm5rh3so3ku
1790509716105352871|container|destroy|db73ae68d9bb4debc224e1d6424211ebf2018e40c72d612bd5da0086e553e4c9|t20-lat-svc-16.1.jywolhss3bj5e1vm5rh3so3ku
1790509719594831175|service|create|7tmpklb36m9iijkk7opsva7oa|t20-lat-svc-17
1790509719854787953|container|create|e881e19f7eb7cd3dc11792c3538e1026e3d0bcbf5a675e1b9ccb64d8012c3779|t20-lat-svc-17.1.1ie52uo7xxl7skss3ik5dh0mi
1790509719983678464|network|connect|9851beeca5de58663c77abfb043b973396bb3f7f9aea89861e7e36f8f7713117|bridge
1790509720000876765|container|start|e881e19f7eb7cd3dc11792c3538e1026e3d0bcbf5a675e1b9ccb64d8012c3779|t20-lat-svc-17.1.1ie52uo7xxl7skss3ik5dh0mi
1790509721001919544|container|exec_create: /bin/sh -c true|e881e19f7eb7cd3dc11792c3538e1026e3d0bcbf5a675e1b9ccb64d8012c3779|t20-lat-svc-17.1.1ie52uo7xxl7skss3ik5dh0mi
1790509721002016173|container|exec_start: /bin/sh -c true|e881e19f7eb7cd3dc11792c3538e1026e3d0bcbf5a675e1b9ccb64d8012c3779|t20-lat-svc-17.1.1ie52uo7xxl7skss3ik5dh0mi
1790509721028324237|container|exec_die|e881e19f7eb7cd3dc11792c3538e1026e3d0bcbf5a675e1b9ccb64d8012c3779|t20-lat-svc-17.1.1ie52uo7xxl7skss3ik5dh0mi
1790509721028551919|container|health_status: healthy|e881e19f7eb7cd3dc11792c3538e1026e3d0bcbf5a675e1b9ccb64d8012c3779|t20-lat-svc-17.1.1ie52uo7xxl7skss3ik5dh0mi
1790509721661068796|service|update|7tmpklb36m9iijkk7opsva7oa|t20-lat-svc-17
1790509721663988884|service|update|7tmpklb36m9iijkk7opsva7oa|t20-lat-svc-17
1790509721934854068|container|create|18d833cacb995c67b614a97c041b8ecca4396e0ca513dbcffbfcfb3a1fb5511e|t20-lat-svc-17.1.iuqqxo6zj9nwom1lb3d4ai1jv
1790509722029561562|container|exec_create: /bin/sh -c true|e881e19f7eb7cd3dc11792c3538e1026e3d0bcbf5a675e1b9ccb64d8012c3779|t20-lat-svc-17.1.1ie52uo7xxl7skss3ik5dh0mi
1790509722029586521|container|exec_start: /bin/sh -c true|e881e19f7eb7cd3dc11792c3538e1026e3d0bcbf5a675e1b9ccb64d8012c3779|t20-lat-svc-17.1.1ie52uo7xxl7skss3ik5dh0mi
1790509722054085519|container|exec_die|e881e19f7eb7cd3dc11792c3538e1026e3d0bcbf5a675e1b9ccb64d8012c3779|t20-lat-svc-17.1.1ie52uo7xxl7skss3ik5dh0mi
1790509722857056664|container|kill|e881e19f7eb7cd3dc11792c3538e1026e3d0bcbf5a675e1b9ccb64d8012c3779|t20-lat-svc-17.1.1ie52uo7xxl7skss3ik5dh0mi
1790509723055211302|container|exec_create: /bin/sh -c true|e881e19f7eb7cd3dc11792c3538e1026e3d0bcbf5a675e1b9ccb64d8012c3779|t20-lat-svc-17.1.1ie52uo7xxl7skss3ik5dh0mi
1790509723055235021|container|exec_start: /bin/sh -c true|e881e19f7eb7cd3dc11792c3538e1026e3d0bcbf5a675e1b9ccb64d8012c3779|t20-lat-svc-17.1.1ie52uo7xxl7skss3ik5dh0mi
1790509723079882893|container|exec_die|e881e19f7eb7cd3dc11792c3538e1026e3d0bcbf5a675e1b9ccb64d8012c3779|t20-lat-svc-17.1.1ie52uo7xxl7skss3ik5dh0mi
1790509724080926618|container|exec_create: /bin/sh -c true|e881e19f7eb7cd3dc11792c3538e1026e3d0bcbf5a675e1b9ccb64d8012c3779|t20-lat-svc-17.1.1ie52uo7xxl7skss3ik5dh0mi
1790509724080956644|container|exec_start: /bin/sh -c true|e881e19f7eb7cd3dc11792c3538e1026e3d0bcbf5a675e1b9ccb64d8012c3779|t20-lat-svc-17.1.1ie52uo7xxl7skss3ik5dh0mi
1790509724105200457|container|exec_die|e881e19f7eb7cd3dc11792c3538e1026e3d0bcbf5a675e1b9ccb64d8012c3779|t20-lat-svc-17.1.1ie52uo7xxl7skss3ik5dh0mi
1790509725106210975|container|exec_create: /bin/sh -c true|e881e19f7eb7cd3dc11792c3538e1026e3d0bcbf5a675e1b9ccb64d8012c3779|t20-lat-svc-17.1.1ie52uo7xxl7skss3ik5dh0mi
1790509725106234587|container|exec_start: /bin/sh -c true|e881e19f7eb7cd3dc11792c3538e1026e3d0bcbf5a675e1b9ccb64d8012c3779|t20-lat-svc-17.1.1ie52uo7xxl7skss3ik5dh0mi
1790509725132111090|container|exec_die|e881e19f7eb7cd3dc11792c3538e1026e3d0bcbf5a675e1b9ccb64d8012c3779|t20-lat-svc-17.1.1ie52uo7xxl7skss3ik5dh0mi
1790509726133404966|container|exec_create: /bin/sh -c true|e881e19f7eb7cd3dc11792c3538e1026e3d0bcbf5a675e1b9ccb64d8012c3779|t20-lat-svc-17.1.1ie52uo7xxl7skss3ik5dh0mi
1790509726133431678|container|exec_start: /bin/sh -c true|e881e19f7eb7cd3dc11792c3538e1026e3d0bcbf5a675e1b9ccb64d8012c3779|t20-lat-svc-17.1.1ie52uo7xxl7skss3ik5dh0mi
1790509726158332101|container|exec_die|e881e19f7eb7cd3dc11792c3538e1026e3d0bcbf5a675e1b9ccb64d8012c3779|t20-lat-svc-17.1.1ie52uo7xxl7skss3ik5dh0mi
1790509727158894750|container|exec_create: /bin/sh -c true|e881e19f7eb7cd3dc11792c3538e1026e3d0bcbf5a675e1b9ccb64d8012c3779|t20-lat-svc-17.1.1ie52uo7xxl7skss3ik5dh0mi
1790509727158930513|container|exec_start: /bin/sh -c true|e881e19f7eb7cd3dc11792c3538e1026e3d0bcbf5a675e1b9ccb64d8012c3779|t20-lat-svc-17.1.1ie52uo7xxl7skss3ik5dh0mi
1790509727184329569|container|exec_die|e881e19f7eb7cd3dc11792c3538e1026e3d0bcbf5a675e1b9ccb64d8012c3779|t20-lat-svc-17.1.1ie52uo7xxl7skss3ik5dh0mi
1790509728184764139|container|exec_create: /bin/sh -c true|e881e19f7eb7cd3dc11792c3538e1026e3d0bcbf5a675e1b9ccb64d8012c3779|t20-lat-svc-17.1.1ie52uo7xxl7skss3ik5dh0mi
1790509728184802628|container|exec_start: /bin/sh -c true|e881e19f7eb7cd3dc11792c3538e1026e3d0bcbf5a675e1b9ccb64d8012c3779|t20-lat-svc-17.1.1ie52uo7xxl7skss3ik5dh0mi
1790509728211217049|container|exec_die|e881e19f7eb7cd3dc11792c3538e1026e3d0bcbf5a675e1b9ccb64d8012c3779|t20-lat-svc-17.1.1ie52uo7xxl7skss3ik5dh0mi
1790509729211834957|container|exec_create: /bin/sh -c true|e881e19f7eb7cd3dc11792c3538e1026e3d0bcbf5a675e1b9ccb64d8012c3779|t20-lat-svc-17.1.1ie52uo7xxl7skss3ik5dh0mi
1790509729211868327|container|exec_start: /bin/sh -c true|e881e19f7eb7cd3dc11792c3538e1026e3d0bcbf5a675e1b9ccb64d8012c3779|t20-lat-svc-17.1.1ie52uo7xxl7skss3ik5dh0mi
1790509729236252646|container|exec_die|e881e19f7eb7cd3dc11792c3538e1026e3d0bcbf5a675e1b9ccb64d8012c3779|t20-lat-svc-17.1.1ie52uo7xxl7skss3ik5dh0mi
1790509730237074584|container|exec_create: /bin/sh -c true|e881e19f7eb7cd3dc11792c3538e1026e3d0bcbf5a675e1b9ccb64d8012c3779|t20-lat-svc-17.1.1ie52uo7xxl7skss3ik5dh0mi
1790509730237098191|container|exec_start: /bin/sh -c true|e881e19f7eb7cd3dc11792c3538e1026e3d0bcbf5a675e1b9ccb64d8012c3779|t20-lat-svc-17.1.1ie52uo7xxl7skss3ik5dh0mi
1790509730261375385|container|exec_die|e881e19f7eb7cd3dc11792c3538e1026e3d0bcbf5a675e1b9ccb64d8012c3779|t20-lat-svc-17.1.1ie52uo7xxl7skss3ik5dh0mi
1790509731262424147|container|exec_create: /bin/sh -c true|e881e19f7eb7cd3dc11792c3538e1026e3d0bcbf5a675e1b9ccb64d8012c3779|t20-lat-svc-17.1.1ie52uo7xxl7skss3ik5dh0mi
1790509731262463141|container|exec_start: /bin/sh -c true|e881e19f7eb7cd3dc11792c3538e1026e3d0bcbf5a675e1b9ccb64d8012c3779|t20-lat-svc-17.1.1ie52uo7xxl7skss3ik5dh0mi
1790509731287445590|container|exec_die|e881e19f7eb7cd3dc11792c3538e1026e3d0bcbf5a675e1b9ccb64d8012c3779|t20-lat-svc-17.1.1ie52uo7xxl7skss3ik5dh0mi
1790509732286346721|container|exec_create: /bin/sh -c true|e881e19f7eb7cd3dc11792c3538e1026e3d0bcbf5a675e1b9ccb64d8012c3779|t20-lat-svc-17.1.1ie52uo7xxl7skss3ik5dh0mi
1790509732286382419|container|exec_start: /bin/sh -c true|e881e19f7eb7cd3dc11792c3538e1026e3d0bcbf5a675e1b9ccb64d8012c3779|t20-lat-svc-17.1.1ie52uo7xxl7skss3ik5dh0mi
1790509732310850374|container|exec_die|e881e19f7eb7cd3dc11792c3538e1026e3d0bcbf5a675e1b9ccb64d8012c3779|t20-lat-svc-17.1.1ie52uo7xxl7skss3ik5dh0mi
1790509732870012151|container|kill|e881e19f7eb7cd3dc11792c3538e1026e3d0bcbf5a675e1b9ccb64d8012c3779|t20-lat-svc-17.1.1ie52uo7xxl7skss3ik5dh0mi
1790509733005662144|network|disconnect|9851beeca5de58663c77abfb043b973396bb3f7f9aea89861e7e36f8f7713117|bridge
1790509733015447925|container|stop|e881e19f7eb7cd3dc11792c3538e1026e3d0bcbf5a675e1b9ccb64d8012c3779|t20-lat-svc-17.1.1ie52uo7xxl7skss3ik5dh0mi
1790509733023709225|container|die|e881e19f7eb7cd3dc11792c3538e1026e3d0bcbf5a675e1b9ccb64d8012c3779|t20-lat-svc-17.1.1ie52uo7xxl7skss3ik5dh0mi
1790509733264609404|network|connect|9851beeca5de58663c77abfb043b973396bb3f7f9aea89861e7e36f8f7713117|bridge
1790509733281715161|container|start|18d833cacb995c67b614a97c041b8ecca4396e0ca513dbcffbfcfb3a1fb5511e|t20-lat-svc-17.1.iuqqxo6zj9nwom1lb3d4ai1jv
1790509734282153753|container|exec_create: /bin/sh -c true|18d833cacb995c67b614a97c041b8ecca4396e0ca513dbcffbfcfb3a1fb5511e|t20-lat-svc-17.1.iuqqxo6zj9nwom1lb3d4ai1jv
1790509734282226621|container|exec_start: /bin/sh -c true|18d833cacb995c67b614a97c041b8ecca4396e0ca513dbcffbfcfb3a1fb5511e|t20-lat-svc-17.1.iuqqxo6zj9nwom1lb3d4ai1jv
1790509734306940899|container|exec_die|18d833cacb995c67b614a97c041b8ecca4396e0ca513dbcffbfcfb3a1fb5511e|t20-lat-svc-17.1.iuqqxo6zj9nwom1lb3d4ai1jv
1790509734307139154|container|health_status: healthy|18d833cacb995c67b614a97c041b8ecca4396e0ca513dbcffbfcfb3a1fb5511e|t20-lat-svc-17.1.iuqqxo6zj9nwom1lb3d4ai1jv
1790509734949982067|service|remove|7tmpklb36m9iijkk7opsva7oa|t20-lat-svc-17
1790509735307755875|container|exec_create: /bin/sh -c true|18d833cacb995c67b614a97c041b8ecca4396e0ca513dbcffbfcfb3a1fb5511e|t20-lat-svc-17.1.iuqqxo6zj9nwom1lb3d4ai1jv
1790509735307788170|container|exec_start: /bin/sh -c true|18d833cacb995c67b614a97c041b8ecca4396e0ca513dbcffbfcfb3a1fb5511e|t20-lat-svc-17.1.iuqqxo6zj9nwom1lb3d4ai1jv
1790509735341265525|container|exec_die|18d833cacb995c67b614a97c041b8ecca4396e0ca513dbcffbfcfb3a1fb5511e|t20-lat-svc-17.1.iuqqxo6zj9nwom1lb3d4ai1jv
1790509735348377816|container|destroy|e881e19f7eb7cd3dc11792c3538e1026e3d0bcbf5a675e1b9ccb64d8012c3779|t20-lat-svc-17.1.1ie52uo7xxl7skss3ik5dh0mi
1790509736075696157|container|kill|18d833cacb995c67b614a97c041b8ecca4396e0ca513dbcffbfcfb3a1fb5511e|t20-lat-svc-17.1.iuqqxo6zj9nwom1lb3d4ai1jv
1790509736341551674|container|exec_create: /bin/sh -c true|18d833cacb995c67b614a97c041b8ecca4396e0ca513dbcffbfcfb3a1fb5511e|t20-lat-svc-17.1.iuqqxo6zj9nwom1lb3d4ai1jv
1790509736341585024|container|exec_start: /bin/sh -c true|18d833cacb995c67b614a97c041b8ecca4396e0ca513dbcffbfcfb3a1fb5511e|t20-lat-svc-17.1.iuqqxo6zj9nwom1lb3d4ai1jv
1790509736365967357|container|exec_die|18d833cacb995c67b614a97c041b8ecca4396e0ca513dbcffbfcfb3a1fb5511e|t20-lat-svc-17.1.iuqqxo6zj9nwom1lb3d4ai1jv
1790509737367033871|container|exec_create: /bin/sh -c true|18d833cacb995c67b614a97c041b8ecca4396e0ca513dbcffbfcfb3a1fb5511e|t20-lat-svc-17.1.iuqqxo6zj9nwom1lb3d4ai1jv
1790509737367059580|container|exec_start: /bin/sh -c true|18d833cacb995c67b614a97c041b8ecca4396e0ca513dbcffbfcfb3a1fb5511e|t20-lat-svc-17.1.iuqqxo6zj9nwom1lb3d4ai1jv
1790509737391192507|container|exec_die|18d833cacb995c67b614a97c041b8ecca4396e0ca513dbcffbfcfb3a1fb5511e|t20-lat-svc-17.1.iuqqxo6zj9nwom1lb3d4ai1jv
1790509738391639746|container|exec_create: /bin/sh -c true|18d833cacb995c67b614a97c041b8ecca4396e0ca513dbcffbfcfb3a1fb5511e|t20-lat-svc-17.1.iuqqxo6zj9nwom1lb3d4ai1jv
1790509738391665878|container|exec_start: /bin/sh -c true|18d833cacb995c67b614a97c041b8ecca4396e0ca513dbcffbfcfb3a1fb5511e|t20-lat-svc-17.1.iuqqxo6zj9nwom1lb3d4ai1jv
1790509738417061720|container|exec_die|18d833cacb995c67b614a97c041b8ecca4396e0ca513dbcffbfcfb3a1fb5511e|t20-lat-svc-17.1.iuqqxo6zj9nwom1lb3d4ai1jv
1790509739418163014|container|exec_create: /bin/sh -c true|18d833cacb995c67b614a97c041b8ecca4396e0ca513dbcffbfcfb3a1fb5511e|t20-lat-svc-17.1.iuqqxo6zj9nwom1lb3d4ai1jv
1790509739418196732|container|exec_start: /bin/sh -c true|18d833cacb995c67b614a97c041b8ecca4396e0ca513dbcffbfcfb3a1fb5511e|t20-lat-svc-17.1.iuqqxo6zj9nwom1lb3d4ai1jv
1790509739443051822|container|exec_die|18d833cacb995c67b614a97c041b8ecca4396e0ca513dbcffbfcfb3a1fb5511e|t20-lat-svc-17.1.iuqqxo6zj9nwom1lb3d4ai1jv
1790509740444074563|container|exec_create: /bin/sh -c true|18d833cacb995c67b614a97c041b8ecca4396e0ca513dbcffbfcfb3a1fb5511e|t20-lat-svc-17.1.iuqqxo6zj9nwom1lb3d4ai1jv
1790509740444100787|container|exec_start: /bin/sh -c true|18d833cacb995c67b614a97c041b8ecca4396e0ca513dbcffbfcfb3a1fb5511e|t20-lat-svc-17.1.iuqqxo6zj9nwom1lb3d4ai1jv
1790509740469135338|container|exec_die|18d833cacb995c67b614a97c041b8ecca4396e0ca513dbcffbfcfb3a1fb5511e|t20-lat-svc-17.1.iuqqxo6zj9nwom1lb3d4ai1jv
1790509741470143151|container|exec_create: /bin/sh -c true|18d833cacb995c67b614a97c041b8ecca4396e0ca513dbcffbfcfb3a1fb5511e|t20-lat-svc-17.1.iuqqxo6zj9nwom1lb3d4ai1jv
1790509741470169225|container|exec_start: /bin/sh -c true|18d833cacb995c67b614a97c041b8ecca4396e0ca513dbcffbfcfb3a1fb5511e|t20-lat-svc-17.1.iuqqxo6zj9nwom1lb3d4ai1jv
1790509741495049689|container|exec_die|18d833cacb995c67b614a97c041b8ecca4396e0ca513dbcffbfcfb3a1fb5511e|t20-lat-svc-17.1.iuqqxo6zj9nwom1lb3d4ai1jv
1790509742496479007|container|exec_create: /bin/sh -c true|18d833cacb995c67b614a97c041b8ecca4396e0ca513dbcffbfcfb3a1fb5511e|t20-lat-svc-17.1.iuqqxo6zj9nwom1lb3d4ai1jv
1790509742496504163|container|exec_start: /bin/sh -c true|18d833cacb995c67b614a97c041b8ecca4396e0ca513dbcffbfcfb3a1fb5511e|t20-lat-svc-17.1.iuqqxo6zj9nwom1lb3d4ai1jv
1790509742521409980|container|exec_die|18d833cacb995c67b614a97c041b8ecca4396e0ca513dbcffbfcfb3a1fb5511e|t20-lat-svc-17.1.iuqqxo6zj9nwom1lb3d4ai1jv
1790509743522125011|container|exec_create: /bin/sh -c true|18d833cacb995c67b614a97c041b8ecca4396e0ca513dbcffbfcfb3a1fb5511e|t20-lat-svc-17.1.iuqqxo6zj9nwom1lb3d4ai1jv
1790509743522152589|container|exec_start: /bin/sh -c true|18d833cacb995c67b614a97c041b8ecca4396e0ca513dbcffbfcfb3a1fb5511e|t20-lat-svc-17.1.iuqqxo6zj9nwom1lb3d4ai1jv
1790509743547183028|container|exec_die|18d833cacb995c67b614a97c041b8ecca4396e0ca513dbcffbfcfb3a1fb5511e|t20-lat-svc-17.1.iuqqxo6zj9nwom1lb3d4ai1jv
1790509744548018336|container|exec_create: /bin/sh -c true|18d833cacb995c67b614a97c041b8ecca4396e0ca513dbcffbfcfb3a1fb5511e|t20-lat-svc-17.1.iuqqxo6zj9nwom1lb3d4ai1jv
1790509744548049647|container|exec_start: /bin/sh -c true|18d833cacb995c67b614a97c041b8ecca4396e0ca513dbcffbfcfb3a1fb5511e|t20-lat-svc-17.1.iuqqxo6zj9nwom1lb3d4ai1jv
1790509744572527967|container|exec_die|18d833cacb995c67b614a97c041b8ecca4396e0ca513dbcffbfcfb3a1fb5511e|t20-lat-svc-17.1.iuqqxo6zj9nwom1lb3d4ai1jv
1790509745572812168|container|exec_create: /bin/sh -c true|18d833cacb995c67b614a97c041b8ecca4396e0ca513dbcffbfcfb3a1fb5511e|t20-lat-svc-17.1.iuqqxo6zj9nwom1lb3d4ai1jv
1790509745572848245|container|exec_start: /bin/sh -c true|18d833cacb995c67b614a97c041b8ecca4396e0ca513dbcffbfcfb3a1fb5511e|t20-lat-svc-17.1.iuqqxo6zj9nwom1lb3d4ai1jv
1790509745597307812|container|exec_die|18d833cacb995c67b614a97c041b8ecca4396e0ca513dbcffbfcfb3a1fb5511e|t20-lat-svc-17.1.iuqqxo6zj9nwom1lb3d4ai1jv
1790509746090451695|container|kill|18d833cacb995c67b614a97c041b8ecca4396e0ca513dbcffbfcfb3a1fb5511e|t20-lat-svc-17.1.iuqqxo6zj9nwom1lb3d4ai1jv
1790509746261198087|network|disconnect|9851beeca5de58663c77abfb043b973396bb3f7f9aea89861e7e36f8f7713117|bridge
1790509746270875403|container|stop|18d833cacb995c67b614a97c041b8ecca4396e0ca513dbcffbfcfb3a1fb5511e|t20-lat-svc-17.1.iuqqxo6zj9nwom1lb3d4ai1jv
1790509746280279650|container|die|18d833cacb995c67b614a97c041b8ecca4396e0ca513dbcffbfcfb3a1fb5511e|t20-lat-svc-17.1.iuqqxo6zj9nwom1lb3d4ai1jv
1790509746710966232|container|destroy|18d833cacb995c67b614a97c041b8ecca4396e0ca513dbcffbfcfb3a1fb5511e|t20-lat-svc-17.1.iuqqxo6zj9nwom1lb3d4ai1jv
1790509749817977243|service|create|zi0cfxagn6rfm2lldpix0ipjj|t20-lat-svc-18
1790509750075394599|container|create|bdabf8e4ef9dd3d35657122e5150b25b335c53a649728fd843e6f706b4ed37ac|t20-lat-svc-18.1.vx1xzz5i37ebwa4auklrdoq89
1790509750197309785|network|connect|9851beeca5de58663c77abfb043b973396bb3f7f9aea89861e7e36f8f7713117|bridge
1790509750214465302|container|start|bdabf8e4ef9dd3d35657122e5150b25b335c53a649728fd843e6f706b4ed37ac|t20-lat-svc-18.1.vx1xzz5i37ebwa4auklrdoq89
1790509751214929365|container|exec_create: /bin/sh -c true|bdabf8e4ef9dd3d35657122e5150b25b335c53a649728fd843e6f706b4ed37ac|t20-lat-svc-18.1.vx1xzz5i37ebwa4auklrdoq89
1790509751214992251|container|exec_start: /bin/sh -c true|bdabf8e4ef9dd3d35657122e5150b25b335c53a649728fd843e6f706b4ed37ac|t20-lat-svc-18.1.vx1xzz5i37ebwa4auklrdoq89
1790509751239774703|container|exec_die|bdabf8e4ef9dd3d35657122e5150b25b335c53a649728fd843e6f706b4ed37ac|t20-lat-svc-18.1.vx1xzz5i37ebwa4auklrdoq89
1790509751239979709|container|health_status: healthy|bdabf8e4ef9dd3d35657122e5150b25b335c53a649728fd843e6f706b4ed37ac|t20-lat-svc-18.1.vx1xzz5i37ebwa4auklrdoq89
1790509751883897033|service|update|zi0cfxagn6rfm2lldpix0ipjj|t20-lat-svc-18
1790509751886613692|service|update|zi0cfxagn6rfm2lldpix0ipjj|t20-lat-svc-18
1790509752152716125|container|create|8cbe6367dcbdc84f4616e286225405e140d3fdf020214a256383d286e932fab3|t20-lat-svc-18.1.on6tj11mi5naxjpuv7c9rxrjz
1790509752240118877|container|exec_create: /bin/sh -c true|bdabf8e4ef9dd3d35657122e5150b25b335c53a649728fd843e6f706b4ed37ac|t20-lat-svc-18.1.vx1xzz5i37ebwa4auklrdoq89
1790509752240152653|container|exec_start: /bin/sh -c true|bdabf8e4ef9dd3d35657122e5150b25b335c53a649728fd843e6f706b4ed37ac|t20-lat-svc-18.1.vx1xzz5i37ebwa4auklrdoq89
1790509752264780711|container|exec_die|bdabf8e4ef9dd3d35657122e5150b25b335c53a649728fd843e6f706b4ed37ac|t20-lat-svc-18.1.vx1xzz5i37ebwa4auklrdoq89
1790509753072615656|container|kill|bdabf8e4ef9dd3d35657122e5150b25b335c53a649728fd843e6f706b4ed37ac|t20-lat-svc-18.1.vx1xzz5i37ebwa4auklrdoq89
1790509753265812213|container|exec_create: /bin/sh -c true|bdabf8e4ef9dd3d35657122e5150b25b335c53a649728fd843e6f706b4ed37ac|t20-lat-svc-18.1.vx1xzz5i37ebwa4auklrdoq89
1790509753265845789|container|exec_start: /bin/sh -c true|bdabf8e4ef9dd3d35657122e5150b25b335c53a649728fd843e6f706b4ed37ac|t20-lat-svc-18.1.vx1xzz5i37ebwa4auklrdoq89
1790509753289671032|container|exec_die|bdabf8e4ef9dd3d35657122e5150b25b335c53a649728fd843e6f706b4ed37ac|t20-lat-svc-18.1.vx1xzz5i37ebwa4auklrdoq89
1790509754290522799|container|exec_create: /bin/sh -c true|bdabf8e4ef9dd3d35657122e5150b25b335c53a649728fd843e6f706b4ed37ac|t20-lat-svc-18.1.vx1xzz5i37ebwa4auklrdoq89
1790509754290562168|container|exec_start: /bin/sh -c true|bdabf8e4ef9dd3d35657122e5150b25b335c53a649728fd843e6f706b4ed37ac|t20-lat-svc-18.1.vx1xzz5i37ebwa4auklrdoq89
1790509754315877577|container|exec_die|bdabf8e4ef9dd3d35657122e5150b25b335c53a649728fd843e6f706b4ed37ac|t20-lat-svc-18.1.vx1xzz5i37ebwa4auklrdoq89
1790509755316465815|container|exec_create: /bin/sh -c true|bdabf8e4ef9dd3d35657122e5150b25b335c53a649728fd843e6f706b4ed37ac|t20-lat-svc-18.1.vx1xzz5i37ebwa4auklrdoq89
1790509755316501653|container|exec_start: /bin/sh -c true|bdabf8e4ef9dd3d35657122e5150b25b335c53a649728fd843e6f706b4ed37ac|t20-lat-svc-18.1.vx1xzz5i37ebwa4auklrdoq89
1790509755340867309|container|exec_die|bdabf8e4ef9dd3d35657122e5150b25b335c53a649728fd843e6f706b4ed37ac|t20-lat-svc-18.1.vx1xzz5i37ebwa4auklrdoq89
1790509756342000147|container|exec_create: /bin/sh -c true|bdabf8e4ef9dd3d35657122e5150b25b335c53a649728fd843e6f706b4ed37ac|t20-lat-svc-18.1.vx1xzz5i37ebwa4auklrdoq89
1790509756342030388|container|exec_start: /bin/sh -c true|bdabf8e4ef9dd3d35657122e5150b25b335c53a649728fd843e6f706b4ed37ac|t20-lat-svc-18.1.vx1xzz5i37ebwa4auklrdoq89
1790509756366603755|container|exec_die|bdabf8e4ef9dd3d35657122e5150b25b335c53a649728fd843e6f706b4ed37ac|t20-lat-svc-18.1.vx1xzz5i37ebwa4auklrdoq89
1790509757367495089|container|exec_create: /bin/sh -c true|bdabf8e4ef9dd3d35657122e5150b25b335c53a649728fd843e6f706b4ed37ac|t20-lat-svc-18.1.vx1xzz5i37ebwa4auklrdoq89
1790509757367534033|container|exec_start: /bin/sh -c true|bdabf8e4ef9dd3d35657122e5150b25b335c53a649728fd843e6f706b4ed37ac|t20-lat-svc-18.1.vx1xzz5i37ebwa4auklrdoq89
1790509757392971590|container|exec_die|bdabf8e4ef9dd3d35657122e5150b25b335c53a649728fd843e6f706b4ed37ac|t20-lat-svc-18.1.vx1xzz5i37ebwa4auklrdoq89
1790509758394181053|container|exec_create: /bin/sh -c true|bdabf8e4ef9dd3d35657122e5150b25b335c53a649728fd843e6f706b4ed37ac|t20-lat-svc-18.1.vx1xzz5i37ebwa4auklrdoq89
1790509758394205420|container|exec_start: /bin/sh -c true|bdabf8e4ef9dd3d35657122e5150b25b335c53a649728fd843e6f706b4ed37ac|t20-lat-svc-18.1.vx1xzz5i37ebwa4auklrdoq89
1790509758420096970|container|exec_die|bdabf8e4ef9dd3d35657122e5150b25b335c53a649728fd843e6f706b4ed37ac|t20-lat-svc-18.1.vx1xzz5i37ebwa4auklrdoq89
1790509759421001935|container|exec_create: /bin/sh -c true|bdabf8e4ef9dd3d35657122e5150b25b335c53a649728fd843e6f706b4ed37ac|t20-lat-svc-18.1.vx1xzz5i37ebwa4auklrdoq89
1790509759421040811|container|exec_start: /bin/sh -c true|bdabf8e4ef9dd3d35657122e5150b25b335c53a649728fd843e6f706b4ed37ac|t20-lat-svc-18.1.vx1xzz5i37ebwa4auklrdoq89
1790509759445984755|container|exec_die|bdabf8e4ef9dd3d35657122e5150b25b335c53a649728fd843e6f706b4ed37ac|t20-lat-svc-18.1.vx1xzz5i37ebwa4auklrdoq89
1790509760446527276|container|exec_create: /bin/sh -c true|bdabf8e4ef9dd3d35657122e5150b25b335c53a649728fd843e6f706b4ed37ac|t20-lat-svc-18.1.vx1xzz5i37ebwa4auklrdoq89
1790509760446556563|container|exec_start: /bin/sh -c true|bdabf8e4ef9dd3d35657122e5150b25b335c53a649728fd843e6f706b4ed37ac|t20-lat-svc-18.1.vx1xzz5i37ebwa4auklrdoq89
1790509760471109071|container|exec_die|bdabf8e4ef9dd3d35657122e5150b25b335c53a649728fd843e6f706b4ed37ac|t20-lat-svc-18.1.vx1xzz5i37ebwa4auklrdoq89
1790509761471756533|container|exec_create: /bin/sh -c true|bdabf8e4ef9dd3d35657122e5150b25b335c53a649728fd843e6f706b4ed37ac|t20-lat-svc-18.1.vx1xzz5i37ebwa4auklrdoq89
1790509761471782923|container|exec_start: /bin/sh -c true|bdabf8e4ef9dd3d35657122e5150b25b335c53a649728fd843e6f706b4ed37ac|t20-lat-svc-18.1.vx1xzz5i37ebwa4auklrdoq89
1790509761495965084|container|exec_die|bdabf8e4ef9dd3d35657122e5150b25b335c53a649728fd843e6f706b4ed37ac|t20-lat-svc-18.1.vx1xzz5i37ebwa4auklrdoq89
1790509762495174319|container|exec_create: /bin/sh -c true|bdabf8e4ef9dd3d35657122e5150b25b335c53a649728fd843e6f706b4ed37ac|t20-lat-svc-18.1.vx1xzz5i37ebwa4auklrdoq89
1790509762495211615|container|exec_start: /bin/sh -c true|bdabf8e4ef9dd3d35657122e5150b25b335c53a649728fd843e6f706b4ed37ac|t20-lat-svc-18.1.vx1xzz5i37ebwa4auklrdoq89
1790509762519926720|container|exec_die|bdabf8e4ef9dd3d35657122e5150b25b335c53a649728fd843e6f706b4ed37ac|t20-lat-svc-18.1.vx1xzz5i37ebwa4auklrdoq89
1790509763084874301|container|kill|bdabf8e4ef9dd3d35657122e5150b25b335c53a649728fd843e6f706b4ed37ac|t20-lat-svc-18.1.vx1xzz5i37ebwa4auklrdoq89
1790509763253547763|network|disconnect|9851beeca5de58663c77abfb043b973396bb3f7f9aea89861e7e36f8f7713117|bridge
1790509763263403763|container|stop|bdabf8e4ef9dd3d35657122e5150b25b335c53a649728fd843e6f706b4ed37ac|t20-lat-svc-18.1.vx1xzz5i37ebwa4auklrdoq89
1790509763273676932|container|die|bdabf8e4ef9dd3d35657122e5150b25b335c53a649728fd843e6f706b4ed37ac|t20-lat-svc-18.1.vx1xzz5i37ebwa4auklrdoq89
1790509763572513666|network|connect|9851beeca5de58663c77abfb043b973396bb3f7f9aea89861e7e36f8f7713117|bridge
1790509763592641425|container|start|8cbe6367dcbdc84f4616e286225405e140d3fdf020214a256383d286e932fab3|t20-lat-svc-18.1.on6tj11mi5naxjpuv7c9rxrjz
1790509764592839713|container|exec_create: /bin/sh -c true|8cbe6367dcbdc84f4616e286225405e140d3fdf020214a256383d286e932fab3|t20-lat-svc-18.1.on6tj11mi5naxjpuv7c9rxrjz
1790509764592920393|container|exec_start: /bin/sh -c true|8cbe6367dcbdc84f4616e286225405e140d3fdf020214a256383d286e932fab3|t20-lat-svc-18.1.on6tj11mi5naxjpuv7c9rxrjz
1790509764618781761|container|exec_die|8cbe6367dcbdc84f4616e286225405e140d3fdf020214a256383d286e932fab3|t20-lat-svc-18.1.on6tj11mi5naxjpuv7c9rxrjz
1790509764618974953|container|health_status: healthy|8cbe6367dcbdc84f4616e286225405e140d3fdf020214a256383d286e932fab3|t20-lat-svc-18.1.on6tj11mi5naxjpuv7c9rxrjz
1790509765174849057|service|remove|zi0cfxagn6rfm2lldpix0ipjj|t20-lat-svc-18
1790509765567269807|container|destroy|bdabf8e4ef9dd3d35657122e5150b25b335c53a649728fd843e6f706b4ed37ac|t20-lat-svc-18.1.vx1xzz5i37ebwa4auklrdoq89
1790509765619229312|container|exec_create: /bin/sh -c true|8cbe6367dcbdc84f4616e286225405e140d3fdf020214a256383d286e932fab3|t20-lat-svc-18.1.on6tj11mi5naxjpuv7c9rxrjz
1790509765619274584|container|exec_start: /bin/sh -c true|8cbe6367dcbdc84f4616e286225405e140d3fdf020214a256383d286e932fab3|t20-lat-svc-18.1.on6tj11mi5naxjpuv7c9rxrjz
1790509765645888721|container|exec_die|8cbe6367dcbdc84f4616e286225405e140d3fdf020214a256383d286e932fab3|t20-lat-svc-18.1.on6tj11mi5naxjpuv7c9rxrjz
1790509766302832290|container|kill|8cbe6367dcbdc84f4616e286225405e140d3fdf020214a256383d286e932fab3|t20-lat-svc-18.1.on6tj11mi5naxjpuv7c9rxrjz
1790509766647271089|container|exec_create: /bin/sh -c true|8cbe6367dcbdc84f4616e286225405e140d3fdf020214a256383d286e932fab3|t20-lat-svc-18.1.on6tj11mi5naxjpuv7c9rxrjz
1790509766647295771|container|exec_start: /bin/sh -c true|8cbe6367dcbdc84f4616e286225405e140d3fdf020214a256383d286e932fab3|t20-lat-svc-18.1.on6tj11mi5naxjpuv7c9rxrjz
1790509766672051918|container|exec_die|8cbe6367dcbdc84f4616e286225405e140d3fdf020214a256383d286e932fab3|t20-lat-svc-18.1.on6tj11mi5naxjpuv7c9rxrjz
1790509767672419586|container|exec_create: /bin/sh -c true|8cbe6367dcbdc84f4616e286225405e140d3fdf020214a256383d286e932fab3|t20-lat-svc-18.1.on6tj11mi5naxjpuv7c9rxrjz
1790509767672456443|container|exec_start: /bin/sh -c true|8cbe6367dcbdc84f4616e286225405e140d3fdf020214a256383d286e932fab3|t20-lat-svc-18.1.on6tj11mi5naxjpuv7c9rxrjz
1790509767698031747|container|exec_die|8cbe6367dcbdc84f4616e286225405e140d3fdf020214a256383d286e932fab3|t20-lat-svc-18.1.on6tj11mi5naxjpuv7c9rxrjz
1790509768698516931|container|exec_create: /bin/sh -c true|8cbe6367dcbdc84f4616e286225405e140d3fdf020214a256383d286e932fab3|t20-lat-svc-18.1.on6tj11mi5naxjpuv7c9rxrjz
1790509768698557794|container|exec_start: /bin/sh -c true|8cbe6367dcbdc84f4616e286225405e140d3fdf020214a256383d286e932fab3|t20-lat-svc-18.1.on6tj11mi5naxjpuv7c9rxrjz
1790509768722920789|container|exec_die|8cbe6367dcbdc84f4616e286225405e140d3fdf020214a256383d286e932fab3|t20-lat-svc-18.1.on6tj11mi5naxjpuv7c9rxrjz
1790509769723161440|container|exec_create: /bin/sh -c true|8cbe6367dcbdc84f4616e286225405e140d3fdf020214a256383d286e932fab3|t20-lat-svc-18.1.on6tj11mi5naxjpuv7c9rxrjz
1790509769723188554|container|exec_start: /bin/sh -c true|8cbe6367dcbdc84f4616e286225405e140d3fdf020214a256383d286e932fab3|t20-lat-svc-18.1.on6tj11mi5naxjpuv7c9rxrjz
1790509769749057135|container|exec_die|8cbe6367dcbdc84f4616e286225405e140d3fdf020214a256383d286e932fab3|t20-lat-svc-18.1.on6tj11mi5naxjpuv7c9rxrjz
1790509770749587742|container|exec_create: /bin/sh -c true|8cbe6367dcbdc84f4616e286225405e140d3fdf020214a256383d286e932fab3|t20-lat-svc-18.1.on6tj11mi5naxjpuv7c9rxrjz
1790509770749612542|container|exec_start: /bin/sh -c true|8cbe6367dcbdc84f4616e286225405e140d3fdf020214a256383d286e932fab3|t20-lat-svc-18.1.on6tj11mi5naxjpuv7c9rxrjz
1790509770774837923|container|exec_die|8cbe6367dcbdc84f4616e286225405e140d3fdf020214a256383d286e932fab3|t20-lat-svc-18.1.on6tj11mi5naxjpuv7c9rxrjz
1790509771775617281|container|exec_create: /bin/sh -c true|8cbe6367dcbdc84f4616e286225405e140d3fdf020214a256383d286e932fab3|t20-lat-svc-18.1.on6tj11mi5naxjpuv7c9rxrjz
1790509771775645397|container|exec_start: /bin/sh -c true|8cbe6367dcbdc84f4616e286225405e140d3fdf020214a256383d286e932fab3|t20-lat-svc-18.1.on6tj11mi5naxjpuv7c9rxrjz
1790509771801246584|container|exec_die|8cbe6367dcbdc84f4616e286225405e140d3fdf020214a256383d286e932fab3|t20-lat-svc-18.1.on6tj11mi5naxjpuv7c9rxrjz
1790509772801566493|container|exec_create: /bin/sh -c true|8cbe6367dcbdc84f4616e286225405e140d3fdf020214a256383d286e932fab3|t20-lat-svc-18.1.on6tj11mi5naxjpuv7c9rxrjz
1790509772801592043|container|exec_start: /bin/sh -c true|8cbe6367dcbdc84f4616e286225405e140d3fdf020214a256383d286e932fab3|t20-lat-svc-18.1.on6tj11mi5naxjpuv7c9rxrjz
1790509772826097341|container|exec_die|8cbe6367dcbdc84f4616e286225405e140d3fdf020214a256383d286e932fab3|t20-lat-svc-18.1.on6tj11mi5naxjpuv7c9rxrjz
1790509773827265965|container|exec_create: /bin/sh -c true|8cbe6367dcbdc84f4616e286225405e140d3fdf020214a256383d286e932fab3|t20-lat-svc-18.1.on6tj11mi5naxjpuv7c9rxrjz
1790509773827289320|container|exec_start: /bin/sh -c true|8cbe6367dcbdc84f4616e286225405e140d3fdf020214a256383d286e932fab3|t20-lat-svc-18.1.on6tj11mi5naxjpuv7c9rxrjz
1790509773852443972|container|exec_die|8cbe6367dcbdc84f4616e286225405e140d3fdf020214a256383d286e932fab3|t20-lat-svc-18.1.on6tj11mi5naxjpuv7c9rxrjz
1790509774853143606|container|exec_create: /bin/sh -c true|8cbe6367dcbdc84f4616e286225405e140d3fdf020214a256383d286e932fab3|t20-lat-svc-18.1.on6tj11mi5naxjpuv7c9rxrjz
1790509774853176243|container|exec_start: /bin/sh -c true|8cbe6367dcbdc84f4616e286225405e140d3fdf020214a256383d286e932fab3|t20-lat-svc-18.1.on6tj11mi5naxjpuv7c9rxrjz
1790509774879022825|container|exec_die|8cbe6367dcbdc84f4616e286225405e140d3fdf020214a256383d286e932fab3|t20-lat-svc-18.1.on6tj11mi5naxjpuv7c9rxrjz
1790509775879663896|container|exec_create: /bin/sh -c true|8cbe6367dcbdc84f4616e286225405e140d3fdf020214a256383d286e932fab3|t20-lat-svc-18.1.on6tj11mi5naxjpuv7c9rxrjz
1790509775879696390|container|exec_start: /bin/sh -c true|8cbe6367dcbdc84f4616e286225405e140d3fdf020214a256383d286e932fab3|t20-lat-svc-18.1.on6tj11mi5naxjpuv7c9rxrjz
1790509775905188004|container|exec_die|8cbe6367dcbdc84f4616e286225405e140d3fdf020214a256383d286e932fab3|t20-lat-svc-18.1.on6tj11mi5naxjpuv7c9rxrjz
1790509776314994628|container|kill|8cbe6367dcbdc84f4616e286225405e140d3fdf020214a256383d286e932fab3|t20-lat-svc-18.1.on6tj11mi5naxjpuv7c9rxrjz
1790509776475979818|network|disconnect|9851beeca5de58663c77abfb043b973396bb3f7f9aea89861e7e36f8f7713117|bridge
1790509776483663503|container|stop|8cbe6367dcbdc84f4616e286225405e140d3fdf020214a256383d286e932fab3|t20-lat-svc-18.1.on6tj11mi5naxjpuv7c9rxrjz
1790509776490204162|container|die|8cbe6367dcbdc84f4616e286225405e140d3fdf020214a256383d286e932fab3|t20-lat-svc-18.1.on6tj11mi5naxjpuv7c9rxrjz
1790509776927751085|container|destroy|8cbe6367dcbdc84f4616e286225405e140d3fdf020214a256383d286e932fab3|t20-lat-svc-18.1.on6tj11mi5naxjpuv7c9rxrjz
1790509781568842617|service|create|qfrjy3itqp3s9rgj4vaddw9w4|t20-lat-svc-19
1790509781824263723|container|create|371079ebf3402da92d77e42742c51b1b6a577d2317326c07639f27258445abbd|t20-lat-svc-19.1.rj88jvnxkkojjstcz1p9svc4a
1790509781956256698|network|connect|9851beeca5de58663c77abfb043b973396bb3f7f9aea89861e7e36f8f7713117|bridge
1790509781973231520|container|start|371079ebf3402da92d77e42742c51b1b6a577d2317326c07639f27258445abbd|t20-lat-svc-19.1.rj88jvnxkkojjstcz1p9svc4a
1790509782974022032|container|exec_create: /bin/sh -c true|371079ebf3402da92d77e42742c51b1b6a577d2317326c07639f27258445abbd|t20-lat-svc-19.1.rj88jvnxkkojjstcz1p9svc4a
1790509782974135123|container|exec_start: /bin/sh -c true|371079ebf3402da92d77e42742c51b1b6a577d2317326c07639f27258445abbd|t20-lat-svc-19.1.rj88jvnxkkojjstcz1p9svc4a
1790509782999534719|container|exec_die|371079ebf3402da92d77e42742c51b1b6a577d2317326c07639f27258445abbd|t20-lat-svc-19.1.rj88jvnxkkojjstcz1p9svc4a
1790509782999749204|container|health_status: healthy|371079ebf3402da92d77e42742c51b1b6a577d2317326c07639f27258445abbd|t20-lat-svc-19.1.rj88jvnxkkojjstcz1p9svc4a
1790509783634818257|service|update|qfrjy3itqp3s9rgj4vaddw9w4|t20-lat-svc-19
1790509783637487802|service|update|qfrjy3itqp3s9rgj4vaddw9w4|t20-lat-svc-19
1790509783903442346|container|create|ba77edc8e966cd5dd70a98e9b649c0fc0756314939bb8e08de0f30d119699631|t20-lat-svc-19.1.811bempzxpkr0r1wbrg4k1csj
1790509783999923105|container|exec_create: /bin/sh -c true|371079ebf3402da92d77e42742c51b1b6a577d2317326c07639f27258445abbd|t20-lat-svc-19.1.rj88jvnxkkojjstcz1p9svc4a
1790509783999944015|container|exec_start: /bin/sh -c true|371079ebf3402da92d77e42742c51b1b6a577d2317326c07639f27258445abbd|t20-lat-svc-19.1.rj88jvnxkkojjstcz1p9svc4a
1790509784025113352|container|exec_die|371079ebf3402da92d77e42742c51b1b6a577d2317326c07639f27258445abbd|t20-lat-svc-19.1.rj88jvnxkkojjstcz1p9svc4a
1790509784822521225|container|kill|371079ebf3402da92d77e42742c51b1b6a577d2317326c07639f27258445abbd|t20-lat-svc-19.1.rj88jvnxkkojjstcz1p9svc4a
1790509785025799326|container|exec_create: /bin/sh -c true|371079ebf3402da92d77e42742c51b1b6a577d2317326c07639f27258445abbd|t20-lat-svc-19.1.rj88jvnxkkojjstcz1p9svc4a
1790509785025823230|container|exec_start: /bin/sh -c true|371079ebf3402da92d77e42742c51b1b6a577d2317326c07639f27258445abbd|t20-lat-svc-19.1.rj88jvnxkkojjstcz1p9svc4a
1790509785050499103|container|exec_die|371079ebf3402da92d77e42742c51b1b6a577d2317326c07639f27258445abbd|t20-lat-svc-19.1.rj88jvnxkkojjstcz1p9svc4a
1790509786051774675|container|exec_create: /bin/sh -c true|371079ebf3402da92d77e42742c51b1b6a577d2317326c07639f27258445abbd|t20-lat-svc-19.1.rj88jvnxkkojjstcz1p9svc4a
1790509786051807221|container|exec_start: /bin/sh -c true|371079ebf3402da92d77e42742c51b1b6a577d2317326c07639f27258445abbd|t20-lat-svc-19.1.rj88jvnxkkojjstcz1p9svc4a
1790509786077646117|container|exec_die|371079ebf3402da92d77e42742c51b1b6a577d2317326c07639f27258445abbd|t20-lat-svc-19.1.rj88jvnxkkojjstcz1p9svc4a
1790509787078548355|container|exec_create: /bin/sh -c true|371079ebf3402da92d77e42742c51b1b6a577d2317326c07639f27258445abbd|t20-lat-svc-19.1.rj88jvnxkkojjstcz1p9svc4a
1790509787078574065|container|exec_start: /bin/sh -c true|371079ebf3402da92d77e42742c51b1b6a577d2317326c07639f27258445abbd|t20-lat-svc-19.1.rj88jvnxkkojjstcz1p9svc4a
1790509787103776380|container|exec_die|371079ebf3402da92d77e42742c51b1b6a577d2317326c07639f27258445abbd|t20-lat-svc-19.1.rj88jvnxkkojjstcz1p9svc4a
1790509788104473982|container|exec_create: /bin/sh -c true|371079ebf3402da92d77e42742c51b1b6a577d2317326c07639f27258445abbd|t20-lat-svc-19.1.rj88jvnxkkojjstcz1p9svc4a
1790509788104504962|container|exec_start: /bin/sh -c true|371079ebf3402da92d77e42742c51b1b6a577d2317326c07639f27258445abbd|t20-lat-svc-19.1.rj88jvnxkkojjstcz1p9svc4a
1790509788129599787|container|exec_die|371079ebf3402da92d77e42742c51b1b6a577d2317326c07639f27258445abbd|t20-lat-svc-19.1.rj88jvnxkkojjstcz1p9svc4a
1790509789130809894|container|exec_create: /bin/sh -c true|371079ebf3402da92d77e42742c51b1b6a577d2317326c07639f27258445abbd|t20-lat-svc-19.1.rj88jvnxkkojjstcz1p9svc4a
1790509789130834453|container|exec_start: /bin/sh -c true|371079ebf3402da92d77e42742c51b1b6a577d2317326c07639f27258445abbd|t20-lat-svc-19.1.rj88jvnxkkojjstcz1p9svc4a
1790509789154735794|container|exec_die|371079ebf3402da92d77e42742c51b1b6a577d2317326c07639f27258445abbd|t20-lat-svc-19.1.rj88jvnxkkojjstcz1p9svc4a
1790509790155409902|container|exec_create: /bin/sh -c true|371079ebf3402da92d77e42742c51b1b6a577d2317326c07639f27258445abbd|t20-lat-svc-19.1.rj88jvnxkkojjstcz1p9svc4a
1790509790155441510|container|exec_start: /bin/sh -c true|371079ebf3402da92d77e42742c51b1b6a577d2317326c07639f27258445abbd|t20-lat-svc-19.1.rj88jvnxkkojjstcz1p9svc4a
1790509790180753407|container|exec_die|371079ebf3402da92d77e42742c51b1b6a577d2317326c07639f27258445abbd|t20-lat-svc-19.1.rj88jvnxkkojjstcz1p9svc4a
1790509791182149365|container|exec_create: /bin/sh -c true|371079ebf3402da92d77e42742c51b1b6a577d2317326c07639f27258445abbd|t20-lat-svc-19.1.rj88jvnxkkojjstcz1p9svc4a
1790509791182176449|container|exec_start: /bin/sh -c true|371079ebf3402da92d77e42742c51b1b6a577d2317326c07639f27258445abbd|t20-lat-svc-19.1.rj88jvnxkkojjstcz1p9svc4a
1790509791207899953|container|exec_die|371079ebf3402da92d77e42742c51b1b6a577d2317326c07639f27258445abbd|t20-lat-svc-19.1.rj88jvnxkkojjstcz1p9svc4a
1790509792207657801|container|exec_create: /bin/sh -c true|371079ebf3402da92d77e42742c51b1b6a577d2317326c07639f27258445abbd|t20-lat-svc-19.1.rj88jvnxkkojjstcz1p9svc4a
1790509792207686388|container|exec_start: /bin/sh -c true|371079ebf3402da92d77e42742c51b1b6a577d2317326c07639f27258445abbd|t20-lat-svc-19.1.rj88jvnxkkojjstcz1p9svc4a
1790509792232259939|container|exec_die|371079ebf3402da92d77e42742c51b1b6a577d2317326c07639f27258445abbd|t20-lat-svc-19.1.rj88jvnxkkojjstcz1p9svc4a
1790509793233155253|container|exec_create: /bin/sh -c true|371079ebf3402da92d77e42742c51b1b6a577d2317326c07639f27258445abbd|t20-lat-svc-19.1.rj88jvnxkkojjstcz1p9svc4a
1790509793233187461|container|exec_start: /bin/sh -c true|371079ebf3402da92d77e42742c51b1b6a577d2317326c07639f27258445abbd|t20-lat-svc-19.1.rj88jvnxkkojjstcz1p9svc4a
1790509793258369914|container|exec_die|371079ebf3402da92d77e42742c51b1b6a577d2317326c07639f27258445abbd|t20-lat-svc-19.1.rj88jvnxkkojjstcz1p9svc4a
1790509794258745635|container|exec_create: /bin/sh -c true|371079ebf3402da92d77e42742c51b1b6a577d2317326c07639f27258445abbd|t20-lat-svc-19.1.rj88jvnxkkojjstcz1p9svc4a
1790509794258773345|container|exec_start: /bin/sh -c true|371079ebf3402da92d77e42742c51b1b6a577d2317326c07639f27258445abbd|t20-lat-svc-19.1.rj88jvnxkkojjstcz1p9svc4a
1790509794284531687|container|exec_die|371079ebf3402da92d77e42742c51b1b6a577d2317326c07639f27258445abbd|t20-lat-svc-19.1.rj88jvnxkkojjstcz1p9svc4a
1790509794834362973|container|kill|371079ebf3402da92d77e42742c51b1b6a577d2317326c07639f27258445abbd|t20-lat-svc-19.1.rj88jvnxkkojjstcz1p9svc4a
1790509794966277795|network|disconnect|9851beeca5de58663c77abfb043b973396bb3f7f9aea89861e7e36f8f7713117|bridge
1790509794971923390|container|stop|371079ebf3402da92d77e42742c51b1b6a577d2317326c07639f27258445abbd|t20-lat-svc-19.1.rj88jvnxkkojjstcz1p9svc4a
1790509794979431317|container|die|371079ebf3402da92d77e42742c51b1b6a577d2317326c07639f27258445abbd|t20-lat-svc-19.1.rj88jvnxkkojjstcz1p9svc4a
1790509795288233699|network|connect|9851beeca5de58663c77abfb043b973396bb3f7f9aea89861e7e36f8f7713117|bridge
1790509795306353099|container|start|ba77edc8e966cd5dd70a98e9b649c0fc0756314939bb8e08de0f30d119699631|t20-lat-svc-19.1.811bempzxpkr0r1wbrg4k1csj
1790509796307126471|container|exec_create: /bin/sh -c true|ba77edc8e966cd5dd70a98e9b649c0fc0756314939bb8e08de0f30d119699631|t20-lat-svc-19.1.811bempzxpkr0r1wbrg4k1csj
1790509796307192240|container|exec_start: /bin/sh -c true|ba77edc8e966cd5dd70a98e9b649c0fc0756314939bb8e08de0f30d119699631|t20-lat-svc-19.1.811bempzxpkr0r1wbrg4k1csj
1790509796331457530|container|exec_die|ba77edc8e966cd5dd70a98e9b649c0fc0756314939bb8e08de0f30d119699631|t20-lat-svc-19.1.811bempzxpkr0r1wbrg4k1csj
1790509796331639917|container|health_status: healthy|ba77edc8e966cd5dd70a98e9b649c0fc0756314939bb8e08de0f30d119699631|t20-lat-svc-19.1.811bempzxpkr0r1wbrg4k1csj
1790509796922576156|service|remove|qfrjy3itqp3s9rgj4vaddw9w4|t20-lat-svc-19
1790509797320178208|container|destroy|371079ebf3402da92d77e42742c51b1b6a577d2317326c07639f27258445abbd|t20-lat-svc-19.1.rj88jvnxkkojjstcz1p9svc4a
1790509797332636138|container|exec_create: /bin/sh -c true|ba77edc8e966cd5dd70a98e9b649c0fc0756314939bb8e08de0f30d119699631|t20-lat-svc-19.1.811bempzxpkr0r1wbrg4k1csj
1790509797332671994|container|exec_start: /bin/sh -c true|ba77edc8e966cd5dd70a98e9b649c0fc0756314939bb8e08de0f30d119699631|t20-lat-svc-19.1.811bempzxpkr0r1wbrg4k1csj
1790509797357770625|container|exec_die|ba77edc8e966cd5dd70a98e9b649c0fc0756314939bb8e08de0f30d119699631|t20-lat-svc-19.1.811bempzxpkr0r1wbrg4k1csj
1790509798050357111|container|kill|ba77edc8e966cd5dd70a98e9b649c0fc0756314939bb8e08de0f30d119699631|t20-lat-svc-19.1.811bempzxpkr0r1wbrg4k1csj
1790509798358193047|container|exec_create: /bin/sh -c true|ba77edc8e966cd5dd70a98e9b649c0fc0756314939bb8e08de0f30d119699631|t20-lat-svc-19.1.811bempzxpkr0r1wbrg4k1csj
1790509798358219496|container|exec_start: /bin/sh -c true|ba77edc8e966cd5dd70a98e9b649c0fc0756314939bb8e08de0f30d119699631|t20-lat-svc-19.1.811bempzxpkr0r1wbrg4k1csj
1790509798383449275|container|exec_die|ba77edc8e966cd5dd70a98e9b649c0fc0756314939bb8e08de0f30d119699631|t20-lat-svc-19.1.811bempzxpkr0r1wbrg4k1csj
1790509799384239371|container|exec_create: /bin/sh -c true|ba77edc8e966cd5dd70a98e9b649c0fc0756314939bb8e08de0f30d119699631|t20-lat-svc-19.1.811bempzxpkr0r1wbrg4k1csj
1790509799384262642|container|exec_start: /bin/sh -c true|ba77edc8e966cd5dd70a98e9b649c0fc0756314939bb8e08de0f30d119699631|t20-lat-svc-19.1.811bempzxpkr0r1wbrg4k1csj
1790509799409669643|container|exec_die|ba77edc8e966cd5dd70a98e9b649c0fc0756314939bb8e08de0f30d119699631|t20-lat-svc-19.1.811bempzxpkr0r1wbrg4k1csj
1790509800410371738|container|exec_create: /bin/sh -c true|ba77edc8e966cd5dd70a98e9b649c0fc0756314939bb8e08de0f30d119699631|t20-lat-svc-19.1.811bempzxpkr0r1wbrg4k1csj
1790509800410395192|container|exec_start: /bin/sh -c true|ba77edc8e966cd5dd70a98e9b649c0fc0756314939bb8e08de0f30d119699631|t20-lat-svc-19.1.811bempzxpkr0r1wbrg4k1csj
1790509800436364052|container|exec_die|ba77edc8e966cd5dd70a98e9b649c0fc0756314939bb8e08de0f30d119699631|t20-lat-svc-19.1.811bempzxpkr0r1wbrg4k1csj
1790509801437552723|container|exec_create: /bin/sh -c true|ba77edc8e966cd5dd70a98e9b649c0fc0756314939bb8e08de0f30d119699631|t20-lat-svc-19.1.811bempzxpkr0r1wbrg4k1csj
1790509801437582232|container|exec_start: /bin/sh -c true|ba77edc8e966cd5dd70a98e9b649c0fc0756314939bb8e08de0f30d119699631|t20-lat-svc-19.1.811bempzxpkr0r1wbrg4k1csj
1790509801461935262|container|exec_die|ba77edc8e966cd5dd70a98e9b649c0fc0756314939bb8e08de0f30d119699631|t20-lat-svc-19.1.811bempzxpkr0r1wbrg4k1csj
1790509802462337154|container|exec_create: /bin/sh -c true|ba77edc8e966cd5dd70a98e9b649c0fc0756314939bb8e08de0f30d119699631|t20-lat-svc-19.1.811bempzxpkr0r1wbrg4k1csj
1790509802462373396|container|exec_start: /bin/sh -c true|ba77edc8e966cd5dd70a98e9b649c0fc0756314939bb8e08de0f30d119699631|t20-lat-svc-19.1.811bempzxpkr0r1wbrg4k1csj
1790509802487826702|container|exec_die|ba77edc8e966cd5dd70a98e9b649c0fc0756314939bb8e08de0f30d119699631|t20-lat-svc-19.1.811bempzxpkr0r1wbrg4k1csj
1790509803488786907|container|exec_create: /bin/sh -c true|ba77edc8e966cd5dd70a98e9b649c0fc0756314939bb8e08de0f30d119699631|t20-lat-svc-19.1.811bempzxpkr0r1wbrg4k1csj
1790509803488814535|container|exec_start: /bin/sh -c true|ba77edc8e966cd5dd70a98e9b649c0fc0756314939bb8e08de0f30d119699631|t20-lat-svc-19.1.811bempzxpkr0r1wbrg4k1csj
1790509803513993563|container|exec_die|ba77edc8e966cd5dd70a98e9b649c0fc0756314939bb8e08de0f30d119699631|t20-lat-svc-19.1.811bempzxpkr0r1wbrg4k1csj
1790509804514615562|container|exec_create: /bin/sh -c true|ba77edc8e966cd5dd70a98e9b649c0fc0756314939bb8e08de0f30d119699631|t20-lat-svc-19.1.811bempzxpkr0r1wbrg4k1csj
1790509804514641351|container|exec_start: /bin/sh -c true|ba77edc8e966cd5dd70a98e9b649c0fc0756314939bb8e08de0f30d119699631|t20-lat-svc-19.1.811bempzxpkr0r1wbrg4k1csj
1790509804539646298|container|exec_die|ba77edc8e966cd5dd70a98e9b649c0fc0756314939bb8e08de0f30d119699631|t20-lat-svc-19.1.811bempzxpkr0r1wbrg4k1csj
1790509805539965099|container|exec_create: /bin/sh -c true|ba77edc8e966cd5dd70a98e9b649c0fc0756314939bb8e08de0f30d119699631|t20-lat-svc-19.1.811bempzxpkr0r1wbrg4k1csj
1790509805539987055|container|exec_start: /bin/sh -c true|ba77edc8e966cd5dd70a98e9b649c0fc0756314939bb8e08de0f30d119699631|t20-lat-svc-19.1.811bempzxpkr0r1wbrg4k1csj
1790509805565090874|container|exec_die|ba77edc8e966cd5dd70a98e9b649c0fc0756314939bb8e08de0f30d119699631|t20-lat-svc-19.1.811bempzxpkr0r1wbrg4k1csj
1790509806566125471|container|exec_create: /bin/sh -c true|ba77edc8e966cd5dd70a98e9b649c0fc0756314939bb8e08de0f30d119699631|t20-lat-svc-19.1.811bempzxpkr0r1wbrg4k1csj
1790509806566150975|container|exec_start: /bin/sh -c true|ba77edc8e966cd5dd70a98e9b649c0fc0756314939bb8e08de0f30d119699631|t20-lat-svc-19.1.811bempzxpkr0r1wbrg4k1csj
1790509806591992918|container|exec_die|ba77edc8e966cd5dd70a98e9b649c0fc0756314939bb8e08de0f30d119699631|t20-lat-svc-19.1.811bempzxpkr0r1wbrg4k1csj
1790509807593110792|container|exec_create: /bin/sh -c true|ba77edc8e966cd5dd70a98e9b649c0fc0756314939bb8e08de0f30d119699631|t20-lat-svc-19.1.811bempzxpkr0r1wbrg4k1csj
1790509807593135953|container|exec_start: /bin/sh -c true|ba77edc8e966cd5dd70a98e9b649c0fc0756314939bb8e08de0f30d119699631|t20-lat-svc-19.1.811bempzxpkr0r1wbrg4k1csj
1790509807618525856|container|exec_die|ba77edc8e966cd5dd70a98e9b649c0fc0756314939bb8e08de0f30d119699631|t20-lat-svc-19.1.811bempzxpkr0r1wbrg4k1csj
1790509808064842060|container|kill|ba77edc8e966cd5dd70a98e9b649c0fc0756314939bb8e08de0f30d119699631|t20-lat-svc-19.1.811bempzxpkr0r1wbrg4k1csj
1790509808218690782|network|disconnect|9851beeca5de58663c77abfb043b973396bb3f7f9aea89861e7e36f8f7713117|bridge
1790509808227347155|container|stop|ba77edc8e966cd5dd70a98e9b649c0fc0756314939bb8e08de0f30d119699631|t20-lat-svc-19.1.811bempzxpkr0r1wbrg4k1csj
1790509808235925191|container|die|ba77edc8e966cd5dd70a98e9b649c0fc0756314939bb8e08de0f30d119699631|t20-lat-svc-19.1.811bempzxpkr0r1wbrg4k1csj
1790509808652685156|container|destroy|ba77edc8e966cd5dd70a98e9b649c0fc0756314939bb8e08de0f30d119699631|t20-lat-svc-19.1.811bempzxpkr0r1wbrg4k1csj
1790509815471465274|service|create|po42b6xu9rwdwc4oqdt1cqg6d|t20-lat-svc-20
1790509815726222228|container|create|e45a4dcea3b89e3b4d0d4f1d4a94d18c74279133f3811b9b6318c92c3d2abca6|t20-lat-svc-20.1.t2tfa3bxdootbietdpjrw45ye
1790509815874147780|network|connect|9851beeca5de58663c77abfb043b973396bb3f7f9aea89861e7e36f8f7713117|bridge
1790509815892124275|container|start|e45a4dcea3b89e3b4d0d4f1d4a94d18c74279133f3811b9b6318c92c3d2abca6|t20-lat-svc-20.1.t2tfa3bxdootbietdpjrw45ye
1790509816892769189|container|exec_create: /bin/sh -c true|e45a4dcea3b89e3b4d0d4f1d4a94d18c74279133f3811b9b6318c92c3d2abca6|t20-lat-svc-20.1.t2tfa3bxdootbietdpjrw45ye
1790509816892808930|container|exec_start: /bin/sh -c true|e45a4dcea3b89e3b4d0d4f1d4a94d18c74279133f3811b9b6318c92c3d2abca6|t20-lat-svc-20.1.t2tfa3bxdootbietdpjrw45ye
1790509816918479372|container|exec_die|e45a4dcea3b89e3b4d0d4f1d4a94d18c74279133f3811b9b6318c92c3d2abca6|t20-lat-svc-20.1.t2tfa3bxdootbietdpjrw45ye
1790509816918670562|container|health_status: healthy|e45a4dcea3b89e3b4d0d4f1d4a94d18c74279133f3811b9b6318c92c3d2abca6|t20-lat-svc-20.1.t2tfa3bxdootbietdpjrw45ye
1790509817539618418|service|update|po42b6xu9rwdwc4oqdt1cqg6d|t20-lat-svc-20
1790509817542345588|service|update|po42b6xu9rwdwc4oqdt1cqg6d|t20-lat-svc-20
1790509817806223575|container|create|9b6829cf66931974abce8c5b2fe719269911903d0b6f8f3f63751eca9ebac581|t20-lat-svc-20.1.vlnj0z7m37q0jqbtbe6zgnujk
1790509817919384951|container|exec_create: /bin/sh -c true|e45a4dcea3b89e3b4d0d4f1d4a94d18c74279133f3811b9b6318c92c3d2abca6|t20-lat-svc-20.1.t2tfa3bxdootbietdpjrw45ye
1790509817919418248|container|exec_start: /bin/sh -c true|e45a4dcea3b89e3b4d0d4f1d4a94d18c74279133f3811b9b6318c92c3d2abca6|t20-lat-svc-20.1.t2tfa3bxdootbietdpjrw45ye
1790509817945561391|container|exec_die|e45a4dcea3b89e3b4d0d4f1d4a94d18c74279133f3811b9b6318c92c3d2abca6|t20-lat-svc-20.1.t2tfa3bxdootbietdpjrw45ye
1790509818728291063|container|kill|e45a4dcea3b89e3b4d0d4f1d4a94d18c74279133f3811b9b6318c92c3d2abca6|t20-lat-svc-20.1.t2tfa3bxdootbietdpjrw45ye
1790509818946262521|container|exec_create: /bin/sh -c true|e45a4dcea3b89e3b4d0d4f1d4a94d18c74279133f3811b9b6318c92c3d2abca6|t20-lat-svc-20.1.t2tfa3bxdootbietdpjrw45ye
1790509818946296657|container|exec_start: /bin/sh -c true|e45a4dcea3b89e3b4d0d4f1d4a94d18c74279133f3811b9b6318c92c3d2abca6|t20-lat-svc-20.1.t2tfa3bxdootbietdpjrw45ye
1790509818970500975|container|exec_die|e45a4dcea3b89e3b4d0d4f1d4a94d18c74279133f3811b9b6318c92c3d2abca6|t20-lat-svc-20.1.t2tfa3bxdootbietdpjrw45ye
1790509819970754953|container|exec_create: /bin/sh -c true|e45a4dcea3b89e3b4d0d4f1d4a94d18c74279133f3811b9b6318c92c3d2abca6|t20-lat-svc-20.1.t2tfa3bxdootbietdpjrw45ye
1790509819970778384|container|exec_start: /bin/sh -c true|e45a4dcea3b89e3b4d0d4f1d4a94d18c74279133f3811b9b6318c92c3d2abca6|t20-lat-svc-20.1.t2tfa3bxdootbietdpjrw45ye
1790509819995307691|container|exec_die|e45a4dcea3b89e3b4d0d4f1d4a94d18c74279133f3811b9b6318c92c3d2abca6|t20-lat-svc-20.1.t2tfa3bxdootbietdpjrw45ye
1790509820996080849|container|exec_create: /bin/sh -c true|e45a4dcea3b89e3b4d0d4f1d4a94d18c74279133f3811b9b6318c92c3d2abca6|t20-lat-svc-20.1.t2tfa3bxdootbietdpjrw45ye
1790509820996114363|container|exec_start: /bin/sh -c true|e45a4dcea3b89e3b4d0d4f1d4a94d18c74279133f3811b9b6318c92c3d2abca6|t20-lat-svc-20.1.t2tfa3bxdootbietdpjrw45ye
1790509821020204118|container|exec_die|e45a4dcea3b89e3b4d0d4f1d4a94d18c74279133f3811b9b6318c92c3d2abca6|t20-lat-svc-20.1.t2tfa3bxdootbietdpjrw45ye
1790509822019581059|container|exec_create: /bin/sh -c true|e45a4dcea3b89e3b4d0d4f1d4a94d18c74279133f3811b9b6318c92c3d2abca6|t20-lat-svc-20.1.t2tfa3bxdootbietdpjrw45ye
1790509822019613622|container|exec_start: /bin/sh -c true|e45a4dcea3b89e3b4d0d4f1d4a94d18c74279133f3811b9b6318c92c3d2abca6|t20-lat-svc-20.1.t2tfa3bxdootbietdpjrw45ye
1790509822044167651|container|exec_die|e45a4dcea3b89e3b4d0d4f1d4a94d18c74279133f3811b9b6318c92c3d2abca6|t20-lat-svc-20.1.t2tfa3bxdootbietdpjrw45ye
1790509823044949536|container|exec_create: /bin/sh -c true|e45a4dcea3b89e3b4d0d4f1d4a94d18c74279133f3811b9b6318c92c3d2abca6|t20-lat-svc-20.1.t2tfa3bxdootbietdpjrw45ye
1790509823044999358|container|exec_start: /bin/sh -c true|e45a4dcea3b89e3b4d0d4f1d4a94d18c74279133f3811b9b6318c92c3d2abca6|t20-lat-svc-20.1.t2tfa3bxdootbietdpjrw45ye
1790509823068945826|container|exec_die|e45a4dcea3b89e3b4d0d4f1d4a94d18c74279133f3811b9b6318c92c3d2abca6|t20-lat-svc-20.1.t2tfa3bxdootbietdpjrw45ye
1790509824069898067|container|exec_create: /bin/sh -c true|e45a4dcea3b89e3b4d0d4f1d4a94d18c74279133f3811b9b6318c92c3d2abca6|t20-lat-svc-20.1.t2tfa3bxdootbietdpjrw45ye
1790509824069930353|container|exec_start: /bin/sh -c true|e45a4dcea3b89e3b4d0d4f1d4a94d18c74279133f3811b9b6318c92c3d2abca6|t20-lat-svc-20.1.t2tfa3bxdootbietdpjrw45ye
1790509824093857295|container|exec_die|e45a4dcea3b89e3b4d0d4f1d4a94d18c74279133f3811b9b6318c92c3d2abca6|t20-lat-svc-20.1.t2tfa3bxdootbietdpjrw45ye
1790509825094751918|container|exec_create: /bin/sh -c true|e45a4dcea3b89e3b4d0d4f1d4a94d18c74279133f3811b9b6318c92c3d2abca6|t20-lat-svc-20.1.t2tfa3bxdootbietdpjrw45ye
1790509825094778960|container|exec_start: /bin/sh -c true|e45a4dcea3b89e3b4d0d4f1d4a94d18c74279133f3811b9b6318c92c3d2abca6|t20-lat-svc-20.1.t2tfa3bxdootbietdpjrw45ye
1790509825119211285|container|exec_die|e45a4dcea3b89e3b4d0d4f1d4a94d18c74279133f3811b9b6318c92c3d2abca6|t20-lat-svc-20.1.t2tfa3bxdootbietdpjrw45ye
1790509826120265496|container|exec_create: /bin/sh -c true|e45a4dcea3b89e3b4d0d4f1d4a94d18c74279133f3811b9b6318c92c3d2abca6|t20-lat-svc-20.1.t2tfa3bxdootbietdpjrw45ye
1790509826120292202|container|exec_start: /bin/sh -c true|e45a4dcea3b89e3b4d0d4f1d4a94d18c74279133f3811b9b6318c92c3d2abca6|t20-lat-svc-20.1.t2tfa3bxdootbietdpjrw45ye
1790509826144100404|container|exec_die|e45a4dcea3b89e3b4d0d4f1d4a94d18c74279133f3811b9b6318c92c3d2abca6|t20-lat-svc-20.1.t2tfa3bxdootbietdpjrw45ye
1790509827144984154|container|exec_create: /bin/sh -c true|e45a4dcea3b89e3b4d0d4f1d4a94d18c74279133f3811b9b6318c92c3d2abca6|t20-lat-svc-20.1.t2tfa3bxdootbietdpjrw45ye
1790509827145024641|container|exec_start: /bin/sh -c true|e45a4dcea3b89e3b4d0d4f1d4a94d18c74279133f3811b9b6318c92c3d2abca6|t20-lat-svc-20.1.t2tfa3bxdootbietdpjrw45ye
1790509827170193343|container|exec_die|e45a4dcea3b89e3b4d0d4f1d4a94d18c74279133f3811b9b6318c92c3d2abca6|t20-lat-svc-20.1.t2tfa3bxdootbietdpjrw45ye
1790509828171477899|container|exec_create: /bin/sh -c true|e45a4dcea3b89e3b4d0d4f1d4a94d18c74279133f3811b9b6318c92c3d2abca6|t20-lat-svc-20.1.t2tfa3bxdootbietdpjrw45ye
1790509828171516355|container|exec_start: /bin/sh -c true|e45a4dcea3b89e3b4d0d4f1d4a94d18c74279133f3811b9b6318c92c3d2abca6|t20-lat-svc-20.1.t2tfa3bxdootbietdpjrw45ye
1790509828196228178|container|exec_die|e45a4dcea3b89e3b4d0d4f1d4a94d18c74279133f3811b9b6318c92c3d2abca6|t20-lat-svc-20.1.t2tfa3bxdootbietdpjrw45ye
1790509828740750106|container|kill|e45a4dcea3b89e3b4d0d4f1d4a94d18c74279133f3811b9b6318c92c3d2abca6|t20-lat-svc-20.1.t2tfa3bxdootbietdpjrw45ye
1790509828881950072|network|disconnect|9851beeca5de58663c77abfb043b973396bb3f7f9aea89861e7e36f8f7713117|bridge
1790509828887600949|container|stop|e45a4dcea3b89e3b4d0d4f1d4a94d18c74279133f3811b9b6318c92c3d2abca6|t20-lat-svc-20.1.t2tfa3bxdootbietdpjrw45ye
1790509828895059460|container|die|e45a4dcea3b89e3b4d0d4f1d4a94d18c74279133f3811b9b6318c92c3d2abca6|t20-lat-svc-20.1.t2tfa3bxdootbietdpjrw45ye
1790509829225017972|network|connect|9851beeca5de58663c77abfb043b973396bb3f7f9aea89861e7e36f8f7713117|bridge
1790509829242993361|container|start|9b6829cf66931974abce8c5b2fe719269911903d0b6f8f3f63751eca9ebac581|t20-lat-svc-20.1.vlnj0z7m37q0jqbtbe6zgnujk
1790509830243478278|container|exec_create: /bin/sh -c true|9b6829cf66931974abce8c5b2fe719269911903d0b6f8f3f63751eca9ebac581|t20-lat-svc-20.1.vlnj0z7m37q0jqbtbe6zgnujk
1790509830243541828|container|exec_start: /bin/sh -c true|9b6829cf66931974abce8c5b2fe719269911903d0b6f8f3f63751eca9ebac581|t20-lat-svc-20.1.vlnj0z7m37q0jqbtbe6zgnujk
1790509830268406654|container|exec_die|9b6829cf66931974abce8c5b2fe719269911903d0b6f8f3f63751eca9ebac581|t20-lat-svc-20.1.vlnj0z7m37q0jqbtbe6zgnujk
1790509830268631798|container|health_status: healthy|9b6829cf66931974abce8c5b2fe719269911903d0b6f8f3f63751eca9ebac581|t20-lat-svc-20.1.vlnj0z7m37q0jqbtbe6zgnujk
1790509830824311760|service|remove|po42b6xu9rwdwc4oqdt1cqg6d|t20-lat-svc-20
1790509831221567179|container|destroy|e45a4dcea3b89e3b4d0d4f1d4a94d18c74279133f3811b9b6318c92c3d2abca6|t20-lat-svc-20.1.t2tfa3bxdootbietdpjrw45ye
1790509831269153905|container|exec_create: /bin/sh -c true|9b6829cf66931974abce8c5b2fe719269911903d0b6f8f3f63751eca9ebac581|t20-lat-svc-20.1.vlnj0z7m37q0jqbtbe6zgnujk
1790509831269185820|container|exec_start: /bin/sh -c true|9b6829cf66931974abce8c5b2fe719269911903d0b6f8f3f63751eca9ebac581|t20-lat-svc-20.1.vlnj0z7m37q0jqbtbe6zgnujk
1790509831293241502|container|exec_die|9b6829cf66931974abce8c5b2fe719269911903d0b6f8f3f63751eca9ebac581|t20-lat-svc-20.1.vlnj0z7m37q0jqbtbe6zgnujk
1790509831953356292|container|kill|9b6829cf66931974abce8c5b2fe719269911903d0b6f8f3f63751eca9ebac581|t20-lat-svc-20.1.vlnj0z7m37q0jqbtbe6zgnujk
1790509832293874660|container|exec_create: /bin/sh -c true|9b6829cf66931974abce8c5b2fe719269911903d0b6f8f3f63751eca9ebac581|t20-lat-svc-20.1.vlnj0z7m37q0jqbtbe6zgnujk
1790509832293899010|container|exec_start: /bin/sh -c true|9b6829cf66931974abce8c5b2fe719269911903d0b6f8f3f63751eca9ebac581|t20-lat-svc-20.1.vlnj0z7m37q0jqbtbe6zgnujk
1790509832318407756|container|exec_die|9b6829cf66931974abce8c5b2fe719269911903d0b6f8f3f63751eca9ebac581|t20-lat-svc-20.1.vlnj0z7m37q0jqbtbe6zgnujk
1790509833319398350|container|exec_create: /bin/sh -c true|9b6829cf66931974abce8c5b2fe719269911903d0b6f8f3f63751eca9ebac581|t20-lat-svc-20.1.vlnj0z7m37q0jqbtbe6zgnujk
1790509833319431471|container|exec_start: /bin/sh -c true|9b6829cf66931974abce8c5b2fe719269911903d0b6f8f3f63751eca9ebac581|t20-lat-svc-20.1.vlnj0z7m37q0jqbtbe6zgnujk
1790509833344365716|container|exec_die|9b6829cf66931974abce8c5b2fe719269911903d0b6f8f3f63751eca9ebac581|t20-lat-svc-20.1.vlnj0z7m37q0jqbtbe6zgnujk
1790509834344859756|container|exec_create: /bin/sh -c true|9b6829cf66931974abce8c5b2fe719269911903d0b6f8f3f63751eca9ebac581|t20-lat-svc-20.1.vlnj0z7m37q0jqbtbe6zgnujk
1790509834344892577|container|exec_start: /bin/sh -c true|9b6829cf66931974abce8c5b2fe719269911903d0b6f8f3f63751eca9ebac581|t20-lat-svc-20.1.vlnj0z7m37q0jqbtbe6zgnujk
1790509834371680082|container|exec_die|9b6829cf66931974abce8c5b2fe719269911903d0b6f8f3f63751eca9ebac581|t20-lat-svc-20.1.vlnj0z7m37q0jqbtbe6zgnujk
1790509835373078977|container|exec_create: /bin/sh -c true|9b6829cf66931974abce8c5b2fe719269911903d0b6f8f3f63751eca9ebac581|t20-lat-svc-20.1.vlnj0z7m37q0jqbtbe6zgnujk
1790509835373112608|container|exec_start: /bin/sh -c true|9b6829cf66931974abce8c5b2fe719269911903d0b6f8f3f63751eca9ebac581|t20-lat-svc-20.1.vlnj0z7m37q0jqbtbe6zgnujk
1790509835398594882|container|exec_die|9b6829cf66931974abce8c5b2fe719269911903d0b6f8f3f63751eca9ebac581|t20-lat-svc-20.1.vlnj0z7m37q0jqbtbe6zgnujk
1790509836399440586|container|exec_create: /bin/sh -c true|9b6829cf66931974abce8c5b2fe719269911903d0b6f8f3f63751eca9ebac581|t20-lat-svc-20.1.vlnj0z7m37q0jqbtbe6zgnujk
1790509836399477922|container|exec_start: /bin/sh -c true|9b6829cf66931974abce8c5b2fe719269911903d0b6f8f3f63751eca9ebac581|t20-lat-svc-20.1.vlnj0z7m37q0jqbtbe6zgnujk
1790509836424417168|container|exec_die|9b6829cf66931974abce8c5b2fe719269911903d0b6f8f3f63751eca9ebac581|t20-lat-svc-20.1.vlnj0z7m37q0jqbtbe6zgnujk
1790509837424906274|container|exec_create: /bin/sh -c true|9b6829cf66931974abce8c5b2fe719269911903d0b6f8f3f63751eca9ebac581|t20-lat-svc-20.1.vlnj0z7m37q0jqbtbe6zgnujk
1790509837424933721|container|exec_start: /bin/sh -c true|9b6829cf66931974abce8c5b2fe719269911903d0b6f8f3f63751eca9ebac581|t20-lat-svc-20.1.vlnj0z7m37q0jqbtbe6zgnujk
1790509837449585103|container|exec_die|9b6829cf66931974abce8c5b2fe719269911903d0b6f8f3f63751eca9ebac581|t20-lat-svc-20.1.vlnj0z7m37q0jqbtbe6zgnujk
1790509838450242612|container|exec_create: /bin/sh -c true|9b6829cf66931974abce8c5b2fe719269911903d0b6f8f3f63751eca9ebac581|t20-lat-svc-20.1.vlnj0z7m37q0jqbtbe6zgnujk
1790509838450267718|container|exec_start: /bin/sh -c true|9b6829cf66931974abce8c5b2fe719269911903d0b6f8f3f63751eca9ebac581|t20-lat-svc-20.1.vlnj0z7m37q0jqbtbe6zgnujk
1790509838474627862|container|exec_die|9b6829cf66931974abce8c5b2fe719269911903d0b6f8f3f63751eca9ebac581|t20-lat-svc-20.1.vlnj0z7m37q0jqbtbe6zgnujk
1790509839475298033|container|exec_create: /bin/sh -c true|9b6829cf66931974abce8c5b2fe719269911903d0b6f8f3f63751eca9ebac581|t20-lat-svc-20.1.vlnj0z7m37q0jqbtbe6zgnujk
1790509839475321845|container|exec_start: /bin/sh -c true|9b6829cf66931974abce8c5b2fe719269911903d0b6f8f3f63751eca9ebac581|t20-lat-svc-20.1.vlnj0z7m37q0jqbtbe6zgnujk
1790509839499454857|container|exec_die|9b6829cf66931974abce8c5b2fe719269911903d0b6f8f3f63751eca9ebac581|t20-lat-svc-20.1.vlnj0z7m37q0jqbtbe6zgnujk
1790509840499873970|container|exec_create: /bin/sh -c true|9b6829cf66931974abce8c5b2fe719269911903d0b6f8f3f63751eca9ebac581|t20-lat-svc-20.1.vlnj0z7m37q0jqbtbe6zgnujk
1790509840499910052|container|exec_start: /bin/sh -c true|9b6829cf66931974abce8c5b2fe719269911903d0b6f8f3f63751eca9ebac581|t20-lat-svc-20.1.vlnj0z7m37q0jqbtbe6zgnujk
1790509840524852535|container|exec_die|9b6829cf66931974abce8c5b2fe719269911903d0b6f8f3f63751eca9ebac581|t20-lat-svc-20.1.vlnj0z7m37q0jqbtbe6zgnujk
1790509841525720490|container|exec_create: /bin/sh -c true|9b6829cf66931974abce8c5b2fe719269911903d0b6f8f3f63751eca9ebac581|t20-lat-svc-20.1.vlnj0z7m37q0jqbtbe6zgnujk
1790509841525771269|container|exec_start: /bin/sh -c true|9b6829cf66931974abce8c5b2fe719269911903d0b6f8f3f63751eca9ebac581|t20-lat-svc-20.1.vlnj0z7m37q0jqbtbe6zgnujk
1790509841550648117|container|exec_die|9b6829cf66931974abce8c5b2fe719269911903d0b6f8f3f63751eca9ebac581|t20-lat-svc-20.1.vlnj0z7m37q0jqbtbe6zgnujk
1790509841969775041|container|kill|9b6829cf66931974abce8c5b2fe719269911903d0b6f8f3f63751eca9ebac581|t20-lat-svc-20.1.vlnj0z7m37q0jqbtbe6zgnujk
1790509842133493956|network|disconnect|9851beeca5de58663c77abfb043b973396bb3f7f9aea89861e7e36f8f7713117|bridge
1790509842141230918|container|stop|9b6829cf66931974abce8c5b2fe719269911903d0b6f8f3f63751eca9ebac581|t20-lat-svc-20.1.vlnj0z7m37q0jqbtbe6zgnujk
1790509842149558905|container|die|9b6829cf66931974abce8c5b2fe719269911903d0b6f8f3f63751eca9ebac581|t20-lat-svc-20.1.vlnj0z7m37q0jqbtbe6zgnujk
1790509842570168003|container|destroy|9b6829cf66931974abce8c5b2fe719269911903d0b6f8f3f63751eca9ebac581|t20-lat-svc-20.1.vlnj0z7m37q0jqbtbe6zgnujk
1790509848346252745|service|create|xccy8a2bh43h9yux89n49z13x|t20-lat-svc-21
1790509848595829953|container|create|ea7dcbcc0d5c0e8858a1f3b6926c144c717240da4cbf1a3c4c16b55f9c0ff46b|t20-lat-svc-21.1.zjkgmxcspr5agsk8hsmlmrici
1790509848719770455|network|connect|9851beeca5de58663c77abfb043b973396bb3f7f9aea89861e7e36f8f7713117|bridge
1790509848738962100|container|start|ea7dcbcc0d5c0e8858a1f3b6926c144c717240da4cbf1a3c4c16b55f9c0ff46b|t20-lat-svc-21.1.zjkgmxcspr5agsk8hsmlmrici
1790509849739951149|container|exec_create: /bin/sh -c true|ea7dcbcc0d5c0e8858a1f3b6926c144c717240da4cbf1a3c4c16b55f9c0ff46b|t20-lat-svc-21.1.zjkgmxcspr5agsk8hsmlmrici
1790509849740028310|container|exec_start: /bin/sh -c true|ea7dcbcc0d5c0e8858a1f3b6926c144c717240da4cbf1a3c4c16b55f9c0ff46b|t20-lat-svc-21.1.zjkgmxcspr5agsk8hsmlmrici
1790509849764854415|container|exec_die|ea7dcbcc0d5c0e8858a1f3b6926c144c717240da4cbf1a3c4c16b55f9c0ff46b|t20-lat-svc-21.1.zjkgmxcspr5agsk8hsmlmrici
1790509849765054377|container|health_status: healthy|ea7dcbcc0d5c0e8858a1f3b6926c144c717240da4cbf1a3c4c16b55f9c0ff46b|t20-lat-svc-21.1.zjkgmxcspr5agsk8hsmlmrici
1790509850412147996|service|update|xccy8a2bh43h9yux89n49z13x|t20-lat-svc-21
1790509850415175000|service|update|xccy8a2bh43h9yux89n49z13x|t20-lat-svc-21
1790509850679996054|container|create|fdeb7dd1d9f225ab6eccddc6c3f96129806f390851bc765f45c03949da9b18c4|t20-lat-svc-21.1.se9zxs1anjd7vbrhrek2iazbu
1790509850766204594|container|exec_create: /bin/sh -c true|ea7dcbcc0d5c0e8858a1f3b6926c144c717240da4cbf1a3c4c16b55f9c0ff46b|t20-lat-svc-21.1.zjkgmxcspr5agsk8hsmlmrici
1790509850766232606|container|exec_start: /bin/sh -c true|ea7dcbcc0d5c0e8858a1f3b6926c144c717240da4cbf1a3c4c16b55f9c0ff46b|t20-lat-svc-21.1.zjkgmxcspr5agsk8hsmlmrici
1790509850791026955|container|exec_die|ea7dcbcc0d5c0e8858a1f3b6926c144c717240da4cbf1a3c4c16b55f9c0ff46b|t20-lat-svc-21.1.zjkgmxcspr5agsk8hsmlmrici
1790509851601562523|container|kill|ea7dcbcc0d5c0e8858a1f3b6926c144c717240da4cbf1a3c4c16b55f9c0ff46b|t20-lat-svc-21.1.zjkgmxcspr5agsk8hsmlmrici
1790509851792182028|container|exec_create: /bin/sh -c true|ea7dcbcc0d5c0e8858a1f3b6926c144c717240da4cbf1a3c4c16b55f9c0ff46b|t20-lat-svc-21.1.zjkgmxcspr5agsk8hsmlmrici
1790509851792208886|container|exec_start: /bin/sh -c true|ea7dcbcc0d5c0e8858a1f3b6926c144c717240da4cbf1a3c4c16b55f9c0ff46b|t20-lat-svc-21.1.zjkgmxcspr5agsk8hsmlmrici
1790509851819075646|container|exec_die|ea7dcbcc0d5c0e8858a1f3b6926c144c717240da4cbf1a3c4c16b55f9c0ff46b|t20-lat-svc-21.1.zjkgmxcspr5agsk8hsmlmrici
1790509852818992855|container|exec_create: /bin/sh -c true|ea7dcbcc0d5c0e8858a1f3b6926c144c717240da4cbf1a3c4c16b55f9c0ff46b|t20-lat-svc-21.1.zjkgmxcspr5agsk8hsmlmrici
1790509852819028216|container|exec_start: /bin/sh -c true|ea7dcbcc0d5c0e8858a1f3b6926c144c717240da4cbf1a3c4c16b55f9c0ff46b|t20-lat-svc-21.1.zjkgmxcspr5agsk8hsmlmrici
1790509852842985740|container|exec_die|ea7dcbcc0d5c0e8858a1f3b6926c144c717240da4cbf1a3c4c16b55f9c0ff46b|t20-lat-svc-21.1.zjkgmxcspr5agsk8hsmlmrici
1790509853843898435|container|exec_create: /bin/sh -c true|ea7dcbcc0d5c0e8858a1f3b6926c144c717240da4cbf1a3c4c16b55f9c0ff46b|t20-lat-svc-21.1.zjkgmxcspr5agsk8hsmlmrici
1790509853843930985|container|exec_start: /bin/sh -c true|ea7dcbcc0d5c0e8858a1f3b6926c144c717240da4cbf1a3c4c16b55f9c0ff46b|t20-lat-svc-21.1.zjkgmxcspr5agsk8hsmlmrici
1790509853868299017|container|exec_die|ea7dcbcc0d5c0e8858a1f3b6926c144c717240da4cbf1a3c4c16b55f9c0ff46b|t20-lat-svc-21.1.zjkgmxcspr5agsk8hsmlmrici
1790509854868817770|container|exec_create: /bin/sh -c true|ea7dcbcc0d5c0e8858a1f3b6926c144c717240da4cbf1a3c4c16b55f9c0ff46b|t20-lat-svc-21.1.zjkgmxcspr5agsk8hsmlmrici
1790509854868841554|container|exec_start: /bin/sh -c true|ea7dcbcc0d5c0e8858a1f3b6926c144c717240da4cbf1a3c4c16b55f9c0ff46b|t20-lat-svc-21.1.zjkgmxcspr5agsk8hsmlmrici
1790509854894046639|container|exec_die|ea7dcbcc0d5c0e8858a1f3b6926c144c717240da4cbf1a3c4c16b55f9c0ff46b|t20-lat-svc-21.1.zjkgmxcspr5agsk8hsmlmrici
1790509855895454465|container|exec_create: /bin/sh -c true|ea7dcbcc0d5c0e8858a1f3b6926c144c717240da4cbf1a3c4c16b55f9c0ff46b|t20-lat-svc-21.1.zjkgmxcspr5agsk8hsmlmrici
1790509855895490199|container|exec_start: /bin/sh -c true|ea7dcbcc0d5c0e8858a1f3b6926c144c717240da4cbf1a3c4c16b55f9c0ff46b|t20-lat-svc-21.1.zjkgmxcspr5agsk8hsmlmrici
1790509855920964901|container|exec_die|ea7dcbcc0d5c0e8858a1f3b6926c144c717240da4cbf1a3c4c16b55f9c0ff46b|t20-lat-svc-21.1.zjkgmxcspr5agsk8hsmlmrici
1790509856921843395|container|exec_create: /bin/sh -c true|ea7dcbcc0d5c0e8858a1f3b6926c144c717240da4cbf1a3c4c16b55f9c0ff46b|t20-lat-svc-21.1.zjkgmxcspr5agsk8hsmlmrici
1790509856921871829|container|exec_start: /bin/sh -c true|ea7dcbcc0d5c0e8858a1f3b6926c144c717240da4cbf1a3c4c16b55f9c0ff46b|t20-lat-svc-21.1.zjkgmxcspr5agsk8hsmlmrici
1790509856947330882|container|exec_die|ea7dcbcc0d5c0e8858a1f3b6926c144c717240da4cbf1a3c4c16b55f9c0ff46b|t20-lat-svc-21.1.zjkgmxcspr5agsk8hsmlmrici
1790509857947990700|container|exec_create: /bin/sh -c true|ea7dcbcc0d5c0e8858a1f3b6926c144c717240da4cbf1a3c4c16b55f9c0ff46b|t20-lat-svc-21.1.zjkgmxcspr5agsk8hsmlmrici
1790509857948014804|container|exec_start: /bin/sh -c true|ea7dcbcc0d5c0e8858a1f3b6926c144c717240da4cbf1a3c4c16b55f9c0ff46b|t20-lat-svc-21.1.zjkgmxcspr5agsk8hsmlmrici
1790509857974250535|container|exec_die|ea7dcbcc0d5c0e8858a1f3b6926c144c717240da4cbf1a3c4c16b55f9c0ff46b|t20-lat-svc-21.1.zjkgmxcspr5agsk8hsmlmrici
1790509858975290711|container|exec_create: /bin/sh -c true|ea7dcbcc0d5c0e8858a1f3b6926c144c717240da4cbf1a3c4c16b55f9c0ff46b|t20-lat-svc-21.1.zjkgmxcspr5agsk8hsmlmrici
1790509858975345812|container|exec_start: /bin/sh -c true|ea7dcbcc0d5c0e8858a1f3b6926c144c717240da4cbf1a3c4c16b55f9c0ff46b|t20-lat-svc-21.1.zjkgmxcspr5agsk8hsmlmrici
1790509859000254969|container|exec_die|ea7dcbcc0d5c0e8858a1f3b6926c144c717240da4cbf1a3c4c16b55f9c0ff46b|t20-lat-svc-21.1.zjkgmxcspr5agsk8hsmlmrici
1790509860000655112|container|exec_create: /bin/sh -c true|ea7dcbcc0d5c0e8858a1f3b6926c144c717240da4cbf1a3c4c16b55f9c0ff46b|t20-lat-svc-21.1.zjkgmxcspr5agsk8hsmlmrici
1790509860000681976|container|exec_start: /bin/sh -c true|ea7dcbcc0d5c0e8858a1f3b6926c144c717240da4cbf1a3c4c16b55f9c0ff46b|t20-lat-svc-21.1.zjkgmxcspr5agsk8hsmlmrici
1790509860026318567|container|exec_die|ea7dcbcc0d5c0e8858a1f3b6926c144c717240da4cbf1a3c4c16b55f9c0ff46b|t20-lat-svc-21.1.zjkgmxcspr5agsk8hsmlmrici
1790509861027380701|container|exec_create: /bin/sh -c true|ea7dcbcc0d5c0e8858a1f3b6926c144c717240da4cbf1a3c4c16b55f9c0ff46b|t20-lat-svc-21.1.zjkgmxcspr5agsk8hsmlmrici
1790509861027420082|container|exec_start: /bin/sh -c true|ea7dcbcc0d5c0e8858a1f3b6926c144c717240da4cbf1a3c4c16b55f9c0ff46b|t20-lat-svc-21.1.zjkgmxcspr5agsk8hsmlmrici
1790509861052785607|container|exec_die|ea7dcbcc0d5c0e8858a1f3b6926c144c717240da4cbf1a3c4c16b55f9c0ff46b|t20-lat-svc-21.1.zjkgmxcspr5agsk8hsmlmrici
1790509861614586845|container|kill|ea7dcbcc0d5c0e8858a1f3b6926c144c717240da4cbf1a3c4c16b55f9c0ff46b|t20-lat-svc-21.1.zjkgmxcspr5agsk8hsmlmrici
1790509861736078061|network|disconnect|9851beeca5de58663c77abfb043b973396bb3f7f9aea89861e7e36f8f7713117|bridge
1790509861751880554|container|stop|ea7dcbcc0d5c0e8858a1f3b6926c144c717240da4cbf1a3c4c16b55f9c0ff46b|t20-lat-svc-21.1.zjkgmxcspr5agsk8hsmlmrici
1790509861760142660|container|die|ea7dcbcc0d5c0e8858a1f3b6926c144c717240da4cbf1a3c4c16b55f9c0ff46b|t20-lat-svc-21.1.zjkgmxcspr5agsk8hsmlmrici
1790509862047152688|network|connect|9851beeca5de58663c77abfb043b973396bb3f7f9aea89861e7e36f8f7713117|bridge
1790509862066307377|container|start|fdeb7dd1d9f225ab6eccddc6c3f96129806f390851bc765f45c03949da9b18c4|t20-lat-svc-21.1.se9zxs1anjd7vbrhrek2iazbu
1790509863067263810|container|exec_create: /bin/sh -c true|fdeb7dd1d9f225ab6eccddc6c3f96129806f390851bc765f45c03949da9b18c4|t20-lat-svc-21.1.se9zxs1anjd7vbrhrek2iazbu
1790509863067340806|container|exec_start: /bin/sh -c true|fdeb7dd1d9f225ab6eccddc6c3f96129806f390851bc765f45c03949da9b18c4|t20-lat-svc-21.1.se9zxs1anjd7vbrhrek2iazbu
1790509863092429371|container|exec_die|fdeb7dd1d9f225ab6eccddc6c3f96129806f390851bc765f45c03949da9b18c4|t20-lat-svc-21.1.se9zxs1anjd7vbrhrek2iazbu
1790509863092679795|container|health_status: healthy|fdeb7dd1d9f225ab6eccddc6c3f96129806f390851bc765f45c03949da9b18c4|t20-lat-svc-21.1.se9zxs1anjd7vbrhrek2iazbu
1790509863702478317|service|remove|xccy8a2bh43h9yux89n49z13x|t20-lat-svc-21
1790509864093201926|container|exec_create: /bin/sh -c true|fdeb7dd1d9f225ab6eccddc6c3f96129806f390851bc765f45c03949da9b18c4|t20-lat-svc-21.1.se9zxs1anjd7vbrhrek2iazbu
1790509864093236400|container|exec_start: /bin/sh -c true|fdeb7dd1d9f225ab6eccddc6c3f96129806f390851bc765f45c03949da9b18c4|t20-lat-svc-21.1.se9zxs1anjd7vbrhrek2iazbu
1790509864097941576|container|destroy|ea7dcbcc0d5c0e8858a1f3b6926c144c717240da4cbf1a3c4c16b55f9c0ff46b|t20-lat-svc-21.1.zjkgmxcspr5agsk8hsmlmrici
1790509864118400646|container|exec_die|fdeb7dd1d9f225ab6eccddc6c3f96129806f390851bc765f45c03949da9b18c4|t20-lat-svc-21.1.se9zxs1anjd7vbrhrek2iazbu
1790509864832372329|container|kill|fdeb7dd1d9f225ab6eccddc6c3f96129806f390851bc765f45c03949da9b18c4|t20-lat-svc-21.1.se9zxs1anjd7vbrhrek2iazbu
1790509865119369242|container|exec_create: /bin/sh -c true|fdeb7dd1d9f225ab6eccddc6c3f96129806f390851bc765f45c03949da9b18c4|t20-lat-svc-21.1.se9zxs1anjd7vbrhrek2iazbu
1790509865119405908|container|exec_start: /bin/sh -c true|fdeb7dd1d9f225ab6eccddc6c3f96129806f390851bc765f45c03949da9b18c4|t20-lat-svc-21.1.se9zxs1anjd7vbrhrek2iazbu
1790509865144392370|container|exec_die|fdeb7dd1d9f225ab6eccddc6c3f96129806f390851bc765f45c03949da9b18c4|t20-lat-svc-21.1.se9zxs1anjd7vbrhrek2iazbu
1790509866145667867|container|exec_create: /bin/sh -c true|fdeb7dd1d9f225ab6eccddc6c3f96129806f390851bc765f45c03949da9b18c4|t20-lat-svc-21.1.se9zxs1anjd7vbrhrek2iazbu
1790509866145690594|container|exec_start: /bin/sh -c true|fdeb7dd1d9f225ab6eccddc6c3f96129806f390851bc765f45c03949da9b18c4|t20-lat-svc-21.1.se9zxs1anjd7vbrhrek2iazbu
1790509866171640574|container|exec_die|fdeb7dd1d9f225ab6eccddc6c3f96129806f390851bc765f45c03949da9b18c4|t20-lat-svc-21.1.se9zxs1anjd7vbrhrek2iazbu
1790509867172356719|container|exec_create: /bin/sh -c true|fdeb7dd1d9f225ab6eccddc6c3f96129806f390851bc765f45c03949da9b18c4|t20-lat-svc-21.1.se9zxs1anjd7vbrhrek2iazbu
1790509867172380834|container|exec_start: /bin/sh -c true|fdeb7dd1d9f225ab6eccddc6c3f96129806f390851bc765f45c03949da9b18c4|t20-lat-svc-21.1.se9zxs1anjd7vbrhrek2iazbu
1790509867197628364|container|exec_die|fdeb7dd1d9f225ab6eccddc6c3f96129806f390851bc765f45c03949da9b18c4|t20-lat-svc-21.1.se9zxs1anjd7vbrhrek2iazbu
1790509868198218711|container|exec_create: /bin/sh -c true|fdeb7dd1d9f225ab6eccddc6c3f96129806f390851bc765f45c03949da9b18c4|t20-lat-svc-21.1.se9zxs1anjd7vbrhrek2iazbu
1790509868198244904|container|exec_start: /bin/sh -c true|fdeb7dd1d9f225ab6eccddc6c3f96129806f390851bc765f45c03949da9b18c4|t20-lat-svc-21.1.se9zxs1anjd7vbrhrek2iazbu
1790509868223299463|container|exec_die|fdeb7dd1d9f225ab6eccddc6c3f96129806f390851bc765f45c03949da9b18c4|t20-lat-svc-21.1.se9zxs1anjd7vbrhrek2iazbu
1790509869224062760|container|exec_create: /bin/sh -c true|fdeb7dd1d9f225ab6eccddc6c3f96129806f390851bc765f45c03949da9b18c4|t20-lat-svc-21.1.se9zxs1anjd7vbrhrek2iazbu
1790509869224100445|container|exec_start: /bin/sh -c true|fdeb7dd1d9f225ab6eccddc6c3f96129806f390851bc765f45c03949da9b18c4|t20-lat-svc-21.1.se9zxs1anjd7vbrhrek2iazbu
1790509869249789457|container|exec_die|fdeb7dd1d9f225ab6eccddc6c3f96129806f390851bc765f45c03949da9b18c4|t20-lat-svc-21.1.se9zxs1anjd7vbrhrek2iazbu
1790509870250679895|container|exec_create: /bin/sh -c true|fdeb7dd1d9f225ab6eccddc6c3f96129806f390851bc765f45c03949da9b18c4|t20-lat-svc-21.1.se9zxs1anjd7vbrhrek2iazbu
1790509870250704694|container|exec_start: /bin/sh -c true|fdeb7dd1d9f225ab6eccddc6c3f96129806f390851bc765f45c03949da9b18c4|t20-lat-svc-21.1.se9zxs1anjd7vbrhrek2iazbu
1790509870275609966|container|exec_die|fdeb7dd1d9f225ab6eccddc6c3f96129806f390851bc765f45c03949da9b18c4|t20-lat-svc-21.1.se9zxs1anjd7vbrhrek2iazbu
1790509871276707954|container|exec_create: /bin/sh -c true|fdeb7dd1d9f225ab6eccddc6c3f96129806f390851bc765f45c03949da9b18c4|t20-lat-svc-21.1.se9zxs1anjd7vbrhrek2iazbu
1790509871276733501|container|exec_start: /bin/sh -c true|fdeb7dd1d9f225ab6eccddc6c3f96129806f390851bc765f45c03949da9b18c4|t20-lat-svc-21.1.se9zxs1anjd7vbrhrek2iazbu
1790509871301903849|container|exec_die|fdeb7dd1d9f225ab6eccddc6c3f96129806f390851bc765f45c03949da9b18c4|t20-lat-svc-21.1.se9zxs1anjd7vbrhrek2iazbu
1790509872302611216|container|exec_create: /bin/sh -c true|fdeb7dd1d9f225ab6eccddc6c3f96129806f390851bc765f45c03949da9b18c4|t20-lat-svc-21.1.se9zxs1anjd7vbrhrek2iazbu
1790509872302691073|container|exec_start: /bin/sh -c true|fdeb7dd1d9f225ab6eccddc6c3f96129806f390851bc765f45c03949da9b18c4|t20-lat-svc-21.1.se9zxs1anjd7vbrhrek2iazbu
1790509872328059157|container|exec_die|fdeb7dd1d9f225ab6eccddc6c3f96129806f390851bc765f45c03949da9b18c4|t20-lat-svc-21.1.se9zxs1anjd7vbrhrek2iazbu
1790509873328674712|container|exec_create: /bin/sh -c true|fdeb7dd1d9f225ab6eccddc6c3f96129806f390851bc765f45c03949da9b18c4|t20-lat-svc-21.1.se9zxs1anjd7vbrhrek2iazbu
1790509873328708399|container|exec_start: /bin/sh -c true|fdeb7dd1d9f225ab6eccddc6c3f96129806f390851bc765f45c03949da9b18c4|t20-lat-svc-21.1.se9zxs1anjd7vbrhrek2iazbu
1790509873352706727|container|exec_die|fdeb7dd1d9f225ab6eccddc6c3f96129806f390851bc765f45c03949da9b18c4|t20-lat-svc-21.1.se9zxs1anjd7vbrhrek2iazbu
1790509874354009284|container|exec_create: /bin/sh -c true|fdeb7dd1d9f225ab6eccddc6c3f96129806f390851bc765f45c03949da9b18c4|t20-lat-svc-21.1.se9zxs1anjd7vbrhrek2iazbu
1790509874354038314|container|exec_start: /bin/sh -c true|fdeb7dd1d9f225ab6eccddc6c3f96129806f390851bc765f45c03949da9b18c4|t20-lat-svc-21.1.se9zxs1anjd7vbrhrek2iazbu
1790509874380139982|container|exec_die|fdeb7dd1d9f225ab6eccddc6c3f96129806f390851bc765f45c03949da9b18c4|t20-lat-svc-21.1.se9zxs1anjd7vbrhrek2iazbu
1790509874847925291|container|kill|fdeb7dd1d9f225ab6eccddc6c3f96129806f390851bc765f45c03949da9b18c4|t20-lat-svc-21.1.se9zxs1anjd7vbrhrek2iazbu
1790509875003601864|network|disconnect|9851beeca5de58663c77abfb043b973396bb3f7f9aea89861e7e36f8f7713117|bridge
1790509875013419873|container|stop|fdeb7dd1d9f225ab6eccddc6c3f96129806f390851bc765f45c03949da9b18c4|t20-lat-svc-21.1.se9zxs1anjd7vbrhrek2iazbu
1790509875021930586|container|die|fdeb7dd1d9f225ab6eccddc6c3f96129806f390851bc765f45c03949da9b18c4|t20-lat-svc-21.1.se9zxs1anjd7vbrhrek2iazbu
1790509875492456616|container|destroy|fdeb7dd1d9f225ab6eccddc6c3f96129806f390851bc765f45c03949da9b18c4|t20-lat-svc-21.1.se9zxs1anjd7vbrhrek2iazbu
1790509883929736806|service|create|uaujqgcvow3i2tq3eoi3w366d|t20-lat-svc-22
1790509884185341484|container|create|137b398f6dac301f332ed847a4e9dd98573ce69b72354ec1647842ebc5d9769c|t20-lat-svc-22.1.kxebg1kll39w0tdn6vrr1yh2x
1790509884316358231|network|connect|9851beeca5de58663c77abfb043b973396bb3f7f9aea89861e7e36f8f7713117|bridge
1790509884337429398|container|start|137b398f6dac301f332ed847a4e9dd98573ce69b72354ec1647842ebc5d9769c|t20-lat-svc-22.1.kxebg1kll39w0tdn6vrr1yh2x
1790509885338325413|container|exec_create: /bin/sh -c true|137b398f6dac301f332ed847a4e9dd98573ce69b72354ec1647842ebc5d9769c|t20-lat-svc-22.1.kxebg1kll39w0tdn6vrr1yh2x
1790509885338384359|container|exec_start: /bin/sh -c true|137b398f6dac301f332ed847a4e9dd98573ce69b72354ec1647842ebc5d9769c|t20-lat-svc-22.1.kxebg1kll39w0tdn6vrr1yh2x
1790509885363604399|container|exec_die|137b398f6dac301f332ed847a4e9dd98573ce69b72354ec1647842ebc5d9769c|t20-lat-svc-22.1.kxebg1kll39w0tdn6vrr1yh2x
1790509885363826070|container|health_status: healthy|137b398f6dac301f332ed847a4e9dd98573ce69b72354ec1647842ebc5d9769c|t20-lat-svc-22.1.kxebg1kll39w0tdn6vrr1yh2x
1790509885995247989|service|update|uaujqgcvow3i2tq3eoi3w366d|t20-lat-svc-22
1790509885998547462|service|update|uaujqgcvow3i2tq3eoi3w366d|t20-lat-svc-22
1790509886260531052|container|create|6a34062d90abc914295eaead9382c5db0af9fdb27d0601eff6de857e6a8160af|t20-lat-svc-22.1.rz5r3dri5rqg8wjbkxldqk4cw
1790509886364129272|container|exec_create: /bin/sh -c true|137b398f6dac301f332ed847a4e9dd98573ce69b72354ec1647842ebc5d9769c|t20-lat-svc-22.1.kxebg1kll39w0tdn6vrr1yh2x
1790509886364158209|container|exec_start: /bin/sh -c true|137b398f6dac301f332ed847a4e9dd98573ce69b72354ec1647842ebc5d9769c|t20-lat-svc-22.1.kxebg1kll39w0tdn6vrr1yh2x
1790509886388569703|container|exec_die|137b398f6dac301f332ed847a4e9dd98573ce69b72354ec1647842ebc5d9769c|t20-lat-svc-22.1.kxebg1kll39w0tdn6vrr1yh2x
1790509887184059697|container|kill|137b398f6dac301f332ed847a4e9dd98573ce69b72354ec1647842ebc5d9769c|t20-lat-svc-22.1.kxebg1kll39w0tdn6vrr1yh2x
1790509887389085902|container|exec_create: /bin/sh -c true|137b398f6dac301f332ed847a4e9dd98573ce69b72354ec1647842ebc5d9769c|t20-lat-svc-22.1.kxebg1kll39w0tdn6vrr1yh2x
1790509887389119843|container|exec_start: /bin/sh -c true|137b398f6dac301f332ed847a4e9dd98573ce69b72354ec1647842ebc5d9769c|t20-lat-svc-22.1.kxebg1kll39w0tdn6vrr1yh2x
1790509887413778619|container|exec_die|137b398f6dac301f332ed847a4e9dd98573ce69b72354ec1647842ebc5d9769c|t20-lat-svc-22.1.kxebg1kll39w0tdn6vrr1yh2x
1790509888414856109|container|exec_create: /bin/sh -c true|137b398f6dac301f332ed847a4e9dd98573ce69b72354ec1647842ebc5d9769c|t20-lat-svc-22.1.kxebg1kll39w0tdn6vrr1yh2x
1790509888414899802|container|exec_start: /bin/sh -c true|137b398f6dac301f332ed847a4e9dd98573ce69b72354ec1647842ebc5d9769c|t20-lat-svc-22.1.kxebg1kll39w0tdn6vrr1yh2x
1790509888439641523|container|exec_die|137b398f6dac301f332ed847a4e9dd98573ce69b72354ec1647842ebc5d9769c|t20-lat-svc-22.1.kxebg1kll39w0tdn6vrr1yh2x
1790509889440120038|container|exec_create: /bin/sh -c true|137b398f6dac301f332ed847a4e9dd98573ce69b72354ec1647842ebc5d9769c|t20-lat-svc-22.1.kxebg1kll39w0tdn6vrr1yh2x
1790509889440151778|container|exec_start: /bin/sh -c true|137b398f6dac301f332ed847a4e9dd98573ce69b72354ec1647842ebc5d9769c|t20-lat-svc-22.1.kxebg1kll39w0tdn6vrr1yh2x
1790509889464926501|container|exec_die|137b398f6dac301f332ed847a4e9dd98573ce69b72354ec1647842ebc5d9769c|t20-lat-svc-22.1.kxebg1kll39w0tdn6vrr1yh2x
1790509890465479499|container|exec_create: /bin/sh -c true|137b398f6dac301f332ed847a4e9dd98573ce69b72354ec1647842ebc5d9769c|t20-lat-svc-22.1.kxebg1kll39w0tdn6vrr1yh2x
1790509890465504798|container|exec_start: /bin/sh -c true|137b398f6dac301f332ed847a4e9dd98573ce69b72354ec1647842ebc5d9769c|t20-lat-svc-22.1.kxebg1kll39w0tdn6vrr1yh2x
1790509890490805015|container|exec_die|137b398f6dac301f332ed847a4e9dd98573ce69b72354ec1647842ebc5d9769c|t20-lat-svc-22.1.kxebg1kll39w0tdn6vrr1yh2x
1790509891491541617|container|exec_create: /bin/sh -c true|137b398f6dac301f332ed847a4e9dd98573ce69b72354ec1647842ebc5d9769c|t20-lat-svc-22.1.kxebg1kll39w0tdn6vrr1yh2x
1790509891491580598|container|exec_start: /bin/sh -c true|137b398f6dac301f332ed847a4e9dd98573ce69b72354ec1647842ebc5d9769c|t20-lat-svc-22.1.kxebg1kll39w0tdn6vrr1yh2x
1790509891515925155|container|exec_die|137b398f6dac301f332ed847a4e9dd98573ce69b72354ec1647842ebc5d9769c|t20-lat-svc-22.1.kxebg1kll39w0tdn6vrr1yh2x
1790509892516988269|container|exec_create: /bin/sh -c true|137b398f6dac301f332ed847a4e9dd98573ce69b72354ec1647842ebc5d9769c|t20-lat-svc-22.1.kxebg1kll39w0tdn6vrr1yh2x
1790509892517017873|container|exec_start: /bin/sh -c true|137b398f6dac301f332ed847a4e9dd98573ce69b72354ec1647842ebc5d9769c|t20-lat-svc-22.1.kxebg1kll39w0tdn6vrr1yh2x
1790509892541879323|container|exec_die|137b398f6dac301f332ed847a4e9dd98573ce69b72354ec1647842ebc5d9769c|t20-lat-svc-22.1.kxebg1kll39w0tdn6vrr1yh2x
1790509893542601390|container|exec_create: /bin/sh -c true|137b398f6dac301f332ed847a4e9dd98573ce69b72354ec1647842ebc5d9769c|t20-lat-svc-22.1.kxebg1kll39w0tdn6vrr1yh2x
1790509893542627028|container|exec_start: /bin/sh -c true|137b398f6dac301f332ed847a4e9dd98573ce69b72354ec1647842ebc5d9769c|t20-lat-svc-22.1.kxebg1kll39w0tdn6vrr1yh2x
1790509893566892445|container|exec_die|137b398f6dac301f332ed847a4e9dd98573ce69b72354ec1647842ebc5d9769c|t20-lat-svc-22.1.kxebg1kll39w0tdn6vrr1yh2x
1790509894567886410|container|exec_create: /bin/sh -c true|137b398f6dac301f332ed847a4e9dd98573ce69b72354ec1647842ebc5d9769c|t20-lat-svc-22.1.kxebg1kll39w0tdn6vrr1yh2x
1790509894567913352|container|exec_start: /bin/sh -c true|137b398f6dac301f332ed847a4e9dd98573ce69b72354ec1647842ebc5d9769c|t20-lat-svc-22.1.kxebg1kll39w0tdn6vrr1yh2x
1790509894593542844|container|exec_die|137b398f6dac301f332ed847a4e9dd98573ce69b72354ec1647842ebc5d9769c|t20-lat-svc-22.1.kxebg1kll39w0tdn6vrr1yh2x
1790509895594045834|container|exec_create: /bin/sh -c true|137b398f6dac301f332ed847a4e9dd98573ce69b72354ec1647842ebc5d9769c|t20-lat-svc-22.1.kxebg1kll39w0tdn6vrr1yh2x
1790509895594071443|container|exec_start: /bin/sh -c true|137b398f6dac301f332ed847a4e9dd98573ce69b72354ec1647842ebc5d9769c|t20-lat-svc-22.1.kxebg1kll39w0tdn6vrr1yh2x
1790509895618857800|container|exec_die|137b398f6dac301f332ed847a4e9dd98573ce69b72354ec1647842ebc5d9769c|t20-lat-svc-22.1.kxebg1kll39w0tdn6vrr1yh2x
1790509896619460563|container|exec_create: /bin/sh -c true|137b398f6dac301f332ed847a4e9dd98573ce69b72354ec1647842ebc5d9769c|t20-lat-svc-22.1.kxebg1kll39w0tdn6vrr1yh2x
1790509896619496597|container|exec_start: /bin/sh -c true|137b398f6dac301f332ed847a4e9dd98573ce69b72354ec1647842ebc5d9769c|t20-lat-svc-22.1.kxebg1kll39w0tdn6vrr1yh2x
1790509896644120733|container|exec_die|137b398f6dac301f332ed847a4e9dd98573ce69b72354ec1647842ebc5d9769c|t20-lat-svc-22.1.kxebg1kll39w0tdn6vrr1yh2x
1790509897200638544|container|kill|137b398f6dac301f332ed847a4e9dd98573ce69b72354ec1647842ebc5d9769c|t20-lat-svc-22.1.kxebg1kll39w0tdn6vrr1yh2x
1790509897341945957|network|disconnect|9851beeca5de58663c77abfb043b973396bb3f7f9aea89861e7e36f8f7713117|bridge
1790509897347517753|container|stop|137b398f6dac301f332ed847a4e9dd98573ce69b72354ec1647842ebc5d9769c|t20-lat-svc-22.1.kxebg1kll39w0tdn6vrr1yh2x
1790509897355915885|container|die|137b398f6dac301f332ed847a4e9dd98573ce69b72354ec1647842ebc5d9769c|t20-lat-svc-22.1.kxebg1kll39w0tdn6vrr1yh2x
1790509897685008708|network|connect|9851beeca5de58663c77abfb043b973396bb3f7f9aea89861e7e36f8f7713117|bridge
1790509897702997946|container|start|6a34062d90abc914295eaead9382c5db0af9fdb27d0601eff6de857e6a8160af|t20-lat-svc-22.1.rz5r3dri5rqg8wjbkxldqk4cw
1790509898704119646|container|exec_create: /bin/sh -c true|6a34062d90abc914295eaead9382c5db0af9fdb27d0601eff6de857e6a8160af|t20-lat-svc-22.1.rz5r3dri5rqg8wjbkxldqk4cw
1790509898704184303|container|exec_start: /bin/sh -c true|6a34062d90abc914295eaead9382c5db0af9fdb27d0601eff6de857e6a8160af|t20-lat-svc-22.1.rz5r3dri5rqg8wjbkxldqk4cw
1790509898729304757|container|exec_die|6a34062d90abc914295eaead9382c5db0af9fdb27d0601eff6de857e6a8160af|t20-lat-svc-22.1.rz5r3dri5rqg8wjbkxldqk4cw
1790509898729522649|container|health_status: healthy|6a34062d90abc914295eaead9382c5db0af9fdb27d0601eff6de857e6a8160af|t20-lat-svc-22.1.rz5r3dri5rqg8wjbkxldqk4cw
1790509899285264128|service|remove|uaujqgcvow3i2tq3eoi3w366d|t20-lat-svc-22
1790509899683818851|container|destroy|137b398f6dac301f332ed847a4e9dd98573ce69b72354ec1647842ebc5d9769c|t20-lat-svc-22.1.kxebg1kll39w0tdn6vrr1yh2x
1790509899730175772|container|exec_create: /bin/sh -c true|6a34062d90abc914295eaead9382c5db0af9fdb27d0601eff6de857e6a8160af|t20-lat-svc-22.1.rz5r3dri5rqg8wjbkxldqk4cw
1790509899730210219|container|exec_start: /bin/sh -c true|6a34062d90abc914295eaead9382c5db0af9fdb27d0601eff6de857e6a8160af|t20-lat-svc-22.1.rz5r3dri5rqg8wjbkxldqk4cw
1790509899755090062|container|exec_die|6a34062d90abc914295eaead9382c5db0af9fdb27d0601eff6de857e6a8160af|t20-lat-svc-22.1.rz5r3dri5rqg8wjbkxldqk4cw
1790509900414151237|container|kill|6a34062d90abc914295eaead9382c5db0af9fdb27d0601eff6de857e6a8160af|t20-lat-svc-22.1.rz5r3dri5rqg8wjbkxldqk4cw
1790509900756073396|container|exec_create: /bin/sh -c true|6a34062d90abc914295eaead9382c5db0af9fdb27d0601eff6de857e6a8160af|t20-lat-svc-22.1.rz5r3dri5rqg8wjbkxldqk4cw
1790509900756112998|container|exec_start: /bin/sh -c true|6a34062d90abc914295eaead9382c5db0af9fdb27d0601eff6de857e6a8160af|t20-lat-svc-22.1.rz5r3dri5rqg8wjbkxldqk4cw
1790509900780250755|container|exec_die|6a34062d90abc914295eaead9382c5db0af9fdb27d0601eff6de857e6a8160af|t20-lat-svc-22.1.rz5r3dri5rqg8wjbkxldqk4cw
1790509901781117840|container|exec_create: /bin/sh -c true|6a34062d90abc914295eaead9382c5db0af9fdb27d0601eff6de857e6a8160af|t20-lat-svc-22.1.rz5r3dri5rqg8wjbkxldqk4cw
1790509901781165788|container|exec_start: /bin/sh -c true|6a34062d90abc914295eaead9382c5db0af9fdb27d0601eff6de857e6a8160af|t20-lat-svc-22.1.rz5r3dri5rqg8wjbkxldqk4cw
1790509901806522512|container|exec_die|6a34062d90abc914295eaead9382c5db0af9fdb27d0601eff6de857e6a8160af|t20-lat-svc-22.1.rz5r3dri5rqg8wjbkxldqk4cw
1790509902807491742|container|exec_create: /bin/sh -c true|6a34062d90abc914295eaead9382c5db0af9fdb27d0601eff6de857e6a8160af|t20-lat-svc-22.1.rz5r3dri5rqg8wjbkxldqk4cw
1790509902807544625|container|exec_start: /bin/sh -c true|6a34062d90abc914295eaead9382c5db0af9fdb27d0601eff6de857e6a8160af|t20-lat-svc-22.1.rz5r3dri5rqg8wjbkxldqk4cw
1790509902832690497|container|exec_die|6a34062d90abc914295eaead9382c5db0af9fdb27d0601eff6de857e6a8160af|t20-lat-svc-22.1.rz5r3dri5rqg8wjbkxldqk4cw
1790509903833426103|container|exec_create: /bin/sh -c true|6a34062d90abc914295eaead9382c5db0af9fdb27d0601eff6de857e6a8160af|t20-lat-svc-22.1.rz5r3dri5rqg8wjbkxldqk4cw
1790509903833468271|container|exec_start: /bin/sh -c true|6a34062d90abc914295eaead9382c5db0af9fdb27d0601eff6de857e6a8160af|t20-lat-svc-22.1.rz5r3dri5rqg8wjbkxldqk4cw
1790509903858379694|container|exec_die|6a34062d90abc914295eaead9382c5db0af9fdb27d0601eff6de857e6a8160af|t20-lat-svc-22.1.rz5r3dri5rqg8wjbkxldqk4cw
1790509904858925305|container|exec_create: /bin/sh -c true|6a34062d90abc914295eaead9382c5db0af9fdb27d0601eff6de857e6a8160af|t20-lat-svc-22.1.rz5r3dri5rqg8wjbkxldqk4cw
1790509904858949249|container|exec_start: /bin/sh -c true|6a34062d90abc914295eaead9382c5db0af9fdb27d0601eff6de857e6a8160af|t20-lat-svc-22.1.rz5r3dri5rqg8wjbkxldqk4cw
1790509904884426896|container|exec_die|6a34062d90abc914295eaead9382c5db0af9fdb27d0601eff6de857e6a8160af|t20-lat-svc-22.1.rz5r3dri5rqg8wjbkxldqk4cw
1790509905885057685|container|exec_create: /bin/sh -c true|6a34062d90abc914295eaead9382c5db0af9fdb27d0601eff6de857e6a8160af|t20-lat-svc-22.1.rz5r3dri5rqg8wjbkxldqk4cw
1790509905885080986|container|exec_start: /bin/sh -c true|6a34062d90abc914295eaead9382c5db0af9fdb27d0601eff6de857e6a8160af|t20-lat-svc-22.1.rz5r3dri5rqg8wjbkxldqk4cw
1790509905910609561|container|exec_die|6a34062d90abc914295eaead9382c5db0af9fdb27d0601eff6de857e6a8160af|t20-lat-svc-22.1.rz5r3dri5rqg8wjbkxldqk4cw
1790509906911406683|container|exec_create: /bin/sh -c true|6a34062d90abc914295eaead9382c5db0af9fdb27d0601eff6de857e6a8160af|t20-lat-svc-22.1.rz5r3dri5rqg8wjbkxldqk4cw
1790509906911434254|container|exec_start: /bin/sh -c true|6a34062d90abc914295eaead9382c5db0af9fdb27d0601eff6de857e6a8160af|t20-lat-svc-22.1.rz5r3dri5rqg8wjbkxldqk4cw
1790509906936544241|container|exec_die|6a34062d90abc914295eaead9382c5db0af9fdb27d0601eff6de857e6a8160af|t20-lat-svc-22.1.rz5r3dri5rqg8wjbkxldqk4cw
1790509907937454155|container|exec_create: /bin/sh -c true|6a34062d90abc914295eaead9382c5db0af9fdb27d0601eff6de857e6a8160af|t20-lat-svc-22.1.rz5r3dri5rqg8wjbkxldqk4cw
1790509907937492490|container|exec_start: /bin/sh -c true|6a34062d90abc914295eaead9382c5db0af9fdb27d0601eff6de857e6a8160af|t20-lat-svc-22.1.rz5r3dri5rqg8wjbkxldqk4cw
1790509907962410347|container|exec_die|6a34062d90abc914295eaead9382c5db0af9fdb27d0601eff6de857e6a8160af|t20-lat-svc-22.1.rz5r3dri5rqg8wjbkxldqk4cw
1790509908963486810|container|exec_create: /bin/sh -c true|6a34062d90abc914295eaead9382c5db0af9fdb27d0601eff6de857e6a8160af|t20-lat-svc-22.1.rz5r3dri5rqg8wjbkxldqk4cw
1790509908963510344|container|exec_start: /bin/sh -c true|6a34062d90abc914295eaead9382c5db0af9fdb27d0601eff6de857e6a8160af|t20-lat-svc-22.1.rz5r3dri5rqg8wjbkxldqk4cw
1790509908992506656|container|exec_die|6a34062d90abc914295eaead9382c5db0af9fdb27d0601eff6de857e6a8160af|t20-lat-svc-22.1.rz5r3dri5rqg8wjbkxldqk4cw
1790509909993311736|container|exec_create: /bin/sh -c true|6a34062d90abc914295eaead9382c5db0af9fdb27d0601eff6de857e6a8160af|t20-lat-svc-22.1.rz5r3dri5rqg8wjbkxldqk4cw
1790509909993345651|container|exec_start: /bin/sh -c true|6a34062d90abc914295eaead9382c5db0af9fdb27d0601eff6de857e6a8160af|t20-lat-svc-22.1.rz5r3dri5rqg8wjbkxldqk4cw
1790509910017843223|container|exec_die|6a34062d90abc914295eaead9382c5db0af9fdb27d0601eff6de857e6a8160af|t20-lat-svc-22.1.rz5r3dri5rqg8wjbkxldqk4cw
1790509910428613618|container|kill|6a34062d90abc914295eaead9382c5db0af9fdb27d0601eff6de857e6a8160af|t20-lat-svc-22.1.rz5r3dri5rqg8wjbkxldqk4cw
1790509910566380158|network|disconnect|9851beeca5de58663c77abfb043b973396bb3f7f9aea89861e7e36f8f7713117|bridge
1790509910575271021|container|stop|6a34062d90abc914295eaead9382c5db0af9fdb27d0601eff6de857e6a8160af|t20-lat-svc-22.1.rz5r3dri5rqg8wjbkxldqk4cw
1790509910583510166|container|die|6a34062d90abc914295eaead9382c5db0af9fdb27d0601eff6de857e6a8160af|t20-lat-svc-22.1.rz5r3dri5rqg8wjbkxldqk4cw
1790509911037114958|container|destroy|6a34062d90abc914295eaead9382c5db0af9fdb27d0601eff6de857e6a8160af|t20-lat-svc-22.1.rz5r3dri5rqg8wjbkxldqk4cw
1790509914316917007|service|create|xs9rzmxz5utec4evgfia1exe5|t20-lat-svc-23
1790509914570281671|container|create|da0cfb7276cd43092177c750ba0a153a1dbd151ed99d1465266d821a5c784b9b|t20-lat-svc-23.1.sze18x9oqwg5aom4vfg7owehc
1790509914713203262|network|connect|9851beeca5de58663c77abfb043b973396bb3f7f9aea89861e7e36f8f7713117|bridge
1790509914733250112|container|start|da0cfb7276cd43092177c750ba0a153a1dbd151ed99d1465266d821a5c784b9b|t20-lat-svc-23.1.sze18x9oqwg5aom4vfg7owehc
1790509915734478032|container|exec_create: /bin/sh -c true|da0cfb7276cd43092177c750ba0a153a1dbd151ed99d1465266d821a5c784b9b|t20-lat-svc-23.1.sze18x9oqwg5aom4vfg7owehc
1790509915734516339|container|exec_start: /bin/sh -c true|da0cfb7276cd43092177c750ba0a153a1dbd151ed99d1465266d821a5c784b9b|t20-lat-svc-23.1.sze18x9oqwg5aom4vfg7owehc
1790509915759548962|container|exec_die|da0cfb7276cd43092177c750ba0a153a1dbd151ed99d1465266d821a5c784b9b|t20-lat-svc-23.1.sze18x9oqwg5aom4vfg7owehc
1790509915759779388|container|health_status: healthy|da0cfb7276cd43092177c750ba0a153a1dbd151ed99d1465266d821a5c784b9b|t20-lat-svc-23.1.sze18x9oqwg5aom4vfg7owehc
1790509916385584089|service|update|xs9rzmxz5utec4evgfia1exe5|t20-lat-svc-23
1790509916388356511|service|update|xs9rzmxz5utec4evgfia1exe5|t20-lat-svc-23
1790509916648262308|container|create|556ff53873fb142f7d34fd6c397bfdf9d726d12d2f92013b0de508e005270b78|t20-lat-svc-23.1.wn0q9tugujoz7m24lmvp102tr
1790509916760559447|container|exec_create: /bin/sh -c true|da0cfb7276cd43092177c750ba0a153a1dbd151ed99d1465266d821a5c784b9b|t20-lat-svc-23.1.sze18x9oqwg5aom4vfg7owehc
1790509916760584910|container|exec_start: /bin/sh -c true|da0cfb7276cd43092177c750ba0a153a1dbd151ed99d1465266d821a5c784b9b|t20-lat-svc-23.1.sze18x9oqwg5aom4vfg7owehc
1790509916785681469|container|exec_die|da0cfb7276cd43092177c750ba0a153a1dbd151ed99d1465266d821a5c784b9b|t20-lat-svc-23.1.sze18x9oqwg5aom4vfg7owehc
1790509917574664431|container|kill|da0cfb7276cd43092177c750ba0a153a1dbd151ed99d1465266d821a5c784b9b|t20-lat-svc-23.1.sze18x9oqwg5aom4vfg7owehc
1790509917786272990|container|exec_create: /bin/sh -c true|da0cfb7276cd43092177c750ba0a153a1dbd151ed99d1465266d821a5c784b9b|t20-lat-svc-23.1.sze18x9oqwg5aom4vfg7owehc
1790509917786295287|container|exec_start: /bin/sh -c true|da0cfb7276cd43092177c750ba0a153a1dbd151ed99d1465266d821a5c784b9b|t20-lat-svc-23.1.sze18x9oqwg5aom4vfg7owehc
1790509917810389636|container|exec_die|da0cfb7276cd43092177c750ba0a153a1dbd151ed99d1465266d821a5c784b9b|t20-lat-svc-23.1.sze18x9oqwg5aom4vfg7owehc
1790509918811111947|container|exec_create: /bin/sh -c true|da0cfb7276cd43092177c750ba0a153a1dbd151ed99d1465266d821a5c784b9b|t20-lat-svc-23.1.sze18x9oqwg5aom4vfg7owehc
1790509918811149839|container|exec_start: /bin/sh -c true|da0cfb7276cd43092177c750ba0a153a1dbd151ed99d1465266d821a5c784b9b|t20-lat-svc-23.1.sze18x9oqwg5aom4vfg7owehc
1790509918836544526|container|exec_die|da0cfb7276cd43092177c750ba0a153a1dbd151ed99d1465266d821a5c784b9b|t20-lat-svc-23.1.sze18x9oqwg5aom4vfg7owehc
1790509919837897330|container|exec_create: /bin/sh -c true|da0cfb7276cd43092177c750ba0a153a1dbd151ed99d1465266d821a5c784b9b|t20-lat-svc-23.1.sze18x9oqwg5aom4vfg7owehc
1790509919837934117|container|exec_start: /bin/sh -c true|da0cfb7276cd43092177c750ba0a153a1dbd151ed99d1465266d821a5c784b9b|t20-lat-svc-23.1.sze18x9oqwg5aom4vfg7owehc
1790509919862788329|container|exec_die|da0cfb7276cd43092177c750ba0a153a1dbd151ed99d1465266d821a5c784b9b|t20-lat-svc-23.1.sze18x9oqwg5aom4vfg7owehc
1790509920863410692|container|exec_create: /bin/sh -c true|da0cfb7276cd43092177c750ba0a153a1dbd151ed99d1465266d821a5c784b9b|t20-lat-svc-23.1.sze18x9oqwg5aom4vfg7owehc
1790509920863437308|container|exec_start: /bin/sh -c true|da0cfb7276cd43092177c750ba0a153a1dbd151ed99d1465266d821a5c784b9b|t20-lat-svc-23.1.sze18x9oqwg5aom4vfg7owehc
1790509920887558918|container|exec_die|da0cfb7276cd43092177c750ba0a153a1dbd151ed99d1465266d821a5c784b9b|t20-lat-svc-23.1.sze18x9oqwg5aom4vfg7owehc
1790509921888828454|container|exec_create: /bin/sh -c true|da0cfb7276cd43092177c750ba0a153a1dbd151ed99d1465266d821a5c784b9b|t20-lat-svc-23.1.sze18x9oqwg5aom4vfg7owehc
1790509921888857495|container|exec_start: /bin/sh -c true|da0cfb7276cd43092177c750ba0a153a1dbd151ed99d1465266d821a5c784b9b|t20-lat-svc-23.1.sze18x9oqwg5aom4vfg7owehc
1790509921913377301|container|exec_die|da0cfb7276cd43092177c750ba0a153a1dbd151ed99d1465266d821a5c784b9b|t20-lat-svc-23.1.sze18x9oqwg5aom4vfg7owehc
1790509922914557026|container|exec_create: /bin/sh -c true|da0cfb7276cd43092177c750ba0a153a1dbd151ed99d1465266d821a5c784b9b|t20-lat-svc-23.1.sze18x9oqwg5aom4vfg7owehc
1790509922914585048|container|exec_start: /bin/sh -c true|da0cfb7276cd43092177c750ba0a153a1dbd151ed99d1465266d821a5c784b9b|t20-lat-svc-23.1.sze18x9oqwg5aom4vfg7owehc
1790509922939586055|container|exec_die|da0cfb7276cd43092177c750ba0a153a1dbd151ed99d1465266d821a5c784b9b|t20-lat-svc-23.1.sze18x9oqwg5aom4vfg7owehc
1790509923940173909|container|exec_create: /bin/sh -c true|da0cfb7276cd43092177c750ba0a153a1dbd151ed99d1465266d821a5c784b9b|t20-lat-svc-23.1.sze18x9oqwg5aom4vfg7owehc
1790509923940216728|container|exec_start: /bin/sh -c true|da0cfb7276cd43092177c750ba0a153a1dbd151ed99d1465266d821a5c784b9b|t20-lat-svc-23.1.sze18x9oqwg5aom4vfg7owehc
1790509923965627666|container|exec_die|da0cfb7276cd43092177c750ba0a153a1dbd151ed99d1465266d821a5c784b9b|t20-lat-svc-23.1.sze18x9oqwg5aom4vfg7owehc
1790509924966764489|container|exec_create: /bin/sh -c true|da0cfb7276cd43092177c750ba0a153a1dbd151ed99d1465266d821a5c784b9b|t20-lat-svc-23.1.sze18x9oqwg5aom4vfg7owehc
1790509924966788721|container|exec_start: /bin/sh -c true|da0cfb7276cd43092177c750ba0a153a1dbd151ed99d1465266d821a5c784b9b|t20-lat-svc-23.1.sze18x9oqwg5aom4vfg7owehc
1790509924990640591|container|exec_die|da0cfb7276cd43092177c750ba0a153a1dbd151ed99d1465266d821a5c784b9b|t20-lat-svc-23.1.sze18x9oqwg5aom4vfg7owehc
1790509925991350559|container|exec_create: /bin/sh -c true|da0cfb7276cd43092177c750ba0a153a1dbd151ed99d1465266d821a5c784b9b|t20-lat-svc-23.1.sze18x9oqwg5aom4vfg7owehc
1790509925991374985|container|exec_start: /bin/sh -c true|da0cfb7276cd43092177c750ba0a153a1dbd151ed99d1465266d821a5c784b9b|t20-lat-svc-23.1.sze18x9oqwg5aom4vfg7owehc
1790509926016725602|container|exec_die|da0cfb7276cd43092177c750ba0a153a1dbd151ed99d1465266d821a5c784b9b|t20-lat-svc-23.1.sze18x9oqwg5aom4vfg7owehc
1790509927017673219|container|exec_create: /bin/sh -c true|da0cfb7276cd43092177c750ba0a153a1dbd151ed99d1465266d821a5c784b9b|t20-lat-svc-23.1.sze18x9oqwg5aom4vfg7owehc
1790509927017732214|container|exec_start: /bin/sh -c true|da0cfb7276cd43092177c750ba0a153a1dbd151ed99d1465266d821a5c784b9b|t20-lat-svc-23.1.sze18x9oqwg5aom4vfg7owehc
1790509927041813037|container|exec_die|da0cfb7276cd43092177c750ba0a153a1dbd151ed99d1465266d821a5c784b9b|t20-lat-svc-23.1.sze18x9oqwg5aom4vfg7owehc
1790509927590485796|container|kill|da0cfb7276cd43092177c750ba0a153a1dbd151ed99d1465266d821a5c784b9b|t20-lat-svc-23.1.sze18x9oqwg5aom4vfg7owehc
1790509927749617442|network|disconnect|9851beeca5de58663c77abfb043b973396bb3f7f9aea89861e7e36f8f7713117|bridge
1790509927755528809|container|stop|da0cfb7276cd43092177c750ba0a153a1dbd151ed99d1465266d821a5c784b9b|t20-lat-svc-23.1.sze18x9oqwg5aom4vfg7owehc
1790509927763677307|container|die|da0cfb7276cd43092177c750ba0a153a1dbd151ed99d1465266d821a5c784b9b|t20-lat-svc-23.1.sze18x9oqwg5aom4vfg7owehc
1790509928097714666|network|connect|9851beeca5de58663c77abfb043b973396bb3f7f9aea89861e7e36f8f7713117|bridge
1790509928114680554|container|start|556ff53873fb142f7d34fd6c397bfdf9d726d12d2f92013b0de508e005270b78|t20-lat-svc-23.1.wn0q9tugujoz7m24lmvp102tr
1790509929115573770|container|exec_create: /bin/sh -c true|556ff53873fb142f7d34fd6c397bfdf9d726d12d2f92013b0de508e005270b78|t20-lat-svc-23.1.wn0q9tugujoz7m24lmvp102tr
1790509929115619658|container|exec_start: /bin/sh -c true|556ff53873fb142f7d34fd6c397bfdf9d726d12d2f92013b0de508e005270b78|t20-lat-svc-23.1.wn0q9tugujoz7m24lmvp102tr
1790509929140921570|container|exec_die|556ff53873fb142f7d34fd6c397bfdf9d726d12d2f92013b0de508e005270b78|t20-lat-svc-23.1.wn0q9tugujoz7m24lmvp102tr
1790509929141125850|container|health_status: healthy|556ff53873fb142f7d34fd6c397bfdf9d726d12d2f92013b0de508e005270b78|t20-lat-svc-23.1.wn0q9tugujoz7m24lmvp102tr
1790509929671866902|service|remove|xs9rzmxz5utec4evgfia1exe5|t20-lat-svc-23
1790509930070458443|container|destroy|da0cfb7276cd43092177c750ba0a153a1dbd151ed99d1465266d821a5c784b9b|t20-lat-svc-23.1.sze18x9oqwg5aom4vfg7owehc
1790509930141640616|container|exec_create: /bin/sh -c true|556ff53873fb142f7d34fd6c397bfdf9d726d12d2f92013b0de508e005270b78|t20-lat-svc-23.1.wn0q9tugujoz7m24lmvp102tr
1790509930141752883|container|exec_start: /bin/sh -c true|556ff53873fb142f7d34fd6c397bfdf9d726d12d2f92013b0de508e005270b78|t20-lat-svc-23.1.wn0q9tugujoz7m24lmvp102tr
1790509930167129972|container|exec_die|556ff53873fb142f7d34fd6c397bfdf9d726d12d2f92013b0de508e005270b78|t20-lat-svc-23.1.wn0q9tugujoz7m24lmvp102tr
1790509930795850048|container|kill|556ff53873fb142f7d34fd6c397bfdf9d726d12d2f92013b0de508e005270b78|t20-lat-svc-23.1.wn0q9tugujoz7m24lmvp102tr
1790509931167796198|container|exec_create: /bin/sh -c true|556ff53873fb142f7d34fd6c397bfdf9d726d12d2f92013b0de508e005270b78|t20-lat-svc-23.1.wn0q9tugujoz7m24lmvp102tr
1790509931167822482|container|exec_start: /bin/sh -c true|556ff53873fb142f7d34fd6c397bfdf9d726d12d2f92013b0de508e005270b78|t20-lat-svc-23.1.wn0q9tugujoz7m24lmvp102tr
1790509931192254349|container|exec_die|556ff53873fb142f7d34fd6c397bfdf9d726d12d2f92013b0de508e005270b78|t20-lat-svc-23.1.wn0q9tugujoz7m24lmvp102tr
1790509932192722164|container|exec_create: /bin/sh -c true|556ff53873fb142f7d34fd6c397bfdf9d726d12d2f92013b0de508e005270b78|t20-lat-svc-23.1.wn0q9tugujoz7m24lmvp102tr
1790509932192746752|container|exec_start: /bin/sh -c true|556ff53873fb142f7d34fd6c397bfdf9d726d12d2f92013b0de508e005270b78|t20-lat-svc-23.1.wn0q9tugujoz7m24lmvp102tr
1790509932217913010|container|exec_die|556ff53873fb142f7d34fd6c397bfdf9d726d12d2f92013b0de508e005270b78|t20-lat-svc-23.1.wn0q9tugujoz7m24lmvp102tr
1790509933218707649|container|exec_create: /bin/sh -c true|556ff53873fb142f7d34fd6c397bfdf9d726d12d2f92013b0de508e005270b78|t20-lat-svc-23.1.wn0q9tugujoz7m24lmvp102tr
1790509933218740833|container|exec_start: /bin/sh -c true|556ff53873fb142f7d34fd6c397bfdf9d726d12d2f92013b0de508e005270b78|t20-lat-svc-23.1.wn0q9tugujoz7m24lmvp102tr
1790509933245050345|container|exec_die|556ff53873fb142f7d34fd6c397bfdf9d726d12d2f92013b0de508e005270b78|t20-lat-svc-23.1.wn0q9tugujoz7m24lmvp102tr
1790509934246207319|container|exec_create: /bin/sh -c true|556ff53873fb142f7d34fd6c397bfdf9d726d12d2f92013b0de508e005270b78|t20-lat-svc-23.1.wn0q9tugujoz7m24lmvp102tr
1790509934246232859|container|exec_start: /bin/sh -c true|556ff53873fb142f7d34fd6c397bfdf9d726d12d2f92013b0de508e005270b78|t20-lat-svc-23.1.wn0q9tugujoz7m24lmvp102tr
1790509934271019313|container|exec_die|556ff53873fb142f7d34fd6c397bfdf9d726d12d2f92013b0de508e005270b78|t20-lat-svc-23.1.wn0q9tugujoz7m24lmvp102tr
1790509935272176470|container|exec_create: /bin/sh -c true|556ff53873fb142f7d34fd6c397bfdf9d726d12d2f92013b0de508e005270b78|t20-lat-svc-23.1.wn0q9tugujoz7m24lmvp102tr
1790509935272208553|container|exec_start: /bin/sh -c true|556ff53873fb142f7d34fd6c397bfdf9d726d12d2f92013b0de508e005270b78|t20-lat-svc-23.1.wn0q9tugujoz7m24lmvp102tr
1790509935295950511|container|exec_die|556ff53873fb142f7d34fd6c397bfdf9d726d12d2f92013b0de508e005270b78|t20-lat-svc-23.1.wn0q9tugujoz7m24lmvp102tr
1790509936296459527|container|exec_create: /bin/sh -c true|556ff53873fb142f7d34fd6c397bfdf9d726d12d2f92013b0de508e005270b78|t20-lat-svc-23.1.wn0q9tugujoz7m24lmvp102tr
1790509936296487337|container|exec_start: /bin/sh -c true|556ff53873fb142f7d34fd6c397bfdf9d726d12d2f92013b0de508e005270b78|t20-lat-svc-23.1.wn0q9tugujoz7m24lmvp102tr
1790509936321408938|container|exec_die|556ff53873fb142f7d34fd6c397bfdf9d726d12d2f92013b0de508e005270b78|t20-lat-svc-23.1.wn0q9tugujoz7m24lmvp102tr
1790509937322002634|container|exec_create: /bin/sh -c true|556ff53873fb142f7d34fd6c397bfdf9d726d12d2f92013b0de508e005270b78|t20-lat-svc-23.1.wn0q9tugujoz7m24lmvp102tr
1790509937322042723|container|exec_start: /bin/sh -c true|556ff53873fb142f7d34fd6c397bfdf9d726d12d2f92013b0de508e005270b78|t20-lat-svc-23.1.wn0q9tugujoz7m24lmvp102tr
1790509937347218241|container|exec_die|556ff53873fb142f7d34fd6c397bfdf9d726d12d2f92013b0de508e005270b78|t20-lat-svc-23.1.wn0q9tugujoz7m24lmvp102tr
1790509938347849026|container|exec_create: /bin/sh -c true|556ff53873fb142f7d34fd6c397bfdf9d726d12d2f92013b0de508e005270b78|t20-lat-svc-23.1.wn0q9tugujoz7m24lmvp102tr
1790509938347873215|container|exec_start: /bin/sh -c true|556ff53873fb142f7d34fd6c397bfdf9d726d12d2f92013b0de508e005270b78|t20-lat-svc-23.1.wn0q9tugujoz7m24lmvp102tr
1790509938373384049|container|exec_die|556ff53873fb142f7d34fd6c397bfdf9d726d12d2f92013b0de508e005270b78|t20-lat-svc-23.1.wn0q9tugujoz7m24lmvp102tr
1790509939374666693|container|exec_create: /bin/sh -c true|556ff53873fb142f7d34fd6c397bfdf9d726d12d2f92013b0de508e005270b78|t20-lat-svc-23.1.wn0q9tugujoz7m24lmvp102tr
1790509939374692803|container|exec_start: /bin/sh -c true|556ff53873fb142f7d34fd6c397bfdf9d726d12d2f92013b0de508e005270b78|t20-lat-svc-23.1.wn0q9tugujoz7m24lmvp102tr
1790509939399331837|container|exec_die|556ff53873fb142f7d34fd6c397bfdf9d726d12d2f92013b0de508e005270b78|t20-lat-svc-23.1.wn0q9tugujoz7m24lmvp102tr
1790509940400018492|container|exec_create: /bin/sh -c true|556ff53873fb142f7d34fd6c397bfdf9d726d12d2f92013b0de508e005270b78|t20-lat-svc-23.1.wn0q9tugujoz7m24lmvp102tr
1790509940400045615|container|exec_start: /bin/sh -c true|556ff53873fb142f7d34fd6c397bfdf9d726d12d2f92013b0de508e005270b78|t20-lat-svc-23.1.wn0q9tugujoz7m24lmvp102tr
1790509940425542127|container|exec_die|556ff53873fb142f7d34fd6c397bfdf9d726d12d2f92013b0de508e005270b78|t20-lat-svc-23.1.wn0q9tugujoz7m24lmvp102tr
1790509940812115468|container|kill|556ff53873fb142f7d34fd6c397bfdf9d726d12d2f92013b0de508e005270b78|t20-lat-svc-23.1.wn0q9tugujoz7m24lmvp102tr
1790509940970239834|network|disconnect|9851beeca5de58663c77abfb043b973396bb3f7f9aea89861e7e36f8f7713117|bridge
1790509940979910414|container|stop|556ff53873fb142f7d34fd6c397bfdf9d726d12d2f92013b0de508e005270b78|t20-lat-svc-23.1.wn0q9tugujoz7m24lmvp102tr
1790509940989296593|container|die|556ff53873fb142f7d34fd6c397bfdf9d726d12d2f92013b0de508e005270b78|t20-lat-svc-23.1.wn0q9tugujoz7m24lmvp102tr
1790509941451820419|container|destroy|556ff53873fb142f7d34fd6c397bfdf9d726d12d2f92013b0de508e005270b78|t20-lat-svc-23.1.wn0q9tugujoz7m24lmvp102tr
1790509946844102442|service|create|ycon39z30wnw92oimftp9o3re|t20-lat-svc-24
1790509947104698856|container|create|93fe4069d6993e2e472815c13e9f63ad126c4b61ac8ee61a71a159a7815ebc53|t20-lat-svc-24.1.rmquqi9mdy7l3qk45d7ri851i
1790509947236548739|network|connect|9851beeca5de58663c77abfb043b973396bb3f7f9aea89861e7e36f8f7713117|bridge
1790509947255479800|container|start|93fe4069d6993e2e472815c13e9f63ad126c4b61ac8ee61a71a159a7815ebc53|t20-lat-svc-24.1.rmquqi9mdy7l3qk45d7ri851i
1790509948255999625|container|exec_create: /bin/sh -c true|93fe4069d6993e2e472815c13e9f63ad126c4b61ac8ee61a71a159a7815ebc53|t20-lat-svc-24.1.rmquqi9mdy7l3qk45d7ri851i
1790509948256065108|container|exec_start: /bin/sh -c true|93fe4069d6993e2e472815c13e9f63ad126c4b61ac8ee61a71a159a7815ebc53|t20-lat-svc-24.1.rmquqi9mdy7l3qk45d7ri851i
1790509948281669190|container|exec_die|93fe4069d6993e2e472815c13e9f63ad126c4b61ac8ee61a71a159a7815ebc53|t20-lat-svc-24.1.rmquqi9mdy7l3qk45d7ri851i
1790509948281859022|container|health_status: healthy|93fe4069d6993e2e472815c13e9f63ad126c4b61ac8ee61a71a159a7815ebc53|t20-lat-svc-24.1.rmquqi9mdy7l3qk45d7ri851i
1790509948909307156|service|update|ycon39z30wnw92oimftp9o3re|t20-lat-svc-24
1790509948911722534|service|update|ycon39z30wnw92oimftp9o3re|t20-lat-svc-24
1790509949181669671|container|create|a9afadaa294dcce68804973e1fdf985f34e5cbf41d2e31d3cba3fbf1b68cf60d|t20-lat-svc-24.1.jgl1xgo1yniae3gb64kcn2hex
1790509949282236467|container|exec_create: /bin/sh -c true|93fe4069d6993e2e472815c13e9f63ad126c4b61ac8ee61a71a159a7815ebc53|t20-lat-svc-24.1.rmquqi9mdy7l3qk45d7ri851i
1790509949282265710|container|exec_start: /bin/sh -c true|93fe4069d6993e2e472815c13e9f63ad126c4b61ac8ee61a71a159a7815ebc53|t20-lat-svc-24.1.rmquqi9mdy7l3qk45d7ri851i
1790509949306764361|container|exec_die|93fe4069d6993e2e472815c13e9f63ad126c4b61ac8ee61a71a159a7815ebc53|t20-lat-svc-24.1.rmquqi9mdy7l3qk45d7ri851i
1790509950098798541|container|kill|93fe4069d6993e2e472815c13e9f63ad126c4b61ac8ee61a71a159a7815ebc53|t20-lat-svc-24.1.rmquqi9mdy7l3qk45d7ri851i
1790509950307324164|container|exec_create: /bin/sh -c true|93fe4069d6993e2e472815c13e9f63ad126c4b61ac8ee61a71a159a7815ebc53|t20-lat-svc-24.1.rmquqi9mdy7l3qk45d7ri851i
1790509950307355781|container|exec_start: /bin/sh -c true|93fe4069d6993e2e472815c13e9f63ad126c4b61ac8ee61a71a159a7815ebc53|t20-lat-svc-24.1.rmquqi9mdy7l3qk45d7ri851i
1790509950332763898|container|exec_die|93fe4069d6993e2e472815c13e9f63ad126c4b61ac8ee61a71a159a7815ebc53|t20-lat-svc-24.1.rmquqi9mdy7l3qk45d7ri851i
1790509951334034806|container|exec_create: /bin/sh -c true|93fe4069d6993e2e472815c13e9f63ad126c4b61ac8ee61a71a159a7815ebc53|t20-lat-svc-24.1.rmquqi9mdy7l3qk45d7ri851i
1790509951334062867|container|exec_start: /bin/sh -c true|93fe4069d6993e2e472815c13e9f63ad126c4b61ac8ee61a71a159a7815ebc53|t20-lat-svc-24.1.rmquqi9mdy7l3qk45d7ri851i
1790509951359240101|container|exec_die|93fe4069d6993e2e472815c13e9f63ad126c4b61ac8ee61a71a159a7815ebc53|t20-lat-svc-24.1.rmquqi9mdy7l3qk45d7ri851i
1790509952359872721|container|exec_create: /bin/sh -c true|93fe4069d6993e2e472815c13e9f63ad126c4b61ac8ee61a71a159a7815ebc53|t20-lat-svc-24.1.rmquqi9mdy7l3qk45d7ri851i
1790509952359897674|container|exec_start: /bin/sh -c true|93fe4069d6993e2e472815c13e9f63ad126c4b61ac8ee61a71a159a7815ebc53|t20-lat-svc-24.1.rmquqi9mdy7l3qk45d7ri851i
1790509952384684283|container|exec_die|93fe4069d6993e2e472815c13e9f63ad126c4b61ac8ee61a71a159a7815ebc53|t20-lat-svc-24.1.rmquqi9mdy7l3qk45d7ri851i
1790509953385301971|container|exec_create: /bin/sh -c true|93fe4069d6993e2e472815c13e9f63ad126c4b61ac8ee61a71a159a7815ebc53|t20-lat-svc-24.1.rmquqi9mdy7l3qk45d7ri851i
1790509953385334888|container|exec_start: /bin/sh -c true|93fe4069d6993e2e472815c13e9f63ad126c4b61ac8ee61a71a159a7815ebc53|t20-lat-svc-24.1.rmquqi9mdy7l3qk45d7ri851i
1790509953411156169|container|exec_die|93fe4069d6993e2e472815c13e9f63ad126c4b61ac8ee61a71a159a7815ebc53|t20-lat-svc-24.1.rmquqi9mdy7l3qk45d7ri851i
1790509954412506162|container|exec_create: /bin/sh -c true|93fe4069d6993e2e472815c13e9f63ad126c4b61ac8ee61a71a159a7815ebc53|t20-lat-svc-24.1.rmquqi9mdy7l3qk45d7ri851i
1790509954412534950|container|exec_start: /bin/sh -c true|93fe4069d6993e2e472815c13e9f63ad126c4b61ac8ee61a71a159a7815ebc53|t20-lat-svc-24.1.rmquqi9mdy7l3qk45d7ri851i
1790509954437004000|container|exec_die|93fe4069d6993e2e472815c13e9f63ad126c4b61ac8ee61a71a159a7815ebc53|t20-lat-svc-24.1.rmquqi9mdy7l3qk45d7ri851i
1790509955437358457|container|exec_create: /bin/sh -c true|93fe4069d6993e2e472815c13e9f63ad126c4b61ac8ee61a71a159a7815ebc53|t20-lat-svc-24.1.rmquqi9mdy7l3qk45d7ri851i
1790509955437403570|container|exec_start: /bin/sh -c true|93fe4069d6993e2e472815c13e9f63ad126c4b61ac8ee61a71a159a7815ebc53|t20-lat-svc-24.1.rmquqi9mdy7l3qk45d7ri851i
1790509955462019414|container|exec_die|93fe4069d6993e2e472815c13e9f63ad126c4b61ac8ee61a71a159a7815ebc53|t20-lat-svc-24.1.rmquqi9mdy7l3qk45d7ri851i
1790509956463216931|container|exec_create: /bin/sh -c true|93fe4069d6993e2e472815c13e9f63ad126c4b61ac8ee61a71a159a7815ebc53|t20-lat-svc-24.1.rmquqi9mdy7l3qk45d7ri851i
1790509956463250257|container|exec_start: /bin/sh -c true|93fe4069d6993e2e472815c13e9f63ad126c4b61ac8ee61a71a159a7815ebc53|t20-lat-svc-24.1.rmquqi9mdy7l3qk45d7ri851i
1790509956487277475|container|exec_die|93fe4069d6993e2e472815c13e9f63ad126c4b61ac8ee61a71a159a7815ebc53|t20-lat-svc-24.1.rmquqi9mdy7l3qk45d7ri851i
1790509957487580087|container|exec_create: /bin/sh -c true|93fe4069d6993e2e472815c13e9f63ad126c4b61ac8ee61a71a159a7815ebc53|t20-lat-svc-24.1.rmquqi9mdy7l3qk45d7ri851i
1790509957487604614|container|exec_start: /bin/sh -c true|93fe4069d6993e2e472815c13e9f63ad126c4b61ac8ee61a71a159a7815ebc53|t20-lat-svc-24.1.rmquqi9mdy7l3qk45d7ri851i
1790509957511966910|container|exec_die|93fe4069d6993e2e472815c13e9f63ad126c4b61ac8ee61a71a159a7815ebc53|t20-lat-svc-24.1.rmquqi9mdy7l3qk45d7ri851i
1790509958512574727|container|exec_create: /bin/sh -c true|93fe4069d6993e2e472815c13e9f63ad126c4b61ac8ee61a71a159a7815ebc53|t20-lat-svc-24.1.rmquqi9mdy7l3qk45d7ri851i
1790509958512600114|container|exec_start: /bin/sh -c true|93fe4069d6993e2e472815c13e9f63ad126c4b61ac8ee61a71a159a7815ebc53|t20-lat-svc-24.1.rmquqi9mdy7l3qk45d7ri851i
1790509958539565818|container|exec_die|93fe4069d6993e2e472815c13e9f63ad126c4b61ac8ee61a71a159a7815ebc53|t20-lat-svc-24.1.rmquqi9mdy7l3qk45d7ri851i
1790509959540553987|container|exec_create: /bin/sh -c true|93fe4069d6993e2e472815c13e9f63ad126c4b61ac8ee61a71a159a7815ebc53|t20-lat-svc-24.1.rmquqi9mdy7l3qk45d7ri851i
1790509959540581041|container|exec_start: /bin/sh -c true|93fe4069d6993e2e472815c13e9f63ad126c4b61ac8ee61a71a159a7815ebc53|t20-lat-svc-24.1.rmquqi9mdy7l3qk45d7ri851i
1790509959565216342|container|exec_die|93fe4069d6993e2e472815c13e9f63ad126c4b61ac8ee61a71a159a7815ebc53|t20-lat-svc-24.1.rmquqi9mdy7l3qk45d7ri851i
1790509960113211054|container|kill|93fe4069d6993e2e472815c13e9f63ad126c4b61ac8ee61a71a159a7815ebc53|t20-lat-svc-24.1.rmquqi9mdy7l3qk45d7ri851i
1790509960273173705|network|disconnect|9851beeca5de58663c77abfb043b973396bb3f7f9aea89861e7e36f8f7713117|bridge
1790509960277430195|container|stop|93fe4069d6993e2e472815c13e9f63ad126c4b61ac8ee61a71a159a7815ebc53|t20-lat-svc-24.1.rmquqi9mdy7l3qk45d7ri851i
1790509960286161510|container|die|93fe4069d6993e2e472815c13e9f63ad126c4b61ac8ee61a71a159a7815ebc53|t20-lat-svc-24.1.rmquqi9mdy7l3qk45d7ri851i
1790509960646163860|network|connect|9851beeca5de58663c77abfb043b973396bb3f7f9aea89861e7e36f8f7713117|bridge
1790509960664117460|container|start|a9afadaa294dcce68804973e1fdf985f34e5cbf41d2e31d3cba3fbf1b68cf60d|t20-lat-svc-24.1.jgl1xgo1yniae3gb64kcn2hex
1790509961664999501|container|exec_create: /bin/sh -c true|a9afadaa294dcce68804973e1fdf985f34e5cbf41d2e31d3cba3fbf1b68cf60d|t20-lat-svc-24.1.jgl1xgo1yniae3gb64kcn2hex
1790509961665038668|container|exec_start: /bin/sh -c true|a9afadaa294dcce68804973e1fdf985f34e5cbf41d2e31d3cba3fbf1b68cf60d|t20-lat-svc-24.1.jgl1xgo1yniae3gb64kcn2hex
1790509961689999181|container|exec_die|a9afadaa294dcce68804973e1fdf985f34e5cbf41d2e31d3cba3fbf1b68cf60d|t20-lat-svc-24.1.jgl1xgo1yniae3gb64kcn2hex
1790509961690231026|container|health_status: healthy|a9afadaa294dcce68804973e1fdf985f34e5cbf41d2e31d3cba3fbf1b68cf60d|t20-lat-svc-24.1.jgl1xgo1yniae3gb64kcn2hex
1790509962195256805|service|remove|ycon39z30wnw92oimftp9o3re|t20-lat-svc-24
1790509962593627986|container|destroy|93fe4069d6993e2e472815c13e9f63ad126c4b61ac8ee61a71a159a7815ebc53|t20-lat-svc-24.1.rmquqi9mdy7l3qk45d7ri851i
1790509962690549813|container|exec_create: /bin/sh -c true|a9afadaa294dcce68804973e1fdf985f34e5cbf41d2e31d3cba3fbf1b68cf60d|t20-lat-svc-24.1.jgl1xgo1yniae3gb64kcn2hex
1790509962690583012|container|exec_start: /bin/sh -c true|a9afadaa294dcce68804973e1fdf985f34e5cbf41d2e31d3cba3fbf1b68cf60d|t20-lat-svc-24.1.jgl1xgo1yniae3gb64kcn2hex
1790509962715523979|container|exec_die|a9afadaa294dcce68804973e1fdf985f34e5cbf41d2e31d3cba3fbf1b68cf60d|t20-lat-svc-24.1.jgl1xgo1yniae3gb64kcn2hex
1790509963324659554|container|kill|a9afadaa294dcce68804973e1fdf985f34e5cbf41d2e31d3cba3fbf1b68cf60d|t20-lat-svc-24.1.jgl1xgo1yniae3gb64kcn2hex
1790509963716084148|container|exec_create: /bin/sh -c true|a9afadaa294dcce68804973e1fdf985f34e5cbf41d2e31d3cba3fbf1b68cf60d|t20-lat-svc-24.1.jgl1xgo1yniae3gb64kcn2hex
1790509963716108667|container|exec_start: /bin/sh -c true|a9afadaa294dcce68804973e1fdf985f34e5cbf41d2e31d3cba3fbf1b68cf60d|t20-lat-svc-24.1.jgl1xgo1yniae3gb64kcn2hex
1790509963740576686|container|exec_die|a9afadaa294dcce68804973e1fdf985f34e5cbf41d2e31d3cba3fbf1b68cf60d|t20-lat-svc-24.1.jgl1xgo1yniae3gb64kcn2hex
1790509964741586604|container|exec_create: /bin/sh -c true|a9afadaa294dcce68804973e1fdf985f34e5cbf41d2e31d3cba3fbf1b68cf60d|t20-lat-svc-24.1.jgl1xgo1yniae3gb64kcn2hex
1790509964741613073|container|exec_start: /bin/sh -c true|a9afadaa294dcce68804973e1fdf985f34e5cbf41d2e31d3cba3fbf1b68cf60d|t20-lat-svc-24.1.jgl1xgo1yniae3gb64kcn2hex
1790509964766315702|container|exec_die|a9afadaa294dcce68804973e1fdf985f34e5cbf41d2e31d3cba3fbf1b68cf60d|t20-lat-svc-24.1.jgl1xgo1yniae3gb64kcn2hex
1790509965767467584|container|exec_create: /bin/sh -c true|a9afadaa294dcce68804973e1fdf985f34e5cbf41d2e31d3cba3fbf1b68cf60d|t20-lat-svc-24.1.jgl1xgo1yniae3gb64kcn2hex
1790509965767502338|container|exec_start: /bin/sh -c true|a9afadaa294dcce68804973e1fdf985f34e5cbf41d2e31d3cba3fbf1b68cf60d|t20-lat-svc-24.1.jgl1xgo1yniae3gb64kcn2hex
1790509965791755204|container|exec_die|a9afadaa294dcce68804973e1fdf985f34e5cbf41d2e31d3cba3fbf1b68cf60d|t20-lat-svc-24.1.jgl1xgo1yniae3gb64kcn2hex
1790509966792942419|container|exec_create: /bin/sh -c true|a9afadaa294dcce68804973e1fdf985f34e5cbf41d2e31d3cba3fbf1b68cf60d|t20-lat-svc-24.1.jgl1xgo1yniae3gb64kcn2hex
1790509966792966315|container|exec_start: /bin/sh -c true|a9afadaa294dcce68804973e1fdf985f34e5cbf41d2e31d3cba3fbf1b68cf60d|t20-lat-svc-24.1.jgl1xgo1yniae3gb64kcn2hex
1790509966817485814|container|exec_die|a9afadaa294dcce68804973e1fdf985f34e5cbf41d2e31d3cba3fbf1b68cf60d|t20-lat-svc-24.1.jgl1xgo1yniae3gb64kcn2hex
1790509967818486349|container|exec_create: /bin/sh -c true|a9afadaa294dcce68804973e1fdf985f34e5cbf41d2e31d3cba3fbf1b68cf60d|t20-lat-svc-24.1.jgl1xgo1yniae3gb64kcn2hex
1790509967818512119|container|exec_start: /bin/sh -c true|a9afadaa294dcce68804973e1fdf985f34e5cbf41d2e31d3cba3fbf1b68cf60d|t20-lat-svc-24.1.jgl1xgo1yniae3gb64kcn2hex
1790509967843806949|container|exec_die|a9afadaa294dcce68804973e1fdf985f34e5cbf41d2e31d3cba3fbf1b68cf60d|t20-lat-svc-24.1.jgl1xgo1yniae3gb64kcn2hex
1790509968844663199|container|exec_create: /bin/sh -c true|a9afadaa294dcce68804973e1fdf985f34e5cbf41d2e31d3cba3fbf1b68cf60d|t20-lat-svc-24.1.jgl1xgo1yniae3gb64kcn2hex
1790509968844686559|container|exec_start: /bin/sh -c true|a9afadaa294dcce68804973e1fdf985f34e5cbf41d2e31d3cba3fbf1b68cf60d|t20-lat-svc-24.1.jgl1xgo1yniae3gb64kcn2hex
1790509968868782707|container|exec_die|a9afadaa294dcce68804973e1fdf985f34e5cbf41d2e31d3cba3fbf1b68cf60d|t20-lat-svc-24.1.jgl1xgo1yniae3gb64kcn2hex
1790509969869387305|container|exec_create: /bin/sh -c true|a9afadaa294dcce68804973e1fdf985f34e5cbf41d2e31d3cba3fbf1b68cf60d|t20-lat-svc-24.1.jgl1xgo1yniae3gb64kcn2hex
1790509969869412411|container|exec_start: /bin/sh -c true|a9afadaa294dcce68804973e1fdf985f34e5cbf41d2e31d3cba3fbf1b68cf60d|t20-lat-svc-24.1.jgl1xgo1yniae3gb64kcn2hex
1790509969894713003|container|exec_die|a9afadaa294dcce68804973e1fdf985f34e5cbf41d2e31d3cba3fbf1b68cf60d|t20-lat-svc-24.1.jgl1xgo1yniae3gb64kcn2hex
1790509970895129851|container|exec_create: /bin/sh -c true|a9afadaa294dcce68804973e1fdf985f34e5cbf41d2e31d3cba3fbf1b68cf60d|t20-lat-svc-24.1.jgl1xgo1yniae3gb64kcn2hex
1790509970895156199|container|exec_start: /bin/sh -c true|a9afadaa294dcce68804973e1fdf985f34e5cbf41d2e31d3cba3fbf1b68cf60d|t20-lat-svc-24.1.jgl1xgo1yniae3gb64kcn2hex
1790509970919831712|container|exec_die|a9afadaa294dcce68804973e1fdf985f34e5cbf41d2e31d3cba3fbf1b68cf60d|t20-lat-svc-24.1.jgl1xgo1yniae3gb64kcn2hex
1790509971920949896|container|exec_create: /bin/sh -c true|a9afadaa294dcce68804973e1fdf985f34e5cbf41d2e31d3cba3fbf1b68cf60d|t20-lat-svc-24.1.jgl1xgo1yniae3gb64kcn2hex
1790509971920977983|container|exec_start: /bin/sh -c true|a9afadaa294dcce68804973e1fdf985f34e5cbf41d2e31d3cba3fbf1b68cf60d|t20-lat-svc-24.1.jgl1xgo1yniae3gb64kcn2hex
1790509971946727295|container|exec_die|a9afadaa294dcce68804973e1fdf985f34e5cbf41d2e31d3cba3fbf1b68cf60d|t20-lat-svc-24.1.jgl1xgo1yniae3gb64kcn2hex
1790509972946243084|container|exec_create: /bin/sh -c true|a9afadaa294dcce68804973e1fdf985f34e5cbf41d2e31d3cba3fbf1b68cf60d|t20-lat-svc-24.1.jgl1xgo1yniae3gb64kcn2hex
1790509972946270303|container|exec_start: /bin/sh -c true|a9afadaa294dcce68804973e1fdf985f34e5cbf41d2e31d3cba3fbf1b68cf60d|t20-lat-svc-24.1.jgl1xgo1yniae3gb64kcn2hex
1790509972970689566|container|exec_die|a9afadaa294dcce68804973e1fdf985f34e5cbf41d2e31d3cba3fbf1b68cf60d|t20-lat-svc-24.1.jgl1xgo1yniae3gb64kcn2hex
1790509973337678392|container|kill|a9afadaa294dcce68804973e1fdf985f34e5cbf41d2e31d3cba3fbf1b68cf60d|t20-lat-svc-24.1.jgl1xgo1yniae3gb64kcn2hex
1790509973477272648|network|disconnect|9851beeca5de58663c77abfb043b973396bb3f7f9aea89861e7e36f8f7713117|bridge
1790509973487138907|container|stop|a9afadaa294dcce68804973e1fdf985f34e5cbf41d2e31d3cba3fbf1b68cf60d|t20-lat-svc-24.1.jgl1xgo1yniae3gb64kcn2hex
1790509973496437309|container|die|a9afadaa294dcce68804973e1fdf985f34e5cbf41d2e31d3cba3fbf1b68cf60d|t20-lat-svc-24.1.jgl1xgo1yniae3gb64kcn2hex
1790509973975957580|container|destroy|a9afadaa294dcce68804973e1fdf985f34e5cbf41d2e31d3cba3fbf1b68cf60d|t20-lat-svc-24.1.jgl1xgo1yniae3gb64kcn2hex
1790509977316124740|service|create|y77y4eunpe5um7q1rc85yserm|t20-lat-svc-25
1790509977571517329|container|create|86b00a9be5d807d66be0e4ecc64824e02394b1f2e9068d3a0ade5d0124a772b1|t20-lat-svc-25.1.2e0hfvzcm875bgw5jhfeejc1n
1790509977704568905|network|connect|9851beeca5de58663c77abfb043b973396bb3f7f9aea89861e7e36f8f7713117|bridge
1790509977723548288|container|start|86b00a9be5d807d66be0e4ecc64824e02394b1f2e9068d3a0ade5d0124a772b1|t20-lat-svc-25.1.2e0hfvzcm875bgw5jhfeejc1n
1790509978724151237|container|exec_create: /bin/sh -c true|86b00a9be5d807d66be0e4ecc64824e02394b1f2e9068d3a0ade5d0124a772b1|t20-lat-svc-25.1.2e0hfvzcm875bgw5jhfeejc1n
1790509978724229804|container|exec_start: /bin/sh -c true|86b00a9be5d807d66be0e4ecc64824e02394b1f2e9068d3a0ade5d0124a772b1|t20-lat-svc-25.1.2e0hfvzcm875bgw5jhfeejc1n
1790509978749850281|container|exec_die|86b00a9be5d807d66be0e4ecc64824e02394b1f2e9068d3a0ade5d0124a772b1|t20-lat-svc-25.1.2e0hfvzcm875bgw5jhfeejc1n
1790509978750065091|container|health_status: healthy|86b00a9be5d807d66be0e4ecc64824e02394b1f2e9068d3a0ade5d0124a772b1|t20-lat-svc-25.1.2e0hfvzcm875bgw5jhfeejc1n
1790509979382556045|service|update|y77y4eunpe5um7q1rc85yserm|t20-lat-svc-25
1790509979386738345|service|update|y77y4eunpe5um7q1rc85yserm|t20-lat-svc-25
1790509979652621938|container|create|a515763a0b3e0a075e1d5a1a723952830f09be7bbf16b5443a59fdeba60d69e5|t20-lat-svc-25.1.e6ajmfqhqqbsd4r53utxehizi
1790509979750852680|container|exec_create: /bin/sh -c true|86b00a9be5d807d66be0e4ecc64824e02394b1f2e9068d3a0ade5d0124a772b1|t20-lat-svc-25.1.2e0hfvzcm875bgw5jhfeejc1n
1790509979750879510|container|exec_start: /bin/sh -c true|86b00a9be5d807d66be0e4ecc64824e02394b1f2e9068d3a0ade5d0124a772b1|t20-lat-svc-25.1.2e0hfvzcm875bgw5jhfeejc1n
1790509979774846887|container|exec_die|86b00a9be5d807d66be0e4ecc64824e02394b1f2e9068d3a0ade5d0124a772b1|t20-lat-svc-25.1.2e0hfvzcm875bgw5jhfeejc1n
1790509980573946380|container|kill|86b00a9be5d807d66be0e4ecc64824e02394b1f2e9068d3a0ade5d0124a772b1|t20-lat-svc-25.1.2e0hfvzcm875bgw5jhfeejc1n
1790509980775151416|container|exec_create: /bin/sh -c true|86b00a9be5d807d66be0e4ecc64824e02394b1f2e9068d3a0ade5d0124a772b1|t20-lat-svc-25.1.2e0hfvzcm875bgw5jhfeejc1n
1790509980775176252|container|exec_start: /bin/sh -c true|86b00a9be5d807d66be0e4ecc64824e02394b1f2e9068d3a0ade5d0124a772b1|t20-lat-svc-25.1.2e0hfvzcm875bgw5jhfeejc1n
1790509980799951293|container|exec_die|86b00a9be5d807d66be0e4ecc64824e02394b1f2e9068d3a0ade5d0124a772b1|t20-lat-svc-25.1.2e0hfvzcm875bgw5jhfeejc1n
1790509981800608955|container|exec_create: /bin/sh -c true|86b00a9be5d807d66be0e4ecc64824e02394b1f2e9068d3a0ade5d0124a772b1|t20-lat-svc-25.1.2e0hfvzcm875bgw5jhfeejc1n
1790509981800632299|container|exec_start: /bin/sh -c true|86b00a9be5d807d66be0e4ecc64824e02394b1f2e9068d3a0ade5d0124a772b1|t20-lat-svc-25.1.2e0hfvzcm875bgw5jhfeejc1n
1790509981824716977|container|exec_die|86b00a9be5d807d66be0e4ecc64824e02394b1f2e9068d3a0ade5d0124a772b1|t20-lat-svc-25.1.2e0hfvzcm875bgw5jhfeejc1n
1790509982825788839|container|exec_create: /bin/sh -c true|86b00a9be5d807d66be0e4ecc64824e02394b1f2e9068d3a0ade5d0124a772b1|t20-lat-svc-25.1.2e0hfvzcm875bgw5jhfeejc1n
1790509982825814293|container|exec_start: /bin/sh -c true|86b00a9be5d807d66be0e4ecc64824e02394b1f2e9068d3a0ade5d0124a772b1|t20-lat-svc-25.1.2e0hfvzcm875bgw5jhfeejc1n
1790509982850969732|container|exec_die|86b00a9be5d807d66be0e4ecc64824e02394b1f2e9068d3a0ade5d0124a772b1|t20-lat-svc-25.1.2e0hfvzcm875bgw5jhfeejc1n
1790509983852077573|container|exec_create: /bin/sh -c true|86b00a9be5d807d66be0e4ecc64824e02394b1f2e9068d3a0ade5d0124a772b1|t20-lat-svc-25.1.2e0hfvzcm875bgw5jhfeejc1n
1790509983852100864|container|exec_start: /bin/sh -c true|86b00a9be5d807d66be0e4ecc64824e02394b1f2e9068d3a0ade5d0124a772b1|t20-lat-svc-25.1.2e0hfvzcm875bgw5jhfeejc1n
1790509983876913447|container|exec_die|86b00a9be5d807d66be0e4ecc64824e02394b1f2e9068d3a0ade5d0124a772b1|t20-lat-svc-25.1.2e0hfvzcm875bgw5jhfeejc1n
1790509984877253473|container|exec_create: /bin/sh -c true|86b00a9be5d807d66be0e4ecc64824e02394b1f2e9068d3a0ade5d0124a772b1|t20-lat-svc-25.1.2e0hfvzcm875bgw5jhfeejc1n
1790509984877282970|container|exec_start: /bin/sh -c true|86b00a9be5d807d66be0e4ecc64824e02394b1f2e9068d3a0ade5d0124a772b1|t20-lat-svc-25.1.2e0hfvzcm875bgw5jhfeejc1n
1790509984901832462|container|exec_die|86b00a9be5d807d66be0e4ecc64824e02394b1f2e9068d3a0ade5d0124a772b1|t20-lat-svc-25.1.2e0hfvzcm875bgw5jhfeejc1n
1790509985902477301|container|exec_create: /bin/sh -c true|86b00a9be5d807d66be0e4ecc64824e02394b1f2e9068d3a0ade5d0124a772b1|t20-lat-svc-25.1.2e0hfvzcm875bgw5jhfeejc1n
1790509985902505153|container|exec_start: /bin/sh -c true|86b00a9be5d807d66be0e4ecc64824e02394b1f2e9068d3a0ade5d0124a772b1|t20-lat-svc-25.1.2e0hfvzcm875bgw5jhfeejc1n
1790509985928247150|container|exec_die|86b00a9be5d807d66be0e4ecc64824e02394b1f2e9068d3a0ade5d0124a772b1|t20-lat-svc-25.1.2e0hfvzcm875bgw5jhfeejc1n
1790509986928941371|container|exec_create: /bin/sh -c true|86b00a9be5d807d66be0e4ecc64824e02394b1f2e9068d3a0ade5d0124a772b1|t20-lat-svc-25.1.2e0hfvzcm875bgw5jhfeejc1n
1790509986928980072|container|exec_start: /bin/sh -c true|86b00a9be5d807d66be0e4ecc64824e02394b1f2e9068d3a0ade5d0124a772b1|t20-lat-svc-25.1.2e0hfvzcm875bgw5jhfeejc1n
1790509986952936212|container|exec_die|86b00a9be5d807d66be0e4ecc64824e02394b1f2e9068d3a0ade5d0124a772b1|t20-lat-svc-25.1.2e0hfvzcm875bgw5jhfeejc1n
1790509987953686988|container|exec_create: /bin/sh -c true|86b00a9be5d807d66be0e4ecc64824e02394b1f2e9068d3a0ade5d0124a772b1|t20-lat-svc-25.1.2e0hfvzcm875bgw5jhfeejc1n
1790509987953721641|container|exec_start: /bin/sh -c true|86b00a9be5d807d66be0e4ecc64824e02394b1f2e9068d3a0ade5d0124a772b1|t20-lat-svc-25.1.2e0hfvzcm875bgw5jhfeejc1n
1790509987979096666|container|exec_die|86b00a9be5d807d66be0e4ecc64824e02394b1f2e9068d3a0ade5d0124a772b1|t20-lat-svc-25.1.2e0hfvzcm875bgw5jhfeejc1n
1790509988979384566|container|exec_create: /bin/sh -c true|86b00a9be5d807d66be0e4ecc64824e02394b1f2e9068d3a0ade5d0124a772b1|t20-lat-svc-25.1.2e0hfvzcm875bgw5jhfeejc1n
1790509988979409317|container|exec_start: /bin/sh -c true|86b00a9be5d807d66be0e4ecc64824e02394b1f2e9068d3a0ade5d0124a772b1|t20-lat-svc-25.1.2e0hfvzcm875bgw5jhfeejc1n
1790509989005039724|container|exec_die|86b00a9be5d807d66be0e4ecc64824e02394b1f2e9068d3a0ade5d0124a772b1|t20-lat-svc-25.1.2e0hfvzcm875bgw5jhfeejc1n
1790509990006077658|container|exec_create: /bin/sh -c true|86b00a9be5d807d66be0e4ecc64824e02394b1f2e9068d3a0ade5d0124a772b1|t20-lat-svc-25.1.2e0hfvzcm875bgw5jhfeejc1n
1790509990006109677|container|exec_start: /bin/sh -c true|86b00a9be5d807d66be0e4ecc64824e02394b1f2e9068d3a0ade5d0124a772b1|t20-lat-svc-25.1.2e0hfvzcm875bgw5jhfeejc1n
1790509990030939631|container|exec_die|86b00a9be5d807d66be0e4ecc64824e02394b1f2e9068d3a0ade5d0124a772b1|t20-lat-svc-25.1.2e0hfvzcm875bgw5jhfeejc1n
1790509990589139891|container|kill|86b00a9be5d807d66be0e4ecc64824e02394b1f2e9068d3a0ade5d0124a772b1|t20-lat-svc-25.1.2e0hfvzcm875bgw5jhfeejc1n
1790509990733876512|network|disconnect|9851beeca5de58663c77abfb043b973396bb3f7f9aea89861e7e36f8f7713117|bridge
1790509990738477542|container|stop|86b00a9be5d807d66be0e4ecc64824e02394b1f2e9068d3a0ade5d0124a772b1|t20-lat-svc-25.1.2e0hfvzcm875bgw5jhfeejc1n
1790509990746983494|container|die|86b00a9be5d807d66be0e4ecc64824e02394b1f2e9068d3a0ade5d0124a772b1|t20-lat-svc-25.1.2e0hfvzcm875bgw5jhfeejc1n
1790509991036047430|network|connect|9851beeca5de58663c77abfb043b973396bb3f7f9aea89861e7e36f8f7713117|bridge
1790509991053961082|container|start|a515763a0b3e0a075e1d5a1a723952830f09be7bbf16b5443a59fdeba60d69e5|t20-lat-svc-25.1.e6ajmfqhqqbsd4r53utxehizi
1790509992055260564|container|exec_create: /bin/sh -c true|a515763a0b3e0a075e1d5a1a723952830f09be7bbf16b5443a59fdeba60d69e5|t20-lat-svc-25.1.e6ajmfqhqqbsd4r53utxehizi
1790509992055361339|container|exec_start: /bin/sh -c true|a515763a0b3e0a075e1d5a1a723952830f09be7bbf16b5443a59fdeba60d69e5|t20-lat-svc-25.1.e6ajmfqhqqbsd4r53utxehizi
1790509992080268924|container|exec_die|a515763a0b3e0a075e1d5a1a723952830f09be7bbf16b5443a59fdeba60d69e5|t20-lat-svc-25.1.e6ajmfqhqqbsd4r53utxehizi
1790509992080479398|container|health_status: healthy|a515763a0b3e0a075e1d5a1a723952830f09be7bbf16b5443a59fdeba60d69e5|t20-lat-svc-25.1.e6ajmfqhqqbsd4r53utxehizi
1790509992672279094|service|remove|y77y4eunpe5um7q1rc85yserm|t20-lat-svc-25
1790509993067947240|container|destroy|86b00a9be5d807d66be0e4ecc64824e02394b1f2e9068d3a0ade5d0124a772b1|t20-lat-svc-25.1.2e0hfvzcm875bgw5jhfeejc1n
1790509993081491440|container|exec_create: /bin/sh -c true|a515763a0b3e0a075e1d5a1a723952830f09be7bbf16b5443a59fdeba60d69e5|t20-lat-svc-25.1.e6ajmfqhqqbsd4r53utxehizi
1790509993081519208|container|exec_start: /bin/sh -c true|a515763a0b3e0a075e1d5a1a723952830f09be7bbf16b5443a59fdeba60d69e5|t20-lat-svc-25.1.e6ajmfqhqqbsd4r53utxehizi
1790509993106565254|container|exec_die|a515763a0b3e0a075e1d5a1a723952830f09be7bbf16b5443a59fdeba60d69e5|t20-lat-svc-25.1.e6ajmfqhqqbsd4r53utxehizi
1790509993799211264|container|kill|a515763a0b3e0a075e1d5a1a723952830f09be7bbf16b5443a59fdeba60d69e5|t20-lat-svc-25.1.e6ajmfqhqqbsd4r53utxehizi
1790509994107682071|container|exec_create: /bin/sh -c true|a515763a0b3e0a075e1d5a1a723952830f09be7bbf16b5443a59fdeba60d69e5|t20-lat-svc-25.1.e6ajmfqhqqbsd4r53utxehizi
1790509994107707240|container|exec_start: /bin/sh -c true|a515763a0b3e0a075e1d5a1a723952830f09be7bbf16b5443a59fdeba60d69e5|t20-lat-svc-25.1.e6ajmfqhqqbsd4r53utxehizi
1790509994133552232|container|exec_die|a515763a0b3e0a075e1d5a1a723952830f09be7bbf16b5443a59fdeba60d69e5|t20-lat-svc-25.1.e6ajmfqhqqbsd4r53utxehizi
1790509995134397392|container|exec_create: /bin/sh -c true|a515763a0b3e0a075e1d5a1a723952830f09be7bbf16b5443a59fdeba60d69e5|t20-lat-svc-25.1.e6ajmfqhqqbsd4r53utxehizi
1790509995134422789|container|exec_start: /bin/sh -c true|a515763a0b3e0a075e1d5a1a723952830f09be7bbf16b5443a59fdeba60d69e5|t20-lat-svc-25.1.e6ajmfqhqqbsd4r53utxehizi
1790509995159316374|container|exec_die|a515763a0b3e0a075e1d5a1a723952830f09be7bbf16b5443a59fdeba60d69e5|t20-lat-svc-25.1.e6ajmfqhqqbsd4r53utxehizi
1790509996159757119|container|exec_create: /bin/sh -c true|a515763a0b3e0a075e1d5a1a723952830f09be7bbf16b5443a59fdeba60d69e5|t20-lat-svc-25.1.e6ajmfqhqqbsd4r53utxehizi
1790509996159784187|container|exec_start: /bin/sh -c true|a515763a0b3e0a075e1d5a1a723952830f09be7bbf16b5443a59fdeba60d69e5|t20-lat-svc-25.1.e6ajmfqhqqbsd4r53utxehizi
1790509996184370267|container|exec_die|a515763a0b3e0a075e1d5a1a723952830f09be7bbf16b5443a59fdeba60d69e5|t20-lat-svc-25.1.e6ajmfqhqqbsd4r53utxehizi
1790509997184936540|container|exec_create: /bin/sh -c true|a515763a0b3e0a075e1d5a1a723952830f09be7bbf16b5443a59fdeba60d69e5|t20-lat-svc-25.1.e6ajmfqhqqbsd4r53utxehizi
1790509997184966082|container|exec_start: /bin/sh -c true|a515763a0b3e0a075e1d5a1a723952830f09be7bbf16b5443a59fdeba60d69e5|t20-lat-svc-25.1.e6ajmfqhqqbsd4r53utxehizi
1790509997209427268|container|exec_die|a515763a0b3e0a075e1d5a1a723952830f09be7bbf16b5443a59fdeba60d69e5|t20-lat-svc-25.1.e6ajmfqhqqbsd4r53utxehizi
1790509998209983572|container|exec_create: /bin/sh -c true|a515763a0b3e0a075e1d5a1a723952830f09be7bbf16b5443a59fdeba60d69e5|t20-lat-svc-25.1.e6ajmfqhqqbsd4r53utxehizi
1790509998210007566|container|exec_start: /bin/sh -c true|a515763a0b3e0a075e1d5a1a723952830f09be7bbf16b5443a59fdeba60d69e5|t20-lat-svc-25.1.e6ajmfqhqqbsd4r53utxehizi
1790509998234443275|container|exec_die|a515763a0b3e0a075e1d5a1a723952830f09be7bbf16b5443a59fdeba60d69e5|t20-lat-svc-25.1.e6ajmfqhqqbsd4r53utxehizi
1790509999234756958|container|exec_create: /bin/sh -c true|a515763a0b3e0a075e1d5a1a723952830f09be7bbf16b5443a59fdeba60d69e5|t20-lat-svc-25.1.e6ajmfqhqqbsd4r53utxehizi
1790509999234779782|container|exec_start: /bin/sh -c true|a515763a0b3e0a075e1d5a1a723952830f09be7bbf16b5443a59fdeba60d69e5|t20-lat-svc-25.1.e6ajmfqhqqbsd4r53utxehizi
1790509999259382487|container|exec_die|a515763a0b3e0a075e1d5a1a723952830f09be7bbf16b5443a59fdeba60d69e5|t20-lat-svc-25.1.e6ajmfqhqqbsd4r53utxehizi
1790510000260045842|container|exec_create: /bin/sh -c true|a515763a0b3e0a075e1d5a1a723952830f09be7bbf16b5443a59fdeba60d69e5|t20-lat-svc-25.1.e6ajmfqhqqbsd4r53utxehizi
1790510000260071483|container|exec_start: /bin/sh -c true|a515763a0b3e0a075e1d5a1a723952830f09be7bbf16b5443a59fdeba60d69e5|t20-lat-svc-25.1.e6ajmfqhqqbsd4r53utxehizi
1790510000284567198|container|exec_die|a515763a0b3e0a075e1d5a1a723952830f09be7bbf16b5443a59fdeba60d69e5|t20-lat-svc-25.1.e6ajmfqhqqbsd4r53utxehizi
1790510001285754568|container|exec_create: /bin/sh -c true|a515763a0b3e0a075e1d5a1a723952830f09be7bbf16b5443a59fdeba60d69e5|t20-lat-svc-25.1.e6ajmfqhqqbsd4r53utxehizi
1790510001285794186|container|exec_start: /bin/sh -c true|a515763a0b3e0a075e1d5a1a723952830f09be7bbf16b5443a59fdeba60d69e5|t20-lat-svc-25.1.e6ajmfqhqqbsd4r53utxehizi
1790510001310579768|container|exec_die|a515763a0b3e0a075e1d5a1a723952830f09be7bbf16b5443a59fdeba60d69e5|t20-lat-svc-25.1.e6ajmfqhqqbsd4r53utxehizi
1790510002310240686|container|exec_create: /bin/sh -c true|a515763a0b3e0a075e1d5a1a723952830f09be7bbf16b5443a59fdeba60d69e5|t20-lat-svc-25.1.e6ajmfqhqqbsd4r53utxehizi
1790510002310278461|container|exec_start: /bin/sh -c true|a515763a0b3e0a075e1d5a1a723952830f09be7bbf16b5443a59fdeba60d69e5|t20-lat-svc-25.1.e6ajmfqhqqbsd4r53utxehizi
1790510002334997226|container|exec_die|a515763a0b3e0a075e1d5a1a723952830f09be7bbf16b5443a59fdeba60d69e5|t20-lat-svc-25.1.e6ajmfqhqqbsd4r53utxehizi
1790510003336417454|container|exec_create: /bin/sh -c true|a515763a0b3e0a075e1d5a1a723952830f09be7bbf16b5443a59fdeba60d69e5|t20-lat-svc-25.1.e6ajmfqhqqbsd4r53utxehizi
1790510003336513634|container|exec_start: /bin/sh -c true|a515763a0b3e0a075e1d5a1a723952830f09be7bbf16b5443a59fdeba60d69e5|t20-lat-svc-25.1.e6ajmfqhqqbsd4r53utxehizi
1790510003361229125|container|exec_die|a515763a0b3e0a075e1d5a1a723952830f09be7bbf16b5443a59fdeba60d69e5|t20-lat-svc-25.1.e6ajmfqhqqbsd4r53utxehizi
1790510003813227344|container|kill|a515763a0b3e0a075e1d5a1a723952830f09be7bbf16b5443a59fdeba60d69e5|t20-lat-svc-25.1.e6ajmfqhqqbsd4r53utxehizi
1790510003963876233|network|disconnect|9851beeca5de58663c77abfb043b973396bb3f7f9aea89861e7e36f8f7713117|bridge
1790510003972664468|container|stop|a515763a0b3e0a075e1d5a1a723952830f09be7bbf16b5443a59fdeba60d69e5|t20-lat-svc-25.1.e6ajmfqhqqbsd4r53utxehizi
1790510003981006400|container|die|a515763a0b3e0a075e1d5a1a723952830f09be7bbf16b5443a59fdeba60d69e5|t20-lat-svc-25.1.e6ajmfqhqqbsd4r53utxehizi
1790510004388713474|container|destroy|a515763a0b3e0a075e1d5a1a723952830f09be7bbf16b5443a59fdeba60d69e5|t20-lat-svc-25.1.e6ajmfqhqqbsd4r53utxehizi
1790510011644151138|service|create|x6lw812tcvc4jtjydwthxp2x0|t20-lat-svc-26
1790510011902419264|container|create|1a60bddce59180fa5876b516e5444e6614b061a3b25e7155c57bd1206a742992|t20-lat-svc-26.1.vvkn38heyv7fgyq72z2185e91
1790510012054205745|network|connect|9851beeca5de58663c77abfb043b973396bb3f7f9aea89861e7e36f8f7713117|bridge
1790510012072306357|container|start|1a60bddce59180fa5876b516e5444e6614b061a3b25e7155c57bd1206a742992|t20-lat-svc-26.1.vvkn38heyv7fgyq72z2185e91
1790510013073376365|container|exec_create: /bin/sh -c true|1a60bddce59180fa5876b516e5444e6614b061a3b25e7155c57bd1206a742992|t20-lat-svc-26.1.vvkn38heyv7fgyq72z2185e91
1790510013073415623|container|exec_start: /bin/sh -c true|1a60bddce59180fa5876b516e5444e6614b061a3b25e7155c57bd1206a742992|t20-lat-svc-26.1.vvkn38heyv7fgyq72z2185e91
1790510013098430594|container|exec_die|1a60bddce59180fa5876b516e5444e6614b061a3b25e7155c57bd1206a742992|t20-lat-svc-26.1.vvkn38heyv7fgyq72z2185e91
1790510013098657936|container|health_status: healthy|1a60bddce59180fa5876b516e5444e6614b061a3b25e7155c57bd1206a742992|t20-lat-svc-26.1.vvkn38heyv7fgyq72z2185e91
1790510013710460702|service|update|x6lw812tcvc4jtjydwthxp2x0|t20-lat-svc-26
1790510013713519195|service|update|x6lw812tcvc4jtjydwthxp2x0|t20-lat-svc-26
1790510013980302705|container|create|067777ac9213473776a60a2a1a24f1c9caa6ab61a51594bc45ecd7d3fe82858b|t20-lat-svc-26.1.ojb9s7a3jlkxoe02qczpf8r2s
1790510014098946490|container|exec_create: /bin/sh -c true|1a60bddce59180fa5876b516e5444e6614b061a3b25e7155c57bd1206a742992|t20-lat-svc-26.1.vvkn38heyv7fgyq72z2185e91
1790510014098979842|container|exec_start: /bin/sh -c true|1a60bddce59180fa5876b516e5444e6614b061a3b25e7155c57bd1206a742992|t20-lat-svc-26.1.vvkn38heyv7fgyq72z2185e91
1790510014126591735|container|exec_die|1a60bddce59180fa5876b516e5444e6614b061a3b25e7155c57bd1206a742992|t20-lat-svc-26.1.vvkn38heyv7fgyq72z2185e91
1790510014900676314|container|kill|1a60bddce59180fa5876b516e5444e6614b061a3b25e7155c57bd1206a742992|t20-lat-svc-26.1.vvkn38heyv7fgyq72z2185e91
1790510015126998163|container|exec_create: /bin/sh -c true|1a60bddce59180fa5876b516e5444e6614b061a3b25e7155c57bd1206a742992|t20-lat-svc-26.1.vvkn38heyv7fgyq72z2185e91
1790510015127022789|container|exec_start: /bin/sh -c true|1a60bddce59180fa5876b516e5444e6614b061a3b25e7155c57bd1206a742992|t20-lat-svc-26.1.vvkn38heyv7fgyq72z2185e91
1790510015151702283|container|exec_die|1a60bddce59180fa5876b516e5444e6614b061a3b25e7155c57bd1206a742992|t20-lat-svc-26.1.vvkn38heyv7fgyq72z2185e91
1790510016152826847|container|exec_create: /bin/sh -c true|1a60bddce59180fa5876b516e5444e6614b061a3b25e7155c57bd1206a742992|t20-lat-svc-26.1.vvkn38heyv7fgyq72z2185e91
1790510016152851533|container|exec_start: /bin/sh -c true|1a60bddce59180fa5876b516e5444e6614b061a3b25e7155c57bd1206a742992|t20-lat-svc-26.1.vvkn38heyv7fgyq72z2185e91
1790510016177901641|container|exec_die|1a60bddce59180fa5876b516e5444e6614b061a3b25e7155c57bd1206a742992|t20-lat-svc-26.1.vvkn38heyv7fgyq72z2185e91
1790510017178367145|container|exec_create: /bin/sh -c true|1a60bddce59180fa5876b516e5444e6614b061a3b25e7155c57bd1206a742992|t20-lat-svc-26.1.vvkn38heyv7fgyq72z2185e91
1790510017178394101|container|exec_start: /bin/sh -c true|1a60bddce59180fa5876b516e5444e6614b061a3b25e7155c57bd1206a742992|t20-lat-svc-26.1.vvkn38heyv7fgyq72z2185e91
1790510017202618670|container|exec_die|1a60bddce59180fa5876b516e5444e6614b061a3b25e7155c57bd1206a742992|t20-lat-svc-26.1.vvkn38heyv7fgyq72z2185e91
1790510018203288394|container|exec_create: /bin/sh -c true|1a60bddce59180fa5876b516e5444e6614b061a3b25e7155c57bd1206a742992|t20-lat-svc-26.1.vvkn38heyv7fgyq72z2185e91
1790510018203329604|container|exec_start: /bin/sh -c true|1a60bddce59180fa5876b516e5444e6614b061a3b25e7155c57bd1206a742992|t20-lat-svc-26.1.vvkn38heyv7fgyq72z2185e91
1790510018227627216|container|exec_die|1a60bddce59180fa5876b516e5444e6614b061a3b25e7155c57bd1206a742992|t20-lat-svc-26.1.vvkn38heyv7fgyq72z2185e91
1790510019228198904|container|exec_create: /bin/sh -c true|1a60bddce59180fa5876b516e5444e6614b061a3b25e7155c57bd1206a742992|t20-lat-svc-26.1.vvkn38heyv7fgyq72z2185e91
1790510019228223629|container|exec_start: /bin/sh -c true|1a60bddce59180fa5876b516e5444e6614b061a3b25e7155c57bd1206a742992|t20-lat-svc-26.1.vvkn38heyv7fgyq72z2185e91
1790510019253718927|container|exec_die|1a60bddce59180fa5876b516e5444e6614b061a3b25e7155c57bd1206a742992|t20-lat-svc-26.1.vvkn38heyv7fgyq72z2185e91
1790510020254307600|container|exec_create: /bin/sh -c true|1a60bddce59180fa5876b516e5444e6614b061a3b25e7155c57bd1206a742992|t20-lat-svc-26.1.vvkn38heyv7fgyq72z2185e91
1790510020254331473|container|exec_start: /bin/sh -c true|1a60bddce59180fa5876b516e5444e6614b061a3b25e7155c57bd1206a742992|t20-lat-svc-26.1.vvkn38heyv7fgyq72z2185e91
1790510020279646254|container|exec_die|1a60bddce59180fa5876b516e5444e6614b061a3b25e7155c57bd1206a742992|t20-lat-svc-26.1.vvkn38heyv7fgyq72z2185e91
1790510021280608770|container|exec_create: /bin/sh -c true|1a60bddce59180fa5876b516e5444e6614b061a3b25e7155c57bd1206a742992|t20-lat-svc-26.1.vvkn38heyv7fgyq72z2185e91
1790510021280632937|container|exec_start: /bin/sh -c true|1a60bddce59180fa5876b516e5444e6614b061a3b25e7155c57bd1206a742992|t20-lat-svc-26.1.vvkn38heyv7fgyq72z2185e91
1790510021304737554|container|exec_die|1a60bddce59180fa5876b516e5444e6614b061a3b25e7155c57bd1206a742992|t20-lat-svc-26.1.vvkn38heyv7fgyq72z2185e91
1790510022305753222|container|exec_create: /bin/sh -c true|1a60bddce59180fa5876b516e5444e6614b061a3b25e7155c57bd1206a742992|t20-lat-svc-26.1.vvkn38heyv7fgyq72z2185e91
1790510022305777868|container|exec_start: /bin/sh -c true|1a60bddce59180fa5876b516e5444e6614b061a3b25e7155c57bd1206a742992|t20-lat-svc-26.1.vvkn38heyv7fgyq72z2185e91
1790510022329587756|container|exec_die|1a60bddce59180fa5876b516e5444e6614b061a3b25e7155c57bd1206a742992|t20-lat-svc-26.1.vvkn38heyv7fgyq72z2185e91
1790510023330903678|container|exec_create: /bin/sh -c true|1a60bddce59180fa5876b516e5444e6614b061a3b25e7155c57bd1206a742992|t20-lat-svc-26.1.vvkn38heyv7fgyq72z2185e91
1790510023330929684|container|exec_start: /bin/sh -c true|1a60bddce59180fa5876b516e5444e6614b061a3b25e7155c57bd1206a742992|t20-lat-svc-26.1.vvkn38heyv7fgyq72z2185e91
1790510023354866009|container|exec_die|1a60bddce59180fa5876b516e5444e6614b061a3b25e7155c57bd1206a742992|t20-lat-svc-26.1.vvkn38heyv7fgyq72z2185e91
1790510024355965184|container|exec_create: /bin/sh -c true|1a60bddce59180fa5876b516e5444e6614b061a3b25e7155c57bd1206a742992|t20-lat-svc-26.1.vvkn38heyv7fgyq72z2185e91
1790510024355990139|container|exec_start: /bin/sh -c true|1a60bddce59180fa5876b516e5444e6614b061a3b25e7155c57bd1206a742992|t20-lat-svc-26.1.vvkn38heyv7fgyq72z2185e91
1790510024380749629|container|exec_die|1a60bddce59180fa5876b516e5444e6614b061a3b25e7155c57bd1206a742992|t20-lat-svc-26.1.vvkn38heyv7fgyq72z2185e91
1790510024917524931|container|kill|1a60bddce59180fa5876b516e5444e6614b061a3b25e7155c57bd1206a742992|t20-lat-svc-26.1.vvkn38heyv7fgyq72z2185e91
1790510025060754322|network|disconnect|9851beeca5de58663c77abfb043b973396bb3f7f9aea89861e7e36f8f7713117|bridge
1790510025066611147|container|stop|1a60bddce59180fa5876b516e5444e6614b061a3b25e7155c57bd1206a742992|t20-lat-svc-26.1.vvkn38heyv7fgyq72z2185e91
1790510025076886366|container|die|1a60bddce59180fa5876b516e5444e6614b061a3b25e7155c57bd1206a742992|t20-lat-svc-26.1.vvkn38heyv7fgyq72z2185e91
1790510025363750303|network|connect|9851beeca5de58663c77abfb043b973396bb3f7f9aea89861e7e36f8f7713117|bridge
1790510025381756208|container|start|067777ac9213473776a60a2a1a24f1c9caa6ab61a51594bc45ecd7d3fe82858b|t20-lat-svc-26.1.ojb9s7a3jlkxoe02qczpf8r2s
1790510026382288589|container|exec_create: /bin/sh -c true|067777ac9213473776a60a2a1a24f1c9caa6ab61a51594bc45ecd7d3fe82858b|t20-lat-svc-26.1.ojb9s7a3jlkxoe02qczpf8r2s
1790510026382322133|container|exec_start: /bin/sh -c true|067777ac9213473776a60a2a1a24f1c9caa6ab61a51594bc45ecd7d3fe82858b|t20-lat-svc-26.1.ojb9s7a3jlkxoe02qczpf8r2s
1790510026408230792|container|exec_die|067777ac9213473776a60a2a1a24f1c9caa6ab61a51594bc45ecd7d3fe82858b|t20-lat-svc-26.1.ojb9s7a3jlkxoe02qczpf8r2s
1790510026408493498|container|health_status: healthy|067777ac9213473776a60a2a1a24f1c9caa6ab61a51594bc45ecd7d3fe82858b|t20-lat-svc-26.1.ojb9s7a3jlkxoe02qczpf8r2s
1790510027003881262|service|remove|x6lw812tcvc4jtjydwthxp2x0|t20-lat-svc-26
1790510027399559509|container|destroy|1a60bddce59180fa5876b516e5444e6614b061a3b25e7155c57bd1206a742992|t20-lat-svc-26.1.vvkn38heyv7fgyq72z2185e91
1790510027408926716|container|exec_create: /bin/sh -c true|067777ac9213473776a60a2a1a24f1c9caa6ab61a51594bc45ecd7d3fe82858b|t20-lat-svc-26.1.ojb9s7a3jlkxoe02qczpf8r2s
1790510027408962627|container|exec_start: /bin/sh -c true|067777ac9213473776a60a2a1a24f1c9caa6ab61a51594bc45ecd7d3fe82858b|t20-lat-svc-26.1.ojb9s7a3jlkxoe02qczpf8r2s
1790510027434432861|container|exec_die|067777ac9213473776a60a2a1a24f1c9caa6ab61a51594bc45ecd7d3fe82858b|t20-lat-svc-26.1.ojb9s7a3jlkxoe02qczpf8r2s
1790510028127951356|container|kill|067777ac9213473776a60a2a1a24f1c9caa6ab61a51594bc45ecd7d3fe82858b|t20-lat-svc-26.1.ojb9s7a3jlkxoe02qczpf8r2s
1790510028435538820|container|exec_create: /bin/sh -c true|067777ac9213473776a60a2a1a24f1c9caa6ab61a51594bc45ecd7d3fe82858b|t20-lat-svc-26.1.ojb9s7a3jlkxoe02qczpf8r2s
1790510028435556753|container|exec_start: /bin/sh -c true|067777ac9213473776a60a2a1a24f1c9caa6ab61a51594bc45ecd7d3fe82858b|t20-lat-svc-26.1.ojb9s7a3jlkxoe02qczpf8r2s
1790510028460033027|container|exec_die|067777ac9213473776a60a2a1a24f1c9caa6ab61a51594bc45ecd7d3fe82858b|t20-lat-svc-26.1.ojb9s7a3jlkxoe02qczpf8r2s
1790510029461189084|container|exec_create: /bin/sh -c true|067777ac9213473776a60a2a1a24f1c9caa6ab61a51594bc45ecd7d3fe82858b|t20-lat-svc-26.1.ojb9s7a3jlkxoe02qczpf8r2s
1790510029461232982|container|exec_start: /bin/sh -c true|067777ac9213473776a60a2a1a24f1c9caa6ab61a51594bc45ecd7d3fe82858b|t20-lat-svc-26.1.ojb9s7a3jlkxoe02qczpf8r2s
1790510029487141723|container|exec_die|067777ac9213473776a60a2a1a24f1c9caa6ab61a51594bc45ecd7d3fe82858b|t20-lat-svc-26.1.ojb9s7a3jlkxoe02qczpf8r2s
1790510030488133725|container|exec_create: /bin/sh -c true|067777ac9213473776a60a2a1a24f1c9caa6ab61a51594bc45ecd7d3fe82858b|t20-lat-svc-26.1.ojb9s7a3jlkxoe02qczpf8r2s
1790510030488172777|container|exec_start: /bin/sh -c true|067777ac9213473776a60a2a1a24f1c9caa6ab61a51594bc45ecd7d3fe82858b|t20-lat-svc-26.1.ojb9s7a3jlkxoe02qczpf8r2s
1790510030512927257|container|exec_die|067777ac9213473776a60a2a1a24f1c9caa6ab61a51594bc45ecd7d3fe82858b|t20-lat-svc-26.1.ojb9s7a3jlkxoe02qczpf8r2s
1790510031513483583|container|exec_create: /bin/sh -c true|067777ac9213473776a60a2a1a24f1c9caa6ab61a51594bc45ecd7d3fe82858b|t20-lat-svc-26.1.ojb9s7a3jlkxoe02qczpf8r2s
1790510031513506457|container|exec_start: /bin/sh -c true|067777ac9213473776a60a2a1a24f1c9caa6ab61a51594bc45ecd7d3fe82858b|t20-lat-svc-26.1.ojb9s7a3jlkxoe02qczpf8r2s
1790510031538203869|container|exec_die|067777ac9213473776a60a2a1a24f1c9caa6ab61a51594bc45ecd7d3fe82858b|t20-lat-svc-26.1.ojb9s7a3jlkxoe02qczpf8r2s
1790510032537810429|container|exec_create: /bin/sh -c true|067777ac9213473776a60a2a1a24f1c9caa6ab61a51594bc45ecd7d3fe82858b|t20-lat-svc-26.1.ojb9s7a3jlkxoe02qczpf8r2s
1790510032537845483|container|exec_start: /bin/sh -c true|067777ac9213473776a60a2a1a24f1c9caa6ab61a51594bc45ecd7d3fe82858b|t20-lat-svc-26.1.ojb9s7a3jlkxoe02qczpf8r2s
1790510032563038001|container|exec_die|067777ac9213473776a60a2a1a24f1c9caa6ab61a51594bc45ecd7d3fe82858b|t20-lat-svc-26.1.ojb9s7a3jlkxoe02qczpf8r2s
1790510033564337384|container|exec_create: /bin/sh -c true|067777ac9213473776a60a2a1a24f1c9caa6ab61a51594bc45ecd7d3fe82858b|t20-lat-svc-26.1.ojb9s7a3jlkxoe02qczpf8r2s
1790510033564363536|container|exec_start: /bin/sh -c true|067777ac9213473776a60a2a1a24f1c9caa6ab61a51594bc45ecd7d3fe82858b|t20-lat-svc-26.1.ojb9s7a3jlkxoe02qczpf8r2s
1790510033588211570|container|exec_die|067777ac9213473776a60a2a1a24f1c9caa6ab61a51594bc45ecd7d3fe82858b|t20-lat-svc-26.1.ojb9s7a3jlkxoe02qczpf8r2s
1790510034588763713|container|exec_create: /bin/sh -c true|067777ac9213473776a60a2a1a24f1c9caa6ab61a51594bc45ecd7d3fe82858b|t20-lat-svc-26.1.ojb9s7a3jlkxoe02qczpf8r2s
1790510034588790338|container|exec_start: /bin/sh -c true|067777ac9213473776a60a2a1a24f1c9caa6ab61a51594bc45ecd7d3fe82858b|t20-lat-svc-26.1.ojb9s7a3jlkxoe02qczpf8r2s
1790510034614113307|container|exec_die|067777ac9213473776a60a2a1a24f1c9caa6ab61a51594bc45ecd7d3fe82858b|t20-lat-svc-26.1.ojb9s7a3jlkxoe02qczpf8r2s
1790510035614894862|container|exec_create: /bin/sh -c true|067777ac9213473776a60a2a1a24f1c9caa6ab61a51594bc45ecd7d3fe82858b|t20-lat-svc-26.1.ojb9s7a3jlkxoe02qczpf8r2s
1790510035614928647|container|exec_start: /bin/sh -c true|067777ac9213473776a60a2a1a24f1c9caa6ab61a51594bc45ecd7d3fe82858b|t20-lat-svc-26.1.ojb9s7a3jlkxoe02qczpf8r2s
1790510035639089877|container|exec_die|067777ac9213473776a60a2a1a24f1c9caa6ab61a51594bc45ecd7d3fe82858b|t20-lat-svc-26.1.ojb9s7a3jlkxoe02qczpf8r2s
1790510036640245859|container|exec_create: /bin/sh -c true|067777ac9213473776a60a2a1a24f1c9caa6ab61a51594bc45ecd7d3fe82858b|t20-lat-svc-26.1.ojb9s7a3jlkxoe02qczpf8r2s
1790510036640270826|container|exec_start: /bin/sh -c true|067777ac9213473776a60a2a1a24f1c9caa6ab61a51594bc45ecd7d3fe82858b|t20-lat-svc-26.1.ojb9s7a3jlkxoe02qczpf8r2s
1790510036665203340|container|exec_die|067777ac9213473776a60a2a1a24f1c9caa6ab61a51594bc45ecd7d3fe82858b|t20-lat-svc-26.1.ojb9s7a3jlkxoe02qczpf8r2s
1790510037666419894|container|exec_create: /bin/sh -c true|067777ac9213473776a60a2a1a24f1c9caa6ab61a51594bc45ecd7d3fe82858b|t20-lat-svc-26.1.ojb9s7a3jlkxoe02qczpf8r2s
1790510037666477025|container|exec_start: /bin/sh -c true|067777ac9213473776a60a2a1a24f1c9caa6ab61a51594bc45ecd7d3fe82858b|t20-lat-svc-26.1.ojb9s7a3jlkxoe02qczpf8r2s
1790510037691152041|container|exec_die|067777ac9213473776a60a2a1a24f1c9caa6ab61a51594bc45ecd7d3fe82858b|t20-lat-svc-26.1.ojb9s7a3jlkxoe02qczpf8r2s
1790510038141252870|container|kill|067777ac9213473776a60a2a1a24f1c9caa6ab61a51594bc45ecd7d3fe82858b|t20-lat-svc-26.1.ojb9s7a3jlkxoe02qczpf8r2s
1790510038246999729|network|disconnect|9851beeca5de58663c77abfb043b973396bb3f7f9aea89861e7e36f8f7713117|bridge
1790510038256762742|container|stop|067777ac9213473776a60a2a1a24f1c9caa6ab61a51594bc45ecd7d3fe82858b|t20-lat-svc-26.1.ojb9s7a3jlkxoe02qczpf8r2s
1790510038265106897|container|die|067777ac9213473776a60a2a1a24f1c9caa6ab61a51594bc45ecd7d3fe82858b|t20-lat-svc-26.1.ojb9s7a3jlkxoe02qczpf8r2s
1790510038716875878|container|destroy|067777ac9213473776a60a2a1a24f1c9caa6ab61a51594bc45ecd7d3fe82858b|t20-lat-svc-26.1.ojb9s7a3jlkxoe02qczpf8r2s
1790510044250372523|service|create|3dpec25w6ls67yfd1mj7x9nsb|t20-lat-svc-27
1790510044507293367|container|create|8a9d4920bdb2db65171587206341077198af5b8beaa7ec557fee1cd319ba0f24|t20-lat-svc-27.1.7zkguppguyfscvixd1siysqus
1790510044625287144|network|connect|9851beeca5de58663c77abfb043b973396bb3f7f9aea89861e7e36f8f7713117|bridge
1790510044644548841|container|start|8a9d4920bdb2db65171587206341077198af5b8beaa7ec557fee1cd319ba0f24|t20-lat-svc-27.1.7zkguppguyfscvixd1siysqus
1790510045644768155|container|exec_create: /bin/sh -c true|8a9d4920bdb2db65171587206341077198af5b8beaa7ec557fee1cd319ba0f24|t20-lat-svc-27.1.7zkguppguyfscvixd1siysqus
1790510045644823924|container|exec_start: /bin/sh -c true|8a9d4920bdb2db65171587206341077198af5b8beaa7ec557fee1cd319ba0f24|t20-lat-svc-27.1.7zkguppguyfscvixd1siysqus
1790510045669677143|container|exec_die|8a9d4920bdb2db65171587206341077198af5b8beaa7ec557fee1cd319ba0f24|t20-lat-svc-27.1.7zkguppguyfscvixd1siysqus
1790510045669894806|container|health_status: healthy|8a9d4920bdb2db65171587206341077198af5b8beaa7ec557fee1cd319ba0f24|t20-lat-svc-27.1.7zkguppguyfscvixd1siysqus
1790510046317295244|service|update|3dpec25w6ls67yfd1mj7x9nsb|t20-lat-svc-27
1790510046320638758|service|update|3dpec25w6ls67yfd1mj7x9nsb|t20-lat-svc-27
1790510046591441220|container|create|b4de0eabce8bd6c07c157e8eed8b1be921a3805d18f60c61f71798c3637d42a7|t20-lat-svc-27.1.ih1qf7jcdbn87fxzoplm2wwjc
1790510046670479604|container|exec_create: /bin/sh -c true|8a9d4920bdb2db65171587206341077198af5b8beaa7ec557fee1cd319ba0f24|t20-lat-svc-27.1.7zkguppguyfscvixd1siysqus
1790510046670517132|container|exec_start: /bin/sh -c true|8a9d4920bdb2db65171587206341077198af5b8beaa7ec557fee1cd319ba0f24|t20-lat-svc-27.1.7zkguppguyfscvixd1siysqus
1790510046695607032|container|exec_die|8a9d4920bdb2db65171587206341077198af5b8beaa7ec557fee1cd319ba0f24|t20-lat-svc-27.1.7zkguppguyfscvixd1siysqus
1790510047509872239|container|kill|8a9d4920bdb2db65171587206341077198af5b8beaa7ec557fee1cd319ba0f24|t20-lat-svc-27.1.7zkguppguyfscvixd1siysqus
1790510047696371569|container|exec_create: /bin/sh -c true|8a9d4920bdb2db65171587206341077198af5b8beaa7ec557fee1cd319ba0f24|t20-lat-svc-27.1.7zkguppguyfscvixd1siysqus
1790510047696399172|container|exec_start: /bin/sh -c true|8a9d4920bdb2db65171587206341077198af5b8beaa7ec557fee1cd319ba0f24|t20-lat-svc-27.1.7zkguppguyfscvixd1siysqus
1790510047720799132|container|exec_die|8a9d4920bdb2db65171587206341077198af5b8beaa7ec557fee1cd319ba0f24|t20-lat-svc-27.1.7zkguppguyfscvixd1siysqus
1790510048721139071|container|exec_create: /bin/sh -c true|8a9d4920bdb2db65171587206341077198af5b8beaa7ec557fee1cd319ba0f24|t20-lat-svc-27.1.7zkguppguyfscvixd1siysqus
1790510048721175959|container|exec_start: /bin/sh -c true|8a9d4920bdb2db65171587206341077198af5b8beaa7ec557fee1cd319ba0f24|t20-lat-svc-27.1.7zkguppguyfscvixd1siysqus
1790510048745613062|container|exec_die|8a9d4920bdb2db65171587206341077198af5b8beaa7ec557fee1cd319ba0f24|t20-lat-svc-27.1.7zkguppguyfscvixd1siysqus
1790510049746035964|container|exec_create: /bin/sh -c true|8a9d4920bdb2db65171587206341077198af5b8beaa7ec557fee1cd319ba0f24|t20-lat-svc-27.1.7zkguppguyfscvixd1siysqus
1790510049746074723|container|exec_start: /bin/sh -c true|8a9d4920bdb2db65171587206341077198af5b8beaa7ec557fee1cd319ba0f24|t20-lat-svc-27.1.7zkguppguyfscvixd1siysqus
1790510049770944159|container|exec_die|8a9d4920bdb2db65171587206341077198af5b8beaa7ec557fee1cd319ba0f24|t20-lat-svc-27.1.7zkguppguyfscvixd1siysqus
1790510050771952718|container|exec_create: /bin/sh -c true|8a9d4920bdb2db65171587206341077198af5b8beaa7ec557fee1cd319ba0f24|t20-lat-svc-27.1.7zkguppguyfscvixd1siysqus
1790510050772034488|container|exec_start: /bin/sh -c true|8a9d4920bdb2db65171587206341077198af5b8beaa7ec557fee1cd319ba0f24|t20-lat-svc-27.1.7zkguppguyfscvixd1siysqus
1790510050796730922|container|exec_die|8a9d4920bdb2db65171587206341077198af5b8beaa7ec557fee1cd319ba0f24|t20-lat-svc-27.1.7zkguppguyfscvixd1siysqus
1790510051797908828|container|exec_create: /bin/sh -c true|8a9d4920bdb2db65171587206341077198af5b8beaa7ec557fee1cd319ba0f24|t20-lat-svc-27.1.7zkguppguyfscvixd1siysqus
1790510051797946331|container|exec_start: /bin/sh -c true|8a9d4920bdb2db65171587206341077198af5b8beaa7ec557fee1cd319ba0f24|t20-lat-svc-27.1.7zkguppguyfscvixd1siysqus
1790510051823020488|container|exec_die|8a9d4920bdb2db65171587206341077198af5b8beaa7ec557fee1cd319ba0f24|t20-lat-svc-27.1.7zkguppguyfscvixd1siysqus
1790510052823680987|container|exec_create: /bin/sh -c true|8a9d4920bdb2db65171587206341077198af5b8beaa7ec557fee1cd319ba0f24|t20-lat-svc-27.1.7zkguppguyfscvixd1siysqus
1790510052823706311|container|exec_start: /bin/sh -c true|8a9d4920bdb2db65171587206341077198af5b8beaa7ec557fee1cd319ba0f24|t20-lat-svc-27.1.7zkguppguyfscvixd1siysqus
1790510052847781229|container|exec_die|8a9d4920bdb2db65171587206341077198af5b8beaa7ec557fee1cd319ba0f24|t20-lat-svc-27.1.7zkguppguyfscvixd1siysqus
1790510053848622447|container|exec_create: /bin/sh -c true|8a9d4920bdb2db65171587206341077198af5b8beaa7ec557fee1cd319ba0f24|t20-lat-svc-27.1.7zkguppguyfscvixd1siysqus
1790510053848654029|container|exec_start: /bin/sh -c true|8a9d4920bdb2db65171587206341077198af5b8beaa7ec557fee1cd319ba0f24|t20-lat-svc-27.1.7zkguppguyfscvixd1siysqus
1790510053873806868|container|exec_die|8a9d4920bdb2db65171587206341077198af5b8beaa7ec557fee1cd319ba0f24|t20-lat-svc-27.1.7zkguppguyfscvixd1siysqus
1790510054874330605|container|exec_create: /bin/sh -c true|8a9d4920bdb2db65171587206341077198af5b8beaa7ec557fee1cd319ba0f24|t20-lat-svc-27.1.7zkguppguyfscvixd1siysqus
1790510054874355622|container|exec_start: /bin/sh -c true|8a9d4920bdb2db65171587206341077198af5b8beaa7ec557fee1cd319ba0f24|t20-lat-svc-27.1.7zkguppguyfscvixd1siysqus
1790510054899809299|container|exec_die|8a9d4920bdb2db65171587206341077198af5b8beaa7ec557fee1cd319ba0f24|t20-lat-svc-27.1.7zkguppguyfscvixd1siysqus
1790510055901107312|container|exec_create: /bin/sh -c true|8a9d4920bdb2db65171587206341077198af5b8beaa7ec557fee1cd319ba0f24|t20-lat-svc-27.1.7zkguppguyfscvixd1siysqus
1790510055901159652|container|exec_start: /bin/sh -c true|8a9d4920bdb2db65171587206341077198af5b8beaa7ec557fee1cd319ba0f24|t20-lat-svc-27.1.7zkguppguyfscvixd1siysqus
1790510055926104971|container|exec_die|8a9d4920bdb2db65171587206341077198af5b8beaa7ec557fee1cd319ba0f24|t20-lat-svc-27.1.7zkguppguyfscvixd1siysqus
1790510056927269406|container|exec_create: /bin/sh -c true|8a9d4920bdb2db65171587206341077198af5b8beaa7ec557fee1cd319ba0f24|t20-lat-svc-27.1.7zkguppguyfscvixd1siysqus
1790510056927306282|container|exec_start: /bin/sh -c true|8a9d4920bdb2db65171587206341077198af5b8beaa7ec557fee1cd319ba0f24|t20-lat-svc-27.1.7zkguppguyfscvixd1siysqus
1790510056951935124|container|exec_die|8a9d4920bdb2db65171587206341077198af5b8beaa7ec557fee1cd319ba0f24|t20-lat-svc-27.1.7zkguppguyfscvixd1siysqus
1790510057523089332|container|kill|8a9d4920bdb2db65171587206341077198af5b8beaa7ec557fee1cd319ba0f24|t20-lat-svc-27.1.7zkguppguyfscvixd1siysqus
1790510057690831205|network|disconnect|9851beeca5de58663c77abfb043b973396bb3f7f9aea89861e7e36f8f7713117|bridge
1790510057700806858|container|stop|8a9d4920bdb2db65171587206341077198af5b8beaa7ec557fee1cd319ba0f24|t20-lat-svc-27.1.7zkguppguyfscvixd1siysqus
1790510057709941107|container|die|8a9d4920bdb2db65171587206341077198af5b8beaa7ec557fee1cd319ba0f24|t20-lat-svc-27.1.7zkguppguyfscvixd1siysqus
1790510057993800145|network|connect|9851beeca5de58663c77abfb043b973396bb3f7f9aea89861e7e36f8f7713117|bridge
1790510058010901569|container|start|b4de0eabce8bd6c07c157e8eed8b1be921a3805d18f60c61f71798c3637d42a7|t20-lat-svc-27.1.ih1qf7jcdbn87fxzoplm2wwjc
1790510059011941900|container|exec_create: /bin/sh -c true|b4de0eabce8bd6c07c157e8eed8b1be921a3805d18f60c61f71798c3637d42a7|t20-lat-svc-27.1.ih1qf7jcdbn87fxzoplm2wwjc
1790510059012002289|container|exec_start: /bin/sh -c true|b4de0eabce8bd6c07c157e8eed8b1be921a3805d18f60c61f71798c3637d42a7|t20-lat-svc-27.1.ih1qf7jcdbn87fxzoplm2wwjc
1790510059037077775|container|exec_die|b4de0eabce8bd6c07c157e8eed8b1be921a3805d18f60c61f71798c3637d42a7|t20-lat-svc-27.1.ih1qf7jcdbn87fxzoplm2wwjc
1790510059037318005|container|health_status: healthy|b4de0eabce8bd6c07c157e8eed8b1be921a3805d18f60c61f71798c3637d42a7|t20-lat-svc-27.1.ih1qf7jcdbn87fxzoplm2wwjc
1790510059606141228|service|remove|3dpec25w6ls67yfd1mj7x9nsb|t20-lat-svc-27
1790510060002688221|container|destroy|8a9d4920bdb2db65171587206341077198af5b8beaa7ec557fee1cd319ba0f24|t20-lat-svc-27.1.7zkguppguyfscvixd1siysqus
1790510060038062319|container|exec_create: /bin/sh -c true|b4de0eabce8bd6c07c157e8eed8b1be921a3805d18f60c61f71798c3637d42a7|t20-lat-svc-27.1.ih1qf7jcdbn87fxzoplm2wwjc
1790510060038092839|container|exec_start: /bin/sh -c true|b4de0eabce8bd6c07c157e8eed8b1be921a3805d18f60c61f71798c3637d42a7|t20-lat-svc-27.1.ih1qf7jcdbn87fxzoplm2wwjc
1790510060063099500|container|exec_die|b4de0eabce8bd6c07c157e8eed8b1be921a3805d18f60c61f71798c3637d42a7|t20-lat-svc-27.1.ih1qf7jcdbn87fxzoplm2wwjc
1790510060733292001|container|kill|b4de0eabce8bd6c07c157e8eed8b1be921a3805d18f60c61f71798c3637d42a7|t20-lat-svc-27.1.ih1qf7jcdbn87fxzoplm2wwjc
1790510061063778814|container|exec_create: /bin/sh -c true|b4de0eabce8bd6c07c157e8eed8b1be921a3805d18f60c61f71798c3637d42a7|t20-lat-svc-27.1.ih1qf7jcdbn87fxzoplm2wwjc
1790510061063802910|container|exec_start: /bin/sh -c true|b4de0eabce8bd6c07c157e8eed8b1be921a3805d18f60c61f71798c3637d42a7|t20-lat-svc-27.1.ih1qf7jcdbn87fxzoplm2wwjc
1790510061088045291|container|exec_die|b4de0eabce8bd6c07c157e8eed8b1be921a3805d18f60c61f71798c3637d42a7|t20-lat-svc-27.1.ih1qf7jcdbn87fxzoplm2wwjc
1790510062087557222|container|exec_create: /bin/sh -c true|b4de0eabce8bd6c07c157e8eed8b1be921a3805d18f60c61f71798c3637d42a7|t20-lat-svc-27.1.ih1qf7jcdbn87fxzoplm2wwjc
1790510062087595747|container|exec_start: /bin/sh -c true|b4de0eabce8bd6c07c157e8eed8b1be921a3805d18f60c61f71798c3637d42a7|t20-lat-svc-27.1.ih1qf7jcdbn87fxzoplm2wwjc
1790510062112947070|container|exec_die|b4de0eabce8bd6c07c157e8eed8b1be921a3805d18f60c61f71798c3637d42a7|t20-lat-svc-27.1.ih1qf7jcdbn87fxzoplm2wwjc
1790510063113951666|container|exec_create: /bin/sh -c true|b4de0eabce8bd6c07c157e8eed8b1be921a3805d18f60c61f71798c3637d42a7|t20-lat-svc-27.1.ih1qf7jcdbn87fxzoplm2wwjc
1790510063113991357|container|exec_start: /bin/sh -c true|b4de0eabce8bd6c07c157e8eed8b1be921a3805d18f60c61f71798c3637d42a7|t20-lat-svc-27.1.ih1qf7jcdbn87fxzoplm2wwjc
1790510063138743412|container|exec_die|b4de0eabce8bd6c07c157e8eed8b1be921a3805d18f60c61f71798c3637d42a7|t20-lat-svc-27.1.ih1qf7jcdbn87fxzoplm2wwjc
1790510064139758589|container|exec_create: /bin/sh -c true|b4de0eabce8bd6c07c157e8eed8b1be921a3805d18f60c61f71798c3637d42a7|t20-lat-svc-27.1.ih1qf7jcdbn87fxzoplm2wwjc
1790510064139795901|container|exec_start: /bin/sh -c true|b4de0eabce8bd6c07c157e8eed8b1be921a3805d18f60c61f71798c3637d42a7|t20-lat-svc-27.1.ih1qf7jcdbn87fxzoplm2wwjc
1790510064165751759|container|exec_die|b4de0eabce8bd6c07c157e8eed8b1be921a3805d18f60c61f71798c3637d42a7|t20-lat-svc-27.1.ih1qf7jcdbn87fxzoplm2wwjc
1790510065166584069|container|exec_create: /bin/sh -c true|b4de0eabce8bd6c07c157e8eed8b1be921a3805d18f60c61f71798c3637d42a7|t20-lat-svc-27.1.ih1qf7jcdbn87fxzoplm2wwjc
1790510065166620120|container|exec_start: /bin/sh -c true|b4de0eabce8bd6c07c157e8eed8b1be921a3805d18f60c61f71798c3637d42a7|t20-lat-svc-27.1.ih1qf7jcdbn87fxzoplm2wwjc
1790510065192793796|container|exec_die|b4de0eabce8bd6c07c157e8eed8b1be921a3805d18f60c61f71798c3637d42a7|t20-lat-svc-27.1.ih1qf7jcdbn87fxzoplm2wwjc
1790510066193641788|container|exec_create: /bin/sh -c true|b4de0eabce8bd6c07c157e8eed8b1be921a3805d18f60c61f71798c3637d42a7|t20-lat-svc-27.1.ih1qf7jcdbn87fxzoplm2wwjc
1790510066193667523|container|exec_start: /bin/sh -c true|b4de0eabce8bd6c07c157e8eed8b1be921a3805d18f60c61f71798c3637d42a7|t20-lat-svc-27.1.ih1qf7jcdbn87fxzoplm2wwjc
1790510066217690899|container|exec_die|b4de0eabce8bd6c07c157e8eed8b1be921a3805d18f60c61f71798c3637d42a7|t20-lat-svc-27.1.ih1qf7jcdbn87fxzoplm2wwjc
1790510067218353700|container|exec_create: /bin/sh -c true|b4de0eabce8bd6c07c157e8eed8b1be921a3805d18f60c61f71798c3637d42a7|t20-lat-svc-27.1.ih1qf7jcdbn87fxzoplm2wwjc
1790510067218379654|container|exec_start: /bin/sh -c true|b4de0eabce8bd6c07c157e8eed8b1be921a3805d18f60c61f71798c3637d42a7|t20-lat-svc-27.1.ih1qf7jcdbn87fxzoplm2wwjc
1790510067242646251|container|exec_die|b4de0eabce8bd6c07c157e8eed8b1be921a3805d18f60c61f71798c3637d42a7|t20-lat-svc-27.1.ih1qf7jcdbn87fxzoplm2wwjc
1790510068243055995|container|exec_create: /bin/sh -c true|b4de0eabce8bd6c07c157e8eed8b1be921a3805d18f60c61f71798c3637d42a7|t20-lat-svc-27.1.ih1qf7jcdbn87fxzoplm2wwjc
1790510068243082871|container|exec_start: /bin/sh -c true|b4de0eabce8bd6c07c157e8eed8b1be921a3805d18f60c61f71798c3637d42a7|t20-lat-svc-27.1.ih1qf7jcdbn87fxzoplm2wwjc
1790510068268995551|container|exec_die|b4de0eabce8bd6c07c157e8eed8b1be921a3805d18f60c61f71798c3637d42a7|t20-lat-svc-27.1.ih1qf7jcdbn87fxzoplm2wwjc
1790510069270186393|container|exec_create: /bin/sh -c true|b4de0eabce8bd6c07c157e8eed8b1be921a3805d18f60c61f71798c3637d42a7|t20-lat-svc-27.1.ih1qf7jcdbn87fxzoplm2wwjc
1790510069270212958|container|exec_start: /bin/sh -c true|b4de0eabce8bd6c07c157e8eed8b1be921a3805d18f60c61f71798c3637d42a7|t20-lat-svc-27.1.ih1qf7jcdbn87fxzoplm2wwjc
1790510069294802965|container|exec_die|b4de0eabce8bd6c07c157e8eed8b1be921a3805d18f60c61f71798c3637d42a7|t20-lat-svc-27.1.ih1qf7jcdbn87fxzoplm2wwjc
1790510070295240889|container|exec_create: /bin/sh -c true|b4de0eabce8bd6c07c157e8eed8b1be921a3805d18f60c61f71798c3637d42a7|t20-lat-svc-27.1.ih1qf7jcdbn87fxzoplm2wwjc
1790510070295268701|container|exec_start: /bin/sh -c true|b4de0eabce8bd6c07c157e8eed8b1be921a3805d18f60c61f71798c3637d42a7|t20-lat-svc-27.1.ih1qf7jcdbn87fxzoplm2wwjc
1790510070320066385|container|exec_die|b4de0eabce8bd6c07c157e8eed8b1be921a3805d18f60c61f71798c3637d42a7|t20-lat-svc-27.1.ih1qf7jcdbn87fxzoplm2wwjc
1790510070746909282|container|kill|b4de0eabce8bd6c07c157e8eed8b1be921a3805d18f60c61f71798c3637d42a7|t20-lat-svc-27.1.ih1qf7jcdbn87fxzoplm2wwjc
1790510070901705865|network|disconnect|9851beeca5de58663c77abfb043b973396bb3f7f9aea89861e7e36f8f7713117|bridge
1790510070911667760|container|stop|b4de0eabce8bd6c07c157e8eed8b1be921a3805d18f60c61f71798c3637d42a7|t20-lat-svc-27.1.ih1qf7jcdbn87fxzoplm2wwjc
1790510070919801266|container|die|b4de0eabce8bd6c07c157e8eed8b1be921a3805d18f60c61f71798c3637d42a7|t20-lat-svc-27.1.ih1qf7jcdbn87fxzoplm2wwjc
1790510071343414317|container|destroy|b4de0eabce8bd6c07c157e8eed8b1be921a3805d18f60c61f71798c3637d42a7|t20-lat-svc-27.1.ih1qf7jcdbn87fxzoplm2wwjc
1790510076851181607|service|create|a71p6a56lmoolm53535dao4k7|t20-lat-svc-28
1790510077115029230|container|create|5f90fee64b67623991b96672eff184ebbd8412133ec64363a8c984c4d8dc0bc5|t20-lat-svc-28.1.wzy8fadpv9cnlxa4cc1gtid1a
1790510077271926394|network|connect|9851beeca5de58663c77abfb043b973396bb3f7f9aea89861e7e36f8f7713117|bridge
1790510077289086780|container|start|5f90fee64b67623991b96672eff184ebbd8412133ec64363a8c984c4d8dc0bc5|t20-lat-svc-28.1.wzy8fadpv9cnlxa4cc1gtid1a
1790510078289481532|container|exec_create: /bin/sh -c true|5f90fee64b67623991b96672eff184ebbd8412133ec64363a8c984c4d8dc0bc5|t20-lat-svc-28.1.wzy8fadpv9cnlxa4cc1gtid1a
1790510078289517938|container|exec_start: /bin/sh -c true|5f90fee64b67623991b96672eff184ebbd8412133ec64363a8c984c4d8dc0bc5|t20-lat-svc-28.1.wzy8fadpv9cnlxa4cc1gtid1a
1790510078314218609|container|exec_die|5f90fee64b67623991b96672eff184ebbd8412133ec64363a8c984c4d8dc0bc5|t20-lat-svc-28.1.wzy8fadpv9cnlxa4cc1gtid1a
1790510078314406517|container|health_status: healthy|5f90fee64b67623991b96672eff184ebbd8412133ec64363a8c984c4d8dc0bc5|t20-lat-svc-28.1.wzy8fadpv9cnlxa4cc1gtid1a
1790510078919654055|service|update|a71p6a56lmoolm53535dao4k7|t20-lat-svc-28
1790510078922263298|service|update|a71p6a56lmoolm53535dao4k7|t20-lat-svc-28
1790510079186043344|container|create|375881e41010b5568a410dc4f294fb9f4149e2c77b448458d97814e1f8f63dc7|t20-lat-svc-28.1.rdwfdumgx92xd97esvqi483mf
1790510079314691086|container|exec_create: /bin/sh -c true|5f90fee64b67623991b96672eff184ebbd8412133ec64363a8c984c4d8dc0bc5|t20-lat-svc-28.1.wzy8fadpv9cnlxa4cc1gtid1a
1790510079314726923|container|exec_start: /bin/sh -c true|5f90fee64b67623991b96672eff184ebbd8412133ec64363a8c984c4d8dc0bc5|t20-lat-svc-28.1.wzy8fadpv9cnlxa4cc1gtid1a
1790510079339285739|container|exec_die|5f90fee64b67623991b96672eff184ebbd8412133ec64363a8c984c4d8dc0bc5|t20-lat-svc-28.1.wzy8fadpv9cnlxa4cc1gtid1a
1790510080109330587|container|kill|5f90fee64b67623991b96672eff184ebbd8412133ec64363a8c984c4d8dc0bc5|t20-lat-svc-28.1.wzy8fadpv9cnlxa4cc1gtid1a
1790510080340664139|container|exec_create: /bin/sh -c true|5f90fee64b67623991b96672eff184ebbd8412133ec64363a8c984c4d8dc0bc5|t20-lat-svc-28.1.wzy8fadpv9cnlxa4cc1gtid1a
1790510080340698283|container|exec_start: /bin/sh -c true|5f90fee64b67623991b96672eff184ebbd8412133ec64363a8c984c4d8dc0bc5|t20-lat-svc-28.1.wzy8fadpv9cnlxa4cc1gtid1a
1790510080365175094|container|exec_die|5f90fee64b67623991b96672eff184ebbd8412133ec64363a8c984c4d8dc0bc5|t20-lat-svc-28.1.wzy8fadpv9cnlxa4cc1gtid1a
1790510081366599701|container|exec_create: /bin/sh -c true|5f90fee64b67623991b96672eff184ebbd8412133ec64363a8c984c4d8dc0bc5|t20-lat-svc-28.1.wzy8fadpv9cnlxa4cc1gtid1a
1790510081366635765|container|exec_start: /bin/sh -c true|5f90fee64b67623991b96672eff184ebbd8412133ec64363a8c984c4d8dc0bc5|t20-lat-svc-28.1.wzy8fadpv9cnlxa4cc1gtid1a
1790510081391195609|container|exec_die|5f90fee64b67623991b96672eff184ebbd8412133ec64363a8c984c4d8dc0bc5|t20-lat-svc-28.1.wzy8fadpv9cnlxa4cc1gtid1a
1790510082391585975|container|exec_create: /bin/sh -c true|5f90fee64b67623991b96672eff184ebbd8412133ec64363a8c984c4d8dc0bc5|t20-lat-svc-28.1.wzy8fadpv9cnlxa4cc1gtid1a
1790510082391610470|container|exec_start: /bin/sh -c true|5f90fee64b67623991b96672eff184ebbd8412133ec64363a8c984c4d8dc0bc5|t20-lat-svc-28.1.wzy8fadpv9cnlxa4cc1gtid1a
1790510082417474886|container|exec_die|5f90fee64b67623991b96672eff184ebbd8412133ec64363a8c984c4d8dc0bc5|t20-lat-svc-28.1.wzy8fadpv9cnlxa4cc1gtid1a
1790510083418442161|container|exec_create: /bin/sh -c true|5f90fee64b67623991b96672eff184ebbd8412133ec64363a8c984c4d8dc0bc5|t20-lat-svc-28.1.wzy8fadpv9cnlxa4cc1gtid1a
1790510083418498503|container|exec_start: /bin/sh -c true|5f90fee64b67623991b96672eff184ebbd8412133ec64363a8c984c4d8dc0bc5|t20-lat-svc-28.1.wzy8fadpv9cnlxa4cc1gtid1a
1790510083443887102|container|exec_die|5f90fee64b67623991b96672eff184ebbd8412133ec64363a8c984c4d8dc0bc5|t20-lat-svc-28.1.wzy8fadpv9cnlxa4cc1gtid1a
1790510084445274041|container|exec_create: /bin/sh -c true|5f90fee64b67623991b96672eff184ebbd8412133ec64363a8c984c4d8dc0bc5|t20-lat-svc-28.1.wzy8fadpv9cnlxa4cc1gtid1a
1790510084445299401|container|exec_start: /bin/sh -c true|5f90fee64b67623991b96672eff184ebbd8412133ec64363a8c984c4d8dc0bc5|t20-lat-svc-28.1.wzy8fadpv9cnlxa4cc1gtid1a
1790510084469407684|container|exec_die|5f90fee64b67623991b96672eff184ebbd8412133ec64363a8c984c4d8dc0bc5|t20-lat-svc-28.1.wzy8fadpv9cnlxa4cc1gtid1a
1790510085470293151|container|exec_create: /bin/sh -c true|5f90fee64b67623991b96672eff184ebbd8412133ec64363a8c984c4d8dc0bc5|t20-lat-svc-28.1.wzy8fadpv9cnlxa4cc1gtid1a
1790510085470330441|container|exec_start: /bin/sh -c true|5f90fee64b67623991b96672eff184ebbd8412133ec64363a8c984c4d8dc0bc5|t20-lat-svc-28.1.wzy8fadpv9cnlxa4cc1gtid1a
1790510085496903698|container|exec_die|5f90fee64b67623991b96672eff184ebbd8412133ec64363a8c984c4d8dc0bc5|t20-lat-svc-28.1.wzy8fadpv9cnlxa4cc1gtid1a
1790510086497284960|container|exec_create: /bin/sh -c true|5f90fee64b67623991b96672eff184ebbd8412133ec64363a8c984c4d8dc0bc5|t20-lat-svc-28.1.wzy8fadpv9cnlxa4cc1gtid1a
1790510086497317764|container|exec_start: /bin/sh -c true|5f90fee64b67623991b96672eff184ebbd8412133ec64363a8c984c4d8dc0bc5|t20-lat-svc-28.1.wzy8fadpv9cnlxa4cc1gtid1a
1790510086521421940|container|exec_die|5f90fee64b67623991b96672eff184ebbd8412133ec64363a8c984c4d8dc0bc5|t20-lat-svc-28.1.wzy8fadpv9cnlxa4cc1gtid1a
1790510087522109604|container|exec_create: /bin/sh -c true|5f90fee64b67623991b96672eff184ebbd8412133ec64363a8c984c4d8dc0bc5|t20-lat-svc-28.1.wzy8fadpv9cnlxa4cc1gtid1a
1790510087522143875|container|exec_start: /bin/sh -c true|5f90fee64b67623991b96672eff184ebbd8412133ec64363a8c984c4d8dc0bc5|t20-lat-svc-28.1.wzy8fadpv9cnlxa4cc1gtid1a
1790510087547705250|container|exec_die|5f90fee64b67623991b96672eff184ebbd8412133ec64363a8c984c4d8dc0bc5|t20-lat-svc-28.1.wzy8fadpv9cnlxa4cc1gtid1a
1790510088548050081|container|exec_create: /bin/sh -c true|5f90fee64b67623991b96672eff184ebbd8412133ec64363a8c984c4d8dc0bc5|t20-lat-svc-28.1.wzy8fadpv9cnlxa4cc1gtid1a
1790510088548076028|container|exec_start: /bin/sh -c true|5f90fee64b67623991b96672eff184ebbd8412133ec64363a8c984c4d8dc0bc5|t20-lat-svc-28.1.wzy8fadpv9cnlxa4cc1gtid1a
1790510088572433298|container|exec_die|5f90fee64b67623991b96672eff184ebbd8412133ec64363a8c984c4d8dc0bc5|t20-lat-svc-28.1.wzy8fadpv9cnlxa4cc1gtid1a
1790510089573536535|container|exec_create: /bin/sh -c true|5f90fee64b67623991b96672eff184ebbd8412133ec64363a8c984c4d8dc0bc5|t20-lat-svc-28.1.wzy8fadpv9cnlxa4cc1gtid1a
1790510089573564029|container|exec_start: /bin/sh -c true|5f90fee64b67623991b96672eff184ebbd8412133ec64363a8c984c4d8dc0bc5|t20-lat-svc-28.1.wzy8fadpv9cnlxa4cc1gtid1a
1790510089597459012|container|exec_die|5f90fee64b67623991b96672eff184ebbd8412133ec64363a8c984c4d8dc0bc5|t20-lat-svc-28.1.wzy8fadpv9cnlxa4cc1gtid1a
1790510090123435578|container|kill|5f90fee64b67623991b96672eff184ebbd8412133ec64363a8c984c4d8dc0bc5|t20-lat-svc-28.1.wzy8fadpv9cnlxa4cc1gtid1a
1790510090309467486|network|disconnect|9851beeca5de58663c77abfb043b973396bb3f7f9aea89861e7e36f8f7713117|bridge
1790510090315168515|container|stop|5f90fee64b67623991b96672eff184ebbd8412133ec64363a8c984c4d8dc0bc5|t20-lat-svc-28.1.wzy8fadpv9cnlxa4cc1gtid1a
1790510090323581445|container|die|5f90fee64b67623991b96672eff184ebbd8412133ec64363a8c984c4d8dc0bc5|t20-lat-svc-28.1.wzy8fadpv9cnlxa4cc1gtid1a
1790510090626539530|network|connect|9851beeca5de58663c77abfb043b973396bb3f7f9aea89861e7e36f8f7713117|bridge
1790510090643513447|container|start|375881e41010b5568a410dc4f294fb9f4149e2c77b448458d97814e1f8f63dc7|t20-lat-svc-28.1.rdwfdumgx92xd97esvqi483mf
1790510091643881544|container|exec_create: /bin/sh -c true|375881e41010b5568a410dc4f294fb9f4149e2c77b448458d97814e1f8f63dc7|t20-lat-svc-28.1.rdwfdumgx92xd97esvqi483mf
1790510091643950898|container|exec_start: /bin/sh -c true|375881e41010b5568a410dc4f294fb9f4149e2c77b448458d97814e1f8f63dc7|t20-lat-svc-28.1.rdwfdumgx92xd97esvqi483mf
1790510091669817157|container|exec_die|375881e41010b5568a410dc4f294fb9f4149e2c77b448458d97814e1f8f63dc7|t20-lat-svc-28.1.rdwfdumgx92xd97esvqi483mf
1790510091670024319|container|health_status: healthy|375881e41010b5568a410dc4f294fb9f4149e2c77b448458d97814e1f8f63dc7|t20-lat-svc-28.1.rdwfdumgx92xd97esvqi483mf
1790510092204400059|service|remove|a71p6a56lmoolm53535dao4k7|t20-lat-svc-28
1790510092600937873|container|destroy|5f90fee64b67623991b96672eff184ebbd8412133ec64363a8c984c4d8dc0bc5|t20-lat-svc-28.1.wzy8fadpv9cnlxa4cc1gtid1a
1790510092669808153|container|exec_create: /bin/sh -c true|375881e41010b5568a410dc4f294fb9f4149e2c77b448458d97814e1f8f63dc7|t20-lat-svc-28.1.rdwfdumgx92xd97esvqi483mf
1790510092669832434|container|exec_start: /bin/sh -c true|375881e41010b5568a410dc4f294fb9f4149e2c77b448458d97814e1f8f63dc7|t20-lat-svc-28.1.rdwfdumgx92xd97esvqi483mf
1790510092694646931|container|exec_die|375881e41010b5568a410dc4f294fb9f4149e2c77b448458d97814e1f8f63dc7|t20-lat-svc-28.1.rdwfdumgx92xd97esvqi483mf
1790510093335522518|container|kill|375881e41010b5568a410dc4f294fb9f4149e2c77b448458d97814e1f8f63dc7|t20-lat-svc-28.1.rdwfdumgx92xd97esvqi483mf
1790510093695423204|container|exec_create: /bin/sh -c true|375881e41010b5568a410dc4f294fb9f4149e2c77b448458d97814e1f8f63dc7|t20-lat-svc-28.1.rdwfdumgx92xd97esvqi483mf
1790510093695458622|container|exec_start: /bin/sh -c true|375881e41010b5568a410dc4f294fb9f4149e2c77b448458d97814e1f8f63dc7|t20-lat-svc-28.1.rdwfdumgx92xd97esvqi483mf
1790510093719760049|container|exec_die|375881e41010b5568a410dc4f294fb9f4149e2c77b448458d97814e1f8f63dc7|t20-lat-svc-28.1.rdwfdumgx92xd97esvqi483mf
1790510094720573382|container|exec_create: /bin/sh -c true|375881e41010b5568a410dc4f294fb9f4149e2c77b448458d97814e1f8f63dc7|t20-lat-svc-28.1.rdwfdumgx92xd97esvqi483mf
1790510094720608161|container|exec_start: /bin/sh -c true|375881e41010b5568a410dc4f294fb9f4149e2c77b448458d97814e1f8f63dc7|t20-lat-svc-28.1.rdwfdumgx92xd97esvqi483mf
1790510094745487617|container|exec_die|375881e41010b5568a410dc4f294fb9f4149e2c77b448458d97814e1f8f63dc7|t20-lat-svc-28.1.rdwfdumgx92xd97esvqi483mf
1790510095746654235|container|exec_create: /bin/sh -c true|375881e41010b5568a410dc4f294fb9f4149e2c77b448458d97814e1f8f63dc7|t20-lat-svc-28.1.rdwfdumgx92xd97esvqi483mf
1790510095746688774|container|exec_start: /bin/sh -c true|375881e41010b5568a410dc4f294fb9f4149e2c77b448458d97814e1f8f63dc7|t20-lat-svc-28.1.rdwfdumgx92xd97esvqi483mf
1790510095771616356|container|exec_die|375881e41010b5568a410dc4f294fb9f4149e2c77b448458d97814e1f8f63dc7|t20-lat-svc-28.1.rdwfdumgx92xd97esvqi483mf
1790510096772049817|container|exec_create: /bin/sh -c true|375881e41010b5568a410dc4f294fb9f4149e2c77b448458d97814e1f8f63dc7|t20-lat-svc-28.1.rdwfdumgx92xd97esvqi483mf
1790510096772074015|container|exec_start: /bin/sh -c true|375881e41010b5568a410dc4f294fb9f4149e2c77b448458d97814e1f8f63dc7|t20-lat-svc-28.1.rdwfdumgx92xd97esvqi483mf
1790510096796729743|container|exec_die|375881e41010b5568a410dc4f294fb9f4149e2c77b448458d97814e1f8f63dc7|t20-lat-svc-28.1.rdwfdumgx92xd97esvqi483mf
1790510097797318159|container|exec_create: /bin/sh -c true|375881e41010b5568a410dc4f294fb9f4149e2c77b448458d97814e1f8f63dc7|t20-lat-svc-28.1.rdwfdumgx92xd97esvqi483mf
1790510097797345553|container|exec_start: /bin/sh -c true|375881e41010b5568a410dc4f294fb9f4149e2c77b448458d97814e1f8f63dc7|t20-lat-svc-28.1.rdwfdumgx92xd97esvqi483mf
1790510097821683034|container|exec_die|375881e41010b5568a410dc4f294fb9f4149e2c77b448458d97814e1f8f63dc7|t20-lat-svc-28.1.rdwfdumgx92xd97esvqi483mf
1790510098822629530|container|exec_create: /bin/sh -c true|375881e41010b5568a410dc4f294fb9f4149e2c77b448458d97814e1f8f63dc7|t20-lat-svc-28.1.rdwfdumgx92xd97esvqi483mf
1790510098822667081|container|exec_start: /bin/sh -c true|375881e41010b5568a410dc4f294fb9f4149e2c77b448458d97814e1f8f63dc7|t20-lat-svc-28.1.rdwfdumgx92xd97esvqi483mf
1790510098845585465|container|exec_die|375881e41010b5568a410dc4f294fb9f4149e2c77b448458d97814e1f8f63dc7|t20-lat-svc-28.1.rdwfdumgx92xd97esvqi483mf
1790510099846125482|container|exec_create: /bin/sh -c true|375881e41010b5568a410dc4f294fb9f4149e2c77b448458d97814e1f8f63dc7|t20-lat-svc-28.1.rdwfdumgx92xd97esvqi483mf
1790510099846149002|container|exec_start: /bin/sh -c true|375881e41010b5568a410dc4f294fb9f4149e2c77b448458d97814e1f8f63dc7|t20-lat-svc-28.1.rdwfdumgx92xd97esvqi483mf
1790510099870813083|container|exec_die|375881e41010b5568a410dc4f294fb9f4149e2c77b448458d97814e1f8f63dc7|t20-lat-svc-28.1.rdwfdumgx92xd97esvqi483mf
1790510100871451897|container|exec_create: /bin/sh -c true|375881e41010b5568a410dc4f294fb9f4149e2c77b448458d97814e1f8f63dc7|t20-lat-svc-28.1.rdwfdumgx92xd97esvqi483mf
1790510100871480202|container|exec_start: /bin/sh -c true|375881e41010b5568a410dc4f294fb9f4149e2c77b448458d97814e1f8f63dc7|t20-lat-svc-28.1.rdwfdumgx92xd97esvqi483mf
1790510100895813334|container|exec_die|375881e41010b5568a410dc4f294fb9f4149e2c77b448458d97814e1f8f63dc7|t20-lat-svc-28.1.rdwfdumgx92xd97esvqi483mf
1790510101897018311|container|exec_create: /bin/sh -c true|375881e41010b5568a410dc4f294fb9f4149e2c77b448458d97814e1f8f63dc7|t20-lat-svc-28.1.rdwfdumgx92xd97esvqi483mf
1790510101897042725|container|exec_start: /bin/sh -c true|375881e41010b5568a410dc4f294fb9f4149e2c77b448458d97814e1f8f63dc7|t20-lat-svc-28.1.rdwfdumgx92xd97esvqi483mf
1790510101922228980|container|exec_die|375881e41010b5568a410dc4f294fb9f4149e2c77b448458d97814e1f8f63dc7|t20-lat-svc-28.1.rdwfdumgx92xd97esvqi483mf
1790510102923208107|container|exec_create: /bin/sh -c true|375881e41010b5568a410dc4f294fb9f4149e2c77b448458d97814e1f8f63dc7|t20-lat-svc-28.1.rdwfdumgx92xd97esvqi483mf
1790510102923235674|container|exec_start: /bin/sh -c true|375881e41010b5568a410dc4f294fb9f4149e2c77b448458d97814e1f8f63dc7|t20-lat-svc-28.1.rdwfdumgx92xd97esvqi483mf
1790510102947812707|container|exec_die|375881e41010b5568a410dc4f294fb9f4149e2c77b448458d97814e1f8f63dc7|t20-lat-svc-28.1.rdwfdumgx92xd97esvqi483mf
1790510103350946659|container|kill|375881e41010b5568a410dc4f294fb9f4149e2c77b448458d97814e1f8f63dc7|t20-lat-svc-28.1.rdwfdumgx92xd97esvqi483mf
1790510103496583531|network|disconnect|9851beeca5de58663c77abfb043b973396bb3f7f9aea89861e7e36f8f7713117|bridge
1790510103504349475|container|stop|375881e41010b5568a410dc4f294fb9f4149e2c77b448458d97814e1f8f63dc7|t20-lat-svc-28.1.rdwfdumgx92xd97esvqi483mf
1790510103512770049|container|die|375881e41010b5568a410dc4f294fb9f4149e2c77b448458d97814e1f8f63dc7|t20-lat-svc-28.1.rdwfdumgx92xd97esvqi483mf
1790510103960448410|container|destroy|375881e41010b5568a410dc4f294fb9f4149e2c77b448458d97814e1f8f63dc7|t20-lat-svc-28.1.rdwfdumgx92xd97esvqi483mf
1790510109461613049|service|create|m9uqwzrjubuxvovhqsdavr3rx|t20-lat-svc-29
1790510109719850205|container|create|a522d7b04c85c4441cf2b4f35c36eca018273b98fa902ee4c4e4a17ff2cd8661|t20-lat-svc-29.1.o0vhtdz3zvypz1i1e9bubjfh2
1790510109859957458|network|connect|9851beeca5de58663c77abfb043b973396bb3f7f9aea89861e7e36f8f7713117|bridge
1790510109880908327|container|start|a522d7b04c85c4441cf2b4f35c36eca018273b98fa902ee4c4e4a17ff2cd8661|t20-lat-svc-29.1.o0vhtdz3zvypz1i1e9bubjfh2
1790510110881623228|container|exec_create: /bin/sh -c true|a522d7b04c85c4441cf2b4f35c36eca018273b98fa902ee4c4e4a17ff2cd8661|t20-lat-svc-29.1.o0vhtdz3zvypz1i1e9bubjfh2
1790510110881662520|container|exec_start: /bin/sh -c true|a522d7b04c85c4441cf2b4f35c36eca018273b98fa902ee4c4e4a17ff2cd8661|t20-lat-svc-29.1.o0vhtdz3zvypz1i1e9bubjfh2
1790510110906044140|container|exec_die|a522d7b04c85c4441cf2b4f35c36eca018273b98fa902ee4c4e4a17ff2cd8661|t20-lat-svc-29.1.o0vhtdz3zvypz1i1e9bubjfh2
1790510110906238797|container|health_status: healthy|a522d7b04c85c4441cf2b4f35c36eca018273b98fa902ee4c4e4a17ff2cd8661|t20-lat-svc-29.1.o0vhtdz3zvypz1i1e9bubjfh2
1790510111531347335|service|update|m9uqwzrjubuxvovhqsdavr3rx|t20-lat-svc-29
1790510111534154005|service|update|m9uqwzrjubuxvovhqsdavr3rx|t20-lat-svc-29
1790510111795033233|container|create|8af31d2d8b89178f5f1863bfaeab5e98fbf3c39910b24ecdfe27de8e995a5e4b|t20-lat-svc-29.1.cndy4dlioa6mkhobv2p3jtlxg
1790510111906950949|container|exec_create: /bin/sh -c true|a522d7b04c85c4441cf2b4f35c36eca018273b98fa902ee4c4e4a17ff2cd8661|t20-lat-svc-29.1.o0vhtdz3zvypz1i1e9bubjfh2
1790510111906992143|container|exec_start: /bin/sh -c true|a522d7b04c85c4441cf2b4f35c36eca018273b98fa902ee4c4e4a17ff2cd8661|t20-lat-svc-29.1.o0vhtdz3zvypz1i1e9bubjfh2
1790510111932264212|container|exec_die|a522d7b04c85c4441cf2b4f35c36eca018273b98fa902ee4c4e4a17ff2cd8661|t20-lat-svc-29.1.o0vhtdz3zvypz1i1e9bubjfh2
1790510112724019264|container|kill|a522d7b04c85c4441cf2b4f35c36eca018273b98fa902ee4c4e4a17ff2cd8661|t20-lat-svc-29.1.o0vhtdz3zvypz1i1e9bubjfh2
1790510112933070707|container|exec_create: /bin/sh -c true|a522d7b04c85c4441cf2b4f35c36eca018273b98fa902ee4c4e4a17ff2cd8661|t20-lat-svc-29.1.o0vhtdz3zvypz1i1e9bubjfh2
1790510112933113041|container|exec_start: /bin/sh -c true|a522d7b04c85c4441cf2b4f35c36eca018273b98fa902ee4c4e4a17ff2cd8661|t20-lat-svc-29.1.o0vhtdz3zvypz1i1e9bubjfh2
1790510112957372213|container|exec_die|a522d7b04c85c4441cf2b4f35c36eca018273b98fa902ee4c4e4a17ff2cd8661|t20-lat-svc-29.1.o0vhtdz3zvypz1i1e9bubjfh2
1790510113958708737|container|exec_create: /bin/sh -c true|a522d7b04c85c4441cf2b4f35c36eca018273b98fa902ee4c4e4a17ff2cd8661|t20-lat-svc-29.1.o0vhtdz3zvypz1i1e9bubjfh2
1790510113958789408|container|exec_start: /bin/sh -c true|a522d7b04c85c4441cf2b4f35c36eca018273b98fa902ee4c4e4a17ff2cd8661|t20-lat-svc-29.1.o0vhtdz3zvypz1i1e9bubjfh2
1790510113984304730|container|exec_die|a522d7b04c85c4441cf2b4f35c36eca018273b98fa902ee4c4e4a17ff2cd8661|t20-lat-svc-29.1.o0vhtdz3zvypz1i1e9bubjfh2
1790510114985042831|container|exec_create: /bin/sh -c true|a522d7b04c85c4441cf2b4f35c36eca018273b98fa902ee4c4e4a17ff2cd8661|t20-lat-svc-29.1.o0vhtdz3zvypz1i1e9bubjfh2
1790510114985078295|container|exec_start: /bin/sh -c true|a522d7b04c85c4441cf2b4f35c36eca018273b98fa902ee4c4e4a17ff2cd8661|t20-lat-svc-29.1.o0vhtdz3zvypz1i1e9bubjfh2
1790510115010336117|container|exec_die|a522d7b04c85c4441cf2b4f35c36eca018273b98fa902ee4c4e4a17ff2cd8661|t20-lat-svc-29.1.o0vhtdz3zvypz1i1e9bubjfh2
1790510116011386370|container|exec_create: /bin/sh -c true|a522d7b04c85c4441cf2b4f35c36eca018273b98fa902ee4c4e4a17ff2cd8661|t20-lat-svc-29.1.o0vhtdz3zvypz1i1e9bubjfh2
1790510116011410721|container|exec_start: /bin/sh -c true|a522d7b04c85c4441cf2b4f35c36eca018273b98fa902ee4c4e4a17ff2cd8661|t20-lat-svc-29.1.o0vhtdz3zvypz1i1e9bubjfh2
1790510116035576159|container|exec_die|a522d7b04c85c4441cf2b4f35c36eca018273b98fa902ee4c4e4a17ff2cd8661|t20-lat-svc-29.1.o0vhtdz3zvypz1i1e9bubjfh2
1790510117036045412|container|exec_create: /bin/sh -c true|a522d7b04c85c4441cf2b4f35c36eca018273b98fa902ee4c4e4a17ff2cd8661|t20-lat-svc-29.1.o0vhtdz3zvypz1i1e9bubjfh2
1790510117036082635|container|exec_start: /bin/sh -c true|a522d7b04c85c4441cf2b4f35c36eca018273b98fa902ee4c4e4a17ff2cd8661|t20-lat-svc-29.1.o0vhtdz3zvypz1i1e9bubjfh2
1790510117060487369|container|exec_die|a522d7b04c85c4441cf2b4f35c36eca018273b98fa902ee4c4e4a17ff2cd8661|t20-lat-svc-29.1.o0vhtdz3zvypz1i1e9bubjfh2
1790510118060981460|container|exec_create: /bin/sh -c true|a522d7b04c85c4441cf2b4f35c36eca018273b98fa902ee4c4e4a17ff2cd8661|t20-lat-svc-29.1.o0vhtdz3zvypz1i1e9bubjfh2
1790510118061007751|container|exec_start: /bin/sh -c true|a522d7b04c85c4441cf2b4f35c36eca018273b98fa902ee4c4e4a17ff2cd8661|t20-lat-svc-29.1.o0vhtdz3zvypz1i1e9bubjfh2
1790510118085344195|container|exec_die|a522d7b04c85c4441cf2b4f35c36eca018273b98fa902ee4c4e4a17ff2cd8661|t20-lat-svc-29.1.o0vhtdz3zvypz1i1e9bubjfh2
1790510119085805114|container|exec_create: /bin/sh -c true|a522d7b04c85c4441cf2b4f35c36eca018273b98fa902ee4c4e4a17ff2cd8661|t20-lat-svc-29.1.o0vhtdz3zvypz1i1e9bubjfh2
1790510119085828544|container|exec_start: /bin/sh -c true|a522d7b04c85c4441cf2b4f35c36eca018273b98fa902ee4c4e4a17ff2cd8661|t20-lat-svc-29.1.o0vhtdz3zvypz1i1e9bubjfh2
1790510119111736148|container|exec_die|a522d7b04c85c4441cf2b4f35c36eca018273b98fa902ee4c4e4a17ff2cd8661|t20-lat-svc-29.1.o0vhtdz3zvypz1i1e9bubjfh2
1790510120112073899|container|exec_create: /bin/sh -c true|a522d7b04c85c4441cf2b4f35c36eca018273b98fa902ee4c4e4a17ff2cd8661|t20-lat-svc-29.1.o0vhtdz3zvypz1i1e9bubjfh2
1790510120112111427|container|exec_start: /bin/sh -c true|a522d7b04c85c4441cf2b4f35c36eca018273b98fa902ee4c4e4a17ff2cd8661|t20-lat-svc-29.1.o0vhtdz3zvypz1i1e9bubjfh2
1790510120137425930|container|exec_die|a522d7b04c85c4441cf2b4f35c36eca018273b98fa902ee4c4e4a17ff2cd8661|t20-lat-svc-29.1.o0vhtdz3zvypz1i1e9bubjfh2
1790510121138040787|container|exec_create: /bin/sh -c true|a522d7b04c85c4441cf2b4f35c36eca018273b98fa902ee4c4e4a17ff2cd8661|t20-lat-svc-29.1.o0vhtdz3zvypz1i1e9bubjfh2
1790510121138067882|container|exec_start: /bin/sh -c true|a522d7b04c85c4441cf2b4f35c36eca018273b98fa902ee4c4e4a17ff2cd8661|t20-lat-svc-29.1.o0vhtdz3zvypz1i1e9bubjfh2
1790510121163567803|container|exec_die|a522d7b04c85c4441cf2b4f35c36eca018273b98fa902ee4c4e4a17ff2cd8661|t20-lat-svc-29.1.o0vhtdz3zvypz1i1e9bubjfh2
1790510122162536838|container|exec_create: /bin/sh -c true|a522d7b04c85c4441cf2b4f35c36eca018273b98fa902ee4c4e4a17ff2cd8661|t20-lat-svc-29.1.o0vhtdz3zvypz1i1e9bubjfh2
1790510122162569098|container|exec_start: /bin/sh -c true|a522d7b04c85c4441cf2b4f35c36eca018273b98fa902ee4c4e4a17ff2cd8661|t20-lat-svc-29.1.o0vhtdz3zvypz1i1e9bubjfh2
1790510122187679333|container|exec_die|a522d7b04c85c4441cf2b4f35c36eca018273b98fa902ee4c4e4a17ff2cd8661|t20-lat-svc-29.1.o0vhtdz3zvypz1i1e9bubjfh2
1790510122738121730|container|kill|a522d7b04c85c4441cf2b4f35c36eca018273b98fa902ee4c4e4a17ff2cd8661|t20-lat-svc-29.1.o0vhtdz3zvypz1i1e9bubjfh2
1790510122902607254|network|disconnect|9851beeca5de58663c77abfb043b973396bb3f7f9aea89861e7e36f8f7713117|bridge
1790510122907480303|container|stop|a522d7b04c85c4441cf2b4f35c36eca018273b98fa902ee4c4e4a17ff2cd8661|t20-lat-svc-29.1.o0vhtdz3zvypz1i1e9bubjfh2
1790510122915719075|container|die|a522d7b04c85c4441cf2b4f35c36eca018273b98fa902ee4c4e4a17ff2cd8661|t20-lat-svc-29.1.o0vhtdz3zvypz1i1e9bubjfh2
1790510123230703255|network|connect|9851beeca5de58663c77abfb043b973396bb3f7f9aea89861e7e36f8f7713117|bridge
1790510123247742407|container|start|8af31d2d8b89178f5f1863bfaeab5e98fbf3c39910b24ecdfe27de8e995a5e4b|t20-lat-svc-29.1.cndy4dlioa6mkhobv2p3jtlxg
1790510124248143519|container|exec_create: /bin/sh -c true|8af31d2d8b89178f5f1863bfaeab5e98fbf3c39910b24ecdfe27de8e995a5e4b|t20-lat-svc-29.1.cndy4dlioa6mkhobv2p3jtlxg
1790510124248179666|container|exec_start: /bin/sh -c true|8af31d2d8b89178f5f1863bfaeab5e98fbf3c39910b24ecdfe27de8e995a5e4b|t20-lat-svc-29.1.cndy4dlioa6mkhobv2p3jtlxg
1790510124273804716|container|exec_die|8af31d2d8b89178f5f1863bfaeab5e98fbf3c39910b24ecdfe27de8e995a5e4b|t20-lat-svc-29.1.cndy4dlioa6mkhobv2p3jtlxg
1790510124274047655|container|health_status: healthy|8af31d2d8b89178f5f1863bfaeab5e98fbf3c39910b24ecdfe27de8e995a5e4b|t20-lat-svc-29.1.cndy4dlioa6mkhobv2p3jtlxg
1790510124820872237|service|remove|m9uqwzrjubuxvovhqsdavr3rx|t20-lat-svc-29
1790510125217361966|container|destroy|a522d7b04c85c4441cf2b4f35c36eca018273b98fa902ee4c4e4a17ff2cd8661|t20-lat-svc-29.1.o0vhtdz3zvypz1i1e9bubjfh2
1790510125275118514|container|exec_create: /bin/sh -c true|8af31d2d8b89178f5f1863bfaeab5e98fbf3c39910b24ecdfe27de8e995a5e4b|t20-lat-svc-29.1.cndy4dlioa6mkhobv2p3jtlxg
1790510125275157755|container|exec_start: /bin/sh -c true|8af31d2d8b89178f5f1863bfaeab5e98fbf3c39910b24ecdfe27de8e995a5e4b|t20-lat-svc-29.1.cndy4dlioa6mkhobv2p3jtlxg
1790510125300089229|container|exec_die|8af31d2d8b89178f5f1863bfaeab5e98fbf3c39910b24ecdfe27de8e995a5e4b|t20-lat-svc-29.1.cndy4dlioa6mkhobv2p3jtlxg
1790510125948851682|container|kill|8af31d2d8b89178f5f1863bfaeab5e98fbf3c39910b24ecdfe27de8e995a5e4b|t20-lat-svc-29.1.cndy4dlioa6mkhobv2p3jtlxg
1790510126300864729|container|exec_create: /bin/sh -c true|8af31d2d8b89178f5f1863bfaeab5e98fbf3c39910b24ecdfe27de8e995a5e4b|t20-lat-svc-29.1.cndy4dlioa6mkhobv2p3jtlxg
1790510126300892771|container|exec_start: /bin/sh -c true|8af31d2d8b89178f5f1863bfaeab5e98fbf3c39910b24ecdfe27de8e995a5e4b|t20-lat-svc-29.1.cndy4dlioa6mkhobv2p3jtlxg
1790510126325833999|container|exec_die|8af31d2d8b89178f5f1863bfaeab5e98fbf3c39910b24ecdfe27de8e995a5e4b|t20-lat-svc-29.1.cndy4dlioa6mkhobv2p3jtlxg
1790510127326472522|container|exec_create: /bin/sh -c true|8af31d2d8b89178f5f1863bfaeab5e98fbf3c39910b24ecdfe27de8e995a5e4b|t20-lat-svc-29.1.cndy4dlioa6mkhobv2p3jtlxg
1790510127326499112|container|exec_start: /bin/sh -c true|8af31d2d8b89178f5f1863bfaeab5e98fbf3c39910b24ecdfe27de8e995a5e4b|t20-lat-svc-29.1.cndy4dlioa6mkhobv2p3jtlxg
1790510127351958344|container|exec_die|8af31d2d8b89178f5f1863bfaeab5e98fbf3c39910b24ecdfe27de8e995a5e4b|t20-lat-svc-29.1.cndy4dlioa6mkhobv2p3jtlxg
1790510128352432043|container|exec_create: /bin/sh -c true|8af31d2d8b89178f5f1863bfaeab5e98fbf3c39910b24ecdfe27de8e995a5e4b|t20-lat-svc-29.1.cndy4dlioa6mkhobv2p3jtlxg
1790510128352456085|container|exec_start: /bin/sh -c true|8af31d2d8b89178f5f1863bfaeab5e98fbf3c39910b24ecdfe27de8e995a5e4b|t20-lat-svc-29.1.cndy4dlioa6mkhobv2p3jtlxg
1790510128376989601|container|exec_die|8af31d2d8b89178f5f1863bfaeab5e98fbf3c39910b24ecdfe27de8e995a5e4b|t20-lat-svc-29.1.cndy4dlioa6mkhobv2p3jtlxg
1790510129377725467|container|exec_create: /bin/sh -c true|8af31d2d8b89178f5f1863bfaeab5e98fbf3c39910b24ecdfe27de8e995a5e4b|t20-lat-svc-29.1.cndy4dlioa6mkhobv2p3jtlxg
1790510129377749145|container|exec_start: /bin/sh -c true|8af31d2d8b89178f5f1863bfaeab5e98fbf3c39910b24ecdfe27de8e995a5e4b|t20-lat-svc-29.1.cndy4dlioa6mkhobv2p3jtlxg
1790510129403181689|container|exec_die|8af31d2d8b89178f5f1863bfaeab5e98fbf3c39910b24ecdfe27de8e995a5e4b|t20-lat-svc-29.1.cndy4dlioa6mkhobv2p3jtlxg
1790510130404421288|container|exec_create: /bin/sh -c true|8af31d2d8b89178f5f1863bfaeab5e98fbf3c39910b24ecdfe27de8e995a5e4b|t20-lat-svc-29.1.cndy4dlioa6mkhobv2p3jtlxg
1790510130404451098|container|exec_start: /bin/sh -c true|8af31d2d8b89178f5f1863bfaeab5e98fbf3c39910b24ecdfe27de8e995a5e4b|t20-lat-svc-29.1.cndy4dlioa6mkhobv2p3jtlxg
1790510130429143444|container|exec_die|8af31d2d8b89178f5f1863bfaeab5e98fbf3c39910b24ecdfe27de8e995a5e4b|t20-lat-svc-29.1.cndy4dlioa6mkhobv2p3jtlxg
1790510131430400640|container|exec_create: /bin/sh -c true|8af31d2d8b89178f5f1863bfaeab5e98fbf3c39910b24ecdfe27de8e995a5e4b|t20-lat-svc-29.1.cndy4dlioa6mkhobv2p3jtlxg
1790510131430433127|container|exec_start: /bin/sh -c true|8af31d2d8b89178f5f1863bfaeab5e98fbf3c39910b24ecdfe27de8e995a5e4b|t20-lat-svc-29.1.cndy4dlioa6mkhobv2p3jtlxg
1790510131455223730|container|exec_die|8af31d2d8b89178f5f1863bfaeab5e98fbf3c39910b24ecdfe27de8e995a5e4b|t20-lat-svc-29.1.cndy4dlioa6mkhobv2p3jtlxg
1790510132455873512|container|exec_create: /bin/sh -c true|8af31d2d8b89178f5f1863bfaeab5e98fbf3c39910b24ecdfe27de8e995a5e4b|t20-lat-svc-29.1.cndy4dlioa6mkhobv2p3jtlxg
1790510132455905145|container|exec_start: /bin/sh -c true|8af31d2d8b89178f5f1863bfaeab5e98fbf3c39910b24ecdfe27de8e995a5e4b|t20-lat-svc-29.1.cndy4dlioa6mkhobv2p3jtlxg
1790510132480254916|container|exec_die|8af31d2d8b89178f5f1863bfaeab5e98fbf3c39910b24ecdfe27de8e995a5e4b|t20-lat-svc-29.1.cndy4dlioa6mkhobv2p3jtlxg
1790510133481115199|container|exec_create: /bin/sh -c true|8af31d2d8b89178f5f1863bfaeab5e98fbf3c39910b24ecdfe27de8e995a5e4b|t20-lat-svc-29.1.cndy4dlioa6mkhobv2p3jtlxg
1790510133481141155|container|exec_start: /bin/sh -c true|8af31d2d8b89178f5f1863bfaeab5e98fbf3c39910b24ecdfe27de8e995a5e4b|t20-lat-svc-29.1.cndy4dlioa6mkhobv2p3jtlxg
1790510133506242853|container|exec_die|8af31d2d8b89178f5f1863bfaeab5e98fbf3c39910b24ecdfe27de8e995a5e4b|t20-lat-svc-29.1.cndy4dlioa6mkhobv2p3jtlxg
1790510134507232461|container|exec_create: /bin/sh -c true|8af31d2d8b89178f5f1863bfaeab5e98fbf3c39910b24ecdfe27de8e995a5e4b|t20-lat-svc-29.1.cndy4dlioa6mkhobv2p3jtlxg
1790510134507257255|container|exec_start: /bin/sh -c true|8af31d2d8b89178f5f1863bfaeab5e98fbf3c39910b24ecdfe27de8e995a5e4b|t20-lat-svc-29.1.cndy4dlioa6mkhobv2p3jtlxg
1790510134532397079|container|exec_die|8af31d2d8b89178f5f1863bfaeab5e98fbf3c39910b24ecdfe27de8e995a5e4b|t20-lat-svc-29.1.cndy4dlioa6mkhobv2p3jtlxg
1790510135533108047|container|exec_create: /bin/sh -c true|8af31d2d8b89178f5f1863bfaeab5e98fbf3c39910b24ecdfe27de8e995a5e4b|t20-lat-svc-29.1.cndy4dlioa6mkhobv2p3jtlxg
1790510135533148598|container|exec_start: /bin/sh -c true|8af31d2d8b89178f5f1863bfaeab5e98fbf3c39910b24ecdfe27de8e995a5e4b|t20-lat-svc-29.1.cndy4dlioa6mkhobv2p3jtlxg
1790510135558184005|container|exec_die|8af31d2d8b89178f5f1863bfaeab5e98fbf3c39910b24ecdfe27de8e995a5e4b|t20-lat-svc-29.1.cndy4dlioa6mkhobv2p3jtlxg
1790510135963396761|container|kill|8af31d2d8b89178f5f1863bfaeab5e98fbf3c39910b24ecdfe27de8e995a5e4b|t20-lat-svc-29.1.cndy4dlioa6mkhobv2p3jtlxg
1790510136119188933|network|disconnect|9851beeca5de58663c77abfb043b973396bb3f7f9aea89861e7e36f8f7713117|bridge
1790510136128995373|container|stop|8af31d2d8b89178f5f1863bfaeab5e98fbf3c39910b24ecdfe27de8e995a5e4b|t20-lat-svc-29.1.cndy4dlioa6mkhobv2p3jtlxg
1790510136138260486|container|die|8af31d2d8b89178f5f1863bfaeab5e98fbf3c39910b24ecdfe27de8e995a5e4b|t20-lat-svc-29.1.cndy4dlioa6mkhobv2p3jtlxg
1790510136574758315|container|destroy|8af31d2d8b89178f5f1863bfaeab5e98fbf3c39910b24ecdfe27de8e995a5e4b|t20-lat-svc-29.1.cndy4dlioa6mkhobv2p3jtlxg
1790510142068193652|service|create|2y5gvw05kgtpefesv5y67j1fo|t20-lat-svc-30
1790510142320442148|container|create|0c057ba0075c53d2ea24c1924556c4950344669cca966c5426d9c640e2673a21|t20-lat-svc-30.1.h3as5h40tlqpauqpszxehn8r4
1790510142447286889|network|connect|9851beeca5de58663c77abfb043b973396bb3f7f9aea89861e7e36f8f7713117|bridge
1790510142465401044|container|start|0c057ba0075c53d2ea24c1924556c4950344669cca966c5426d9c640e2673a21|t20-lat-svc-30.1.h3as5h40tlqpauqpszxehn8r4
1790510143466582156|container|exec_create: /bin/sh -c true|0c057ba0075c53d2ea24c1924556c4950344669cca966c5426d9c640e2673a21|t20-lat-svc-30.1.h3as5h40tlqpauqpszxehn8r4
1790510143466654915|container|exec_start: /bin/sh -c true|0c057ba0075c53d2ea24c1924556c4950344669cca966c5426d9c640e2673a21|t20-lat-svc-30.1.h3as5h40tlqpauqpszxehn8r4
1790510143491685308|container|exec_die|0c057ba0075c53d2ea24c1924556c4950344669cca966c5426d9c640e2673a21|t20-lat-svc-30.1.h3as5h40tlqpauqpszxehn8r4
1790510143491937558|container|health_status: healthy|0c057ba0075c53d2ea24c1924556c4950344669cca966c5426d9c640e2673a21|t20-lat-svc-30.1.h3as5h40tlqpauqpszxehn8r4
1790510144132765304|service|update|2y5gvw05kgtpefesv5y67j1fo|t20-lat-svc-30
1790510144135620104|service|update|2y5gvw05kgtpefesv5y67j1fo|t20-lat-svc-30
1790510144400551755|container|create|187cff7ee328758d3988160184586885f9d0c6a6ed7ca730342c75961fb3d553|t20-lat-svc-30.1.mguplm5zvo3exiz876c2vkjul
1790510144492657246|container|exec_create: /bin/sh -c true|0c057ba0075c53d2ea24c1924556c4950344669cca966c5426d9c640e2673a21|t20-lat-svc-30.1.h3as5h40tlqpauqpszxehn8r4
1790510144492697257|container|exec_start: /bin/sh -c true|0c057ba0075c53d2ea24c1924556c4950344669cca966c5426d9c640e2673a21|t20-lat-svc-30.1.h3as5h40tlqpauqpszxehn8r4
1790510144516782662|container|exec_die|0c057ba0075c53d2ea24c1924556c4950344669cca966c5426d9c640e2673a21|t20-lat-svc-30.1.h3as5h40tlqpauqpszxehn8r4
1790510145326797484|container|kill|0c057ba0075c53d2ea24c1924556c4950344669cca966c5426d9c640e2673a21|t20-lat-svc-30.1.h3as5h40tlqpauqpszxehn8r4
1790510145517625050|container|exec_create: /bin/sh -c true|0c057ba0075c53d2ea24c1924556c4950344669cca966c5426d9c640e2673a21|t20-lat-svc-30.1.h3as5h40tlqpauqpszxehn8r4
1790510145517650097|container|exec_start: /bin/sh -c true|0c057ba0075c53d2ea24c1924556c4950344669cca966c5426d9c640e2673a21|t20-lat-svc-30.1.h3as5h40tlqpauqpszxehn8r4
1790510145542898644|container|exec_die|0c057ba0075c53d2ea24c1924556c4950344669cca966c5426d9c640e2673a21|t20-lat-svc-30.1.h3as5h40tlqpauqpszxehn8r4
1790510146543564434|container|exec_create: /bin/sh -c true|0c057ba0075c53d2ea24c1924556c4950344669cca966c5426d9c640e2673a21|t20-lat-svc-30.1.h3as5h40tlqpauqpszxehn8r4
1790510146543591488|container|exec_start: /bin/sh -c true|0c057ba0075c53d2ea24c1924556c4950344669cca966c5426d9c640e2673a21|t20-lat-svc-30.1.h3as5h40tlqpauqpszxehn8r4
1790510146568911958|container|exec_die|0c057ba0075c53d2ea24c1924556c4950344669cca966c5426d9c640e2673a21|t20-lat-svc-30.1.h3as5h40tlqpauqpszxehn8r4
1790510147570031489|container|exec_create: /bin/sh -c true|0c057ba0075c53d2ea24c1924556c4950344669cca966c5426d9c640e2673a21|t20-lat-svc-30.1.h3as5h40tlqpauqpszxehn8r4
1790510147570065213|container|exec_start: /bin/sh -c true|0c057ba0075c53d2ea24c1924556c4950344669cca966c5426d9c640e2673a21|t20-lat-svc-30.1.h3as5h40tlqpauqpszxehn8r4
1790510147594705132|container|exec_die|0c057ba0075c53d2ea24c1924556c4950344669cca966c5426d9c640e2673a21|t20-lat-svc-30.1.h3as5h40tlqpauqpszxehn8r4
1790510148595083408|container|exec_create: /bin/sh -c true|0c057ba0075c53d2ea24c1924556c4950344669cca966c5426d9c640e2673a21|t20-lat-svc-30.1.h3as5h40tlqpauqpszxehn8r4
1790510148595111524|container|exec_start: /bin/sh -c true|0c057ba0075c53d2ea24c1924556c4950344669cca966c5426d9c640e2673a21|t20-lat-svc-30.1.h3as5h40tlqpauqpszxehn8r4
1790510148619836270|container|exec_die|0c057ba0075c53d2ea24c1924556c4950344669cca966c5426d9c640e2673a21|t20-lat-svc-30.1.h3as5h40tlqpauqpszxehn8r4
1790510149620914799|container|exec_create: /bin/sh -c true|0c057ba0075c53d2ea24c1924556c4950344669cca966c5426d9c640e2673a21|t20-lat-svc-30.1.h3as5h40tlqpauqpszxehn8r4
1790510149620939612|container|exec_start: /bin/sh -c true|0c057ba0075c53d2ea24c1924556c4950344669cca966c5426d9c640e2673a21|t20-lat-svc-30.1.h3as5h40tlqpauqpszxehn8r4
1790510149646049832|container|exec_die|0c057ba0075c53d2ea24c1924556c4950344669cca966c5426d9c640e2673a21|t20-lat-svc-30.1.h3as5h40tlqpauqpszxehn8r4
1790510150647289559|container|exec_create: /bin/sh -c true|0c057ba0075c53d2ea24c1924556c4950344669cca966c5426d9c640e2673a21|t20-lat-svc-30.1.h3as5h40tlqpauqpszxehn8r4
1790510150647317759|container|exec_start: /bin/sh -c true|0c057ba0075c53d2ea24c1924556c4950344669cca966c5426d9c640e2673a21|t20-lat-svc-30.1.h3as5h40tlqpauqpszxehn8r4
1790510150672946965|container|exec_die|0c057ba0075c53d2ea24c1924556c4950344669cca966c5426d9c640e2673a21|t20-lat-svc-30.1.h3as5h40tlqpauqpszxehn8r4
1790510151673732952|container|exec_create: /bin/sh -c true|0c057ba0075c53d2ea24c1924556c4950344669cca966c5426d9c640e2673a21|t20-lat-svc-30.1.h3as5h40tlqpauqpszxehn8r4
1790510151673761186|container|exec_start: /bin/sh -c true|0c057ba0075c53d2ea24c1924556c4950344669cca966c5426d9c640e2673a21|t20-lat-svc-30.1.h3as5h40tlqpauqpszxehn8r4
1790510151698827673|container|exec_die|0c057ba0075c53d2ea24c1924556c4950344669cca966c5426d9c640e2673a21|t20-lat-svc-30.1.h3as5h40tlqpauqpszxehn8r4
1790510152698040345|container|exec_create: /bin/sh -c true|0c057ba0075c53d2ea24c1924556c4950344669cca966c5426d9c640e2673a21|t20-lat-svc-30.1.h3as5h40tlqpauqpszxehn8r4
1790510152698076259|container|exec_start: /bin/sh -c true|0c057ba0075c53d2ea24c1924556c4950344669cca966c5426d9c640e2673a21|t20-lat-svc-30.1.h3as5h40tlqpauqpszxehn8r4
1790510152721463204|container|exec_die|0c057ba0075c53d2ea24c1924556c4950344669cca966c5426d9c640e2673a21|t20-lat-svc-30.1.h3as5h40tlqpauqpszxehn8r4
1790510153722492613|container|exec_create: /bin/sh -c true|0c057ba0075c53d2ea24c1924556c4950344669cca966c5426d9c640e2673a21|t20-lat-svc-30.1.h3as5h40tlqpauqpszxehn8r4
1790510153722530325|container|exec_start: /bin/sh -c true|0c057ba0075c53d2ea24c1924556c4950344669cca966c5426d9c640e2673a21|t20-lat-svc-30.1.h3as5h40tlqpauqpszxehn8r4
1790510153747645737|container|exec_die|0c057ba0075c53d2ea24c1924556c4950344669cca966c5426d9c640e2673a21|t20-lat-svc-30.1.h3as5h40tlqpauqpszxehn8r4
1790510154748379698|container|exec_create: /bin/sh -c true|0c057ba0075c53d2ea24c1924556c4950344669cca966c5426d9c640e2673a21|t20-lat-svc-30.1.h3as5h40tlqpauqpszxehn8r4
1790510154748419519|container|exec_start: /bin/sh -c true|0c057ba0075c53d2ea24c1924556c4950344669cca966c5426d9c640e2673a21|t20-lat-svc-30.1.h3as5h40tlqpauqpszxehn8r4
1790510154772517798|container|exec_die|0c057ba0075c53d2ea24c1924556c4950344669cca966c5426d9c640e2673a21|t20-lat-svc-30.1.h3as5h40tlqpauqpszxehn8r4
1790510155339942461|container|kill|0c057ba0075c53d2ea24c1924556c4950344669cca966c5426d9c640e2673a21|t20-lat-svc-30.1.h3as5h40tlqpauqpszxehn8r4
1790510155499554036|network|disconnect|9851beeca5de58663c77abfb043b973396bb3f7f9aea89861e7e36f8f7713117|bridge
1790510155506081195|container|stop|0c057ba0075c53d2ea24c1924556c4950344669cca966c5426d9c640e2673a21|t20-lat-svc-30.1.h3as5h40tlqpauqpszxehn8r4
1790510155513545114|container|die|0c057ba0075c53d2ea24c1924556c4950344669cca966c5426d9c640e2673a21|t20-lat-svc-30.1.h3as5h40tlqpauqpszxehn8r4
1790510155835601363|network|connect|9851beeca5de58663c77abfb043b973396bb3f7f9aea89861e7e36f8f7713117|bridge
1790510155852531789|container|start|187cff7ee328758d3988160184586885f9d0c6a6ed7ca730342c75961fb3d553|t20-lat-svc-30.1.mguplm5zvo3exiz876c2vkjul
1790510156853007984|container|exec_create: /bin/sh -c true|187cff7ee328758d3988160184586885f9d0c6a6ed7ca730342c75961fb3d553|t20-lat-svc-30.1.mguplm5zvo3exiz876c2vkjul
1790510156853078148|container|exec_start: /bin/sh -c true|187cff7ee328758d3988160184586885f9d0c6a6ed7ca730342c75961fb3d553|t20-lat-svc-30.1.mguplm5zvo3exiz876c2vkjul
1790510156878936956|container|exec_die|187cff7ee328758d3988160184586885f9d0c6a6ed7ca730342c75961fb3d553|t20-lat-svc-30.1.mguplm5zvo3exiz876c2vkjul
1790510156879150042|container|health_status: healthy|187cff7ee328758d3988160184586885f9d0c6a6ed7ca730342c75961fb3d553|t20-lat-svc-30.1.mguplm5zvo3exiz876c2vkjul
1790510157419788691|service|remove|2y5gvw05kgtpefesv5y67j1fo|t20-lat-svc-30
1790510157815249722|container|destroy|0c057ba0075c53d2ea24c1924556c4950344669cca966c5426d9c640e2673a21|t20-lat-svc-30.1.h3as5h40tlqpauqpszxehn8r4
1790510157879848253|container|exec_create: /bin/sh -c true|187cff7ee328758d3988160184586885f9d0c6a6ed7ca730342c75961fb3d553|t20-lat-svc-30.1.mguplm5zvo3exiz876c2vkjul
1790510157879872960|container|exec_start: /bin/sh -c true|187cff7ee328758d3988160184586885f9d0c6a6ed7ca730342c75961fb3d553|t20-lat-svc-30.1.mguplm5zvo3exiz876c2vkjul
1790510157904758759|container|exec_die|187cff7ee328758d3988160184586885f9d0c6a6ed7ca730342c75961fb3d553|t20-lat-svc-30.1.mguplm5zvo3exiz876c2vkjul
1790510158548967624|container|kill|187cff7ee328758d3988160184586885f9d0c6a6ed7ca730342c75961fb3d553|t20-lat-svc-30.1.mguplm5zvo3exiz876c2vkjul
1790510158905529202|container|exec_create: /bin/sh -c true|187cff7ee328758d3988160184586885f9d0c6a6ed7ca730342c75961fb3d553|t20-lat-svc-30.1.mguplm5zvo3exiz876c2vkjul
1790510158905565466|container|exec_start: /bin/sh -c true|187cff7ee328758d3988160184586885f9d0c6a6ed7ca730342c75961fb3d553|t20-lat-svc-30.1.mguplm5zvo3exiz876c2vkjul
1790510158930978450|container|exec_die|187cff7ee328758d3988160184586885f9d0c6a6ed7ca730342c75961fb3d553|t20-lat-svc-30.1.mguplm5zvo3exiz876c2vkjul
1790510159931450566|container|exec_create: /bin/sh -c true|187cff7ee328758d3988160184586885f9d0c6a6ed7ca730342c75961fb3d553|t20-lat-svc-30.1.mguplm5zvo3exiz876c2vkjul
1790510159931479200|container|exec_start: /bin/sh -c true|187cff7ee328758d3988160184586885f9d0c6a6ed7ca730342c75961fb3d553|t20-lat-svc-30.1.mguplm5zvo3exiz876c2vkjul
1790510159956864653|container|exec_die|187cff7ee328758d3988160184586885f9d0c6a6ed7ca730342c75961fb3d553|t20-lat-svc-30.1.mguplm5zvo3exiz876c2vkjul
1790510160957920742|container|exec_create: /bin/sh -c true|187cff7ee328758d3988160184586885f9d0c6a6ed7ca730342c75961fb3d553|t20-lat-svc-30.1.mguplm5zvo3exiz876c2vkjul
1790510160957965245|container|exec_start: /bin/sh -c true|187cff7ee328758d3988160184586885f9d0c6a6ed7ca730342c75961fb3d553|t20-lat-svc-30.1.mguplm5zvo3exiz876c2vkjul
1790510160981706859|container|exec_die|187cff7ee328758d3988160184586885f9d0c6a6ed7ca730342c75961fb3d553|t20-lat-svc-30.1.mguplm5zvo3exiz876c2vkjul
1790510161982243076|container|exec_create: /bin/sh -c true|187cff7ee328758d3988160184586885f9d0c6a6ed7ca730342c75961fb3d553|t20-lat-svc-30.1.mguplm5zvo3exiz876c2vkjul
1790510161982275407|container|exec_start: /bin/sh -c true|187cff7ee328758d3988160184586885f9d0c6a6ed7ca730342c75961fb3d553|t20-lat-svc-30.1.mguplm5zvo3exiz876c2vkjul
1790510162008173703|container|exec_die|187cff7ee328758d3988160184586885f9d0c6a6ed7ca730342c75961fb3d553|t20-lat-svc-30.1.mguplm5zvo3exiz876c2vkjul
1790510163009067199|container|exec_create: /bin/sh -c true|187cff7ee328758d3988160184586885f9d0c6a6ed7ca730342c75961fb3d553|t20-lat-svc-30.1.mguplm5zvo3exiz876c2vkjul
1790510163009101223|container|exec_start: /bin/sh -c true|187cff7ee328758d3988160184586885f9d0c6a6ed7ca730342c75961fb3d553|t20-lat-svc-30.1.mguplm5zvo3exiz876c2vkjul
1790510163033922337|container|exec_die|187cff7ee328758d3988160184586885f9d0c6a6ed7ca730342c75961fb3d553|t20-lat-svc-30.1.mguplm5zvo3exiz876c2vkjul
1790510164034221372|container|exec_create: /bin/sh -c true|187cff7ee328758d3988160184586885f9d0c6a6ed7ca730342c75961fb3d553|t20-lat-svc-30.1.mguplm5zvo3exiz876c2vkjul
1790510164034262380|container|exec_start: /bin/sh -c true|187cff7ee328758d3988160184586885f9d0c6a6ed7ca730342c75961fb3d553|t20-lat-svc-30.1.mguplm5zvo3exiz876c2vkjul
1790510164058940395|container|exec_die|187cff7ee328758d3988160184586885f9d0c6a6ed7ca730342c75961fb3d553|t20-lat-svc-30.1.mguplm5zvo3exiz876c2vkjul
1790510165059844725|container|exec_create: /bin/sh -c true|187cff7ee328758d3988160184586885f9d0c6a6ed7ca730342c75961fb3d553|t20-lat-svc-30.1.mguplm5zvo3exiz876c2vkjul
1790510165059869408|container|exec_start: /bin/sh -c true|187cff7ee328758d3988160184586885f9d0c6a6ed7ca730342c75961fb3d553|t20-lat-svc-30.1.mguplm5zvo3exiz876c2vkjul
1790510165083809220|container|exec_die|187cff7ee328758d3988160184586885f9d0c6a6ed7ca730342c75961fb3d553|t20-lat-svc-30.1.mguplm5zvo3exiz876c2vkjul
1790510166084986454|container|exec_create: /bin/sh -c true|187cff7ee328758d3988160184586885f9d0c6a6ed7ca730342c75961fb3d553|t20-lat-svc-30.1.mguplm5zvo3exiz876c2vkjul
1790510166085012585|container|exec_start: /bin/sh -c true|187cff7ee328758d3988160184586885f9d0c6a6ed7ca730342c75961fb3d553|t20-lat-svc-30.1.mguplm5zvo3exiz876c2vkjul
1790510166110049643|container|exec_die|187cff7ee328758d3988160184586885f9d0c6a6ed7ca730342c75961fb3d553|t20-lat-svc-30.1.mguplm5zvo3exiz876c2vkjul
1790510167110637734|container|exec_create: /bin/sh -c true|187cff7ee328758d3988160184586885f9d0c6a6ed7ca730342c75961fb3d553|t20-lat-svc-30.1.mguplm5zvo3exiz876c2vkjul
1790510167110675103|container|exec_start: /bin/sh -c true|187cff7ee328758d3988160184586885f9d0c6a6ed7ca730342c75961fb3d553|t20-lat-svc-30.1.mguplm5zvo3exiz876c2vkjul
1790510167136092671|container|exec_die|187cff7ee328758d3988160184586885f9d0c6a6ed7ca730342c75961fb3d553|t20-lat-svc-30.1.mguplm5zvo3exiz876c2vkjul
1790510168136897343|container|exec_create: /bin/sh -c true|187cff7ee328758d3988160184586885f9d0c6a6ed7ca730342c75961fb3d553|t20-lat-svc-30.1.mguplm5zvo3exiz876c2vkjul
1790510168136934374|container|exec_start: /bin/sh -c true|187cff7ee328758d3988160184586885f9d0c6a6ed7ca730342c75961fb3d553|t20-lat-svc-30.1.mguplm5zvo3exiz876c2vkjul
1790510168162314271|container|exec_die|187cff7ee328758d3988160184586885f9d0c6a6ed7ca730342c75961fb3d553|t20-lat-svc-30.1.mguplm5zvo3exiz876c2vkjul
1790510168563210772|container|kill|187cff7ee328758d3988160184586885f9d0c6a6ed7ca730342c75961fb3d553|t20-lat-svc-30.1.mguplm5zvo3exiz876c2vkjul
1790510168732992527|network|disconnect|9851beeca5de58663c77abfb043b973396bb3f7f9aea89861e7e36f8f7713117|bridge
1790510168748964399|container|stop|187cff7ee328758d3988160184586885f9d0c6a6ed7ca730342c75961fb3d553|t20-lat-svc-30.1.mguplm5zvo3exiz876c2vkjul
1790510168759056992|container|die|187cff7ee328758d3988160184586885f9d0c6a6ed7ca730342c75961fb3d553|t20-lat-svc-30.1.mguplm5zvo3exiz876c2vkjul
1790510169198910577|container|destroy|187cff7ee328758d3988160184586885f9d0c6a6ed7ca730342c75961fb3d553|t20-lat-svc-30.1.mguplm5zvo3exiz876c2vkjul
1790510169737032958|container|create|430cada928964887dd7a8bded55dcbfeb9f19086c7a8578189b3a08130c9e60c|t20-lat-ctr-1
1790510169862121866|network|connect|9851beeca5de58663c77abfb043b973396bb3f7f9aea89861e7e36f8f7713117|bridge
1790510169880049529|container|start|430cada928964887dd7a8bded55dcbfeb9f19086c7a8578189b3a08130c9e60c|t20-lat-ctr-1
1790510170880801653|container|exec_create: /bin/sh -c true|430cada928964887dd7a8bded55dcbfeb9f19086c7a8578189b3a08130c9e60c|t20-lat-ctr-1
1790510170880826459|container|exec_start: /bin/sh -c true|430cada928964887dd7a8bded55dcbfeb9f19086c7a8578189b3a08130c9e60c|t20-lat-ctr-1
1790510170905409071|container|exec_die|430cada928964887dd7a8bded55dcbfeb9f19086c7a8578189b3a08130c9e60c|t20-lat-ctr-1
1790510170905570709|container|health_status: healthy|430cada928964887dd7a8bded55dcbfeb9f19086c7a8578189b3a08130c9e60c|t20-lat-ctr-1
1790510171906711310|container|exec_create: /bin/sh -c true|430cada928964887dd7a8bded55dcbfeb9f19086c7a8578189b3a08130c9e60c|t20-lat-ctr-1
1790510171906800043|container|exec_start: /bin/sh -c true|430cada928964887dd7a8bded55dcbfeb9f19086c7a8578189b3a08130c9e60c|t20-lat-ctr-1
1790510171932186505|container|exec_die|430cada928964887dd7a8bded55dcbfeb9f19086c7a8578189b3a08130c9e60c|t20-lat-ctr-1
1790510171944032212|container|kill|430cada928964887dd7a8bded55dcbfeb9f19086c7a8578189b3a08130c9e60c|t20-lat-ctr-1
1790510172944808532|container|exec_create: /bin/sh -c true|430cada928964887dd7a8bded55dcbfeb9f19086c7a8578189b3a08130c9e60c|t20-lat-ctr-1
1790510172944833054|container|exec_start: /bin/sh -c true|430cada928964887dd7a8bded55dcbfeb9f19086c7a8578189b3a08130c9e60c|t20-lat-ctr-1
1790510172969173751|container|exec_die|430cada928964887dd7a8bded55dcbfeb9f19086c7a8578189b3a08130c9e60c|t20-lat-ctr-1
1790510173970367111|container|exec_create: /bin/sh -c true|430cada928964887dd7a8bded55dcbfeb9f19086c7a8578189b3a08130c9e60c|t20-lat-ctr-1
1790510173970399265|container|exec_start: /bin/sh -c true|430cada928964887dd7a8bded55dcbfeb9f19086c7a8578189b3a08130c9e60c|t20-lat-ctr-1
1790510173995345404|container|exec_die|430cada928964887dd7a8bded55dcbfeb9f19086c7a8578189b3a08130c9e60c|t20-lat-ctr-1
1790510174995958597|container|exec_create: /bin/sh -c true|430cada928964887dd7a8bded55dcbfeb9f19086c7a8578189b3a08130c9e60c|t20-lat-ctr-1
1790510174995994245|container|exec_start: /bin/sh -c true|430cada928964887dd7a8bded55dcbfeb9f19086c7a8578189b3a08130c9e60c|t20-lat-ctr-1
1790510175020452963|container|exec_die|430cada928964887dd7a8bded55dcbfeb9f19086c7a8578189b3a08130c9e60c|t20-lat-ctr-1
1790510176020986584|container|exec_create: /bin/sh -c true|430cada928964887dd7a8bded55dcbfeb9f19086c7a8578189b3a08130c9e60c|t20-lat-ctr-1
1790510176021020226|container|exec_start: /bin/sh -c true|430cada928964887dd7a8bded55dcbfeb9f19086c7a8578189b3a08130c9e60c|t20-lat-ctr-1
1790510176046493960|container|exec_die|430cada928964887dd7a8bded55dcbfeb9f19086c7a8578189b3a08130c9e60c|t20-lat-ctr-1
1790510177047085508|container|exec_create: /bin/sh -c true|430cada928964887dd7a8bded55dcbfeb9f19086c7a8578189b3a08130c9e60c|t20-lat-ctr-1
1790510177047114717|container|exec_start: /bin/sh -c true|430cada928964887dd7a8bded55dcbfeb9f19086c7a8578189b3a08130c9e60c|t20-lat-ctr-1
1790510177071423296|container|exec_die|430cada928964887dd7a8bded55dcbfeb9f19086c7a8578189b3a08130c9e60c|t20-lat-ctr-1
1790510178072602524|container|exec_create: /bin/sh -c true|430cada928964887dd7a8bded55dcbfeb9f19086c7a8578189b3a08130c9e60c|t20-lat-ctr-1
1790510178072644320|container|exec_start: /bin/sh -c true|430cada928964887dd7a8bded55dcbfeb9f19086c7a8578189b3a08130c9e60c|t20-lat-ctr-1
1790510178097594335|container|exec_die|430cada928964887dd7a8bded55dcbfeb9f19086c7a8578189b3a08130c9e60c|t20-lat-ctr-1
1790510179098412707|container|exec_create: /bin/sh -c true|430cada928964887dd7a8bded55dcbfeb9f19086c7a8578189b3a08130c9e60c|t20-lat-ctr-1
1790510179098451630|container|exec_start: /bin/sh -c true|430cada928964887dd7a8bded55dcbfeb9f19086c7a8578189b3a08130c9e60c|t20-lat-ctr-1
1790510179123683391|container|exec_die|430cada928964887dd7a8bded55dcbfeb9f19086c7a8578189b3a08130c9e60c|t20-lat-ctr-1
1790510180124343227|container|exec_create: /bin/sh -c true|430cada928964887dd7a8bded55dcbfeb9f19086c7a8578189b3a08130c9e60c|t20-lat-ctr-1
1790510180124369272|container|exec_start: /bin/sh -c true|430cada928964887dd7a8bded55dcbfeb9f19086c7a8578189b3a08130c9e60c|t20-lat-ctr-1
1790510180148992769|container|exec_die|430cada928964887dd7a8bded55dcbfeb9f19086c7a8578189b3a08130c9e60c|t20-lat-ctr-1
1790510181150015004|container|exec_create: /bin/sh -c true|430cada928964887dd7a8bded55dcbfeb9f19086c7a8578189b3a08130c9e60c|t20-lat-ctr-1
1790510181150046521|container|exec_start: /bin/sh -c true|430cada928964887dd7a8bded55dcbfeb9f19086c7a8578189b3a08130c9e60c|t20-lat-ctr-1
1790510181174658110|container|exec_die|430cada928964887dd7a8bded55dcbfeb9f19086c7a8578189b3a08130c9e60c|t20-lat-ctr-1
1790510181959676663|container|kill|430cada928964887dd7a8bded55dcbfeb9f19086c7a8578189b3a08130c9e60c|t20-lat-ctr-1
1790510182144473369|network|disconnect|9851beeca5de58663c77abfb043b973396bb3f7f9aea89861e7e36f8f7713117|bridge
1790510182154158634|container|stop|430cada928964887dd7a8bded55dcbfeb9f19086c7a8578189b3a08130c9e60c|t20-lat-ctr-1
1790510182162681222|container|die|430cada928964887dd7a8bded55dcbfeb9f19086c7a8578189b3a08130c9e60c|t20-lat-ctr-1
1790510182221153076|container|destroy|430cada928964887dd7a8bded55dcbfeb9f19086c7a8578189b3a08130c9e60c|t20-lat-ctr-1
1790510182306548484|container|create|9b0a6e441bb6e8565d31dd5a6a07e85c7cf9203ae8c579e185201d8bed966a9f|t20-lat-ctr-2
1790510182448572574|network|connect|9851beeca5de58663c77abfb043b973396bb3f7f9aea89861e7e36f8f7713117|bridge
1790510182466514517|container|start|9b0a6e441bb6e8565d31dd5a6a07e85c7cf9203ae8c579e185201d8bed966a9f|t20-lat-ctr-2
1790510183467224969|container|exec_create: /bin/sh -c true|9b0a6e441bb6e8565d31dd5a6a07e85c7cf9203ae8c579e185201d8bed966a9f|t20-lat-ctr-2
1790510183467248388|container|exec_start: /bin/sh -c true|9b0a6e441bb6e8565d31dd5a6a07e85c7cf9203ae8c579e185201d8bed966a9f|t20-lat-ctr-2
1790510183491963468|container|exec_die|9b0a6e441bb6e8565d31dd5a6a07e85c7cf9203ae8c579e185201d8bed966a9f|t20-lat-ctr-2
1790510183492137733|container|health_status: healthy|9b0a6e441bb6e8565d31dd5a6a07e85c7cf9203ae8c579e185201d8bed966a9f|t20-lat-ctr-2
1790510184492650407|container|exec_create: /bin/sh -c true|9b0a6e441bb6e8565d31dd5a6a07e85c7cf9203ae8c579e185201d8bed966a9f|t20-lat-ctr-2
1790510184492683493|container|exec_start: /bin/sh -c true|9b0a6e441bb6e8565d31dd5a6a07e85c7cf9203ae8c579e185201d8bed966a9f|t20-lat-ctr-2
1790510184517884926|container|exec_die|9b0a6e441bb6e8565d31dd5a6a07e85c7cf9203ae8c579e185201d8bed966a9f|t20-lat-ctr-2
1790510184528381234|container|kill|9b0a6e441bb6e8565d31dd5a6a07e85c7cf9203ae8c579e185201d8bed966a9f|t20-lat-ctr-2
1790510185528954826|container|exec_create: /bin/sh -c true|9b0a6e441bb6e8565d31dd5a6a07e85c7cf9203ae8c579e185201d8bed966a9f|t20-lat-ctr-2
1790510185528991934|container|exec_start: /bin/sh -c true|9b0a6e441bb6e8565d31dd5a6a07e85c7cf9203ae8c579e185201d8bed966a9f|t20-lat-ctr-2
1790510185554028778|container|exec_die|9b0a6e441bb6e8565d31dd5a6a07e85c7cf9203ae8c579e185201d8bed966a9f|t20-lat-ctr-2
1790510186554667604|container|exec_create: /bin/sh -c true|9b0a6e441bb6e8565d31dd5a6a07e85c7cf9203ae8c579e185201d8bed966a9f|t20-lat-ctr-2
1790510186554693568|container|exec_start: /bin/sh -c true|9b0a6e441bb6e8565d31dd5a6a07e85c7cf9203ae8c579e185201d8bed966a9f|t20-lat-ctr-2
1790510186578818847|container|exec_die|9b0a6e441bb6e8565d31dd5a6a07e85c7cf9203ae8c579e185201d8bed966a9f|t20-lat-ctr-2
1790510187579695212|container|exec_create: /bin/sh -c true|9b0a6e441bb6e8565d31dd5a6a07e85c7cf9203ae8c579e185201d8bed966a9f|t20-lat-ctr-2
1790510187579729016|container|exec_start: /bin/sh -c true|9b0a6e441bb6e8565d31dd5a6a07e85c7cf9203ae8c579e185201d8bed966a9f|t20-lat-ctr-2
1790510187604911414|container|exec_die|9b0a6e441bb6e8565d31dd5a6a07e85c7cf9203ae8c579e185201d8bed966a9f|t20-lat-ctr-2
1790510188605768346|container|exec_create: /bin/sh -c true|9b0a6e441bb6e8565d31dd5a6a07e85c7cf9203ae8c579e185201d8bed966a9f|t20-lat-ctr-2
1790510188605803516|container|exec_start: /bin/sh -c true|9b0a6e441bb6e8565d31dd5a6a07e85c7cf9203ae8c579e185201d8bed966a9f|t20-lat-ctr-2
1790510188630902819|container|exec_die|9b0a6e441bb6e8565d31dd5a6a07e85c7cf9203ae8c579e185201d8bed966a9f|t20-lat-ctr-2
1790510189631816893|container|exec_create: /bin/sh -c true|9b0a6e441bb6e8565d31dd5a6a07e85c7cf9203ae8c579e185201d8bed966a9f|t20-lat-ctr-2
1790510189631851502|container|exec_start: /bin/sh -c true|9b0a6e441bb6e8565d31dd5a6a07e85c7cf9203ae8c579e185201d8bed966a9f|t20-lat-ctr-2
1790510189655984749|container|exec_die|9b0a6e441bb6e8565d31dd5a6a07e85c7cf9203ae8c579e185201d8bed966a9f|t20-lat-ctr-2
1790510190656234608|container|exec_create: /bin/sh -c true|9b0a6e441bb6e8565d31dd5a6a07e85c7cf9203ae8c579e185201d8bed966a9f|t20-lat-ctr-2
1790510190656269979|container|exec_start: /bin/sh -c true|9b0a6e441bb6e8565d31dd5a6a07e85c7cf9203ae8c579e185201d8bed966a9f|t20-lat-ctr-2
1790510190681038141|container|exec_die|9b0a6e441bb6e8565d31dd5a6a07e85c7cf9203ae8c579e185201d8bed966a9f|t20-lat-ctr-2
1790510191681276861|container|exec_create: /bin/sh -c true|9b0a6e441bb6e8565d31dd5a6a07e85c7cf9203ae8c579e185201d8bed966a9f|t20-lat-ctr-2
1790510191681305129|container|exec_start: /bin/sh -c true|9b0a6e441bb6e8565d31dd5a6a07e85c7cf9203ae8c579e185201d8bed966a9f|t20-lat-ctr-2
1790510191706910943|container|exec_die|9b0a6e441bb6e8565d31dd5a6a07e85c7cf9203ae8c579e185201d8bed966a9f|t20-lat-ctr-2
1790510192707366484|container|exec_create: /bin/sh -c true|9b0a6e441bb6e8565d31dd5a6a07e85c7cf9203ae8c579e185201d8bed966a9f|t20-lat-ctr-2
1790510192707389284|container|exec_start: /bin/sh -c true|9b0a6e441bb6e8565d31dd5a6a07e85c7cf9203ae8c579e185201d8bed966a9f|t20-lat-ctr-2
1790510192732309671|container|exec_die|9b0a6e441bb6e8565d31dd5a6a07e85c7cf9203ae8c579e185201d8bed966a9f|t20-lat-ctr-2
1790510193732661903|container|exec_create: /bin/sh -c true|9b0a6e441bb6e8565d31dd5a6a07e85c7cf9203ae8c579e185201d8bed966a9f|t20-lat-ctr-2
1790510193732686020|container|exec_start: /bin/sh -c true|9b0a6e441bb6e8565d31dd5a6a07e85c7cf9203ae8c579e185201d8bed966a9f|t20-lat-ctr-2
1790510193757325573|container|exec_die|9b0a6e441bb6e8565d31dd5a6a07e85c7cf9203ae8c579e185201d8bed966a9f|t20-lat-ctr-2
1790510194543354057|container|kill|9b0a6e441bb6e8565d31dd5a6a07e85c7cf9203ae8c579e185201d8bed966a9f|t20-lat-ctr-2
1790510194707963682|network|disconnect|9851beeca5de58663c77abfb043b973396bb3f7f9aea89861e7e36f8f7713117|bridge
1790510194717649786|container|stop|9b0a6e441bb6e8565d31dd5a6a07e85c7cf9203ae8c579e185201d8bed966a9f|t20-lat-ctr-2
1790510194726014750|container|die|9b0a6e441bb6e8565d31dd5a6a07e85c7cf9203ae8c579e185201d8bed966a9f|t20-lat-ctr-2
1790510194788586246|container|destroy|9b0a6e441bb6e8565d31dd5a6a07e85c7cf9203ae8c579e185201d8bed966a9f|t20-lat-ctr-2
1790510194874048514|container|create|d1226259c5e26315ef23d9247fe880e1523bdda8eefcc4df0442a61f0a96a9cf|t20-lat-ctr-3
1790510195015998849|network|connect|9851beeca5de58663c77abfb043b973396bb3f7f9aea89861e7e36f8f7713117|bridge
1790510195035006267|container|start|d1226259c5e26315ef23d9247fe880e1523bdda8eefcc4df0442a61f0a96a9cf|t20-lat-ctr-3
1790510196035462168|container|exec_create: /bin/sh -c true|d1226259c5e26315ef23d9247fe880e1523bdda8eefcc4df0442a61f0a96a9cf|t20-lat-ctr-3
1790510196035497549|container|exec_start: /bin/sh -c true|d1226259c5e26315ef23d9247fe880e1523bdda8eefcc4df0442a61f0a96a9cf|t20-lat-ctr-3
1790510196062262968|container|exec_die|d1226259c5e26315ef23d9247fe880e1523bdda8eefcc4df0442a61f0a96a9cf|t20-lat-ctr-3
1790510196062456118|container|health_status: healthy|d1226259c5e26315ef23d9247fe880e1523bdda8eefcc4df0442a61f0a96a9cf|t20-lat-ctr-3
1790510197062981283|container|exec_create: /bin/sh -c true|d1226259c5e26315ef23d9247fe880e1523bdda8eefcc4df0442a61f0a96a9cf|t20-lat-ctr-3
1790510197063019333|container|exec_start: /bin/sh -c true|d1226259c5e26315ef23d9247fe880e1523bdda8eefcc4df0442a61f0a96a9cf|t20-lat-ctr-3
1790510197092367536|container|exec_die|d1226259c5e26315ef23d9247fe880e1523bdda8eefcc4df0442a61f0a96a9cf|t20-lat-ctr-3
1790510197099105483|container|kill|d1226259c5e26315ef23d9247fe880e1523bdda8eefcc4df0442a61f0a96a9cf|t20-lat-ctr-3
1790510198099724954|container|exec_create: /bin/sh -c true|d1226259c5e26315ef23d9247fe880e1523bdda8eefcc4df0442a61f0a96a9cf|t20-lat-ctr-3
1790510198099757052|container|exec_start: /bin/sh -c true|d1226259c5e26315ef23d9247fe880e1523bdda8eefcc4df0442a61f0a96a9cf|t20-lat-ctr-3
1790510198124292184|container|exec_die|d1226259c5e26315ef23d9247fe880e1523bdda8eefcc4df0442a61f0a96a9cf|t20-lat-ctr-3
1790510199124964585|container|exec_create: /bin/sh -c true|d1226259c5e26315ef23d9247fe880e1523bdda8eefcc4df0442a61f0a96a9cf|t20-lat-ctr-3
1790510199124988306|container|exec_start: /bin/sh -c true|d1226259c5e26315ef23d9247fe880e1523bdda8eefcc4df0442a61f0a96a9cf|t20-lat-ctr-3
1790510199150342279|container|exec_die|d1226259c5e26315ef23d9247fe880e1523bdda8eefcc4df0442a61f0a96a9cf|t20-lat-ctr-3
1790510200150986523|container|exec_create: /bin/sh -c true|d1226259c5e26315ef23d9247fe880e1523bdda8eefcc4df0442a61f0a96a9cf|t20-lat-ctr-3
1790510200151009943|container|exec_start: /bin/sh -c true|d1226259c5e26315ef23d9247fe880e1523bdda8eefcc4df0442a61f0a96a9cf|t20-lat-ctr-3
1790510200176652243|container|exec_die|d1226259c5e26315ef23d9247fe880e1523bdda8eefcc4df0442a61f0a96a9cf|t20-lat-ctr-3
1790510201177631755|container|exec_create: /bin/sh -c true|d1226259c5e26315ef23d9247fe880e1523bdda8eefcc4df0442a61f0a96a9cf|t20-lat-ctr-3
1790510201177655952|container|exec_start: /bin/sh -c true|d1226259c5e26315ef23d9247fe880e1523bdda8eefcc4df0442a61f0a96a9cf|t20-lat-ctr-3
1790510201202407700|container|exec_die|d1226259c5e26315ef23d9247fe880e1523bdda8eefcc4df0442a61f0a96a9cf|t20-lat-ctr-3
1790510202203218532|container|exec_create: /bin/sh -c true|d1226259c5e26315ef23d9247fe880e1523bdda8eefcc4df0442a61f0a96a9cf|t20-lat-ctr-3
1790510202203244057|container|exec_start: /bin/sh -c true|d1226259c5e26315ef23d9247fe880e1523bdda8eefcc4df0442a61f0a96a9cf|t20-lat-ctr-3
1790510202228553584|container|exec_die|d1226259c5e26315ef23d9247fe880e1523bdda8eefcc4df0442a61f0a96a9cf|t20-lat-ctr-3
1790510203229665182|container|exec_create: /bin/sh -c true|d1226259c5e26315ef23d9247fe880e1523bdda8eefcc4df0442a61f0a96a9cf|t20-lat-ctr-3
1790510203229698788|container|exec_start: /bin/sh -c true|d1226259c5e26315ef23d9247fe880e1523bdda8eefcc4df0442a61f0a96a9cf|t20-lat-ctr-3
1790510203254330580|container|exec_die|d1226259c5e26315ef23d9247fe880e1523bdda8eefcc4df0442a61f0a96a9cf|t20-lat-ctr-3
1790510204254928532|container|exec_create: /bin/sh -c true|d1226259c5e26315ef23d9247fe880e1523bdda8eefcc4df0442a61f0a96a9cf|t20-lat-ctr-3
1790510204254951574|container|exec_start: /bin/sh -c true|d1226259c5e26315ef23d9247fe880e1523bdda8eefcc4df0442a61f0a96a9cf|t20-lat-ctr-3
1790510204279504988|container|exec_die|d1226259c5e26315ef23d9247fe880e1523bdda8eefcc4df0442a61f0a96a9cf|t20-lat-ctr-3
1790510205279788432|container|exec_create: /bin/sh -c true|d1226259c5e26315ef23d9247fe880e1523bdda8eefcc4df0442a61f0a96a9cf|t20-lat-ctr-3
1790510205279811579|container|exec_start: /bin/sh -c true|d1226259c5e26315ef23d9247fe880e1523bdda8eefcc4df0442a61f0a96a9cf|t20-lat-ctr-3
1790510205304540711|container|exec_die|d1226259c5e26315ef23d9247fe880e1523bdda8eefcc4df0442a61f0a96a9cf|t20-lat-ctr-3
1790510206305198121|container|exec_create: /bin/sh -c true|d1226259c5e26315ef23d9247fe880e1523bdda8eefcc4df0442a61f0a96a9cf|t20-lat-ctr-3
1790510206305230936|container|exec_start: /bin/sh -c true|d1226259c5e26315ef23d9247fe880e1523bdda8eefcc4df0442a61f0a96a9cf|t20-lat-ctr-3
1790510206329468599|container|exec_die|d1226259c5e26315ef23d9247fe880e1523bdda8eefcc4df0442a61f0a96a9cf|t20-lat-ctr-3
1790510207113748047|container|kill|d1226259c5e26315ef23d9247fe880e1523bdda8eefcc4df0442a61f0a96a9cf|t20-lat-ctr-3
1790510207256423643|network|disconnect|9851beeca5de58663c77abfb043b973396bb3f7f9aea89861e7e36f8f7713117|bridge
1790510207267304880|container|stop|d1226259c5e26315ef23d9247fe880e1523bdda8eefcc4df0442a61f0a96a9cf|t20-lat-ctr-3
1790510207276466437|container|die|d1226259c5e26315ef23d9247fe880e1523bdda8eefcc4df0442a61f0a96a9cf|t20-lat-ctr-3
1790510207334063836|container|destroy|d1226259c5e26315ef23d9247fe880e1523bdda8eefcc4df0442a61f0a96a9cf|t20-lat-ctr-3
1790510207419541299|container|create|7833d786b0969048cc233f3704398402c12c579143ab1380b2bce5db248095d3|t20-lat-ctr-4
1790510207560345092|network|connect|9851beeca5de58663c77abfb043b973396bb3f7f9aea89861e7e36f8f7713117|bridge
1790510207578454894|container|start|7833d786b0969048cc233f3704398402c12c579143ab1380b2bce5db248095d3|t20-lat-ctr-4
1790510208579018864|container|exec_create: /bin/sh -c true|7833d786b0969048cc233f3704398402c12c579143ab1380b2bce5db248095d3|t20-lat-ctr-4
1790510208579041005|container|exec_start: /bin/sh -c true|7833d786b0969048cc233f3704398402c12c579143ab1380b2bce5db248095d3|t20-lat-ctr-4
1790510208604874548|container|exec_die|7833d786b0969048cc233f3704398402c12c579143ab1380b2bce5db248095d3|t20-lat-ctr-4
1790510208605053464|container|health_status: healthy|7833d786b0969048cc233f3704398402c12c579143ab1380b2bce5db248095d3|t20-lat-ctr-4
1790510209605786918|container|exec_create: /bin/sh -c true|7833d786b0969048cc233f3704398402c12c579143ab1380b2bce5db248095d3|t20-lat-ctr-4
1790510209605835029|container|exec_start: /bin/sh -c true|7833d786b0969048cc233f3704398402c12c579143ab1380b2bce5db248095d3|t20-lat-ctr-4
1790510209632696084|container|exec_die|7833d786b0969048cc233f3704398402c12c579143ab1380b2bce5db248095d3|t20-lat-ctr-4
1790510209643359962|container|kill|7833d786b0969048cc233f3704398402c12c579143ab1380b2bce5db248095d3|t20-lat-ctr-4
1790510210644188531|container|exec_create: /bin/sh -c true|7833d786b0969048cc233f3704398402c12c579143ab1380b2bce5db248095d3|t20-lat-ctr-4
1790510210644212509|container|exec_start: /bin/sh -c true|7833d786b0969048cc233f3704398402c12c579143ab1380b2bce5db248095d3|t20-lat-ctr-4
1790510210668701633|container|exec_die|7833d786b0969048cc233f3704398402c12c579143ab1380b2bce5db248095d3|t20-lat-ctr-4
1790510211670034667|container|exec_create: /bin/sh -c true|7833d786b0969048cc233f3704398402c12c579143ab1380b2bce5db248095d3|t20-lat-ctr-4
1790510211670071835|container|exec_start: /bin/sh -c true|7833d786b0969048cc233f3704398402c12c579143ab1380b2bce5db248095d3|t20-lat-ctr-4
1790510211695839977|container|exec_die|7833d786b0969048cc233f3704398402c12c579143ab1380b2bce5db248095d3|t20-lat-ctr-4
1790510212694787436|container|exec_create: /bin/sh -c true|7833d786b0969048cc233f3704398402c12c579143ab1380b2bce5db248095d3|t20-lat-ctr-4
1790510212694815723|container|exec_start: /bin/sh -c true|7833d786b0969048cc233f3704398402c12c579143ab1380b2bce5db248095d3|t20-lat-ctr-4
1790510212719252175|container|exec_die|7833d786b0969048cc233f3704398402c12c579143ab1380b2bce5db248095d3|t20-lat-ctr-4
1790510213719706124|container|exec_create: /bin/sh -c true|7833d786b0969048cc233f3704398402c12c579143ab1380b2bce5db248095d3|t20-lat-ctr-4
1790510213719742628|container|exec_start: /bin/sh -c true|7833d786b0969048cc233f3704398402c12c579143ab1380b2bce5db248095d3|t20-lat-ctr-4
1790510213744332277|container|exec_die|7833d786b0969048cc233f3704398402c12c579143ab1380b2bce5db248095d3|t20-lat-ctr-4
1790510214745076156|container|exec_create: /bin/sh -c true|7833d786b0969048cc233f3704398402c12c579143ab1380b2bce5db248095d3|t20-lat-ctr-4
1790510214745116549|container|exec_start: /bin/sh -c true|7833d786b0969048cc233f3704398402c12c579143ab1380b2bce5db248095d3|t20-lat-ctr-4
1790510214771287217|container|exec_die|7833d786b0969048cc233f3704398402c12c579143ab1380b2bce5db248095d3|t20-lat-ctr-4
1790510215772614632|container|exec_create: /bin/sh -c true|7833d786b0969048cc233f3704398402c12c579143ab1380b2bce5db248095d3|t20-lat-ctr-4
1790510215772647965|container|exec_start: /bin/sh -c true|7833d786b0969048cc233f3704398402c12c579143ab1380b2bce5db248095d3|t20-lat-ctr-4
1790510215798597584|container|exec_die|7833d786b0969048cc233f3704398402c12c579143ab1380b2bce5db248095d3|t20-lat-ctr-4
1790510216798904272|container|exec_create: /bin/sh -c true|7833d786b0969048cc233f3704398402c12c579143ab1380b2bce5db248095d3|t20-lat-ctr-4
1790510216798944380|container|exec_start: /bin/sh -c true|7833d786b0969048cc233f3704398402c12c579143ab1380b2bce5db248095d3|t20-lat-ctr-4
1790510216824228771|container|exec_die|7833d786b0969048cc233f3704398402c12c579143ab1380b2bce5db248095d3|t20-lat-ctr-4
1790510217825133050|container|exec_create: /bin/sh -c true|7833d786b0969048cc233f3704398402c12c579143ab1380b2bce5db248095d3|t20-lat-ctr-4
1790510217825160031|container|exec_start: /bin/sh -c true|7833d786b0969048cc233f3704398402c12c579143ab1380b2bce5db248095d3|t20-lat-ctr-4
1790510217850504528|container|exec_die|7833d786b0969048cc233f3704398402c12c579143ab1380b2bce5db248095d3|t20-lat-ctr-4
1790510218850852883|container|exec_create: /bin/sh -c true|7833d786b0969048cc233f3704398402c12c579143ab1380b2bce5db248095d3|t20-lat-ctr-4
1790510218850877935|container|exec_start: /bin/sh -c true|7833d786b0969048cc233f3704398402c12c579143ab1380b2bce5db248095d3|t20-lat-ctr-4
1790510218876274007|container|exec_die|7833d786b0969048cc233f3704398402c12c579143ab1380b2bce5db248095d3|t20-lat-ctr-4
1790510219656366656|container|kill|7833d786b0969048cc233f3704398402c12c579143ab1380b2bce5db248095d3|t20-lat-ctr-4
1790510219808876021|network|disconnect|9851beeca5de58663c77abfb043b973396bb3f7f9aea89861e7e36f8f7713117|bridge
1790510219817895586|container|stop|7833d786b0969048cc233f3704398402c12c579143ab1380b2bce5db248095d3|t20-lat-ctr-4
1790510219826359582|container|die|7833d786b0969048cc233f3704398402c12c579143ab1380b2bce5db248095d3|t20-lat-ctr-4
1790510219888639889|container|destroy|7833d786b0969048cc233f3704398402c12c579143ab1380b2bce5db248095d3|t20-lat-ctr-4
1790510219974182728|container|create|277aa68c17cb5662cd40408da00475bd5bfcb08c81981b088bc954d7ce8c4502|t20-lat-ctr-5
1790510220106277188|network|connect|9851beeca5de58663c77abfb043b973396bb3f7f9aea89861e7e36f8f7713117|bridge
1790510220125254569|container|start|277aa68c17cb5662cd40408da00475bd5bfcb08c81981b088bc954d7ce8c4502|t20-lat-ctr-5
1790510221126264076|container|exec_create: /bin/sh -c true|277aa68c17cb5662cd40408da00475bd5bfcb08c81981b088bc954d7ce8c4502|t20-lat-ctr-5
1790510221126297089|container|exec_start: /bin/sh -c true|277aa68c17cb5662cd40408da00475bd5bfcb08c81981b088bc954d7ce8c4502|t20-lat-ctr-5
1790510221151569547|container|exec_die|277aa68c17cb5662cd40408da00475bd5bfcb08c81981b088bc954d7ce8c4502|t20-lat-ctr-5
1790510221151736458|container|health_status: healthy|277aa68c17cb5662cd40408da00475bd5bfcb08c81981b088bc954d7ce8c4502|t20-lat-ctr-5
1790510222152146623|container|exec_create: /bin/sh -c true|277aa68c17cb5662cd40408da00475bd5bfcb08c81981b088bc954d7ce8c4502|t20-lat-ctr-5
1790510222152196067|container|exec_start: /bin/sh -c true|277aa68c17cb5662cd40408da00475bd5bfcb08c81981b088bc954d7ce8c4502|t20-lat-ctr-5
1790510222177478779|container|exec_die|277aa68c17cb5662cd40408da00475bd5bfcb08c81981b088bc954d7ce8c4502|t20-lat-ctr-5
1790510222184074407|container|kill|277aa68c17cb5662cd40408da00475bd5bfcb08c81981b088bc954d7ce8c4502|t20-lat-ctr-5
1790510223184426312|container|exec_create: /bin/sh -c true|277aa68c17cb5662cd40408da00475bd5bfcb08c81981b088bc954d7ce8c4502|t20-lat-ctr-5
1790510223184451142|container|exec_start: /bin/sh -c true|277aa68c17cb5662cd40408da00475bd5bfcb08c81981b088bc954d7ce8c4502|t20-lat-ctr-5
1790510223208492675|container|exec_die|277aa68c17cb5662cd40408da00475bd5bfcb08c81981b088bc954d7ce8c4502|t20-lat-ctr-5
1790510224208769252|container|exec_create: /bin/sh -c true|277aa68c17cb5662cd40408da00475bd5bfcb08c81981b088bc954d7ce8c4502|t20-lat-ctr-5
1790510224208811404|container|exec_start: /bin/sh -c true|277aa68c17cb5662cd40408da00475bd5bfcb08c81981b088bc954d7ce8c4502|t20-lat-ctr-5
1790510224233522994|container|exec_die|277aa68c17cb5662cd40408da00475bd5bfcb08c81981b088bc954d7ce8c4502|t20-lat-ctr-5
1790510225234221919|container|exec_create: /bin/sh -c true|277aa68c17cb5662cd40408da00475bd5bfcb08c81981b088bc954d7ce8c4502|t20-lat-ctr-5
1790510225234264644|container|exec_start: /bin/sh -c true|277aa68c17cb5662cd40408da00475bd5bfcb08c81981b088bc954d7ce8c4502|t20-lat-ctr-5
1790510225258550437|container|exec_die|277aa68c17cb5662cd40408da00475bd5bfcb08c81981b088bc954d7ce8c4502|t20-lat-ctr-5
1790510226259334028|container|exec_create: /bin/sh -c true|277aa68c17cb5662cd40408da00475bd5bfcb08c81981b088bc954d7ce8c4502|t20-lat-ctr-5
1790510226259357347|container|exec_start: /bin/sh -c true|277aa68c17cb5662cd40408da00475bd5bfcb08c81981b088bc954d7ce8c4502|t20-lat-ctr-5
1790510226283681986|container|exec_die|277aa68c17cb5662cd40408da00475bd5bfcb08c81981b088bc954d7ce8c4502|t20-lat-ctr-5
1790510227284159328|container|exec_create: /bin/sh -c true|277aa68c17cb5662cd40408da00475bd5bfcb08c81981b088bc954d7ce8c4502|t20-lat-ctr-5
1790510227284182692|container|exec_start: /bin/sh -c true|277aa68c17cb5662cd40408da00475bd5bfcb08c81981b088bc954d7ce8c4502|t20-lat-ctr-5
1790510227309714232|container|exec_die|277aa68c17cb5662cd40408da00475bd5bfcb08c81981b088bc954d7ce8c4502|t20-lat-ctr-5
1790510228310617035|container|exec_create: /bin/sh -c true|277aa68c17cb5662cd40408da00475bd5bfcb08c81981b088bc954d7ce8c4502|t20-lat-ctr-5
1790510228310650968|container|exec_start: /bin/sh -c true|277aa68c17cb5662cd40408da00475bd5bfcb08c81981b088bc954d7ce8c4502|t20-lat-ctr-5
1790510228334795500|container|exec_die|277aa68c17cb5662cd40408da00475bd5bfcb08c81981b088bc954d7ce8c4502|t20-lat-ctr-5
1790510229335628990|container|exec_create: /bin/sh -c true|277aa68c17cb5662cd40408da00475bd5bfcb08c81981b088bc954d7ce8c4502|t20-lat-ctr-5
1790510229335651774|container|exec_start: /bin/sh -c true|277aa68c17cb5662cd40408da00475bd5bfcb08c81981b088bc954d7ce8c4502|t20-lat-ctr-5
1790510229361846362|container|exec_die|277aa68c17cb5662cd40408da00475bd5bfcb08c81981b088bc954d7ce8c4502|t20-lat-ctr-5
1790510230362767249|container|exec_create: /bin/sh -c true|277aa68c17cb5662cd40408da00475bd5bfcb08c81981b088bc954d7ce8c4502|t20-lat-ctr-5
1790510230362804276|container|exec_start: /bin/sh -c true|277aa68c17cb5662cd40408da00475bd5bfcb08c81981b088bc954d7ce8c4502|t20-lat-ctr-5
1790510230386895798|container|exec_die|277aa68c17cb5662cd40408da00475bd5bfcb08c81981b088bc954d7ce8c4502|t20-lat-ctr-5
1790510231388121703|container|exec_create: /bin/sh -c true|277aa68c17cb5662cd40408da00475bd5bfcb08c81981b088bc954d7ce8c4502|t20-lat-ctr-5
1790510231388145492|container|exec_start: /bin/sh -c true|277aa68c17cb5662cd40408da00475bd5bfcb08c81981b088bc954d7ce8c4502|t20-lat-ctr-5
1790510231412776598|container|exec_die|277aa68c17cb5662cd40408da00475bd5bfcb08c81981b088bc954d7ce8c4502|t20-lat-ctr-5
1790510232196801165|container|kill|277aa68c17cb5662cd40408da00475bd5bfcb08c81981b088bc954d7ce8c4502|t20-lat-ctr-5
1790510232330602811|network|disconnect|9851beeca5de58663c77abfb043b973396bb3f7f9aea89861e7e36f8f7713117|bridge
1790510232340338814|container|stop|277aa68c17cb5662cd40408da00475bd5bfcb08c81981b088bc954d7ce8c4502|t20-lat-ctr-5
1790510232348858688|container|die|277aa68c17cb5662cd40408da00475bd5bfcb08c81981b088bc954d7ce8c4502|t20-lat-ctr-5
1790510232405338846|container|destroy|277aa68c17cb5662cd40408da00475bd5bfcb08c81981b088bc954d7ce8c4502|t20-lat-ctr-5
1790510232490730669|container|create|0943e97d01ab145541ecaa155ae512bbb8544a9dcd44e1f293d79a44fac861cb|t20-lat-ctr-6
1790510232618645201|network|connect|9851beeca5de58663c77abfb043b973396bb3f7f9aea89861e7e36f8f7713117|bridge
1790510232636833646|container|start|0943e97d01ab145541ecaa155ae512bbb8544a9dcd44e1f293d79a44fac861cb|t20-lat-ctr-6
1790510233637213095|container|exec_create: /bin/sh -c true|0943e97d01ab145541ecaa155ae512bbb8544a9dcd44e1f293d79a44fac861cb|t20-lat-ctr-6
1790510233637249362|container|exec_start: /bin/sh -c true|0943e97d01ab145541ecaa155ae512bbb8544a9dcd44e1f293d79a44fac861cb|t20-lat-ctr-6
1790510233662962877|container|exec_die|0943e97d01ab145541ecaa155ae512bbb8544a9dcd44e1f293d79a44fac861cb|t20-lat-ctr-6
1790510233663129857|container|health_status: healthy|0943e97d01ab145541ecaa155ae512bbb8544a9dcd44e1f293d79a44fac861cb|t20-lat-ctr-6
1790510234663969274|container|exec_create: /bin/sh -c true|0943e97d01ab145541ecaa155ae512bbb8544a9dcd44e1f293d79a44fac861cb|t20-lat-ctr-6
1790510234664004953|container|exec_start: /bin/sh -c true|0943e97d01ab145541ecaa155ae512bbb8544a9dcd44e1f293d79a44fac861cb|t20-lat-ctr-6
1790510234690374097|container|exec_die|0943e97d01ab145541ecaa155ae512bbb8544a9dcd44e1f293d79a44fac861cb|t20-lat-ctr-6
1790510234700394786|container|kill|0943e97d01ab145541ecaa155ae512bbb8544a9dcd44e1f293d79a44fac861cb|t20-lat-ctr-6
1790510235700877200|container|exec_create: /bin/sh -c true|0943e97d01ab145541ecaa155ae512bbb8544a9dcd44e1f293d79a44fac861cb|t20-lat-ctr-6
1790510235700911267|container|exec_start: /bin/sh -c true|0943e97d01ab145541ecaa155ae512bbb8544a9dcd44e1f293d79a44fac861cb|t20-lat-ctr-6
1790510235724976274|container|exec_die|0943e97d01ab145541ecaa155ae512bbb8544a9dcd44e1f293d79a44fac861cb|t20-lat-ctr-6
1790510236726021460|container|exec_create: /bin/sh -c true|0943e97d01ab145541ecaa155ae512bbb8544a9dcd44e1f293d79a44fac861cb|t20-lat-ctr-6
1790510236726047005|container|exec_start: /bin/sh -c true|0943e97d01ab145541ecaa155ae512bbb8544a9dcd44e1f293d79a44fac861cb|t20-lat-ctr-6
1790510236751189717|container|exec_die|0943e97d01ab145541ecaa155ae512bbb8544a9dcd44e1f293d79a44fac861cb|t20-lat-ctr-6
1790510237751757921|container|exec_create: /bin/sh -c true|0943e97d01ab145541ecaa155ae512bbb8544a9dcd44e1f293d79a44fac861cb|t20-lat-ctr-6
1790510237751798865|container|exec_start: /bin/sh -c true|0943e97d01ab145541ecaa155ae512bbb8544a9dcd44e1f293d79a44fac861cb|t20-lat-ctr-6
1790510237777208393|container|exec_die|0943e97d01ab145541ecaa155ae512bbb8544a9dcd44e1f293d79a44fac861cb|t20-lat-ctr-6
1790510238777680013|container|exec_create: /bin/sh -c true|0943e97d01ab145541ecaa155ae512bbb8544a9dcd44e1f293d79a44fac861cb|t20-lat-ctr-6
1790510238777706137|container|exec_start: /bin/sh -c true|0943e97d01ab145541ecaa155ae512bbb8544a9dcd44e1f293d79a44fac861cb|t20-lat-ctr-6
1790510238802158290|container|exec_die|0943e97d01ab145541ecaa155ae512bbb8544a9dcd44e1f293d79a44fac861cb|t20-lat-ctr-6
1790510239803464636|container|exec_create: /bin/sh -c true|0943e97d01ab145541ecaa155ae512bbb8544a9dcd44e1f293d79a44fac861cb|t20-lat-ctr-6
1790510239803491853|container|exec_start: /bin/sh -c true|0943e97d01ab145541ecaa155ae512bbb8544a9dcd44e1f293d79a44fac861cb|t20-lat-ctr-6
1790510239828208681|container|exec_die|0943e97d01ab145541ecaa155ae512bbb8544a9dcd44e1f293d79a44fac861cb|t20-lat-ctr-6
1790510240829240262|container|exec_create: /bin/sh -c true|0943e97d01ab145541ecaa155ae512bbb8544a9dcd44e1f293d79a44fac861cb|t20-lat-ctr-6
1790510240829283314|container|exec_start: /bin/sh -c true|0943e97d01ab145541ecaa155ae512bbb8544a9dcd44e1f293d79a44fac861cb|t20-lat-ctr-6
1790510240854129505|container|exec_die|0943e97d01ab145541ecaa155ae512bbb8544a9dcd44e1f293d79a44fac861cb|t20-lat-ctr-6
1790510241854802461|container|exec_create: /bin/sh -c true|0943e97d01ab145541ecaa155ae512bbb8544a9dcd44e1f293d79a44fac861cb|t20-lat-ctr-6
1790510241854835072|container|exec_start: /bin/sh -c true|0943e97d01ab145541ecaa155ae512bbb8544a9dcd44e1f293d79a44fac861cb|t20-lat-ctr-6
1790510241879029557|container|exec_die|0943e97d01ab145541ecaa155ae512bbb8544a9dcd44e1f293d79a44fac861cb|t20-lat-ctr-6
1790510242878670633|container|exec_create: /bin/sh -c true|0943e97d01ab145541ecaa155ae512bbb8544a9dcd44e1f293d79a44fac861cb|t20-lat-ctr-6
1790510242878706962|container|exec_start: /bin/sh -c true|0943e97d01ab145541ecaa155ae512bbb8544a9dcd44e1f293d79a44fac861cb|t20-lat-ctr-6
1790510242903951603|container|exec_die|0943e97d01ab145541ecaa155ae512bbb8544a9dcd44e1f293d79a44fac861cb|t20-lat-ctr-6
1790510243904837889|container|exec_create: /bin/sh -c true|0943e97d01ab145541ecaa155ae512bbb8544a9dcd44e1f293d79a44fac861cb|t20-lat-ctr-6
1790510243904875657|container|exec_start: /bin/sh -c true|0943e97d01ab145541ecaa155ae512bbb8544a9dcd44e1f293d79a44fac861cb|t20-lat-ctr-6
1790510243930076864|container|exec_die|0943e97d01ab145541ecaa155ae512bbb8544a9dcd44e1f293d79a44fac861cb|t20-lat-ctr-6
1790510244714817179|container|kill|0943e97d01ab145541ecaa155ae512bbb8544a9dcd44e1f293d79a44fac861cb|t20-lat-ctr-6
1790510244873691940|network|disconnect|9851beeca5de58663c77abfb043b973396bb3f7f9aea89861e7e36f8f7713117|bridge
1790510244881373240|container|stop|0943e97d01ab145541ecaa155ae512bbb8544a9dcd44e1f293d79a44fac861cb|t20-lat-ctr-6
1790510244889770841|container|die|0943e97d01ab145541ecaa155ae512bbb8544a9dcd44e1f293d79a44fac861cb|t20-lat-ctr-6
1790510244945490965|container|destroy|0943e97d01ab145541ecaa155ae512bbb8544a9dcd44e1f293d79a44fac861cb|t20-lat-ctr-6
1790510245028850570|container|create|38686edde1e3f790d84d90d074dc1da18cde25dcb6e5db1571fe29e9933b944a|t20-lat-ctr-7
1790510245156808400|network|connect|9851beeca5de58663c77abfb043b973396bb3f7f9aea89861e7e36f8f7713117|bridge
1790510245174798115|container|start|38686edde1e3f790d84d90d074dc1da18cde25dcb6e5db1571fe29e9933b944a|t20-lat-ctr-7
1790510246175551598|container|exec_create: /bin/sh -c true|38686edde1e3f790d84d90d074dc1da18cde25dcb6e5db1571fe29e9933b944a|t20-lat-ctr-7
1790510246175585152|container|exec_start: /bin/sh -c true|38686edde1e3f790d84d90d074dc1da18cde25dcb6e5db1571fe29e9933b944a|t20-lat-ctr-7
1790510246200856085|container|exec_die|38686edde1e3f790d84d90d074dc1da18cde25dcb6e5db1571fe29e9933b944a|t20-lat-ctr-7
1790510246201026829|container|health_status: healthy|38686edde1e3f790d84d90d074dc1da18cde25dcb6e5db1571fe29e9933b944a|t20-lat-ctr-7
1790510247201576453|container|exec_create: /bin/sh -c true|38686edde1e3f790d84d90d074dc1da18cde25dcb6e5db1571fe29e9933b944a|t20-lat-ctr-7
1790510247201601379|container|exec_start: /bin/sh -c true|38686edde1e3f790d84d90d074dc1da18cde25dcb6e5db1571fe29e9933b944a|t20-lat-ctr-7
1790510247232080687|container|exec_die|38686edde1e3f790d84d90d074dc1da18cde25dcb6e5db1571fe29e9933b944a|t20-lat-ctr-7
1790510247238667132|container|kill|38686edde1e3f790d84d90d074dc1da18cde25dcb6e5db1571fe29e9933b944a|t20-lat-ctr-7
1790510248239937903|container|exec_create: /bin/sh -c true|38686edde1e3f790d84d90d074dc1da18cde25dcb6e5db1571fe29e9933b944a|t20-lat-ctr-7
1790510248239963481|container|exec_start: /bin/sh -c true|38686edde1e3f790d84d90d074dc1da18cde25dcb6e5db1571fe29e9933b944a|t20-lat-ctr-7
1790510248266252390|container|exec_die|38686edde1e3f790d84d90d074dc1da18cde25dcb6e5db1571fe29e9933b944a|t20-lat-ctr-7
1790510249267409892|container|exec_create: /bin/sh -c true|38686edde1e3f790d84d90d074dc1da18cde25dcb6e5db1571fe29e9933b944a|t20-lat-ctr-7
1790510249267435015|container|exec_start: /bin/sh -c true|38686edde1e3f790d84d90d074dc1da18cde25dcb6e5db1571fe29e9933b944a|t20-lat-ctr-7
1790510249292069719|container|exec_die|38686edde1e3f790d84d90d074dc1da18cde25dcb6e5db1571fe29e9933b944a|t20-lat-ctr-7
1790510250292489123|container|exec_create: /bin/sh -c true|38686edde1e3f790d84d90d074dc1da18cde25dcb6e5db1571fe29e9933b944a|t20-lat-ctr-7
1790510250292519605|container|exec_start: /bin/sh -c true|38686edde1e3f790d84d90d074dc1da18cde25dcb6e5db1571fe29e9933b944a|t20-lat-ctr-7
1790510250315684329|container|exec_die|38686edde1e3f790d84d90d074dc1da18cde25dcb6e5db1571fe29e9933b944a|t20-lat-ctr-7
1790510251316453860|container|exec_create: /bin/sh -c true|38686edde1e3f790d84d90d074dc1da18cde25dcb6e5db1571fe29e9933b944a|t20-lat-ctr-7
1790510251316486406|container|exec_start: /bin/sh -c true|38686edde1e3f790d84d90d074dc1da18cde25dcb6e5db1571fe29e9933b944a|t20-lat-ctr-7
1790510251342083120|container|exec_die|38686edde1e3f790d84d90d074dc1da18cde25dcb6e5db1571fe29e9933b944a|t20-lat-ctr-7
1790510252342996013|container|exec_create: /bin/sh -c true|38686edde1e3f790d84d90d074dc1da18cde25dcb6e5db1571fe29e9933b944a|t20-lat-ctr-7
1790510252343020214|container|exec_start: /bin/sh -c true|38686edde1e3f790d84d90d074dc1da18cde25dcb6e5db1571fe29e9933b944a|t20-lat-ctr-7
1790510252368262691|container|exec_die|38686edde1e3f790d84d90d074dc1da18cde25dcb6e5db1571fe29e9933b944a|t20-lat-ctr-7
1790510253369244603|container|exec_create: /bin/sh -c true|38686edde1e3f790d84d90d074dc1da18cde25dcb6e5db1571fe29e9933b944a|t20-lat-ctr-7
1790510253369271241|container|exec_start: /bin/sh -c true|38686edde1e3f790d84d90d074dc1da18cde25dcb6e5db1571fe29e9933b944a|t20-lat-ctr-7
1790510253394596366|container|exec_die|38686edde1e3f790d84d90d074dc1da18cde25dcb6e5db1571fe29e9933b944a|t20-lat-ctr-7
1790510254395214379|container|exec_create: /bin/sh -c true|38686edde1e3f790d84d90d074dc1da18cde25dcb6e5db1571fe29e9933b944a|t20-lat-ctr-7
1790510254395240369|container|exec_start: /bin/sh -c true|38686edde1e3f790d84d90d074dc1da18cde25dcb6e5db1571fe29e9933b944a|t20-lat-ctr-7
1790510254420528165|container|exec_die|38686edde1e3f790d84d90d074dc1da18cde25dcb6e5db1571fe29e9933b944a|t20-lat-ctr-7
1790510255421395733|container|exec_create: /bin/sh -c true|38686edde1e3f790d84d90d074dc1da18cde25dcb6e5db1571fe29e9933b944a|t20-lat-ctr-7
1790510255421426500|container|exec_start: /bin/sh -c true|38686edde1e3f790d84d90d074dc1da18cde25dcb6e5db1571fe29e9933b944a|t20-lat-ctr-7
1790510255447397350|container|exec_die|38686edde1e3f790d84d90d074dc1da18cde25dcb6e5db1571fe29e9933b944a|t20-lat-ctr-7
1790510256448385719|container|exec_create: /bin/sh -c true|38686edde1e3f790d84d90d074dc1da18cde25dcb6e5db1571fe29e9933b944a|t20-lat-ctr-7
1790510256448422630|container|exec_start: /bin/sh -c true|38686edde1e3f790d84d90d074dc1da18cde25dcb6e5db1571fe29e9933b944a|t20-lat-ctr-7
1790510256474174625|container|exec_die|38686edde1e3f790d84d90d074dc1da18cde25dcb6e5db1571fe29e9933b944a|t20-lat-ctr-7
1790510257252599258|container|kill|38686edde1e3f790d84d90d074dc1da18cde25dcb6e5db1571fe29e9933b944a|t20-lat-ctr-7
1790510257381191805|network|disconnect|9851beeca5de58663c77abfb043b973396bb3f7f9aea89861e7e36f8f7713117|bridge
1790510257391050038|container|stop|38686edde1e3f790d84d90d074dc1da18cde25dcb6e5db1571fe29e9933b944a|t20-lat-ctr-7
1790510257398242234|container|die|38686edde1e3f790d84d90d074dc1da18cde25dcb6e5db1571fe29e9933b944a|t20-lat-ctr-7
1790510257453848162|container|destroy|38686edde1e3f790d84d90d074dc1da18cde25dcb6e5db1571fe29e9933b944a|t20-lat-ctr-7
1790510257538306231|container|create|bf87a0e8baa1f281dbb8d1cf9d1489cf99c58dd6cf06abd5f48c867ca33d6aee|t20-lat-ctr-8
1790510257664190803|network|connect|9851beeca5de58663c77abfb043b973396bb3f7f9aea89861e7e36f8f7713117|bridge
1790510257682393853|container|start|bf87a0e8baa1f281dbb8d1cf9d1489cf99c58dd6cf06abd5f48c867ca33d6aee|t20-lat-ctr-8
1790510258683217272|container|exec_create: /bin/sh -c true|bf87a0e8baa1f281dbb8d1cf9d1489cf99c58dd6cf06abd5f48c867ca33d6aee|t20-lat-ctr-8
1790510258683260797|container|exec_start: /bin/sh -c true|bf87a0e8baa1f281dbb8d1cf9d1489cf99c58dd6cf06abd5f48c867ca33d6aee|t20-lat-ctr-8
1790510258709598315|container|exec_die|bf87a0e8baa1f281dbb8d1cf9d1489cf99c58dd6cf06abd5f48c867ca33d6aee|t20-lat-ctr-8
1790510258709776709|container|health_status: healthy|bf87a0e8baa1f281dbb8d1cf9d1489cf99c58dd6cf06abd5f48c867ca33d6aee|t20-lat-ctr-8
1790510259710347309|container|exec_create: /bin/sh -c true|bf87a0e8baa1f281dbb8d1cf9d1489cf99c58dd6cf06abd5f48c867ca33d6aee|t20-lat-ctr-8
1790510259710381002|container|exec_start: /bin/sh -c true|bf87a0e8baa1f281dbb8d1cf9d1489cf99c58dd6cf06abd5f48c867ca33d6aee|t20-lat-ctr-8
1790510259735419230|container|exec_die|bf87a0e8baa1f281dbb8d1cf9d1489cf99c58dd6cf06abd5f48c867ca33d6aee|t20-lat-ctr-8
1790510259746281207|container|kill|bf87a0e8baa1f281dbb8d1cf9d1489cf99c58dd6cf06abd5f48c867ca33d6aee|t20-lat-ctr-8
1790510260747136421|container|exec_create: /bin/sh -c true|bf87a0e8baa1f281dbb8d1cf9d1489cf99c58dd6cf06abd5f48c867ca33d6aee|t20-lat-ctr-8
1790510260747160668|container|exec_start: /bin/sh -c true|bf87a0e8baa1f281dbb8d1cf9d1489cf99c58dd6cf06abd5f48c867ca33d6aee|t20-lat-ctr-8
1790510260771705592|container|exec_die|bf87a0e8baa1f281dbb8d1cf9d1489cf99c58dd6cf06abd5f48c867ca33d6aee|t20-lat-ctr-8
1790510261772159664|container|exec_create: /bin/sh -c true|bf87a0e8baa1f281dbb8d1cf9d1489cf99c58dd6cf06abd5f48c867ca33d6aee|t20-lat-ctr-8
1790510261772191891|container|exec_start: /bin/sh -c true|bf87a0e8baa1f281dbb8d1cf9d1489cf99c58dd6cf06abd5f48c867ca33d6aee|t20-lat-ctr-8
1790510261796534408|container|exec_die|bf87a0e8baa1f281dbb8d1cf9d1489cf99c58dd6cf06abd5f48c867ca33d6aee|t20-lat-ctr-8
1790510262796840744|container|exec_create: /bin/sh -c true|bf87a0e8baa1f281dbb8d1cf9d1489cf99c58dd6cf06abd5f48c867ca33d6aee|t20-lat-ctr-8
1790510262796874249|container|exec_start: /bin/sh -c true|bf87a0e8baa1f281dbb8d1cf9d1489cf99c58dd6cf06abd5f48c867ca33d6aee|t20-lat-ctr-8
1790510262821696813|container|exec_die|bf87a0e8baa1f281dbb8d1cf9d1489cf99c58dd6cf06abd5f48c867ca33d6aee|t20-lat-ctr-8
1790510263822225350|container|exec_create: /bin/sh -c true|bf87a0e8baa1f281dbb8d1cf9d1489cf99c58dd6cf06abd5f48c867ca33d6aee|t20-lat-ctr-8
1790510263822248757|container|exec_start: /bin/sh -c true|bf87a0e8baa1f281dbb8d1cf9d1489cf99c58dd6cf06abd5f48c867ca33d6aee|t20-lat-ctr-8
1790510263846568558|container|exec_die|bf87a0e8baa1f281dbb8d1cf9d1489cf99c58dd6cf06abd5f48c867ca33d6aee|t20-lat-ctr-8
1790510264847303980|container|exec_create: /bin/sh -c true|bf87a0e8baa1f281dbb8d1cf9d1489cf99c58dd6cf06abd5f48c867ca33d6aee|t20-lat-ctr-8
1790510264847344125|container|exec_start: /bin/sh -c true|bf87a0e8baa1f281dbb8d1cf9d1489cf99c58dd6cf06abd5f48c867ca33d6aee|t20-lat-ctr-8
1790510264872919527|container|exec_die|bf87a0e8baa1f281dbb8d1cf9d1489cf99c58dd6cf06abd5f48c867ca33d6aee|t20-lat-ctr-8
1790510265873401126|container|exec_create: /bin/sh -c true|bf87a0e8baa1f281dbb8d1cf9d1489cf99c58dd6cf06abd5f48c867ca33d6aee|t20-lat-ctr-8
1790510265873433781|container|exec_start: /bin/sh -c true|bf87a0e8baa1f281dbb8d1cf9d1489cf99c58dd6cf06abd5f48c867ca33d6aee|t20-lat-ctr-8
1790510265897543395|container|exec_die|bf87a0e8baa1f281dbb8d1cf9d1489cf99c58dd6cf06abd5f48c867ca33d6aee|t20-lat-ctr-8
1790510266897966658|container|exec_create: /bin/sh -c true|bf87a0e8baa1f281dbb8d1cf9d1489cf99c58dd6cf06abd5f48c867ca33d6aee|t20-lat-ctr-8
1790510266898002579|container|exec_start: /bin/sh -c true|bf87a0e8baa1f281dbb8d1cf9d1489cf99c58dd6cf06abd5f48c867ca33d6aee|t20-lat-ctr-8
1790510266922915394|container|exec_die|bf87a0e8baa1f281dbb8d1cf9d1489cf99c58dd6cf06abd5f48c867ca33d6aee|t20-lat-ctr-8
1790510267923595912|container|exec_create: /bin/sh -c true|bf87a0e8baa1f281dbb8d1cf9d1489cf99c58dd6cf06abd5f48c867ca33d6aee|t20-lat-ctr-8
1790510267923620530|container|exec_start: /bin/sh -c true|bf87a0e8baa1f281dbb8d1cf9d1489cf99c58dd6cf06abd5f48c867ca33d6aee|t20-lat-ctr-8
1790510267948608458|container|exec_die|bf87a0e8baa1f281dbb8d1cf9d1489cf99c58dd6cf06abd5f48c867ca33d6aee|t20-lat-ctr-8
1790510268949001272|container|exec_create: /bin/sh -c true|bf87a0e8baa1f281dbb8d1cf9d1489cf99c58dd6cf06abd5f48c867ca33d6aee|t20-lat-ctr-8
1790510268949025242|container|exec_start: /bin/sh -c true|bf87a0e8baa1f281dbb8d1cf9d1489cf99c58dd6cf06abd5f48c867ca33d6aee|t20-lat-ctr-8
1790510268973870245|container|exec_die|bf87a0e8baa1f281dbb8d1cf9d1489cf99c58dd6cf06abd5f48c867ca33d6aee|t20-lat-ctr-8
1790510269759887843|container|kill|bf87a0e8baa1f281dbb8d1cf9d1489cf99c58dd6cf06abd5f48c867ca33d6aee|t20-lat-ctr-8
1790510269926421001|network|disconnect|9851beeca5de58663c77abfb043b973396bb3f7f9aea89861e7e36f8f7713117|bridge
1790510269936269781|container|stop|bf87a0e8baa1f281dbb8d1cf9d1489cf99c58dd6cf06abd5f48c867ca33d6aee|t20-lat-ctr-8
1790510269944440837|container|die|bf87a0e8baa1f281dbb8d1cf9d1489cf99c58dd6cf06abd5f48c867ca33d6aee|t20-lat-ctr-8
1790510270000045266|container|destroy|bf87a0e8baa1f281dbb8d1cf9d1489cf99c58dd6cf06abd5f48c867ca33d6aee|t20-lat-ctr-8
1790510270084536012|container|create|e93aad458e75b15afc098f0eb6b07932c9c9907d94fa646132e1f3d306057d72|t20-lat-ctr-9
1790510270214466105|network|connect|9851beeca5de58663c77abfb043b973396bb3f7f9aea89861e7e36f8f7713117|bridge
1790510270233477445|container|start|e93aad458e75b15afc098f0eb6b07932c9c9907d94fa646132e1f3d306057d72|t20-lat-ctr-9
1790510271233971093|container|exec_create: /bin/sh -c true|e93aad458e75b15afc098f0eb6b07932c9c9907d94fa646132e1f3d306057d72|t20-lat-ctr-9
1790510271233994609|container|exec_start: /bin/sh -c true|e93aad458e75b15afc098f0eb6b07932c9c9907d94fa646132e1f3d306057d72|t20-lat-ctr-9
1790510271259805055|container|exec_die|e93aad458e75b15afc098f0eb6b07932c9c9907d94fa646132e1f3d306057d72|t20-lat-ctr-9
1790510271259985522|container|health_status: healthy|e93aad458e75b15afc098f0eb6b07932c9c9907d94fa646132e1f3d306057d72|t20-lat-ctr-9
1790510272259196916|container|exec_create: /bin/sh -c true|e93aad458e75b15afc098f0eb6b07932c9c9907d94fa646132e1f3d306057d72|t20-lat-ctr-9
1790510272259233349|container|exec_start: /bin/sh -c true|e93aad458e75b15afc098f0eb6b07932c9c9907d94fa646132e1f3d306057d72|t20-lat-ctr-9
1790510272284499674|container|exec_die|e93aad458e75b15afc098f0eb6b07932c9c9907d94fa646132e1f3d306057d72|t20-lat-ctr-9
1790510272295171379|container|kill|e93aad458e75b15afc098f0eb6b07932c9c9907d94fa646132e1f3d306057d72|t20-lat-ctr-9
1790510273296391091|container|exec_create: /bin/sh -c true|e93aad458e75b15afc098f0eb6b07932c9c9907d94fa646132e1f3d306057d72|t20-lat-ctr-9
1790510273296416951|container|exec_start: /bin/sh -c true|e93aad458e75b15afc098f0eb6b07932c9c9907d94fa646132e1f3d306057d72|t20-lat-ctr-9
1790510273321372930|container|exec_die|e93aad458e75b15afc098f0eb6b07932c9c9907d94fa646132e1f3d306057d72|t20-lat-ctr-9
1790510274322423892|container|exec_create: /bin/sh -c true|e93aad458e75b15afc098f0eb6b07932c9c9907d94fa646132e1f3d306057d72|t20-lat-ctr-9
1790510274322446779|container|exec_start: /bin/sh -c true|e93aad458e75b15afc098f0eb6b07932c9c9907d94fa646132e1f3d306057d72|t20-lat-ctr-9
1790510274347528899|container|exec_die|e93aad458e75b15afc098f0eb6b07932c9c9907d94fa646132e1f3d306057d72|t20-lat-ctr-9
1790510275348705768|container|exec_create: /bin/sh -c true|e93aad458e75b15afc098f0eb6b07932c9c9907d94fa646132e1f3d306057d72|t20-lat-ctr-9
1790510275348743643|container|exec_start: /bin/sh -c true|e93aad458e75b15afc098f0eb6b07932c9c9907d94fa646132e1f3d306057d72|t20-lat-ctr-9
1790510275373516715|container|exec_die|e93aad458e75b15afc098f0eb6b07932c9c9907d94fa646132e1f3d306057d72|t20-lat-ctr-9
1790510276374759941|container|exec_create: /bin/sh -c true|e93aad458e75b15afc098f0eb6b07932c9c9907d94fa646132e1f3d306057d72|t20-lat-ctr-9
1790510276374795828|container|exec_start: /bin/sh -c true|e93aad458e75b15afc098f0eb6b07932c9c9907d94fa646132e1f3d306057d72|t20-lat-ctr-9
1790510276399756099|container|exec_die|e93aad458e75b15afc098f0eb6b07932c9c9907d94fa646132e1f3d306057d72|t20-lat-ctr-9
1790510277400981647|container|exec_create: /bin/sh -c true|e93aad458e75b15afc098f0eb6b07932c9c9907d94fa646132e1f3d306057d72|t20-lat-ctr-9
1790510277401006406|container|exec_start: /bin/sh -c true|e93aad458e75b15afc098f0eb6b07932c9c9907d94fa646132e1f3d306057d72|t20-lat-ctr-9
1790510277425621542|container|exec_die|e93aad458e75b15afc098f0eb6b07932c9c9907d94fa646132e1f3d306057d72|t20-lat-ctr-9
1790510278426172177|container|exec_create: /bin/sh -c true|e93aad458e75b15afc098f0eb6b07932c9c9907d94fa646132e1f3d306057d72|t20-lat-ctr-9
1790510278426200821|container|exec_start: /bin/sh -c true|e93aad458e75b15afc098f0eb6b07932c9c9907d94fa646132e1f3d306057d72|t20-lat-ctr-9
1790510278450754745|container|exec_die|e93aad458e75b15afc098f0eb6b07932c9c9907d94fa646132e1f3d306057d72|t20-lat-ctr-9
1790510279451090147|container|exec_create: /bin/sh -c true|e93aad458e75b15afc098f0eb6b07932c9c9907d94fa646132e1f3d306057d72|t20-lat-ctr-9
1790510279451114259|container|exec_start: /bin/sh -c true|e93aad458e75b15afc098f0eb6b07932c9c9907d94fa646132e1f3d306057d72|t20-lat-ctr-9
1790510279475643138|container|exec_die|e93aad458e75b15afc098f0eb6b07932c9c9907d94fa646132e1f3d306057d72|t20-lat-ctr-9
1790510280476473478|container|exec_create: /bin/sh -c true|e93aad458e75b15afc098f0eb6b07932c9c9907d94fa646132e1f3d306057d72|t20-lat-ctr-9
1790510280476496373|container|exec_start: /bin/sh -c true|e93aad458e75b15afc098f0eb6b07932c9c9907d94fa646132e1f3d306057d72|t20-lat-ctr-9
1790510280500698001|container|exec_die|e93aad458e75b15afc098f0eb6b07932c9c9907d94fa646132e1f3d306057d72|t20-lat-ctr-9
1790510281501453354|container|exec_create: /bin/sh -c true|e93aad458e75b15afc098f0eb6b07932c9c9907d94fa646132e1f3d306057d72|t20-lat-ctr-9
1790510281501489044|container|exec_start: /bin/sh -c true|e93aad458e75b15afc098f0eb6b07932c9c9907d94fa646132e1f3d306057d72|t20-lat-ctr-9
1790510281526716761|container|exec_die|e93aad458e75b15afc098f0eb6b07932c9c9907d94fa646132e1f3d306057d72|t20-lat-ctr-9
1790510282308723470|container|kill|e93aad458e75b15afc098f0eb6b07932c9c9907d94fa646132e1f3d306057d72|t20-lat-ctr-9
1790510282448621971|network|disconnect|9851beeca5de58663c77abfb043b973396bb3f7f9aea89861e7e36f8f7713117|bridge
1790510282458389931|container|stop|e93aad458e75b15afc098f0eb6b07932c9c9907d94fa646132e1f3d306057d72|t20-lat-ctr-9
1790510282466688357|container|die|e93aad458e75b15afc098f0eb6b07932c9c9907d94fa646132e1f3d306057d72|t20-lat-ctr-9
1790510282525447998|container|destroy|e93aad458e75b15afc098f0eb6b07932c9c9907d94fa646132e1f3d306057d72|t20-lat-ctr-9
1790510282612661029|container|create|067012a4d21b78f830758dc2b5e67cd98b046527e29c4c98fa292be1728745de|t20-lat-ctr-10
1790510282740631010|network|connect|9851beeca5de58663c77abfb043b973396bb3f7f9aea89861e7e36f8f7713117|bridge
1790510282758737176|container|start|067012a4d21b78f830758dc2b5e67cd98b046527e29c4c98fa292be1728745de|t20-lat-ctr-10
1790510283759960495|container|exec_create: /bin/sh -c true|067012a4d21b78f830758dc2b5e67cd98b046527e29c4c98fa292be1728745de|t20-lat-ctr-10
1790510283759993829|container|exec_start: /bin/sh -c true|067012a4d21b78f830758dc2b5e67cd98b046527e29c4c98fa292be1728745de|t20-lat-ctr-10
1790510283784915035|container|exec_die|067012a4d21b78f830758dc2b5e67cd98b046527e29c4c98fa292be1728745de|t20-lat-ctr-10
1790510283785077095|container|health_status: healthy|067012a4d21b78f830758dc2b5e67cd98b046527e29c4c98fa292be1728745de|t20-lat-ctr-10
1790510284785983422|container|exec_create: /bin/sh -c true|067012a4d21b78f830758dc2b5e67cd98b046527e29c4c98fa292be1728745de|t20-lat-ctr-10
1790510284786015768|container|exec_start: /bin/sh -c true|067012a4d21b78f830758dc2b5e67cd98b046527e29c4c98fa292be1728745de|t20-lat-ctr-10
1790510284812075359|container|exec_die|067012a4d21b78f830758dc2b5e67cd98b046527e29c4c98fa292be1728745de|t20-lat-ctr-10
1790510284822486040|container|kill|067012a4d21b78f830758dc2b5e67cd98b046527e29c4c98fa292be1728745de|t20-lat-ctr-10
1790510285823021278|container|exec_create: /bin/sh -c true|067012a4d21b78f830758dc2b5e67cd98b046527e29c4c98fa292be1728745de|t20-lat-ctr-10
1790510285823046019|container|exec_start: /bin/sh -c true|067012a4d21b78f830758dc2b5e67cd98b046527e29c4c98fa292be1728745de|t20-lat-ctr-10
1790510285847842392|container|exec_die|067012a4d21b78f830758dc2b5e67cd98b046527e29c4c98fa292be1728745de|t20-lat-ctr-10
1790510286848910865|container|exec_create: /bin/sh -c true|067012a4d21b78f830758dc2b5e67cd98b046527e29c4c98fa292be1728745de|t20-lat-ctr-10
1790510286848935914|container|exec_start: /bin/sh -c true|067012a4d21b78f830758dc2b5e67cd98b046527e29c4c98fa292be1728745de|t20-lat-ctr-10
1790510286874808049|container|exec_die|067012a4d21b78f830758dc2b5e67cd98b046527e29c4c98fa292be1728745de|t20-lat-ctr-10
1790510287875097422|container|exec_create: /bin/sh -c true|067012a4d21b78f830758dc2b5e67cd98b046527e29c4c98fa292be1728745de|t20-lat-ctr-10
1790510287875121053|container|exec_start: /bin/sh -c true|067012a4d21b78f830758dc2b5e67cd98b046527e29c4c98fa292be1728745de|t20-lat-ctr-10
1790510287900112750|container|exec_die|067012a4d21b78f830758dc2b5e67cd98b046527e29c4c98fa292be1728745de|t20-lat-ctr-10
1790510288901284258|container|exec_create: /bin/sh -c true|067012a4d21b78f830758dc2b5e67cd98b046527e29c4c98fa292be1728745de|t20-lat-ctr-10
1790510288901310533|container|exec_start: /bin/sh -c true|067012a4d21b78f830758dc2b5e67cd98b046527e29c4c98fa292be1728745de|t20-lat-ctr-10
1790510288927738626|container|exec_die|067012a4d21b78f830758dc2b5e67cd98b046527e29c4c98fa292be1728745de|t20-lat-ctr-10
1790510289928946812|container|exec_create: /bin/sh -c true|067012a4d21b78f830758dc2b5e67cd98b046527e29c4c98fa292be1728745de|t20-lat-ctr-10
1790510289928972065|container|exec_start: /bin/sh -c true|067012a4d21b78f830758dc2b5e67cd98b046527e29c4c98fa292be1728745de|t20-lat-ctr-10
1790510289954124742|container|exec_die|067012a4d21b78f830758dc2b5e67cd98b046527e29c4c98fa292be1728745de|t20-lat-ctr-10
1790510290954761633|container|exec_create: /bin/sh -c true|067012a4d21b78f830758dc2b5e67cd98b046527e29c4c98fa292be1728745de|t20-lat-ctr-10
1790510290954811838|container|exec_start: /bin/sh -c true|067012a4d21b78f830758dc2b5e67cd98b046527e29c4c98fa292be1728745de|t20-lat-ctr-10
1790510290979043983|container|exec_die|067012a4d21b78f830758dc2b5e67cd98b046527e29c4c98fa292be1728745de|t20-lat-ctr-10
1790510291979313001|container|exec_create: /bin/sh -c true|067012a4d21b78f830758dc2b5e67cd98b046527e29c4c98fa292be1728745de|t20-lat-ctr-10
1790510291979336901|container|exec_start: /bin/sh -c true|067012a4d21b78f830758dc2b5e67cd98b046527e29c4c98fa292be1728745de|t20-lat-ctr-10
1790510292004143247|container|exec_die|067012a4d21b78f830758dc2b5e67cd98b046527e29c4c98fa292be1728745de|t20-lat-ctr-10
1790510293005435264|container|exec_create: /bin/sh -c true|067012a4d21b78f830758dc2b5e67cd98b046527e29c4c98fa292be1728745de|t20-lat-ctr-10
1790510293005473847|container|exec_start: /bin/sh -c true|067012a4d21b78f830758dc2b5e67cd98b046527e29c4c98fa292be1728745de|t20-lat-ctr-10
1790510293031221669|container|exec_die|067012a4d21b78f830758dc2b5e67cd98b046527e29c4c98fa292be1728745de|t20-lat-ctr-10
1790510294031858726|container|exec_create: /bin/sh -c true|067012a4d21b78f830758dc2b5e67cd98b046527e29c4c98fa292be1728745de|t20-lat-ctr-10
1790510294031883719|container|exec_start: /bin/sh -c true|067012a4d21b78f830758dc2b5e67cd98b046527e29c4c98fa292be1728745de|t20-lat-ctr-10
1790510294057154529|container|exec_die|067012a4d21b78f830758dc2b5e67cd98b046527e29c4c98fa292be1728745de|t20-lat-ctr-10
1790510294836220374|container|kill|067012a4d21b78f830758dc2b5e67cd98b046527e29c4c98fa292be1728745de|t20-lat-ctr-10
1790510295008011964|network|disconnect|9851beeca5de58663c77abfb043b973396bb3f7f9aea89861e7e36f8f7713117|bridge
1790510295017881345|container|stop|067012a4d21b78f830758dc2b5e67cd98b046527e29c4c98fa292be1728745de|t20-lat-ctr-10
1790510295026214308|container|die|067012a4d21b78f830758dc2b5e67cd98b046527e29c4c98fa292be1728745de|t20-lat-ctr-10
1790510295088782050|container|destroy|067012a4d21b78f830758dc2b5e67cd98b046527e29c4c98fa292be1728745de|t20-lat-ctr-10
1790510295176113980|container|create|fc8b8a78ec4d43d6aac2e8785ee063ff4202a30b863f8dd963bb1c0bbc8a29af|t20-lat-ctr-11
1790510295303149093|network|connect|9851beeca5de58663c77abfb043b973396bb3f7f9aea89861e7e36f8f7713117|bridge
1790510295321167216|container|start|fc8b8a78ec4d43d6aac2e8785ee063ff4202a30b863f8dd963bb1c0bbc8a29af|t20-lat-ctr-11
1790510296321998096|container|exec_create: /bin/sh -c true|fc8b8a78ec4d43d6aac2e8785ee063ff4202a30b863f8dd963bb1c0bbc8a29af|t20-lat-ctr-11
1790510296322020132|container|exec_start: /bin/sh -c true|fc8b8a78ec4d43d6aac2e8785ee063ff4202a30b863f8dd963bb1c0bbc8a29af|t20-lat-ctr-11
1790510296346788986|container|exec_die|fc8b8a78ec4d43d6aac2e8785ee063ff4202a30b863f8dd963bb1c0bbc8a29af|t20-lat-ctr-11
1790510296346954505|container|health_status: healthy|fc8b8a78ec4d43d6aac2e8785ee063ff4202a30b863f8dd963bb1c0bbc8a29af|t20-lat-ctr-11
1790510297347924963|container|exec_create: /bin/sh -c true|fc8b8a78ec4d43d6aac2e8785ee063ff4202a30b863f8dd963bb1c0bbc8a29af|t20-lat-ctr-11
1790510297347948028|container|exec_start: /bin/sh -c true|fc8b8a78ec4d43d6aac2e8785ee063ff4202a30b863f8dd963bb1c0bbc8a29af|t20-lat-ctr-11
1790510297376436980|container|exec_die|fc8b8a78ec4d43d6aac2e8785ee063ff4202a30b863f8dd963bb1c0bbc8a29af|t20-lat-ctr-11
1790510297382951564|container|kill|fc8b8a78ec4d43d6aac2e8785ee063ff4202a30b863f8dd963bb1c0bbc8a29af|t20-lat-ctr-11
1790510298384089596|container|exec_create: /bin/sh -c true|fc8b8a78ec4d43d6aac2e8785ee063ff4202a30b863f8dd963bb1c0bbc8a29af|t20-lat-ctr-11
1790510298384112332|container|exec_start: /bin/sh -c true|fc8b8a78ec4d43d6aac2e8785ee063ff4202a30b863f8dd963bb1c0bbc8a29af|t20-lat-ctr-11
1790510298408426292|container|exec_die|fc8b8a78ec4d43d6aac2e8785ee063ff4202a30b863f8dd963bb1c0bbc8a29af|t20-lat-ctr-11
1790510299409596176|container|exec_create: /bin/sh -c true|fc8b8a78ec4d43d6aac2e8785ee063ff4202a30b863f8dd963bb1c0bbc8a29af|t20-lat-ctr-11
1790510299409632673|container|exec_start: /bin/sh -c true|fc8b8a78ec4d43d6aac2e8785ee063ff4202a30b863f8dd963bb1c0bbc8a29af|t20-lat-ctr-11
1790510299434369160|container|exec_die|fc8b8a78ec4d43d6aac2e8785ee063ff4202a30b863f8dd963bb1c0bbc8a29af|t20-lat-ctr-11
1790510300434961052|container|exec_create: /bin/sh -c true|fc8b8a78ec4d43d6aac2e8785ee063ff4202a30b863f8dd963bb1c0bbc8a29af|t20-lat-ctr-11
1790510300434997959|container|exec_start: /bin/sh -c true|fc8b8a78ec4d43d6aac2e8785ee063ff4202a30b863f8dd963bb1c0bbc8a29af|t20-lat-ctr-11
1790510300459721251|container|exec_die|fc8b8a78ec4d43d6aac2e8785ee063ff4202a30b863f8dd963bb1c0bbc8a29af|t20-lat-ctr-11
1790510301460379002|container|exec_create: /bin/sh -c true|fc8b8a78ec4d43d6aac2e8785ee063ff4202a30b863f8dd963bb1c0bbc8a29af|t20-lat-ctr-11
1790510301460401759|container|exec_start: /bin/sh -c true|fc8b8a78ec4d43d6aac2e8785ee063ff4202a30b863f8dd963bb1c0bbc8a29af|t20-lat-ctr-11
1790510301485450302|container|exec_die|fc8b8a78ec4d43d6aac2e8785ee063ff4202a30b863f8dd963bb1c0bbc8a29af|t20-lat-ctr-11
1790510302484768121|container|exec_create: /bin/sh -c true|fc8b8a78ec4d43d6aac2e8785ee063ff4202a30b863f8dd963bb1c0bbc8a29af|t20-lat-ctr-11
1790510302484803062|container|exec_start: /bin/sh -c true|fc8b8a78ec4d43d6aac2e8785ee063ff4202a30b863f8dd963bb1c0bbc8a29af|t20-lat-ctr-11
1790510302510622360|container|exec_die|fc8b8a78ec4d43d6aac2e8785ee063ff4202a30b863f8dd963bb1c0bbc8a29af|t20-lat-ctr-11
1790510303511290125|container|exec_create: /bin/sh -c true|fc8b8a78ec4d43d6aac2e8785ee063ff4202a30b863f8dd963bb1c0bbc8a29af|t20-lat-ctr-11
1790510303511313806|container|exec_start: /bin/sh -c true|fc8b8a78ec4d43d6aac2e8785ee063ff4202a30b863f8dd963bb1c0bbc8a29af|t20-lat-ctr-11
1790510303536695788|container|exec_die|fc8b8a78ec4d43d6aac2e8785ee063ff4202a30b863f8dd963bb1c0bbc8a29af|t20-lat-ctr-11
1790510304537419368|container|exec_create: /bin/sh -c true|fc8b8a78ec4d43d6aac2e8785ee063ff4202a30b863f8dd963bb1c0bbc8a29af|t20-lat-ctr-11
1790510304537442861|container|exec_start: /bin/sh -c true|fc8b8a78ec4d43d6aac2e8785ee063ff4202a30b863f8dd963bb1c0bbc8a29af|t20-lat-ctr-11
1790510304562401674|container|exec_die|fc8b8a78ec4d43d6aac2e8785ee063ff4202a30b863f8dd963bb1c0bbc8a29af|t20-lat-ctr-11
1790510305563210172|container|exec_create: /bin/sh -c true|fc8b8a78ec4d43d6aac2e8785ee063ff4202a30b863f8dd963bb1c0bbc8a29af|t20-lat-ctr-11
1790510305563244004|container|exec_start: /bin/sh -c true|fc8b8a78ec4d43d6aac2e8785ee063ff4202a30b863f8dd963bb1c0bbc8a29af|t20-lat-ctr-11
1790510305587611070|container|exec_die|fc8b8a78ec4d43d6aac2e8785ee063ff4202a30b863f8dd963bb1c0bbc8a29af|t20-lat-ctr-11
1790510306587978440|container|exec_create: /bin/sh -c true|fc8b8a78ec4d43d6aac2e8785ee063ff4202a30b863f8dd963bb1c0bbc8a29af|t20-lat-ctr-11
1790510306588004850|container|exec_start: /bin/sh -c true|fc8b8a78ec4d43d6aac2e8785ee063ff4202a30b863f8dd963bb1c0bbc8a29af|t20-lat-ctr-11
1790510306612611291|container|exec_die|fc8b8a78ec4d43d6aac2e8785ee063ff4202a30b863f8dd963bb1c0bbc8a29af|t20-lat-ctr-11
1790510307394691998|container|kill|fc8b8a78ec4d43d6aac2e8785ee063ff4202a30b863f8dd963bb1c0bbc8a29af|t20-lat-ctr-11
1790510307556512827|network|disconnect|9851beeca5de58663c77abfb043b973396bb3f7f9aea89861e7e36f8f7713117|bridge
1790510307567311639|container|stop|fc8b8a78ec4d43d6aac2e8785ee063ff4202a30b863f8dd963bb1c0bbc8a29af|t20-lat-ctr-11
1790510307575515698|container|die|fc8b8a78ec4d43d6aac2e8785ee063ff4202a30b863f8dd963bb1c0bbc8a29af|t20-lat-ctr-11
1790510307632098525|container|destroy|fc8b8a78ec4d43d6aac2e8785ee063ff4202a30b863f8dd963bb1c0bbc8a29af|t20-lat-ctr-11
1790510307719487655|container|create|9acc627e42067796f630e66a6868bfab0ab5883c141fbe0796506ba90d748433|t20-lat-ctr-12
1790510307838455437|network|connect|9851beeca5de58663c77abfb043b973396bb3f7f9aea89861e7e36f8f7713117|bridge
1790510307856446128|container|start|9acc627e42067796f630e66a6868bfab0ab5883c141fbe0796506ba90d748433|t20-lat-ctr-12
1790510308857032449|container|exec_create: /bin/sh -c true|9acc627e42067796f630e66a6868bfab0ab5883c141fbe0796506ba90d748433|t20-lat-ctr-12
1790510308857056977|container|exec_start: /bin/sh -c true|9acc627e42067796f630e66a6868bfab0ab5883c141fbe0796506ba90d748433|t20-lat-ctr-12
1790510308882912954|container|exec_die|9acc627e42067796f630e66a6868bfab0ab5883c141fbe0796506ba90d748433|t20-lat-ctr-12
1790510308883190389|container|health_status: healthy|9acc627e42067796f630e66a6868bfab0ab5883c141fbe0796506ba90d748433|t20-lat-ctr-12
1790510309883731396|container|exec_create: /bin/sh -c true|9acc627e42067796f630e66a6868bfab0ab5883c141fbe0796506ba90d748433|t20-lat-ctr-12
1790510309883758062|container|exec_start: /bin/sh -c true|9acc627e42067796f630e66a6868bfab0ab5883c141fbe0796506ba90d748433|t20-lat-ctr-12
1790510309909794601|container|exec_die|9acc627e42067796f630e66a6868bfab0ab5883c141fbe0796506ba90d748433|t20-lat-ctr-12
1790510309921804454|container|kill|9acc627e42067796f630e66a6868bfab0ab5883c141fbe0796506ba90d748433|t20-lat-ctr-12
1790510310922120841|container|exec_create: /bin/sh -c true|9acc627e42067796f630e66a6868bfab0ab5883c141fbe0796506ba90d748433|t20-lat-ctr-12
1790510310922159725|container|exec_start: /bin/sh -c true|9acc627e42067796f630e66a6868bfab0ab5883c141fbe0796506ba90d748433|t20-lat-ctr-12
1790510310947727099|container|exec_die|9acc627e42067796f630e66a6868bfab0ab5883c141fbe0796506ba90d748433|t20-lat-ctr-12
1790510311948801899|container|exec_create: /bin/sh -c true|9acc627e42067796f630e66a6868bfab0ab5883c141fbe0796506ba90d748433|t20-lat-ctr-12
1790510311948826556|container|exec_start: /bin/sh -c true|9acc627e42067796f630e66a6868bfab0ab5883c141fbe0796506ba90d748433|t20-lat-ctr-12
1790510311973495860|container|exec_die|9acc627e42067796f630e66a6868bfab0ab5883c141fbe0796506ba90d748433|t20-lat-ctr-12
1790510312974231775|container|exec_create: /bin/sh -c true|9acc627e42067796f630e66a6868bfab0ab5883c141fbe0796506ba90d748433|t20-lat-ctr-12
1790510312974253399|container|exec_start: /bin/sh -c true|9acc627e42067796f630e66a6868bfab0ab5883c141fbe0796506ba90d748433|t20-lat-ctr-12
1790510312999815554|container|exec_die|9acc627e42067796f630e66a6868bfab0ab5883c141fbe0796506ba90d748433|t20-lat-ctr-12
1790510314000112754|container|exec_create: /bin/sh -c true|9acc627e42067796f630e66a6868bfab0ab5883c141fbe0796506ba90d748433|t20-lat-ctr-12
1790510314000136452|container|exec_start: /bin/sh -c true|9acc627e42067796f630e66a6868bfab0ab5883c141fbe0796506ba90d748433|t20-lat-ctr-12
1790510314025759384|container|exec_die|9acc627e42067796f630e66a6868bfab0ab5883c141fbe0796506ba90d748433|t20-lat-ctr-12
1790510315026148394|container|exec_create: /bin/sh -c true|9acc627e42067796f630e66a6868bfab0ab5883c141fbe0796506ba90d748433|t20-lat-ctr-12
1790510315026171203|container|exec_start: /bin/sh -c true|9acc627e42067796f630e66a6868bfab0ab5883c141fbe0796506ba90d748433|t20-lat-ctr-12
1790510315051943899|container|exec_die|9acc627e42067796f630e66a6868bfab0ab5883c141fbe0796506ba90d748433|t20-lat-ctr-12
1790510316053303692|container|exec_create: /bin/sh -c true|9acc627e42067796f630e66a6868bfab0ab5883c141fbe0796506ba90d748433|t20-lat-ctr-12
1790510316053341477|container|exec_start: /bin/sh -c true|9acc627e42067796f630e66a6868bfab0ab5883c141fbe0796506ba90d748433|t20-lat-ctr-12
1790510316077740844|container|exec_die|9acc627e42067796f630e66a6868bfab0ab5883c141fbe0796506ba90d748433|t20-lat-ctr-12
1790510317078340932|container|exec_create: /bin/sh -c true|9acc627e42067796f630e66a6868bfab0ab5883c141fbe0796506ba90d748433|t20-lat-ctr-12
1790510317078367801|container|exec_start: /bin/sh -c true|9acc627e42067796f630e66a6868bfab0ab5883c141fbe0796506ba90d748433|t20-lat-ctr-12
1790510317102995862|container|exec_die|9acc627e42067796f630e66a6868bfab0ab5883c141fbe0796506ba90d748433|t20-lat-ctr-12
1790510318103666982|container|exec_create: /bin/sh -c true|9acc627e42067796f630e66a6868bfab0ab5883c141fbe0796506ba90d748433|t20-lat-ctr-12
1790510318103695270|container|exec_start: /bin/sh -c true|9acc627e42067796f630e66a6868bfab0ab5883c141fbe0796506ba90d748433|t20-lat-ctr-12
1790510318130434780|container|exec_die|9acc627e42067796f630e66a6868bfab0ab5883c141fbe0796506ba90d748433|t20-lat-ctr-12
1790510319131708135|container|exec_create: /bin/sh -c true|9acc627e42067796f630e66a6868bfab0ab5883c141fbe0796506ba90d748433|t20-lat-ctr-12
1790510319131735457|container|exec_start: /bin/sh -c true|9acc627e42067796f630e66a6868bfab0ab5883c141fbe0796506ba90d748433|t20-lat-ctr-12
1790510319156156310|container|exec_die|9acc627e42067796f630e66a6868bfab0ab5883c141fbe0796506ba90d748433|t20-lat-ctr-12
1790510319936069965|container|kill|9acc627e42067796f630e66a6868bfab0ab5883c141fbe0796506ba90d748433|t20-lat-ctr-12
1790510320054674278|network|disconnect|9851beeca5de58663c77abfb043b973396bb3f7f9aea89861e7e36f8f7713117|bridge
1790510320063460298|container|stop|9acc627e42067796f630e66a6868bfab0ab5883c141fbe0796506ba90d748433|t20-lat-ctr-12
1790510320071898291|container|die|9acc627e42067796f630e66a6868bfab0ab5883c141fbe0796506ba90d748433|t20-lat-ctr-12
1790510320129466226|container|destroy|9acc627e42067796f630e66a6868bfab0ab5883c141fbe0796506ba90d748433|t20-lat-ctr-12
1790510320212863567|container|create|618552c7aedecc745937d692d2e28ef7bfaca49d025ac54e3573593a4ee5c0a7|t20-lat-ctr-13
1790510320330805626|network|connect|9851beeca5de58663c77abfb043b973396bb3f7f9aea89861e7e36f8f7713117|bridge
1790510320347787837|container|start|618552c7aedecc745937d692d2e28ef7bfaca49d025ac54e3573593a4ee5c0a7|t20-lat-ctr-13
1790510321348166122|container|exec_create: /bin/sh -c true|618552c7aedecc745937d692d2e28ef7bfaca49d025ac54e3573593a4ee5c0a7|t20-lat-ctr-13
1790510321348185256|container|exec_start: /bin/sh -c true|618552c7aedecc745937d692d2e28ef7bfaca49d025ac54e3573593a4ee5c0a7|t20-lat-ctr-13
1790510321373221636|container|exec_die|618552c7aedecc745937d692d2e28ef7bfaca49d025ac54e3573593a4ee5c0a7|t20-lat-ctr-13
1790510321373399076|container|health_status: healthy|618552c7aedecc745937d692d2e28ef7bfaca49d025ac54e3573593a4ee5c0a7|t20-lat-ctr-13
1790510322373933104|container|exec_create: /bin/sh -c true|618552c7aedecc745937d692d2e28ef7bfaca49d025ac54e3573593a4ee5c0a7|t20-lat-ctr-13
1790510322373968767|container|exec_start: /bin/sh -c true|618552c7aedecc745937d692d2e28ef7bfaca49d025ac54e3573593a4ee5c0a7|t20-lat-ctr-13
1790510322399608206|container|exec_die|618552c7aedecc745937d692d2e28ef7bfaca49d025ac54e3573593a4ee5c0a7|t20-lat-ctr-13
1790510322411069837|container|kill|618552c7aedecc745937d692d2e28ef7bfaca49d025ac54e3573593a4ee5c0a7|t20-lat-ctr-13
1790510323412055281|container|exec_create: /bin/sh -c true|618552c7aedecc745937d692d2e28ef7bfaca49d025ac54e3573593a4ee5c0a7|t20-lat-ctr-13
1790510323412078972|container|exec_start: /bin/sh -c true|618552c7aedecc745937d692d2e28ef7bfaca49d025ac54e3573593a4ee5c0a7|t20-lat-ctr-13
1790510323436019579|container|exec_die|618552c7aedecc745937d692d2e28ef7bfaca49d025ac54e3573593a4ee5c0a7|t20-lat-ctr-13
1790510324436876030|container|exec_create: /bin/sh -c true|618552c7aedecc745937d692d2e28ef7bfaca49d025ac54e3573593a4ee5c0a7|t20-lat-ctr-13
1790510324436926100|container|exec_start: /bin/sh -c true|618552c7aedecc745937d692d2e28ef7bfaca49d025ac54e3573593a4ee5c0a7|t20-lat-ctr-13
1790510324462016288|container|exec_die|618552c7aedecc745937d692d2e28ef7bfaca49d025ac54e3573593a4ee5c0a7|t20-lat-ctr-13
1790510325462973266|container|exec_create: /bin/sh -c true|618552c7aedecc745937d692d2e28ef7bfaca49d025ac54e3573593a4ee5c0a7|t20-lat-ctr-13
1790510325463008561|container|exec_start: /bin/sh -c true|618552c7aedecc745937d692d2e28ef7bfaca49d025ac54e3573593a4ee5c0a7|t20-lat-ctr-13
1790510325487082143|container|exec_die|618552c7aedecc745937d692d2e28ef7bfaca49d025ac54e3573593a4ee5c0a7|t20-lat-ctr-13
1790510326487830503|container|exec_create: /bin/sh -c true|618552c7aedecc745937d692d2e28ef7bfaca49d025ac54e3573593a4ee5c0a7|t20-lat-ctr-13
1790510326487855323|container|exec_start: /bin/sh -c true|618552c7aedecc745937d692d2e28ef7bfaca49d025ac54e3573593a4ee5c0a7|t20-lat-ctr-13
1790510326512047594|container|exec_die|618552c7aedecc745937d692d2e28ef7bfaca49d025ac54e3573593a4ee5c0a7|t20-lat-ctr-13
1790510327512375498|container|exec_create: /bin/sh -c true|618552c7aedecc745937d692d2e28ef7bfaca49d025ac54e3573593a4ee5c0a7|t20-lat-ctr-13
1790510327512431948|container|exec_start: /bin/sh -c true|618552c7aedecc745937d692d2e28ef7bfaca49d025ac54e3573593a4ee5c0a7|t20-lat-ctr-13
1790510327537212705|container|exec_die|618552c7aedecc745937d692d2e28ef7bfaca49d025ac54e3573593a4ee5c0a7|t20-lat-ctr-13
1790510328537607421|container|exec_create: /bin/sh -c true|618552c7aedecc745937d692d2e28ef7bfaca49d025ac54e3573593a4ee5c0a7|t20-lat-ctr-13
1790510328537631111|container|exec_start: /bin/sh -c true|618552c7aedecc745937d692d2e28ef7bfaca49d025ac54e3573593a4ee5c0a7|t20-lat-ctr-13
1790510328562215391|container|exec_die|618552c7aedecc745937d692d2e28ef7bfaca49d025ac54e3573593a4ee5c0a7|t20-lat-ctr-13
1790510329563009742|container|exec_create: /bin/sh -c true|618552c7aedecc745937d692d2e28ef7bfaca49d025ac54e3573593a4ee5c0a7|t20-lat-ctr-13
1790510329563035573|container|exec_start: /bin/sh -c true|618552c7aedecc745937d692d2e28ef7bfaca49d025ac54e3573593a4ee5c0a7|t20-lat-ctr-13
1790510329588114252|container|exec_die|618552c7aedecc745937d692d2e28ef7bfaca49d025ac54e3573593a4ee5c0a7|t20-lat-ctr-13
1790510330589073658|container|exec_create: /bin/sh -c true|618552c7aedecc745937d692d2e28ef7bfaca49d025ac54e3573593a4ee5c0a7|t20-lat-ctr-13
1790510330589100020|container|exec_start: /bin/sh -c true|618552c7aedecc745937d692d2e28ef7bfaca49d025ac54e3573593a4ee5c0a7|t20-lat-ctr-13
1790510330613271174|container|exec_die|618552c7aedecc745937d692d2e28ef7bfaca49d025ac54e3573593a4ee5c0a7|t20-lat-ctr-13
1790510331614612492|container|exec_create: /bin/sh -c true|618552c7aedecc745937d692d2e28ef7bfaca49d025ac54e3573593a4ee5c0a7|t20-lat-ctr-13
1790510331614636638|container|exec_start: /bin/sh -c true|618552c7aedecc745937d692d2e28ef7bfaca49d025ac54e3573593a4ee5c0a7|t20-lat-ctr-13
1790510331639243543|container|exec_die|618552c7aedecc745937d692d2e28ef7bfaca49d025ac54e3573593a4ee5c0a7|t20-lat-ctr-13
1790510332424681797|container|kill|618552c7aedecc745937d692d2e28ef7bfaca49d025ac54e3573593a4ee5c0a7|t20-lat-ctr-13
1790510332573503771|network|disconnect|9851beeca5de58663c77abfb043b973396bb3f7f9aea89861e7e36f8f7713117|bridge
1790510332583282005|container|stop|618552c7aedecc745937d692d2e28ef7bfaca49d025ac54e3573593a4ee5c0a7|t20-lat-ctr-13
1790510332592550261|container|die|618552c7aedecc745937d692d2e28ef7bfaca49d025ac54e3573593a4ee5c0a7|t20-lat-ctr-13
1790510332649209100|container|destroy|618552c7aedecc745937d692d2e28ef7bfaca49d025ac54e3573593a4ee5c0a7|t20-lat-ctr-13
1790510332736520683|container|create|68f43852002684a84824c98acf745d7f7c9c2c4ed89f8f43e9de7d6abc391ce2|t20-lat-ctr-14
1790510332867532387|network|connect|9851beeca5de58663c77abfb043b973396bb3f7f9aea89861e7e36f8f7713117|bridge
1790510332885450233|container|start|68f43852002684a84824c98acf745d7f7c9c2c4ed89f8f43e9de7d6abc391ce2|t20-lat-ctr-14
1790510333886412678|container|exec_create: /bin/sh -c true|68f43852002684a84824c98acf745d7f7c9c2c4ed89f8f43e9de7d6abc391ce2|t20-lat-ctr-14
1790510333886447335|container|exec_start: /bin/sh -c true|68f43852002684a84824c98acf745d7f7c9c2c4ed89f8f43e9de7d6abc391ce2|t20-lat-ctr-14
1790510333911827547|container|exec_die|68f43852002684a84824c98acf745d7f7c9c2c4ed89f8f43e9de7d6abc391ce2|t20-lat-ctr-14
1790510333911999795|container|health_status: healthy|68f43852002684a84824c98acf745d7f7c9c2c4ed89f8f43e9de7d6abc391ce2|t20-lat-ctr-14
1790510334912729479|container|exec_create: /bin/sh -c true|68f43852002684a84824c98acf745d7f7c9c2c4ed89f8f43e9de7d6abc391ce2|t20-lat-ctr-14
1790510334912829373|container|exec_start: /bin/sh -c true|68f43852002684a84824c98acf745d7f7c9c2c4ed89f8f43e9de7d6abc391ce2|t20-lat-ctr-14
1790510334938729938|container|exec_die|68f43852002684a84824c98acf745d7f7c9c2c4ed89f8f43e9de7d6abc391ce2|t20-lat-ctr-14
1790510334949119705|container|kill|68f43852002684a84824c98acf745d7f7c9c2c4ed89f8f43e9de7d6abc391ce2|t20-lat-ctr-14
1790510335949976423|container|exec_create: /bin/sh -c true|68f43852002684a84824c98acf745d7f7c9c2c4ed89f8f43e9de7d6abc391ce2|t20-lat-ctr-14
1790510335950012078|container|exec_start: /bin/sh -c true|68f43852002684a84824c98acf745d7f7c9c2c4ed89f8f43e9de7d6abc391ce2|t20-lat-ctr-14
1790510335976174000|container|exec_die|68f43852002684a84824c98acf745d7f7c9c2c4ed89f8f43e9de7d6abc391ce2|t20-lat-ctr-14
1790510336976683160|container|exec_create: /bin/sh -c true|68f43852002684a84824c98acf745d7f7c9c2c4ed89f8f43e9de7d6abc391ce2|t20-lat-ctr-14
1790510336976714981|container|exec_start: /bin/sh -c true|68f43852002684a84824c98acf745d7f7c9c2c4ed89f8f43e9de7d6abc391ce2|t20-lat-ctr-14
1790510337001879375|container|exec_die|68f43852002684a84824c98acf745d7f7c9c2c4ed89f8f43e9de7d6abc391ce2|t20-lat-ctr-14
1790510338003260394|container|exec_create: /bin/sh -c true|68f43852002684a84824c98acf745d7f7c9c2c4ed89f8f43e9de7d6abc391ce2|t20-lat-ctr-14
1790510338003296976|container|exec_start: /bin/sh -c true|68f43852002684a84824c98acf745d7f7c9c2c4ed89f8f43e9de7d6abc391ce2|t20-lat-ctr-14
1790510338029013686|container|exec_die|68f43852002684a84824c98acf745d7f7c9c2c4ed89f8f43e9de7d6abc391ce2|t20-lat-ctr-14
1790510339029402066|container|exec_create: /bin/sh -c true|68f43852002684a84824c98acf745d7f7c9c2c4ed89f8f43e9de7d6abc391ce2|t20-lat-ctr-14
1790510339029438101|container|exec_start: /bin/sh -c true|68f43852002684a84824c98acf745d7f7c9c2c4ed89f8f43e9de7d6abc391ce2|t20-lat-ctr-14
1790510339053942895|container|exec_die|68f43852002684a84824c98acf745d7f7c9c2c4ed89f8f43e9de7d6abc391ce2|t20-lat-ctr-14
1790510340054363192|container|exec_create: /bin/sh -c true|68f43852002684a84824c98acf745d7f7c9c2c4ed89f8f43e9de7d6abc391ce2|t20-lat-ctr-14
1790510340054387028|container|exec_start: /bin/sh -c true|68f43852002684a84824c98acf745d7f7c9c2c4ed89f8f43e9de7d6abc391ce2|t20-lat-ctr-14
1790510340079022096|container|exec_die|68f43852002684a84824c98acf745d7f7c9c2c4ed89f8f43e9de7d6abc391ce2|t20-lat-ctr-14
1790510341079759652|container|exec_create: /bin/sh -c true|68f43852002684a84824c98acf745d7f7c9c2c4ed89f8f43e9de7d6abc391ce2|t20-lat-ctr-14
1790510341079785259|container|exec_start: /bin/sh -c true|68f43852002684a84824c98acf745d7f7c9c2c4ed89f8f43e9de7d6abc391ce2|t20-lat-ctr-14
1790510341103981901|container|exec_die|68f43852002684a84824c98acf745d7f7c9c2c4ed89f8f43e9de7d6abc391ce2|t20-lat-ctr-14
1790510342104526547|container|exec_create: /bin/sh -c true|68f43852002684a84824c98acf745d7f7c9c2c4ed89f8f43e9de7d6abc391ce2|t20-lat-ctr-14
1790510342104556706|container|exec_start: /bin/sh -c true|68f43852002684a84824c98acf745d7f7c9c2c4ed89f8f43e9de7d6abc391ce2|t20-lat-ctr-14
1790510342128999304|container|exec_die|68f43852002684a84824c98acf745d7f7c9c2c4ed89f8f43e9de7d6abc391ce2|t20-lat-ctr-14
1790510343129999621|container|exec_create: /bin/sh -c true|68f43852002684a84824c98acf745d7f7c9c2c4ed89f8f43e9de7d6abc391ce2|t20-lat-ctr-14
1790510343130023620|container|exec_start: /bin/sh -c true|68f43852002684a84824c98acf745d7f7c9c2c4ed89f8f43e9de7d6abc391ce2|t20-lat-ctr-14
1790510343154932960|container|exec_die|68f43852002684a84824c98acf745d7f7c9c2c4ed89f8f43e9de7d6abc391ce2|t20-lat-ctr-14
1790510344156051272|container|exec_create: /bin/sh -c true|68f43852002684a84824c98acf745d7f7c9c2c4ed89f8f43e9de7d6abc391ce2|t20-lat-ctr-14
1790510344156073783|container|exec_start: /bin/sh -c true|68f43852002684a84824c98acf745d7f7c9c2c4ed89f8f43e9de7d6abc391ce2|t20-lat-ctr-14
1790510344182076347|container|exec_die|68f43852002684a84824c98acf745d7f7c9c2c4ed89f8f43e9de7d6abc391ce2|t20-lat-ctr-14
1790510344963912317|container|kill|68f43852002684a84824c98acf745d7f7c9c2c4ed89f8f43e9de7d6abc391ce2|t20-lat-ctr-14
1790510345101814285|network|disconnect|9851beeca5de58663c77abfb043b973396bb3f7f9aea89861e7e36f8f7713117|bridge
1790510345111673067|container|stop|68f43852002684a84824c98acf745d7f7c9c2c4ed89f8f43e9de7d6abc391ce2|t20-lat-ctr-14
1790510345119935370|container|die|68f43852002684a84824c98acf745d7f7c9c2c4ed89f8f43e9de7d6abc391ce2|t20-lat-ctr-14
1790510345176732716|container|destroy|68f43852002684a84824c98acf745d7f7c9c2c4ed89f8f43e9de7d6abc391ce2|t20-lat-ctr-14
1790510345260959051|container|create|2c0b33f602679c44fc246c77073e3b9af2350b4a512f5eda8b8160e4f59b04e9|t20-lat-ctr-15
1790510345380825727|network|connect|9851beeca5de58663c77abfb043b973396bb3f7f9aea89861e7e36f8f7713117|bridge
1790510345398007593|container|start|2c0b33f602679c44fc246c77073e3b9af2350b4a512f5eda8b8160e4f59b04e9|t20-lat-ctr-15
1790510346398365509|container|exec_create: /bin/sh -c true|2c0b33f602679c44fc246c77073e3b9af2350b4a512f5eda8b8160e4f59b04e9|t20-lat-ctr-15
1790510346398388992|container|exec_start: /bin/sh -c true|2c0b33f602679c44fc246c77073e3b9af2350b4a512f5eda8b8160e4f59b04e9|t20-lat-ctr-15
1790510346423375425|container|exec_die|2c0b33f602679c44fc246c77073e3b9af2350b4a512f5eda8b8160e4f59b04e9|t20-lat-ctr-15
1790510346423539487|container|health_status: healthy|2c0b33f602679c44fc246c77073e3b9af2350b4a512f5eda8b8160e4f59b04e9|t20-lat-ctr-15
1790510347424458324|container|exec_create: /bin/sh -c true|2c0b33f602679c44fc246c77073e3b9af2350b4a512f5eda8b8160e4f59b04e9|t20-lat-ctr-15
1790510347424495986|container|exec_start: /bin/sh -c true|2c0b33f602679c44fc246c77073e3b9af2350b4a512f5eda8b8160e4f59b04e9|t20-lat-ctr-15
1790510347451391566|container|exec_die|2c0b33f602679c44fc246c77073e3b9af2350b4a512f5eda8b8160e4f59b04e9|t20-lat-ctr-15
1790510347462145155|container|kill|2c0b33f602679c44fc246c77073e3b9af2350b4a512f5eda8b8160e4f59b04e9|t20-lat-ctr-15
1790510348463369826|container|exec_create: /bin/sh -c true|2c0b33f602679c44fc246c77073e3b9af2350b4a512f5eda8b8160e4f59b04e9|t20-lat-ctr-15
1790510348463402714|container|exec_start: /bin/sh -c true|2c0b33f602679c44fc246c77073e3b9af2350b4a512f5eda8b8160e4f59b04e9|t20-lat-ctr-15
1790510348488114988|container|exec_die|2c0b33f602679c44fc246c77073e3b9af2350b4a512f5eda8b8160e4f59b04e9|t20-lat-ctr-15
1790510349489014460|container|exec_create: /bin/sh -c true|2c0b33f602679c44fc246c77073e3b9af2350b4a512f5eda8b8160e4f59b04e9|t20-lat-ctr-15
1790510349489052902|container|exec_start: /bin/sh -c true|2c0b33f602679c44fc246c77073e3b9af2350b4a512f5eda8b8160e4f59b04e9|t20-lat-ctr-15
1790510349513493214|container|exec_die|2c0b33f602679c44fc246c77073e3b9af2350b4a512f5eda8b8160e4f59b04e9|t20-lat-ctr-15
1790510350514692017|container|exec_create: /bin/sh -c true|2c0b33f602679c44fc246c77073e3b9af2350b4a512f5eda8b8160e4f59b04e9|t20-lat-ctr-15
1790510350514715926|container|exec_start: /bin/sh -c true|2c0b33f602679c44fc246c77073e3b9af2350b4a512f5eda8b8160e4f59b04e9|t20-lat-ctr-15
1790510350539387312|container|exec_die|2c0b33f602679c44fc246c77073e3b9af2350b4a512f5eda8b8160e4f59b04e9|t20-lat-ctr-15
1790510351539738860|container|exec_create: /bin/sh -c true|2c0b33f602679c44fc246c77073e3b9af2350b4a512f5eda8b8160e4f59b04e9|t20-lat-ctr-15
1790510351539772402|container|exec_start: /bin/sh -c true|2c0b33f602679c44fc246c77073e3b9af2350b4a512f5eda8b8160e4f59b04e9|t20-lat-ctr-15
1790510351564371764|container|exec_die|2c0b33f602679c44fc246c77073e3b9af2350b4a512f5eda8b8160e4f59b04e9|t20-lat-ctr-15
1790510352564811492|container|exec_create: /bin/sh -c true|2c0b33f602679c44fc246c77073e3b9af2350b4a512f5eda8b8160e4f59b04e9|t20-lat-ctr-15
1790510352564847152|container|exec_start: /bin/sh -c true|2c0b33f602679c44fc246c77073e3b9af2350b4a512f5eda8b8160e4f59b04e9|t20-lat-ctr-15
1790510352589330067|container|exec_die|2c0b33f602679c44fc246c77073e3b9af2350b4a512f5eda8b8160e4f59b04e9|t20-lat-ctr-15
1790510353590625033|container|exec_create: /bin/sh -c true|2c0b33f602679c44fc246c77073e3b9af2350b4a512f5eda8b8160e4f59b04e9|t20-lat-ctr-15
1790510353590657926|container|exec_start: /bin/sh -c true|2c0b33f602679c44fc246c77073e3b9af2350b4a512f5eda8b8160e4f59b04e9|t20-lat-ctr-15
1790510353616544568|container|exec_die|2c0b33f602679c44fc246c77073e3b9af2350b4a512f5eda8b8160e4f59b04e9|t20-lat-ctr-15
1790510354617426438|container|exec_create: /bin/sh -c true|2c0b33f602679c44fc246c77073e3b9af2350b4a512f5eda8b8160e4f59b04e9|t20-lat-ctr-15
1790510354617453672|container|exec_start: /bin/sh -c true|2c0b33f602679c44fc246c77073e3b9af2350b4a512f5eda8b8160e4f59b04e9|t20-lat-ctr-15
1790510354642384401|container|exec_die|2c0b33f602679c44fc246c77073e3b9af2350b4a512f5eda8b8160e4f59b04e9|t20-lat-ctr-15
1790510355643486931|container|exec_create: /bin/sh -c true|2c0b33f602679c44fc246c77073e3b9af2350b4a512f5eda8b8160e4f59b04e9|t20-lat-ctr-15
1790510355643512697|container|exec_start: /bin/sh -c true|2c0b33f602679c44fc246c77073e3b9af2350b4a512f5eda8b8160e4f59b04e9|t20-lat-ctr-15
1790510355668739671|container|exec_die|2c0b33f602679c44fc246c77073e3b9af2350b4a512f5eda8b8160e4f59b04e9|t20-lat-ctr-15
1790510356669804134|container|exec_create: /bin/sh -c true|2c0b33f602679c44fc246c77073e3b9af2350b4a512f5eda8b8160e4f59b04e9|t20-lat-ctr-15
1790510356669830088|container|exec_start: /bin/sh -c true|2c0b33f602679c44fc246c77073e3b9af2350b4a512f5eda8b8160e4f59b04e9|t20-lat-ctr-15
1790510356695408840|container|exec_die|2c0b33f602679c44fc246c77073e3b9af2350b4a512f5eda8b8160e4f59b04e9|t20-lat-ctr-15
1790510357475702964|container|kill|2c0b33f602679c44fc246c77073e3b9af2350b4a512f5eda8b8160e4f59b04e9|t20-lat-ctr-15
1790510357653179790|network|disconnect|9851beeca5de58663c77abfb043b973396bb3f7f9aea89861e7e36f8f7713117|bridge
1790510357662137086|container|stop|2c0b33f602679c44fc246c77073e3b9af2350b4a512f5eda8b8160e4f59b04e9|t20-lat-ctr-15
1790510357670455213|container|die|2c0b33f602679c44fc246c77073e3b9af2350b4a512f5eda8b8160e4f59b04e9|t20-lat-ctr-15
1790510357729061027|container|destroy|2c0b33f602679c44fc246c77073e3b9af2350b4a512f5eda8b8160e4f59b04e9|t20-lat-ctr-15
1790510357816347636|container|create|4d95c0f3962c583c27dde558e8b5da87a7b6dd1ace620495c148eddccf5f91cf|t20-lat-ctr-16
1790510357939312958|network|connect|9851beeca5de58663c77abfb043b973396bb3f7f9aea89861e7e36f8f7713117|bridge
1790510357958367907|container|start|4d95c0f3962c583c27dde558e8b5da87a7b6dd1ace620495c148eddccf5f91cf|t20-lat-ctr-16
1790510358958881645|container|exec_create: /bin/sh -c true|4d95c0f3962c583c27dde558e8b5da87a7b6dd1ace620495c148eddccf5f91cf|t20-lat-ctr-16
1790510358958906868|container|exec_start: /bin/sh -c true|4d95c0f3962c583c27dde558e8b5da87a7b6dd1ace620495c148eddccf5f91cf|t20-lat-ctr-16
1790510358983523737|container|exec_die|4d95c0f3962c583c27dde558e8b5da87a7b6dd1ace620495c148eddccf5f91cf|t20-lat-ctr-16
1790510358983775689|container|health_status: healthy|4d95c0f3962c583c27dde558e8b5da87a7b6dd1ace620495c148eddccf5f91cf|t20-lat-ctr-16
1790510359006094371|container|kill|4d95c0f3962c583c27dde558e8b5da87a7b6dd1ace620495c148eddccf5f91cf|t20-lat-ctr-16
1790510359983989777|container|exec_create: /bin/sh -c true|4d95c0f3962c583c27dde558e8b5da87a7b6dd1ace620495c148eddccf5f91cf|t20-lat-ctr-16
1790510359984052247|container|exec_start: /bin/sh -c true|4d95c0f3962c583c27dde558e8b5da87a7b6dd1ace620495c148eddccf5f91cf|t20-lat-ctr-16
1790510360009319260|container|exec_die|4d95c0f3962c583c27dde558e8b5da87a7b6dd1ace620495c148eddccf5f91cf|t20-lat-ctr-16
1790510361010170179|container|exec_create: /bin/sh -c true|4d95c0f3962c583c27dde558e8b5da87a7b6dd1ace620495c148eddccf5f91cf|t20-lat-ctr-16
1790510361010196563|container|exec_start: /bin/sh -c true|4d95c0f3962c583c27dde558e8b5da87a7b6dd1ace620495c148eddccf5f91cf|t20-lat-ctr-16
1790510361034497430|container|exec_die|4d95c0f3962c583c27dde558e8b5da87a7b6dd1ace620495c148eddccf5f91cf|t20-lat-ctr-16
1790510362034462646|container|exec_create: /bin/sh -c true|4d95c0f3962c583c27dde558e8b5da87a7b6dd1ace620495c148eddccf5f91cf|t20-lat-ctr-16
1790510362034498593|container|exec_start: /bin/sh -c true|4d95c0f3962c583c27dde558e8b5da87a7b6dd1ace620495c148eddccf5f91cf|t20-lat-ctr-16
1790510362058476952|container|exec_die|4d95c0f3962c583c27dde558e8b5da87a7b6dd1ace620495c148eddccf5f91cf|t20-lat-ctr-16
1790510363058732291|container|exec_create: /bin/sh -c true|4d95c0f3962c583c27dde558e8b5da87a7b6dd1ace620495c148eddccf5f91cf|t20-lat-ctr-16
1790510363058769250|container|exec_start: /bin/sh -c true|4d95c0f3962c583c27dde558e8b5da87a7b6dd1ace620495c148eddccf5f91cf|t20-lat-ctr-16
1790510363082580268|container|exec_die|4d95c0f3962c583c27dde558e8b5da87a7b6dd1ace620495c148eddccf5f91cf|t20-lat-ctr-16
1790510364083156245|container|exec_create: /bin/sh -c true|4d95c0f3962c583c27dde558e8b5da87a7b6dd1ace620495c148eddccf5f91cf|t20-lat-ctr-16
1790510364083194542|container|exec_start: /bin/sh -c true|4d95c0f3962c583c27dde558e8b5da87a7b6dd1ace620495c148eddccf5f91cf|t20-lat-ctr-16
1790510364107665233|container|exec_die|4d95c0f3962c583c27dde558e8b5da87a7b6dd1ace620495c148eddccf5f91cf|t20-lat-ctr-16
1790510365108903499|container|exec_create: /bin/sh -c true|4d95c0f3962c583c27dde558e8b5da87a7b6dd1ace620495c148eddccf5f91cf|t20-lat-ctr-16
1790510365108936563|container|exec_start: /bin/sh -c true|4d95c0f3962c583c27dde558e8b5da87a7b6dd1ace620495c148eddccf5f91cf|t20-lat-ctr-16
1790510365133524527|container|exec_die|4d95c0f3962c583c27dde558e8b5da87a7b6dd1ace620495c148eddccf5f91cf|t20-lat-ctr-16
1790510366133773436|container|exec_create: /bin/sh -c true|4d95c0f3962c583c27dde558e8b5da87a7b6dd1ace620495c148eddccf5f91cf|t20-lat-ctr-16
1790510366133801585|container|exec_start: /bin/sh -c true|4d95c0f3962c583c27dde558e8b5da87a7b6dd1ace620495c148eddccf5f91cf|t20-lat-ctr-16
1790510366157862394|container|exec_die|4d95c0f3962c583c27dde558e8b5da87a7b6dd1ace620495c148eddccf5f91cf|t20-lat-ctr-16
1790510367158664270|container|exec_create: /bin/sh -c true|4d95c0f3962c583c27dde558e8b5da87a7b6dd1ace620495c148eddccf5f91cf|t20-lat-ctr-16
1790510367158702292|container|exec_start: /bin/sh -c true|4d95c0f3962c583c27dde558e8b5da87a7b6dd1ace620495c148eddccf5f91cf|t20-lat-ctr-16
1790510367183536737|container|exec_die|4d95c0f3962c583c27dde558e8b5da87a7b6dd1ace620495c148eddccf5f91cf|t20-lat-ctr-16
1790510368184679897|container|exec_create: /bin/sh -c true|4d95c0f3962c583c27dde558e8b5da87a7b6dd1ace620495c148eddccf5f91cf|t20-lat-ctr-16
1790510368184705743|container|exec_start: /bin/sh -c true|4d95c0f3962c583c27dde558e8b5da87a7b6dd1ace620495c148eddccf5f91cf|t20-lat-ctr-16
1790510368208901242|container|exec_die|4d95c0f3962c583c27dde558e8b5da87a7b6dd1ace620495c148eddccf5f91cf|t20-lat-ctr-16
1790510369020775074|container|kill|4d95c0f3962c583c27dde558e8b5da87a7b6dd1ace620495c148eddccf5f91cf|t20-lat-ctr-16
1790510369160572202|network|disconnect|9851beeca5de58663c77abfb043b973396bb3f7f9aea89861e7e36f8f7713117|bridge
1790510369170310913|container|stop|4d95c0f3962c583c27dde558e8b5da87a7b6dd1ace620495c148eddccf5f91cf|t20-lat-ctr-16
1790510369179723516|container|die|4d95c0f3962c583c27dde558e8b5da87a7b6dd1ace620495c148eddccf5f91cf|t20-lat-ctr-16
1790510369237246822|container|destroy|4d95c0f3962c583c27dde558e8b5da87a7b6dd1ace620495c148eddccf5f91cf|t20-lat-ctr-16
1790510369322621590|container|create|b24968264d69fcdeb553ac3f1eedf774021664b8464ed4b34e9a9988ff9d1965|t20-lat-ctr-17
1790510369442656448|network|connect|9851beeca5de58663c77abfb043b973396bb3f7f9aea89861e7e36f8f7713117|bridge
1790510369461619410|container|start|b24968264d69fcdeb553ac3f1eedf774021664b8464ed4b34e9a9988ff9d1965|t20-lat-ctr-17
1790510370462826521|container|exec_create: /bin/sh -c true|b24968264d69fcdeb553ac3f1eedf774021664b8464ed4b34e9a9988ff9d1965|t20-lat-ctr-17
1790510370462851195|container|exec_start: /bin/sh -c true|b24968264d69fcdeb553ac3f1eedf774021664b8464ed4b34e9a9988ff9d1965|t20-lat-ctr-17
1790510370488086151|container|exec_die|b24968264d69fcdeb553ac3f1eedf774021664b8464ed4b34e9a9988ff9d1965|t20-lat-ctr-17
1790510370488265810|container|health_status: healthy|b24968264d69fcdeb553ac3f1eedf774021664b8464ed4b34e9a9988ff9d1965|t20-lat-ctr-17
1790510371489426058|container|exec_create: /bin/sh -c true|b24968264d69fcdeb553ac3f1eedf774021664b8464ed4b34e9a9988ff9d1965|t20-lat-ctr-17
1790510371489459085|container|exec_start: /bin/sh -c true|b24968264d69fcdeb553ac3f1eedf774021664b8464ed4b34e9a9988ff9d1965|t20-lat-ctr-17
1790510371519028357|container|exec_die|b24968264d69fcdeb553ac3f1eedf774021664b8464ed4b34e9a9988ff9d1965|t20-lat-ctr-17
1790510371525883767|container|kill|b24968264d69fcdeb553ac3f1eedf774021664b8464ed4b34e9a9988ff9d1965|t20-lat-ctr-17
1790510372526991440|container|exec_create: /bin/sh -c true|b24968264d69fcdeb553ac3f1eedf774021664b8464ed4b34e9a9988ff9d1965|t20-lat-ctr-17
1790510372527026242|container|exec_start: /bin/sh -c true|b24968264d69fcdeb553ac3f1eedf774021664b8464ed4b34e9a9988ff9d1965|t20-lat-ctr-17
1790510372553213768|container|exec_die|b24968264d69fcdeb553ac3f1eedf774021664b8464ed4b34e9a9988ff9d1965|t20-lat-ctr-17
1790510373553648723|container|exec_create: /bin/sh -c true|b24968264d69fcdeb553ac3f1eedf774021664b8464ed4b34e9a9988ff9d1965|t20-lat-ctr-17
1790510373553689260|container|exec_start: /bin/sh -c true|b24968264d69fcdeb553ac3f1eedf774021664b8464ed4b34e9a9988ff9d1965|t20-lat-ctr-17
1790510373578812162|container|exec_die|b24968264d69fcdeb553ac3f1eedf774021664b8464ed4b34e9a9988ff9d1965|t20-lat-ctr-17
1790510374579530862|container|exec_create: /bin/sh -c true|b24968264d69fcdeb553ac3f1eedf774021664b8464ed4b34e9a9988ff9d1965|t20-lat-ctr-17
1790510374579557437|container|exec_start: /bin/sh -c true|b24968264d69fcdeb553ac3f1eedf774021664b8464ed4b34e9a9988ff9d1965|t20-lat-ctr-17
1790510374604843975|container|exec_die|b24968264d69fcdeb553ac3f1eedf774021664b8464ed4b34e9a9988ff9d1965|t20-lat-ctr-17
1790510375606138437|container|exec_create: /bin/sh -c true|b24968264d69fcdeb553ac3f1eedf774021664b8464ed4b34e9a9988ff9d1965|t20-lat-ctr-17
1790510375606165901|container|exec_start: /bin/sh -c true|b24968264d69fcdeb553ac3f1eedf774021664b8464ed4b34e9a9988ff9d1965|t20-lat-ctr-17
1790510375630877943|container|exec_die|b24968264d69fcdeb553ac3f1eedf774021664b8464ed4b34e9a9988ff9d1965|t20-lat-ctr-17
1790510376631618689|container|exec_create: /bin/sh -c true|b24968264d69fcdeb553ac3f1eedf774021664b8464ed4b34e9a9988ff9d1965|t20-lat-ctr-17
1790510376631650870|container|exec_start: /bin/sh -c true|b24968264d69fcdeb553ac3f1eedf774021664b8464ed4b34e9a9988ff9d1965|t20-lat-ctr-17
1790510376656113180|container|exec_die|b24968264d69fcdeb553ac3f1eedf774021664b8464ed4b34e9a9988ff9d1965|t20-lat-ctr-17
1790510377657219717|container|exec_create: /bin/sh -c true|b24968264d69fcdeb553ac3f1eedf774021664b8464ed4b34e9a9988ff9d1965|t20-lat-ctr-17
1790510377657253262|container|exec_start: /bin/sh -c true|b24968264d69fcdeb553ac3f1eedf774021664b8464ed4b34e9a9988ff9d1965|t20-lat-ctr-17
1790510377682099980|container|exec_die|b24968264d69fcdeb553ac3f1eedf774021664b8464ed4b34e9a9988ff9d1965|t20-lat-ctr-17
1790510378683127920|container|exec_create: /bin/sh -c true|b24968264d69fcdeb553ac3f1eedf774021664b8464ed4b34e9a9988ff9d1965|t20-lat-ctr-17
1790510378683167725|container|exec_start: /bin/sh -c true|b24968264d69fcdeb553ac3f1eedf774021664b8464ed4b34e9a9988ff9d1965|t20-lat-ctr-17
1790510378708102886|container|exec_die|b24968264d69fcdeb553ac3f1eedf774021664b8464ed4b34e9a9988ff9d1965|t20-lat-ctr-17
1790510379708710442|container|exec_create: /bin/sh -c true|b24968264d69fcdeb553ac3f1eedf774021664b8464ed4b34e9a9988ff9d1965|t20-lat-ctr-17
1790510379708735233|container|exec_start: /bin/sh -c true|b24968264d69fcdeb553ac3f1eedf774021664b8464ed4b34e9a9988ff9d1965|t20-lat-ctr-17
1790510379733126567|container|exec_die|b24968264d69fcdeb553ac3f1eedf774021664b8464ed4b34e9a9988ff9d1965|t20-lat-ctr-17
1790510380733505000|container|exec_create: /bin/sh -c true|b24968264d69fcdeb553ac3f1eedf774021664b8464ed4b34e9a9988ff9d1965|t20-lat-ctr-17
1790510380733540292|container|exec_start: /bin/sh -c true|b24968264d69fcdeb553ac3f1eedf774021664b8464ed4b34e9a9988ff9d1965|t20-lat-ctr-17
1790510380758142029|container|exec_die|b24968264d69fcdeb553ac3f1eedf774021664b8464ed4b34e9a9988ff9d1965|t20-lat-ctr-17
1790510381541210716|container|kill|b24968264d69fcdeb553ac3f1eedf774021664b8464ed4b34e9a9988ff9d1965|t20-lat-ctr-17
1790510381695967393|network|disconnect|9851beeca5de58663c77abfb043b973396bb3f7f9aea89861e7e36f8f7713117|bridge
1790510381705801888|container|stop|b24968264d69fcdeb553ac3f1eedf774021664b8464ed4b34e9a9988ff9d1965|t20-lat-ctr-17
1790510381714135739|container|die|b24968264d69fcdeb553ac3f1eedf774021664b8464ed4b34e9a9988ff9d1965|t20-lat-ctr-17
1790510381771714271|container|destroy|b24968264d69fcdeb553ac3f1eedf774021664b8464ed4b34e9a9988ff9d1965|t20-lat-ctr-17
1790510381863032208|container|create|2040cdc46e681145da6ef95b5f31f8212a092c9888192016e97a520683289281|t20-lat-ctr-18
1790510382012008904|network|connect|9851beeca5de58663c77abfb043b973396bb3f7f9aea89861e7e36f8f7713117|bridge
1790510382032062091|container|start|2040cdc46e681145da6ef95b5f31f8212a092c9888192016e97a520683289281|t20-lat-ctr-18
1790510383033020302|container|exec_create: /bin/sh -c true|2040cdc46e681145da6ef95b5f31f8212a092c9888192016e97a520683289281|t20-lat-ctr-18
1790510383033043976|container|exec_start: /bin/sh -c true|2040cdc46e681145da6ef95b5f31f8212a092c9888192016e97a520683289281|t20-lat-ctr-18
1790510383057533382|container|exec_die|2040cdc46e681145da6ef95b5f31f8212a092c9888192016e97a520683289281|t20-lat-ctr-18
1790510383057734131|container|health_status: healthy|2040cdc46e681145da6ef95b5f31f8212a092c9888192016e97a520683289281|t20-lat-ctr-18
1790510384058705147|container|exec_create: /bin/sh -c true|2040cdc46e681145da6ef95b5f31f8212a092c9888192016e97a520683289281|t20-lat-ctr-18
1790510384058742694|container|exec_start: /bin/sh -c true|2040cdc46e681145da6ef95b5f31f8212a092c9888192016e97a520683289281|t20-lat-ctr-18
1790510384085147111|container|exec_die|2040cdc46e681145da6ef95b5f31f8212a092c9888192016e97a520683289281|t20-lat-ctr-18
1790510384095866691|container|kill|2040cdc46e681145da6ef95b5f31f8212a092c9888192016e97a520683289281|t20-lat-ctr-18
1790510385096404912|container|exec_create: /bin/sh -c true|2040cdc46e681145da6ef95b5f31f8212a092c9888192016e97a520683289281|t20-lat-ctr-18
1790510385096440998|container|exec_start: /bin/sh -c true|2040cdc46e681145da6ef95b5f31f8212a092c9888192016e97a520683289281|t20-lat-ctr-18
1790510385120497922|container|exec_die|2040cdc46e681145da6ef95b5f31f8212a092c9888192016e97a520683289281|t20-lat-ctr-18
1790510386121612544|container|exec_create: /bin/sh -c true|2040cdc46e681145da6ef95b5f31f8212a092c9888192016e97a520683289281|t20-lat-ctr-18
1790510386121646927|container|exec_start: /bin/sh -c true|2040cdc46e681145da6ef95b5f31f8212a092c9888192016e97a520683289281|t20-lat-ctr-18
1790510386146302485|container|exec_die|2040cdc46e681145da6ef95b5f31f8212a092c9888192016e97a520683289281|t20-lat-ctr-18
1790510387146880137|container|exec_create: /bin/sh -c true|2040cdc46e681145da6ef95b5f31f8212a092c9888192016e97a520683289281|t20-lat-ctr-18
1790510387146905184|container|exec_start: /bin/sh -c true|2040cdc46e681145da6ef95b5f31f8212a092c9888192016e97a520683289281|t20-lat-ctr-18
1790510387171639747|container|exec_die|2040cdc46e681145da6ef95b5f31f8212a092c9888192016e97a520683289281|t20-lat-ctr-18
1790510388172462382|container|exec_create: /bin/sh -c true|2040cdc46e681145da6ef95b5f31f8212a092c9888192016e97a520683289281|t20-lat-ctr-18
1790510388172497361|container|exec_start: /bin/sh -c true|2040cdc46e681145da6ef95b5f31f8212a092c9888192016e97a520683289281|t20-lat-ctr-18
1790510388197293626|container|exec_die|2040cdc46e681145da6ef95b5f31f8212a092c9888192016e97a520683289281|t20-lat-ctr-18
1790510389198459384|container|exec_create: /bin/sh -c true|2040cdc46e681145da6ef95b5f31f8212a092c9888192016e97a520683289281|t20-lat-ctr-18
1790510389198495365|container|exec_start: /bin/sh -c true|2040cdc46e681145da6ef95b5f31f8212a092c9888192016e97a520683289281|t20-lat-ctr-18
1790510389222502448|container|exec_die|2040cdc46e681145da6ef95b5f31f8212a092c9888192016e97a520683289281|t20-lat-ctr-18
1790510390223066895|container|exec_create: /bin/sh -c true|2040cdc46e681145da6ef95b5f31f8212a092c9888192016e97a520683289281|t20-lat-ctr-18
1790510390223092288|container|exec_start: /bin/sh -c true|2040cdc46e681145da6ef95b5f31f8212a092c9888192016e97a520683289281|t20-lat-ctr-18
1790510390247543885|container|exec_die|2040cdc46e681145da6ef95b5f31f8212a092c9888192016e97a520683289281|t20-lat-ctr-18
1790510391248303255|container|exec_create: /bin/sh -c true|2040cdc46e681145da6ef95b5f31f8212a092c9888192016e97a520683289281|t20-lat-ctr-18
1790510391248331040|container|exec_start: /bin/sh -c true|2040cdc46e681145da6ef95b5f31f8212a092c9888192016e97a520683289281|t20-lat-ctr-18
1790510391273423764|container|exec_die|2040cdc46e681145da6ef95b5f31f8212a092c9888192016e97a520683289281|t20-lat-ctr-18
1790510392272710550|container|exec_create: /bin/sh -c true|2040cdc46e681145da6ef95b5f31f8212a092c9888192016e97a520683289281|t20-lat-ctr-18
1790510392272739005|container|exec_start: /bin/sh -c true|2040cdc46e681145da6ef95b5f31f8212a092c9888192016e97a520683289281|t20-lat-ctr-18
1790510392298354360|container|exec_die|2040cdc46e681145da6ef95b5f31f8212a092c9888192016e97a520683289281|t20-lat-ctr-18
1790510393299186971|container|exec_create: /bin/sh -c true|2040cdc46e681145da6ef95b5f31f8212a092c9888192016e97a520683289281|t20-lat-ctr-18
1790510393299207832|container|exec_start: /bin/sh -c true|2040cdc46e681145da6ef95b5f31f8212a092c9888192016e97a520683289281|t20-lat-ctr-18
1790510393323437907|container|exec_die|2040cdc46e681145da6ef95b5f31f8212a092c9888192016e97a520683289281|t20-lat-ctr-18
1790510394109535532|container|kill|2040cdc46e681145da6ef95b5f31f8212a092c9888192016e97a520683289281|t20-lat-ctr-18
1790510394259198590|network|disconnect|9851beeca5de58663c77abfb043b973396bb3f7f9aea89861e7e36f8f7713117|bridge
1790510394268947956|container|stop|2040cdc46e681145da6ef95b5f31f8212a092c9888192016e97a520683289281|t20-lat-ctr-18
1790510394277470070|container|die|2040cdc46e681145da6ef95b5f31f8212a092c9888192016e97a520683289281|t20-lat-ctr-18
1790510394340928022|container|destroy|2040cdc46e681145da6ef95b5f31f8212a092c9888192016e97a520683289281|t20-lat-ctr-18
1790510394428430650|container|create|74d862a465674d9d15a95fac3326f18bc3de3163dc6c67a0752a82069fed9216|t20-lat-ctr-19
1790510394561294127|network|connect|9851beeca5de58663c77abfb043b973396bb3f7f9aea89861e7e36f8f7713117|bridge
1790510394578423068|container|start|74d862a465674d9d15a95fac3326f18bc3de3163dc6c67a0752a82069fed9216|t20-lat-ctr-19
1790510395579040617|container|exec_create: /bin/sh -c true|74d862a465674d9d15a95fac3326f18bc3de3163dc6c67a0752a82069fed9216|t20-lat-ctr-19
1790510395579064241|container|exec_start: /bin/sh -c true|74d862a465674d9d15a95fac3326f18bc3de3163dc6c67a0752a82069fed9216|t20-lat-ctr-19
1790510395604519667|container|exec_die|74d862a465674d9d15a95fac3326f18bc3de3163dc6c67a0752a82069fed9216|t20-lat-ctr-19
1790510395604693015|container|health_status: healthy|74d862a465674d9d15a95fac3326f18bc3de3163dc6c67a0752a82069fed9216|t20-lat-ctr-19
1790510396605040879|container|exec_create: /bin/sh -c true|74d862a465674d9d15a95fac3326f18bc3de3163dc6c67a0752a82069fed9216|t20-lat-ctr-19
1790510396605077903|container|exec_start: /bin/sh -c true|74d862a465674d9d15a95fac3326f18bc3de3163dc6c67a0752a82069fed9216|t20-lat-ctr-19
1790510396634619130|container|exec_die|74d862a465674d9d15a95fac3326f18bc3de3163dc6c67a0752a82069fed9216|t20-lat-ctr-19
1790510396641227161|container|kill|74d862a465674d9d15a95fac3326f18bc3de3163dc6c67a0752a82069fed9216|t20-lat-ctr-19
1790510397641876383|container|exec_create: /bin/sh -c true|74d862a465674d9d15a95fac3326f18bc3de3163dc6c67a0752a82069fed9216|t20-lat-ctr-19
1790510397641901824|container|exec_start: /bin/sh -c true|74d862a465674d9d15a95fac3326f18bc3de3163dc6c67a0752a82069fed9216|t20-lat-ctr-19
1790510397666833444|container|exec_die|74d862a465674d9d15a95fac3326f18bc3de3163dc6c67a0752a82069fed9216|t20-lat-ctr-19
1790510398667324340|container|exec_create: /bin/sh -c true|74d862a465674d9d15a95fac3326f18bc3de3163dc6c67a0752a82069fed9216|t20-lat-ctr-19
1790510398667349599|container|exec_start: /bin/sh -c true|74d862a465674d9d15a95fac3326f18bc3de3163dc6c67a0752a82069fed9216|t20-lat-ctr-19
1790510398692469236|container|exec_die|74d862a465674d9d15a95fac3326f18bc3de3163dc6c67a0752a82069fed9216|t20-lat-ctr-19
1790510399693538401|container|exec_create: /bin/sh -c true|74d862a465674d9d15a95fac3326f18bc3de3163dc6c67a0752a82069fed9216|t20-lat-ctr-19
1790510399693578544|container|exec_start: /bin/sh -c true|74d862a465674d9d15a95fac3326f18bc3de3163dc6c67a0752a82069fed9216|t20-lat-ctr-19
1790510399717834945|container|exec_die|74d862a465674d9d15a95fac3326f18bc3de3163dc6c67a0752a82069fed9216|t20-lat-ctr-19
1790510400718945857|container|exec_create: /bin/sh -c true|74d862a465674d9d15a95fac3326f18bc3de3163dc6c67a0752a82069fed9216|t20-lat-ctr-19
1790510400718968747|container|exec_start: /bin/sh -c true|74d862a465674d9d15a95fac3326f18bc3de3163dc6c67a0752a82069fed9216|t20-lat-ctr-19
1790510400743762618|container|exec_die|74d862a465674d9d15a95fac3326f18bc3de3163dc6c67a0752a82069fed9216|t20-lat-ctr-19
1790510401744367818|container|exec_create: /bin/sh -c true|74d862a465674d9d15a95fac3326f18bc3de3163dc6c67a0752a82069fed9216|t20-lat-ctr-19
1790510401744391043|container|exec_start: /bin/sh -c true|74d862a465674d9d15a95fac3326f18bc3de3163dc6c67a0752a82069fed9216|t20-lat-ctr-19
1790510401768651316|container|exec_die|74d862a465674d9d15a95fac3326f18bc3de3163dc6c67a0752a82069fed9216|t20-lat-ctr-19
1790510402769836640|container|exec_create: /bin/sh -c true|74d862a465674d9d15a95fac3326f18bc3de3163dc6c67a0752a82069fed9216|t20-lat-ctr-19
1790510402769861518|container|exec_start: /bin/sh -c true|74d862a465674d9d15a95fac3326f18bc3de3163dc6c67a0752a82069fed9216|t20-lat-ctr-19
1790510402793675444|container|exec_die|74d862a465674d9d15a95fac3326f18bc3de3163dc6c67a0752a82069fed9216|t20-lat-ctr-19
1790510403794517072|container|exec_create: /bin/sh -c true|74d862a465674d9d15a95fac3326f18bc3de3163dc6c67a0752a82069fed9216|t20-lat-ctr-19
1790510403794549201|container|exec_start: /bin/sh -c true|74d862a465674d9d15a95fac3326f18bc3de3163dc6c67a0752a82069fed9216|t20-lat-ctr-19
1790510403820131076|container|exec_die|74d862a465674d9d15a95fac3326f18bc3de3163dc6c67a0752a82069fed9216|t20-lat-ctr-19
1790510404821303422|container|exec_create: /bin/sh -c true|74d862a465674d9d15a95fac3326f18bc3de3163dc6c67a0752a82069fed9216|t20-lat-ctr-19
1790510404821327341|container|exec_start: /bin/sh -c true|74d862a465674d9d15a95fac3326f18bc3de3163dc6c67a0752a82069fed9216|t20-lat-ctr-19
1790510404845852675|container|exec_die|74d862a465674d9d15a95fac3326f18bc3de3163dc6c67a0752a82069fed9216|t20-lat-ctr-19
1790510405846573510|container|exec_create: /bin/sh -c true|74d862a465674d9d15a95fac3326f18bc3de3163dc6c67a0752a82069fed9216|t20-lat-ctr-19
1790510405846609988|container|exec_start: /bin/sh -c true|74d862a465674d9d15a95fac3326f18bc3de3163dc6c67a0752a82069fed9216|t20-lat-ctr-19
1790510405871151845|container|exec_die|74d862a465674d9d15a95fac3326f18bc3de3163dc6c67a0752a82069fed9216|t20-lat-ctr-19
1790510406657117036|container|kill|74d862a465674d9d15a95fac3326f18bc3de3163dc6c67a0752a82069fed9216|t20-lat-ctr-19
1790510406792724561|network|disconnect|9851beeca5de58663c77abfb043b973396bb3f7f9aea89861e7e36f8f7713117|bridge
1790510406802385668|container|stop|74d862a465674d9d15a95fac3326f18bc3de3163dc6c67a0752a82069fed9216|t20-lat-ctr-19
1790510406810779690|container|die|74d862a465674d9d15a95fac3326f18bc3de3163dc6c67a0752a82069fed9216|t20-lat-ctr-19
1790510406867541829|container|destroy|74d862a465674d9d15a95fac3326f18bc3de3163dc6c67a0752a82069fed9216|t20-lat-ctr-19
1790510406956776381|container|create|4c0635245087669b0dd49c8fc82c22195f7042de732020f01790e9bfff818732|t20-lat-ctr-20
1790510407093825316|network|connect|9851beeca5de58663c77abfb043b973396bb3f7f9aea89861e7e36f8f7713117|bridge
1790510407112804764|container|start|4c0635245087669b0dd49c8fc82c22195f7042de732020f01790e9bfff818732|t20-lat-ctr-20
1790510408113156338|container|exec_create: /bin/sh -c true|4c0635245087669b0dd49c8fc82c22195f7042de732020f01790e9bfff818732|t20-lat-ctr-20
1790510408113183091|container|exec_start: /bin/sh -c true|4c0635245087669b0dd49c8fc82c22195f7042de732020f01790e9bfff818732|t20-lat-ctr-20
1790510408138984322|container|exec_die|4c0635245087669b0dd49c8fc82c22195f7042de732020f01790e9bfff818732|t20-lat-ctr-20
1790510408139166941|container|health_status: healthy|4c0635245087669b0dd49c8fc82c22195f7042de732020f01790e9bfff818732|t20-lat-ctr-20
1790510409139852069|container|exec_create: /bin/sh -c true|4c0635245087669b0dd49c8fc82c22195f7042de732020f01790e9bfff818732|t20-lat-ctr-20
1790510409139886938|container|exec_start: /bin/sh -c true|4c0635245087669b0dd49c8fc82c22195f7042de732020f01790e9bfff818732|t20-lat-ctr-20
1790510409168942138|container|exec_die|4c0635245087669b0dd49c8fc82c22195f7042de732020f01790e9bfff818732|t20-lat-ctr-20
1790510409175985713|container|kill|4c0635245087669b0dd49c8fc82c22195f7042de732020f01790e9bfff818732|t20-lat-ctr-20
1790510410176420738|container|exec_create: /bin/sh -c true|4c0635245087669b0dd49c8fc82c22195f7042de732020f01790e9bfff818732|t20-lat-ctr-20
1790510410176446237|container|exec_start: /bin/sh -c true|4c0635245087669b0dd49c8fc82c22195f7042de732020f01790e9bfff818732|t20-lat-ctr-20
1790510410201015456|container|exec_die|4c0635245087669b0dd49c8fc82c22195f7042de732020f01790e9bfff818732|t20-lat-ctr-20
1790510411202196084|container|exec_create: /bin/sh -c true|4c0635245087669b0dd49c8fc82c22195f7042de732020f01790e9bfff818732|t20-lat-ctr-20
1790510411202223195|container|exec_start: /bin/sh -c true|4c0635245087669b0dd49c8fc82c22195f7042de732020f01790e9bfff818732|t20-lat-ctr-20
1790510411227233102|container|exec_die|4c0635245087669b0dd49c8fc82c22195f7042de732020f01790e9bfff818732|t20-lat-ctr-20
1790510412227884029|container|exec_create: /bin/sh -c true|4c0635245087669b0dd49c8fc82c22195f7042de732020f01790e9bfff818732|t20-lat-ctr-20
1790510412227920687|container|exec_start: /bin/sh -c true|4c0635245087669b0dd49c8fc82c22195f7042de732020f01790e9bfff818732|t20-lat-ctr-20
1790510412252951754|container|exec_die|4c0635245087669b0dd49c8fc82c22195f7042de732020f01790e9bfff818732|t20-lat-ctr-20
1790510413253648064|container|exec_create: /bin/sh -c true|4c0635245087669b0dd49c8fc82c22195f7042de732020f01790e9bfff818732|t20-lat-ctr-20
1790510413253680556|container|exec_start: /bin/sh -c true|4c0635245087669b0dd49c8fc82c22195f7042de732020f01790e9bfff818732|t20-lat-ctr-20
1790510413278170121|container|exec_die|4c0635245087669b0dd49c8fc82c22195f7042de732020f01790e9bfff818732|t20-lat-ctr-20
1790510414279197042|container|exec_create: /bin/sh -c true|4c0635245087669b0dd49c8fc82c22195f7042de732020f01790e9bfff818732|t20-lat-ctr-20
1790510414279233604|container|exec_start: /bin/sh -c true|4c0635245087669b0dd49c8fc82c22195f7042de732020f01790e9bfff818732|t20-lat-ctr-20
1790510414306160447|container|exec_die|4c0635245087669b0dd49c8fc82c22195f7042de732020f01790e9bfff818732|t20-lat-ctr-20
1790510415306861513|container|exec_create: /bin/sh -c true|4c0635245087669b0dd49c8fc82c22195f7042de732020f01790e9bfff818732|t20-lat-ctr-20
1790510415306893747|container|exec_start: /bin/sh -c true|4c0635245087669b0dd49c8fc82c22195f7042de732020f01790e9bfff818732|t20-lat-ctr-20
1790510415332243848|container|exec_die|4c0635245087669b0dd49c8fc82c22195f7042de732020f01790e9bfff818732|t20-lat-ctr-20
1790510416333255206|container|exec_create: /bin/sh -c true|4c0635245087669b0dd49c8fc82c22195f7042de732020f01790e9bfff818732|t20-lat-ctr-20
1790510416333294523|container|exec_start: /bin/sh -c true|4c0635245087669b0dd49c8fc82c22195f7042de732020f01790e9bfff818732|t20-lat-ctr-20
1790510416358206448|container|exec_die|4c0635245087669b0dd49c8fc82c22195f7042de732020f01790e9bfff818732|t20-lat-ctr-20
1790510417359356460|container|exec_create: /bin/sh -c true|4c0635245087669b0dd49c8fc82c22195f7042de732020f01790e9bfff818732|t20-lat-ctr-20
1790510417359379658|container|exec_start: /bin/sh -c true|4c0635245087669b0dd49c8fc82c22195f7042de732020f01790e9bfff818732|t20-lat-ctr-20
1790510417385250554|container|exec_die|4c0635245087669b0dd49c8fc82c22195f7042de732020f01790e9bfff818732|t20-lat-ctr-20
1790510418386080500|container|exec_create: /bin/sh -c true|4c0635245087669b0dd49c8fc82c22195f7042de732020f01790e9bfff818732|t20-lat-ctr-20
1790510418386110654|container|exec_start: /bin/sh -c true|4c0635245087669b0dd49c8fc82c22195f7042de732020f01790e9bfff818732|t20-lat-ctr-20
1790510418410219427|container|exec_die|4c0635245087669b0dd49c8fc82c22195f7042de732020f01790e9bfff818732|t20-lat-ctr-20
1790510419189385809|container|kill|4c0635245087669b0dd49c8fc82c22195f7042de732020f01790e9bfff818732|t20-lat-ctr-20
1790510419335027555|network|disconnect|9851beeca5de58663c77abfb043b973396bb3f7f9aea89861e7e36f8f7713117|bridge
1790510419344908256|container|stop|4c0635245087669b0dd49c8fc82c22195f7042de732020f01790e9bfff818732|t20-lat-ctr-20
1790510419354134086|container|die|4c0635245087669b0dd49c8fc82c22195f7042de732020f01790e9bfff818732|t20-lat-ctr-20
1790510419411657180|container|destroy|4c0635245087669b0dd49c8fc82c22195f7042de732020f01790e9bfff818732|t20-lat-ctr-20
1790510419495109598|container|create|e7d466c2020cab41e8ae0ef5f1af8833eb34988096bed23eef8da6515f0b9fe1|t20-lat-ctr-21
1790510419610046225|network|connect|9851beeca5de58663c77abfb043b973396bb3f7f9aea89861e7e36f8f7713117|bridge
1790510419627094607|container|start|e7d466c2020cab41e8ae0ef5f1af8833eb34988096bed23eef8da6515f0b9fe1|t20-lat-ctr-21
1790510420628192159|container|exec_create: /bin/sh -c true|e7d466c2020cab41e8ae0ef5f1af8833eb34988096bed23eef8da6515f0b9fe1|t20-lat-ctr-21
1790510420628218242|container|exec_start: /bin/sh -c true|e7d466c2020cab41e8ae0ef5f1af8833eb34988096bed23eef8da6515f0b9fe1|t20-lat-ctr-21
1790510420653548256|container|exec_die|e7d466c2020cab41e8ae0ef5f1af8833eb34988096bed23eef8da6515f0b9fe1|t20-lat-ctr-21
1790510420653722992|container|health_status: healthy|e7d466c2020cab41e8ae0ef5f1af8833eb34988096bed23eef8da6515f0b9fe1|t20-lat-ctr-21
1790510421654566772|container|exec_create: /bin/sh -c true|e7d466c2020cab41e8ae0ef5f1af8833eb34988096bed23eef8da6515f0b9fe1|t20-lat-ctr-21
1790510421654608651|container|exec_start: /bin/sh -c true|e7d466c2020cab41e8ae0ef5f1af8833eb34988096bed23eef8da6515f0b9fe1|t20-lat-ctr-21
1790510421681444753|container|exec_die|e7d466c2020cab41e8ae0ef5f1af8833eb34988096bed23eef8da6515f0b9fe1|t20-lat-ctr-21
1790510421691674533|container|kill|e7d466c2020cab41e8ae0ef5f1af8833eb34988096bed23eef8da6515f0b9fe1|t20-lat-ctr-21
1790510422691145098|container|exec_create: /bin/sh -c true|e7d466c2020cab41e8ae0ef5f1af8833eb34988096bed23eef8da6515f0b9fe1|t20-lat-ctr-21
1790510422691167687|container|exec_start: /bin/sh -c true|e7d466c2020cab41e8ae0ef5f1af8833eb34988096bed23eef8da6515f0b9fe1|t20-lat-ctr-21
1790510422716146179|container|exec_die|e7d466c2020cab41e8ae0ef5f1af8833eb34988096bed23eef8da6515f0b9fe1|t20-lat-ctr-21
1790510423716831244|container|exec_create: /bin/sh -c true|e7d466c2020cab41e8ae0ef5f1af8833eb34988096bed23eef8da6515f0b9fe1|t20-lat-ctr-21
1790510423716858378|container|exec_start: /bin/sh -c true|e7d466c2020cab41e8ae0ef5f1af8833eb34988096bed23eef8da6515f0b9fe1|t20-lat-ctr-21
1790510423742300635|container|exec_die|e7d466c2020cab41e8ae0ef5f1af8833eb34988096bed23eef8da6515f0b9fe1|t20-lat-ctr-21
1790510424742995979|container|exec_create: /bin/sh -c true|e7d466c2020cab41e8ae0ef5f1af8833eb34988096bed23eef8da6515f0b9fe1|t20-lat-ctr-21
1790510424743023190|container|exec_start: /bin/sh -c true|e7d466c2020cab41e8ae0ef5f1af8833eb34988096bed23eef8da6515f0b9fe1|t20-lat-ctr-21
1790510424768505006|container|exec_die|e7d466c2020cab41e8ae0ef5f1af8833eb34988096bed23eef8da6515f0b9fe1|t20-lat-ctr-21
1790510425769126546|container|exec_create: /bin/sh -c true|e7d466c2020cab41e8ae0ef5f1af8833eb34988096bed23eef8da6515f0b9fe1|t20-lat-ctr-21
1790510425769161854|container|exec_start: /bin/sh -c true|e7d466c2020cab41e8ae0ef5f1af8833eb34988096bed23eef8da6515f0b9fe1|t20-lat-ctr-21
1790510425794166117|container|exec_die|e7d466c2020cab41e8ae0ef5f1af8833eb34988096bed23eef8da6515f0b9fe1|t20-lat-ctr-21
1790510426794630079|container|exec_create: /bin/sh -c true|e7d466c2020cab41e8ae0ef5f1af8833eb34988096bed23eef8da6515f0b9fe1|t20-lat-ctr-21
1790510426794656823|container|exec_start: /bin/sh -c true|e7d466c2020cab41e8ae0ef5f1af8833eb34988096bed23eef8da6515f0b9fe1|t20-lat-ctr-21
1790510426819282272|container|exec_die|e7d466c2020cab41e8ae0ef5f1af8833eb34988096bed23eef8da6515f0b9fe1|t20-lat-ctr-21
1790510427819710991|container|exec_create: /bin/sh -c true|e7d466c2020cab41e8ae0ef5f1af8833eb34988096bed23eef8da6515f0b9fe1|t20-lat-ctr-21
1790510427819735724|container|exec_start: /bin/sh -c true|e7d466c2020cab41e8ae0ef5f1af8833eb34988096bed23eef8da6515f0b9fe1|t20-lat-ctr-21
1790510427845292541|container|exec_die|e7d466c2020cab41e8ae0ef5f1af8833eb34988096bed23eef8da6515f0b9fe1|t20-lat-ctr-21
1790510428845995335|container|exec_create: /bin/sh -c true|e7d466c2020cab41e8ae0ef5f1af8833eb34988096bed23eef8da6515f0b9fe1|t20-lat-ctr-21
1790510428846027971|container|exec_start: /bin/sh -c true|e7d466c2020cab41e8ae0ef5f1af8833eb34988096bed23eef8da6515f0b9fe1|t20-lat-ctr-21
1790510428871124623|container|exec_die|e7d466c2020cab41e8ae0ef5f1af8833eb34988096bed23eef8da6515f0b9fe1|t20-lat-ctr-21
1790510429871835678|container|exec_create: /bin/sh -c true|e7d466c2020cab41e8ae0ef5f1af8833eb34988096bed23eef8da6515f0b9fe1|t20-lat-ctr-21
1790510429871877180|container|exec_start: /bin/sh -c true|e7d466c2020cab41e8ae0ef5f1af8833eb34988096bed23eef8da6515f0b9fe1|t20-lat-ctr-21
1790510429897363133|container|exec_die|e7d466c2020cab41e8ae0ef5f1af8833eb34988096bed23eef8da6515f0b9fe1|t20-lat-ctr-21
1790510430898302029|container|exec_create: /bin/sh -c true|e7d466c2020cab41e8ae0ef5f1af8833eb34988096bed23eef8da6515f0b9fe1|t20-lat-ctr-21
1790510430898326709|container|exec_start: /bin/sh -c true|e7d466c2020cab41e8ae0ef5f1af8833eb34988096bed23eef8da6515f0b9fe1|t20-lat-ctr-21
1790510430923286787|container|exec_die|e7d466c2020cab41e8ae0ef5f1af8833eb34988096bed23eef8da6515f0b9fe1|t20-lat-ctr-21
1790510431703178212|container|kill|e7d466c2020cab41e8ae0ef5f1af8833eb34988096bed23eef8da6515f0b9fe1|t20-lat-ctr-21
1790510431854110531|network|disconnect|9851beeca5de58663c77abfb043b973396bb3f7f9aea89861e7e36f8f7713117|bridge
1790510431863890319|container|stop|e7d466c2020cab41e8ae0ef5f1af8833eb34988096bed23eef8da6515f0b9fe1|t20-lat-ctr-21
1790510431870162754|container|die|e7d466c2020cab41e8ae0ef5f1af8833eb34988096bed23eef8da6515f0b9fe1|t20-lat-ctr-21
1790510431926865932|container|destroy|e7d466c2020cab41e8ae0ef5f1af8833eb34988096bed23eef8da6515f0b9fe1|t20-lat-ctr-21
1790510432011196538|container|create|44ae0f541e1587bd87aa4d158c69eb06d074e6f336264f00ef9e3b736d1e66b3|t20-lat-ctr-22
1790510432131174511|network|connect|9851beeca5de58663c77abfb043b973396bb3f7f9aea89861e7e36f8f7713117|bridge
1790510432149121299|container|start|44ae0f541e1587bd87aa4d158c69eb06d074e6f336264f00ef9e3b736d1e66b3|t20-lat-ctr-22
1790510433149337285|container|exec_create: /bin/sh -c true|44ae0f541e1587bd87aa4d158c69eb06d074e6f336264f00ef9e3b736d1e66b3|t20-lat-ctr-22
1790510433149370690|container|exec_start: /bin/sh -c true|44ae0f541e1587bd87aa4d158c69eb06d074e6f336264f00ef9e3b736d1e66b3|t20-lat-ctr-22
1790510433174754048|container|exec_die|44ae0f541e1587bd87aa4d158c69eb06d074e6f336264f00ef9e3b736d1e66b3|t20-lat-ctr-22
1790510433175050166|container|health_status: healthy|44ae0f541e1587bd87aa4d158c69eb06d074e6f336264f00ef9e3b736d1e66b3|t20-lat-ctr-22
1790510434175833612|container|exec_create: /bin/sh -c true|44ae0f541e1587bd87aa4d158c69eb06d074e6f336264f00ef9e3b736d1e66b3|t20-lat-ctr-22
1790510434175872966|container|exec_start: /bin/sh -c true|44ae0f541e1587bd87aa4d158c69eb06d074e6f336264f00ef9e3b736d1e66b3|t20-lat-ctr-22
1790510434201399781|container|exec_die|44ae0f541e1587bd87aa4d158c69eb06d074e6f336264f00ef9e3b736d1e66b3|t20-lat-ctr-22
1790510434213350597|container|kill|44ae0f541e1587bd87aa4d158c69eb06d074e6f336264f00ef9e3b736d1e66b3|t20-lat-ctr-22
1790510435214100461|container|exec_create: /bin/sh -c true|44ae0f541e1587bd87aa4d158c69eb06d074e6f336264f00ef9e3b736d1e66b3|t20-lat-ctr-22
1790510435214123649|container|exec_start: /bin/sh -c true|44ae0f541e1587bd87aa4d158c69eb06d074e6f336264f00ef9e3b736d1e66b3|t20-lat-ctr-22
1790510435238460174|container|exec_die|44ae0f541e1587bd87aa4d158c69eb06d074e6f336264f00ef9e3b736d1e66b3|t20-lat-ctr-22
1790510436238879992|container|exec_create: /bin/sh -c true|44ae0f541e1587bd87aa4d158c69eb06d074e6f336264f00ef9e3b736d1e66b3|t20-lat-ctr-22
1790510436238908759|container|exec_start: /bin/sh -c true|44ae0f541e1587bd87aa4d158c69eb06d074e6f336264f00ef9e3b736d1e66b3|t20-lat-ctr-22
1790510436264703940|container|exec_die|44ae0f541e1587bd87aa4d158c69eb06d074e6f336264f00ef9e3b736d1e66b3|t20-lat-ctr-22
1790510437265048557|container|exec_create: /bin/sh -c true|44ae0f541e1587bd87aa4d158c69eb06d074e6f336264f00ef9e3b736d1e66b3|t20-lat-ctr-22
1790510437265081186|container|exec_start: /bin/sh -c true|44ae0f541e1587bd87aa4d158c69eb06d074e6f336264f00ef9e3b736d1e66b3|t20-lat-ctr-22
1790510437290562720|container|exec_die|44ae0f541e1587bd87aa4d158c69eb06d074e6f336264f00ef9e3b736d1e66b3|t20-lat-ctr-22
1790510438291569589|container|exec_create: /bin/sh -c true|44ae0f541e1587bd87aa4d158c69eb06d074e6f336264f00ef9e3b736d1e66b3|t20-lat-ctr-22
1790510438291595223|container|exec_start: /bin/sh -c true|44ae0f541e1587bd87aa4d158c69eb06d074e6f336264f00ef9e3b736d1e66b3|t20-lat-ctr-22
1790510438316651721|container|exec_die|44ae0f541e1587bd87aa4d158c69eb06d074e6f336264f00ef9e3b736d1e66b3|t20-lat-ctr-22
1790510439317401120|container|exec_create: /bin/sh -c true|44ae0f541e1587bd87aa4d158c69eb06d074e6f336264f00ef9e3b736d1e66b3|t20-lat-ctr-22
1790510439317425089|container|exec_start: /bin/sh -c true|44ae0f541e1587bd87aa4d158c69eb06d074e6f336264f00ef9e3b736d1e66b3|t20-lat-ctr-22
1790510439342550489|container|exec_die|44ae0f541e1587bd87aa4d158c69eb06d074e6f336264f00ef9e3b736d1e66b3|t20-lat-ctr-22
1790510440342920189|container|exec_create: /bin/sh -c true|44ae0f541e1587bd87aa4d158c69eb06d074e6f336264f00ef9e3b736d1e66b3|t20-lat-ctr-22
1790510440342944885|container|exec_start: /bin/sh -c true|44ae0f541e1587bd87aa4d158c69eb06d074e6f336264f00ef9e3b736d1e66b3|t20-lat-ctr-22
1790510440367685543|container|exec_die|44ae0f541e1587bd87aa4d158c69eb06d074e6f336264f00ef9e3b736d1e66b3|t20-lat-ctr-22
1790510441368828236|container|exec_create: /bin/sh -c true|44ae0f541e1587bd87aa4d158c69eb06d074e6f336264f00ef9e3b736d1e66b3|t20-lat-ctr-22
1790510441368853562|container|exec_start: /bin/sh -c true|44ae0f541e1587bd87aa4d158c69eb06d074e6f336264f00ef9e3b736d1e66b3|t20-lat-ctr-22
1790510441393827499|container|exec_die|44ae0f541e1587bd87aa4d158c69eb06d074e6f336264f00ef9e3b736d1e66b3|t20-lat-ctr-22
1790510442394827897|container|exec_create: /bin/sh -c true|44ae0f541e1587bd87aa4d158c69eb06d074e6f336264f00ef9e3b736d1e66b3|t20-lat-ctr-22
1790510442394852739|container|exec_start: /bin/sh -c true|44ae0f541e1587bd87aa4d158c69eb06d074e6f336264f00ef9e3b736d1e66b3|t20-lat-ctr-22
1790510442419742367|container|exec_die|44ae0f541e1587bd87aa4d158c69eb06d074e6f336264f00ef9e3b736d1e66b3|t20-lat-ctr-22
1790510443420124470|container|exec_create: /bin/sh -c true|44ae0f541e1587bd87aa4d158c69eb06d074e6f336264f00ef9e3b736d1e66b3|t20-lat-ctr-22
1790510443420151659|container|exec_start: /bin/sh -c true|44ae0f541e1587bd87aa4d158c69eb06d074e6f336264f00ef9e3b736d1e66b3|t20-lat-ctr-22
1790510443446037228|container|exec_die|44ae0f541e1587bd87aa4d158c69eb06d074e6f336264f00ef9e3b736d1e66b3|t20-lat-ctr-22
1790510444226703510|container|kill|44ae0f541e1587bd87aa4d158c69eb06d074e6f336264f00ef9e3b736d1e66b3|t20-lat-ctr-22
1790510444384489800|network|disconnect|9851beeca5de58663c77abfb043b973396bb3f7f9aea89861e7e36f8f7713117|bridge
1790510444394301452|container|stop|44ae0f541e1587bd87aa4d158c69eb06d074e6f336264f00ef9e3b736d1e66b3|t20-lat-ctr-22
1790510444402575833|container|die|44ae0f541e1587bd87aa4d158c69eb06d074e6f336264f00ef9e3b736d1e66b3|t20-lat-ctr-22
1790510444459194678|container|destroy|44ae0f541e1587bd87aa4d158c69eb06d074e6f336264f00ef9e3b736d1e66b3|t20-lat-ctr-22
1790510444544575851|container|create|5e11f24b1c095c6204eb739479b92a7575736740a1ffb1169a7c2e9489512ae5|t20-lat-ctr-23
1790510444669641291|network|connect|9851beeca5de58663c77abfb043b973396bb3f7f9aea89861e7e36f8f7713117|bridge
1790510444688562976|container|start|5e11f24b1c095c6204eb739479b92a7575736740a1ffb1169a7c2e9489512ae5|t20-lat-ctr-23
1790510445689145890|container|exec_create: /bin/sh -c true|5e11f24b1c095c6204eb739479b92a7575736740a1ffb1169a7c2e9489512ae5|t20-lat-ctr-23
1790510445689168778|container|exec_start: /bin/sh -c true|5e11f24b1c095c6204eb739479b92a7575736740a1ffb1169a7c2e9489512ae5|t20-lat-ctr-23
1790510445714776988|container|exec_die|5e11f24b1c095c6204eb739479b92a7575736740a1ffb1169a7c2e9489512ae5|t20-lat-ctr-23
1790510445714972173|container|health_status: healthy|5e11f24b1c095c6204eb739479b92a7575736740a1ffb1169a7c2e9489512ae5|t20-lat-ctr-23
1790510446715560428|container|exec_create: /bin/sh -c true|5e11f24b1c095c6204eb739479b92a7575736740a1ffb1169a7c2e9489512ae5|t20-lat-ctr-23
1790510446715594619|container|exec_start: /bin/sh -c true|5e11f24b1c095c6204eb739479b92a7575736740a1ffb1169a7c2e9489512ae5|t20-lat-ctr-23
1790510446745091223|container|exec_die|5e11f24b1c095c6204eb739479b92a7575736740a1ffb1169a7c2e9489512ae5|t20-lat-ctr-23
1790510446751261501|container|kill|5e11f24b1c095c6204eb739479b92a7575736740a1ffb1169a7c2e9489512ae5|t20-lat-ctr-23
1790510447751638340|container|exec_create: /bin/sh -c true|5e11f24b1c095c6204eb739479b92a7575736740a1ffb1169a7c2e9489512ae5|t20-lat-ctr-23
1790510447751675619|container|exec_start: /bin/sh -c true|5e11f24b1c095c6204eb739479b92a7575736740a1ffb1169a7c2e9489512ae5|t20-lat-ctr-23
1790510447775824954|container|exec_die|5e11f24b1c095c6204eb739479b92a7575736740a1ffb1169a7c2e9489512ae5|t20-lat-ctr-23
1790510448776243695|container|exec_create: /bin/sh -c true|5e11f24b1c095c6204eb739479b92a7575736740a1ffb1169a7c2e9489512ae5|t20-lat-ctr-23
1790510448776277987|container|exec_start: /bin/sh -c true|5e11f24b1c095c6204eb739479b92a7575736740a1ffb1169a7c2e9489512ae5|t20-lat-ctr-23
1790510448800825856|container|exec_die|5e11f24b1c095c6204eb739479b92a7575736740a1ffb1169a7c2e9489512ae5|t20-lat-ctr-23
1790510449802045229|container|exec_create: /bin/sh -c true|5e11f24b1c095c6204eb739479b92a7575736740a1ffb1169a7c2e9489512ae5|t20-lat-ctr-23
1790510449802086507|container|exec_start: /bin/sh -c true|5e11f24b1c095c6204eb739479b92a7575736740a1ffb1169a7c2e9489512ae5|t20-lat-ctr-23
1790510449826804021|container|exec_die|5e11f24b1c095c6204eb739479b92a7575736740a1ffb1169a7c2e9489512ae5|t20-lat-ctr-23
1790510450827400786|container|exec_create: /bin/sh -c true|5e11f24b1c095c6204eb739479b92a7575736740a1ffb1169a7c2e9489512ae5|t20-lat-ctr-23
1790510450827433954|container|exec_start: /bin/sh -c true|5e11f24b1c095c6204eb739479b92a7575736740a1ffb1169a7c2e9489512ae5|t20-lat-ctr-23
1790510450851997573|container|exec_die|5e11f24b1c095c6204eb739479b92a7575736740a1ffb1169a7c2e9489512ae5|t20-lat-ctr-23
1790510451852598497|container|exec_create: /bin/sh -c true|5e11f24b1c095c6204eb739479b92a7575736740a1ffb1169a7c2e9489512ae5|t20-lat-ctr-23
1790510451852621345|container|exec_start: /bin/sh -c true|5e11f24b1c095c6204eb739479b92a7575736740a1ffb1169a7c2e9489512ae5|t20-lat-ctr-23
1790510451878827811|container|exec_die|5e11f24b1c095c6204eb739479b92a7575736740a1ffb1169a7c2e9489512ae5|t20-lat-ctr-23
1790510452878324232|container|exec_create: /bin/sh -c true|5e11f24b1c095c6204eb739479b92a7575736740a1ffb1169a7c2e9489512ae5|t20-lat-ctr-23
1790510452878361494|container|exec_start: /bin/sh -c true|5e11f24b1c095c6204eb739479b92a7575736740a1ffb1169a7c2e9489512ae5|t20-lat-ctr-23
1790510452902740060|container|exec_die|5e11f24b1c095c6204eb739479b92a7575736740a1ffb1169a7c2e9489512ae5|t20-lat-ctr-23
1790510453903647403|container|exec_create: /bin/sh -c true|5e11f24b1c095c6204eb739479b92a7575736740a1ffb1169a7c2e9489512ae5|t20-lat-ctr-23
1790510453903683044|container|exec_start: /bin/sh -c true|5e11f24b1c095c6204eb739479b92a7575736740a1ffb1169a7c2e9489512ae5|t20-lat-ctr-23
1790510453928795886|container|exec_die|5e11f24b1c095c6204eb739479b92a7575736740a1ffb1169a7c2e9489512ae5|t20-lat-ctr-23
1790510454929892111|container|exec_create: /bin/sh -c true|5e11f24b1c095c6204eb739479b92a7575736740a1ffb1169a7c2e9489512ae5|t20-lat-ctr-23
1790510454929917758|container|exec_start: /bin/sh -c true|5e11f24b1c095c6204eb739479b92a7575736740a1ffb1169a7c2e9489512ae5|t20-lat-ctr-23
1790510454954062308|container|exec_die|5e11f24b1c095c6204eb739479b92a7575736740a1ffb1169a7c2e9489512ae5|t20-lat-ctr-23
1790510455955337202|container|exec_create: /bin/sh -c true|5e11f24b1c095c6204eb739479b92a7575736740a1ffb1169a7c2e9489512ae5|t20-lat-ctr-23
1790510455955377275|container|exec_start: /bin/sh -c true|5e11f24b1c095c6204eb739479b92a7575736740a1ffb1169a7c2e9489512ae5|t20-lat-ctr-23
1790510455980984739|container|exec_die|5e11f24b1c095c6204eb739479b92a7575736740a1ffb1169a7c2e9489512ae5|t20-lat-ctr-23
1790510456763732670|container|kill|5e11f24b1c095c6204eb739479b92a7575736740a1ffb1169a7c2e9489512ae5|t20-lat-ctr-23
1790510456901808428|network|disconnect|9851beeca5de58663c77abfb043b973396bb3f7f9aea89861e7e36f8f7713117|bridge
1790510456911434671|container|stop|5e11f24b1c095c6204eb739479b92a7575736740a1ffb1169a7c2e9489512ae5|t20-lat-ctr-23
1790510456918865594|container|die|5e11f24b1c095c6204eb739479b92a7575736740a1ffb1169a7c2e9489512ae5|t20-lat-ctr-23
1790510456976474727|container|destroy|5e11f24b1c095c6204eb739479b92a7575736740a1ffb1169a7c2e9489512ae5|t20-lat-ctr-23
1790510457060760748|container|create|4ae92960dbb0016cfc8699111149fc8b5726a42b7b5213ed84b9640d038b3d9e|t20-lat-ctr-24
1790510457176759883|network|connect|9851beeca5de58663c77abfb043b973396bb3f7f9aea89861e7e36f8f7713117|bridge
1790510457195729366|container|start|4ae92960dbb0016cfc8699111149fc8b5726a42b7b5213ed84b9640d038b3d9e|t20-lat-ctr-24
1790510458196473915|container|exec_create: /bin/sh -c true|4ae92960dbb0016cfc8699111149fc8b5726a42b7b5213ed84b9640d038b3d9e|t20-lat-ctr-24
1790510458196512918|container|exec_start: /bin/sh -c true|4ae92960dbb0016cfc8699111149fc8b5726a42b7b5213ed84b9640d038b3d9e|t20-lat-ctr-24
1790510458221425540|container|exec_die|4ae92960dbb0016cfc8699111149fc8b5726a42b7b5213ed84b9640d038b3d9e|t20-lat-ctr-24
1790510458221590152|container|health_status: healthy|4ae92960dbb0016cfc8699111149fc8b5726a42b7b5213ed84b9640d038b3d9e|t20-lat-ctr-24
1790510459222055607|container|exec_create: /bin/sh -c true|4ae92960dbb0016cfc8699111149fc8b5726a42b7b5213ed84b9640d038b3d9e|t20-lat-ctr-24
1790510459222096227|container|exec_start: /bin/sh -c true|4ae92960dbb0016cfc8699111149fc8b5726a42b7b5213ed84b9640d038b3d9e|t20-lat-ctr-24
1790510459246946646|container|exec_die|4ae92960dbb0016cfc8699111149fc8b5726a42b7b5213ed84b9640d038b3d9e|t20-lat-ctr-24
1790510459257575643|container|kill|4ae92960dbb0016cfc8699111149fc8b5726a42b7b5213ed84b9640d038b3d9e|t20-lat-ctr-24
1790510460258551560|container|exec_create: /bin/sh -c true|4ae92960dbb0016cfc8699111149fc8b5726a42b7b5213ed84b9640d038b3d9e|t20-lat-ctr-24
1790510460258575065|container|exec_start: /bin/sh -c true|4ae92960dbb0016cfc8699111149fc8b5726a42b7b5213ed84b9640d038b3d9e|t20-lat-ctr-24
1790510460285251298|container|exec_die|4ae92960dbb0016cfc8699111149fc8b5726a42b7b5213ed84b9640d038b3d9e|t20-lat-ctr-24
1790510461285641882|container|exec_create: /bin/sh -c true|4ae92960dbb0016cfc8699111149fc8b5726a42b7b5213ed84b9640d038b3d9e|t20-lat-ctr-24
1790510461285676426|container|exec_start: /bin/sh -c true|4ae92960dbb0016cfc8699111149fc8b5726a42b7b5213ed84b9640d038b3d9e|t20-lat-ctr-24
1790510461311182273|container|exec_die|4ae92960dbb0016cfc8699111149fc8b5726a42b7b5213ed84b9640d038b3d9e|t20-lat-ctr-24
1790510462311849857|container|exec_create: /bin/sh -c true|4ae92960dbb0016cfc8699111149fc8b5726a42b7b5213ed84b9640d038b3d9e|t20-lat-ctr-24
1790510462311874528|container|exec_start: /bin/sh -c true|4ae92960dbb0016cfc8699111149fc8b5726a42b7b5213ed84b9640d038b3d9e|t20-lat-ctr-24
1790510462338317921|container|exec_die|4ae92960dbb0016cfc8699111149fc8b5726a42b7b5213ed84b9640d038b3d9e|t20-lat-ctr-24
1790510463338927255|container|exec_create: /bin/sh -c true|4ae92960dbb0016cfc8699111149fc8b5726a42b7b5213ed84b9640d038b3d9e|t20-lat-ctr-24
1790510463338950191|container|exec_start: /bin/sh -c true|4ae92960dbb0016cfc8699111149fc8b5726a42b7b5213ed84b9640d038b3d9e|t20-lat-ctr-24
1790510463363141843|container|exec_die|4ae92960dbb0016cfc8699111149fc8b5726a42b7b5213ed84b9640d038b3d9e|t20-lat-ctr-24
1790510464364289508|container|exec_create: /bin/sh -c true|4ae92960dbb0016cfc8699111149fc8b5726a42b7b5213ed84b9640d038b3d9e|t20-lat-ctr-24
1790510464364316239|container|exec_start: /bin/sh -c true|4ae92960dbb0016cfc8699111149fc8b5726a42b7b5213ed84b9640d038b3d9e|t20-lat-ctr-24
1790510464389186156|container|exec_die|4ae92960dbb0016cfc8699111149fc8b5726a42b7b5213ed84b9640d038b3d9e|t20-lat-ctr-24
1790510465389735232|container|exec_create: /bin/sh -c true|4ae92960dbb0016cfc8699111149fc8b5726a42b7b5213ed84b9640d038b3d9e|t20-lat-ctr-24
1790510465389771250|container|exec_start: /bin/sh -c true|4ae92960dbb0016cfc8699111149fc8b5726a42b7b5213ed84b9640d038b3d9e|t20-lat-ctr-24
1790510465414192312|container|exec_die|4ae92960dbb0016cfc8699111149fc8b5726a42b7b5213ed84b9640d038b3d9e|t20-lat-ctr-24
1790510466414993182|container|exec_create: /bin/sh -c true|4ae92960dbb0016cfc8699111149fc8b5726a42b7b5213ed84b9640d038b3d9e|t20-lat-ctr-24
1790510466415026159|container|exec_start: /bin/sh -c true|4ae92960dbb0016cfc8699111149fc8b5726a42b7b5213ed84b9640d038b3d9e|t20-lat-ctr-24
1790510466440230770|container|exec_die|4ae92960dbb0016cfc8699111149fc8b5726a42b7b5213ed84b9640d038b3d9e|t20-lat-ctr-24
1790510467440782894|container|exec_create: /bin/sh -c true|4ae92960dbb0016cfc8699111149fc8b5726a42b7b5213ed84b9640d038b3d9e|t20-lat-ctr-24
1790510467440814380|container|exec_start: /bin/sh -c true|4ae92960dbb0016cfc8699111149fc8b5726a42b7b5213ed84b9640d038b3d9e|t20-lat-ctr-24
1790510467465508931|container|exec_die|4ae92960dbb0016cfc8699111149fc8b5726a42b7b5213ed84b9640d038b3d9e|t20-lat-ctr-24
1790510468466827611|container|exec_create: /bin/sh -c true|4ae92960dbb0016cfc8699111149fc8b5726a42b7b5213ed84b9640d038b3d9e|t20-lat-ctr-24
1790510468466854101|container|exec_start: /bin/sh -c true|4ae92960dbb0016cfc8699111149fc8b5726a42b7b5213ed84b9640d038b3d9e|t20-lat-ctr-24
1790510468493342334|container|exec_die|4ae92960dbb0016cfc8699111149fc8b5726a42b7b5213ed84b9640d038b3d9e|t20-lat-ctr-24
1790510469271322019|container|kill|4ae92960dbb0016cfc8699111149fc8b5726a42b7b5213ed84b9640d038b3d9e|t20-lat-ctr-24
1790510469409116551|network|disconnect|9851beeca5de58663c77abfb043b973396bb3f7f9aea89861e7e36f8f7713117|bridge
1790510469419001642|container|stop|4ae92960dbb0016cfc8699111149fc8b5726a42b7b5213ed84b9640d038b3d9e|t20-lat-ctr-24
1790510469429146283|container|die|4ae92960dbb0016cfc8699111149fc8b5726a42b7b5213ed84b9640d038b3d9e|t20-lat-ctr-24
1790510469485693353|container|destroy|4ae92960dbb0016cfc8699111149fc8b5726a42b7b5213ed84b9640d038b3d9e|t20-lat-ctr-24
1790510469568156821|container|create|174ec3f4184b5e6931f79be35aeaab0e4b34237e45a3710d07fd48e47b095f25|t20-lat-ctr-25
1790510469687249111|network|connect|9851beeca5de58663c77abfb043b973396bb3f7f9aea89861e7e36f8f7713117|bridge
1790510469705193140|container|start|174ec3f4184b5e6931f79be35aeaab0e4b34237e45a3710d07fd48e47b095f25|t20-lat-ctr-25
1790510470706455043|container|exec_create: /bin/sh -c true|174ec3f4184b5e6931f79be35aeaab0e4b34237e45a3710d07fd48e47b095f25|t20-lat-ctr-25
1790510470706479982|container|exec_start: /bin/sh -c true|174ec3f4184b5e6931f79be35aeaab0e4b34237e45a3710d07fd48e47b095f25|t20-lat-ctr-25
1790510470730857240|container|exec_die|174ec3f4184b5e6931f79be35aeaab0e4b34237e45a3710d07fd48e47b095f25|t20-lat-ctr-25
1790510470731033581|container|health_status: healthy|174ec3f4184b5e6931f79be35aeaab0e4b34237e45a3710d07fd48e47b095f25|t20-lat-ctr-25
1790510471732221902|container|exec_create: /bin/sh -c true|174ec3f4184b5e6931f79be35aeaab0e4b34237e45a3710d07fd48e47b095f25|t20-lat-ctr-25
1790510471732286728|container|exec_start: /bin/sh -c true|174ec3f4184b5e6931f79be35aeaab0e4b34237e45a3710d07fd48e47b095f25|t20-lat-ctr-25
1790510471757317893|container|exec_die|174ec3f4184b5e6931f79be35aeaab0e4b34237e45a3710d07fd48e47b095f25|t20-lat-ctr-25
1790510471767999892|container|kill|174ec3f4184b5e6931f79be35aeaab0e4b34237e45a3710d07fd48e47b095f25|t20-lat-ctr-25
1790510472768592124|container|exec_create: /bin/sh -c true|174ec3f4184b5e6931f79be35aeaab0e4b34237e45a3710d07fd48e47b095f25|t20-lat-ctr-25
1790510472768618220|container|exec_start: /bin/sh -c true|174ec3f4184b5e6931f79be35aeaab0e4b34237e45a3710d07fd48e47b095f25|t20-lat-ctr-25
1790510472793419117|container|exec_die|174ec3f4184b5e6931f79be35aeaab0e4b34237e45a3710d07fd48e47b095f25|t20-lat-ctr-25
1790510473793774007|container|exec_create: /bin/sh -c true|174ec3f4184b5e6931f79be35aeaab0e4b34237e45a3710d07fd48e47b095f25|t20-lat-ctr-25
1790510473793797952|container|exec_start: /bin/sh -c true|174ec3f4184b5e6931f79be35aeaab0e4b34237e45a3710d07fd48e47b095f25|t20-lat-ctr-25
1790510473818535904|container|exec_die|174ec3f4184b5e6931f79be35aeaab0e4b34237e45a3710d07fd48e47b095f25|t20-lat-ctr-25
1790510474819153738|container|exec_create: /bin/sh -c true|174ec3f4184b5e6931f79be35aeaab0e4b34237e45a3710d07fd48e47b095f25|t20-lat-ctr-25
1790510474819176160|container|exec_start: /bin/sh -c true|174ec3f4184b5e6931f79be35aeaab0e4b34237e45a3710d07fd48e47b095f25|t20-lat-ctr-25
1790510474843537285|container|exec_die|174ec3f4184b5e6931f79be35aeaab0e4b34237e45a3710d07fd48e47b095f25|t20-lat-ctr-25
1790510475843953126|container|exec_create: /bin/sh -c true|174ec3f4184b5e6931f79be35aeaab0e4b34237e45a3710d07fd48e47b095f25|t20-lat-ctr-25
1790510475843991052|container|exec_start: /bin/sh -c true|174ec3f4184b5e6931f79be35aeaab0e4b34237e45a3710d07fd48e47b095f25|t20-lat-ctr-25
1790510475869608893|container|exec_die|174ec3f4184b5e6931f79be35aeaab0e4b34237e45a3710d07fd48e47b095f25|t20-lat-ctr-25
1790510476869914767|container|exec_create: /bin/sh -c true|174ec3f4184b5e6931f79be35aeaab0e4b34237e45a3710d07fd48e47b095f25|t20-lat-ctr-25
1790510476869937823|container|exec_start: /bin/sh -c true|174ec3f4184b5e6931f79be35aeaab0e4b34237e45a3710d07fd48e47b095f25|t20-lat-ctr-25
1790510476894625507|container|exec_die|174ec3f4184b5e6931f79be35aeaab0e4b34237e45a3710d07fd48e47b095f25|t20-lat-ctr-25
1790510477895316986|container|exec_create: /bin/sh -c true|174ec3f4184b5e6931f79be35aeaab0e4b34237e45a3710d07fd48e47b095f25|t20-lat-ctr-25
1790510477895342714|container|exec_start: /bin/sh -c true|174ec3f4184b5e6931f79be35aeaab0e4b34237e45a3710d07fd48e47b095f25|t20-lat-ctr-25
1790510477920850854|container|exec_die|174ec3f4184b5e6931f79be35aeaab0e4b34237e45a3710d07fd48e47b095f25|t20-lat-ctr-25
1790510478921266332|container|exec_create: /bin/sh -c true|174ec3f4184b5e6931f79be35aeaab0e4b34237e45a3710d07fd48e47b095f25|t20-lat-ctr-25
1790510478921299789|container|exec_start: /bin/sh -c true|174ec3f4184b5e6931f79be35aeaab0e4b34237e45a3710d07fd48e47b095f25|t20-lat-ctr-25
1790510478947789955|container|exec_die|174ec3f4184b5e6931f79be35aeaab0e4b34237e45a3710d07fd48e47b095f25|t20-lat-ctr-25
1790510479948423253|container|exec_create: /bin/sh -c true|174ec3f4184b5e6931f79be35aeaab0e4b34237e45a3710d07fd48e47b095f25|t20-lat-ctr-25
1790510479948452109|container|exec_start: /bin/sh -c true|174ec3f4184b5e6931f79be35aeaab0e4b34237e45a3710d07fd48e47b095f25|t20-lat-ctr-25
1790510479973714032|container|exec_die|174ec3f4184b5e6931f79be35aeaab0e4b34237e45a3710d07fd48e47b095f25|t20-lat-ctr-25
1790510480974704339|container|exec_create: /bin/sh -c true|174ec3f4184b5e6931f79be35aeaab0e4b34237e45a3710d07fd48e47b095f25|t20-lat-ctr-25
1790510480974730706|container|exec_start: /bin/sh -c true|174ec3f4184b5e6931f79be35aeaab0e4b34237e45a3710d07fd48e47b095f25|t20-lat-ctr-25
1790510480999614389|container|exec_die|174ec3f4184b5e6931f79be35aeaab0e4b34237e45a3710d07fd48e47b095f25|t20-lat-ctr-25
1790510481781698572|container|kill|174ec3f4184b5e6931f79be35aeaab0e4b34237e45a3710d07fd48e47b095f25|t20-lat-ctr-25
1790510481932425664|network|disconnect|9851beeca5de58663c77abfb043b973396bb3f7f9aea89861e7e36f8f7713117|bridge
1790510481941117968|container|stop|174ec3f4184b5e6931f79be35aeaab0e4b34237e45a3710d07fd48e47b095f25|t20-lat-ctr-25
1790510481949570916|container|die|174ec3f4184b5e6931f79be35aeaab0e4b34237e45a3710d07fd48e47b095f25|t20-lat-ctr-25
1790510482004051301|container|destroy|174ec3f4184b5e6931f79be35aeaab0e4b34237e45a3710d07fd48e47b095f25|t20-lat-ctr-25
1790510482087426054|container|create|13706705ffffe8ed17c57494060a7e6d1e27c4272cc1bd95b209a562d4d7b9ca|t20-lat-ctr-26
1790510482205476885|network|connect|9851beeca5de58663c77abfb043b973396bb3f7f9aea89861e7e36f8f7713117|bridge
1790510482223391238|container|start|13706705ffffe8ed17c57494060a7e6d1e27c4272cc1bd95b209a562d4d7b9ca|t20-lat-ctr-26
1790510483224488914|container|exec_create: /bin/sh -c true|13706705ffffe8ed17c57494060a7e6d1e27c4272cc1bd95b209a562d4d7b9ca|t20-lat-ctr-26
1790510483224511071|container|exec_start: /bin/sh -c true|13706705ffffe8ed17c57494060a7e6d1e27c4272cc1bd95b209a562d4d7b9ca|t20-lat-ctr-26
1790510483249613081|container|exec_die|13706705ffffe8ed17c57494060a7e6d1e27c4272cc1bd95b209a562d4d7b9ca|t20-lat-ctr-26
1790510483249776438|container|health_status: healthy|13706705ffffe8ed17c57494060a7e6d1e27c4272cc1bd95b209a562d4d7b9ca|t20-lat-ctr-26
1790510484250539092|container|exec_create: /bin/sh -c true|13706705ffffe8ed17c57494060a7e6d1e27c4272cc1bd95b209a562d4d7b9ca|t20-lat-ctr-26
1790510484250563347|container|exec_start: /bin/sh -c true|13706705ffffe8ed17c57494060a7e6d1e27c4272cc1bd95b209a562d4d7b9ca|t20-lat-ctr-26
1790510484276870585|container|exec_die|13706705ffffe8ed17c57494060a7e6d1e27c4272cc1bd95b209a562d4d7b9ca|t20-lat-ctr-26
1790510484287060561|container|kill|13706705ffffe8ed17c57494060a7e6d1e27c4272cc1bd95b209a562d4d7b9ca|t20-lat-ctr-26
1790510485288200037|container|exec_create: /bin/sh -c true|13706705ffffe8ed17c57494060a7e6d1e27c4272cc1bd95b209a562d4d7b9ca|t20-lat-ctr-26
1790510485288225526|container|exec_start: /bin/sh -c true|13706705ffffe8ed17c57494060a7e6d1e27c4272cc1bd95b209a562d4d7b9ca|t20-lat-ctr-26
1790510485312398719|container|exec_die|13706705ffffe8ed17c57494060a7e6d1e27c4272cc1bd95b209a562d4d7b9ca|t20-lat-ctr-26
1790510486312897489|container|exec_create: /bin/sh -c true|13706705ffffe8ed17c57494060a7e6d1e27c4272cc1bd95b209a562d4d7b9ca|t20-lat-ctr-26
1790510486312936738|container|exec_start: /bin/sh -c true|13706705ffffe8ed17c57494060a7e6d1e27c4272cc1bd95b209a562d4d7b9ca|t20-lat-ctr-26
1790510486338687990|container|exec_die|13706705ffffe8ed17c57494060a7e6d1e27c4272cc1bd95b209a562d4d7b9ca|t20-lat-ctr-26
1790510487339042877|container|exec_create: /bin/sh -c true|13706705ffffe8ed17c57494060a7e6d1e27c4272cc1bd95b209a562d4d7b9ca|t20-lat-ctr-26
1790510487339077082|container|exec_start: /bin/sh -c true|13706705ffffe8ed17c57494060a7e6d1e27c4272cc1bd95b209a562d4d7b9ca|t20-lat-ctr-26
1790510487363770412|container|exec_die|13706705ffffe8ed17c57494060a7e6d1e27c4272cc1bd95b209a562d4d7b9ca|t20-lat-ctr-26
1790510488364042136|container|exec_create: /bin/sh -c true|13706705ffffe8ed17c57494060a7e6d1e27c4272cc1bd95b209a562d4d7b9ca|t20-lat-ctr-26
1790510488364075220|container|exec_start: /bin/sh -c true|13706705ffffe8ed17c57494060a7e6d1e27c4272cc1bd95b209a562d4d7b9ca|t20-lat-ctr-26
1790510488388599617|container|exec_die|13706705ffffe8ed17c57494060a7e6d1e27c4272cc1bd95b209a562d4d7b9ca|t20-lat-ctr-26
1790510489389614298|container|exec_create: /bin/sh -c true|13706705ffffe8ed17c57494060a7e6d1e27c4272cc1bd95b209a562d4d7b9ca|t20-lat-ctr-26
1790510489389648602|container|exec_start: /bin/sh -c true|13706705ffffe8ed17c57494060a7e6d1e27c4272cc1bd95b209a562d4d7b9ca|t20-lat-ctr-26
1790510489414831561|container|exec_die|13706705ffffe8ed17c57494060a7e6d1e27c4272cc1bd95b209a562d4d7b9ca|t20-lat-ctr-26
1790510490415800374|container|exec_create: /bin/sh -c true|13706705ffffe8ed17c57494060a7e6d1e27c4272cc1bd95b209a562d4d7b9ca|t20-lat-ctr-26
1790510490415824858|container|exec_start: /bin/sh -c true|13706705ffffe8ed17c57494060a7e6d1e27c4272cc1bd95b209a562d4d7b9ca|t20-lat-ctr-26
1790510490440704286|container|exec_die|13706705ffffe8ed17c57494060a7e6d1e27c4272cc1bd95b209a562d4d7b9ca|t20-lat-ctr-26
1790510491441973218|container|exec_create: /bin/sh -c true|13706705ffffe8ed17c57494060a7e6d1e27c4272cc1bd95b209a562d4d7b9ca|t20-lat-ctr-26
1790510491442007450|container|exec_start: /bin/sh -c true|13706705ffffe8ed17c57494060a7e6d1e27c4272cc1bd95b209a562d4d7b9ca|t20-lat-ctr-26
1790510491466765497|container|exec_die|13706705ffffe8ed17c57494060a7e6d1e27c4272cc1bd95b209a562d4d7b9ca|t20-lat-ctr-26
1790510492467251543|container|exec_create: /bin/sh -c true|13706705ffffe8ed17c57494060a7e6d1e27c4272cc1bd95b209a562d4d7b9ca|t20-lat-ctr-26
1790510492467287753|container|exec_start: /bin/sh -c true|13706705ffffe8ed17c57494060a7e6d1e27c4272cc1bd95b209a562d4d7b9ca|t20-lat-ctr-26
1790510492492817581|container|exec_die|13706705ffffe8ed17c57494060a7e6d1e27c4272cc1bd95b209a562d4d7b9ca|t20-lat-ctr-26
1790510493493850850|container|exec_create: /bin/sh -c true|13706705ffffe8ed17c57494060a7e6d1e27c4272cc1bd95b209a562d4d7b9ca|t20-lat-ctr-26
1790510493493877507|container|exec_start: /bin/sh -c true|13706705ffffe8ed17c57494060a7e6d1e27c4272cc1bd95b209a562d4d7b9ca|t20-lat-ctr-26
1790510493519938211|container|exec_die|13706705ffffe8ed17c57494060a7e6d1e27c4272cc1bd95b209a562d4d7b9ca|t20-lat-ctr-26
1790510494301833424|container|kill|13706705ffffe8ed17c57494060a7e6d1e27c4272cc1bd95b209a562d4d7b9ca|t20-lat-ctr-26
1790510494471644980|network|disconnect|9851beeca5de58663c77abfb043b973396bb3f7f9aea89861e7e36f8f7713117|bridge
1790510494481368276|container|stop|13706705ffffe8ed17c57494060a7e6d1e27c4272cc1bd95b209a562d4d7b9ca|t20-lat-ctr-26
1790510494489708771|container|die|13706705ffffe8ed17c57494060a7e6d1e27c4272cc1bd95b209a562d4d7b9ca|t20-lat-ctr-26
1790510494546383005|container|destroy|13706705ffffe8ed17c57494060a7e6d1e27c4272cc1bd95b209a562d4d7b9ca|t20-lat-ctr-26
1790510494631702013|container|create|7db9743ef21b28052a9c18c55535c09b7627157d6e7e2bfcdec716d0845155c8|t20-lat-ctr-27
1790510494757806677|network|connect|9851beeca5de58663c77abfb043b973396bb3f7f9aea89861e7e36f8f7713117|bridge
1790510494775678407|container|start|7db9743ef21b28052a9c18c55535c09b7627157d6e7e2bfcdec716d0845155c8|t20-lat-ctr-27
1790510495775980694|container|exec_create: /bin/sh -c true|7db9743ef21b28052a9c18c55535c09b7627157d6e7e2bfcdec716d0845155c8|t20-lat-ctr-27
1790510495776012186|container|exec_start: /bin/sh -c true|7db9743ef21b28052a9c18c55535c09b7627157d6e7e2bfcdec716d0845155c8|t20-lat-ctr-27
1790510495801251261|container|exec_die|7db9743ef21b28052a9c18c55535c09b7627157d6e7e2bfcdec716d0845155c8|t20-lat-ctr-27
1790510495801430405|container|health_status: healthy|7db9743ef21b28052a9c18c55535c09b7627157d6e7e2bfcdec716d0845155c8|t20-lat-ctr-27
1790510496802203258|container|exec_create: /bin/sh -c true|7db9743ef21b28052a9c18c55535c09b7627157d6e7e2bfcdec716d0845155c8|t20-lat-ctr-27
1790510496802235275|container|exec_start: /bin/sh -c true|7db9743ef21b28052a9c18c55535c09b7627157d6e7e2bfcdec716d0845155c8|t20-lat-ctr-27
1790510496826934539|container|exec_die|7db9743ef21b28052a9c18c55535c09b7627157d6e7e2bfcdec716d0845155c8|t20-lat-ctr-27
1790510496837510144|container|kill|7db9743ef21b28052a9c18c55535c09b7627157d6e7e2bfcdec716d0845155c8|t20-lat-ctr-27
1790510497838445835|container|exec_create: /bin/sh -c true|7db9743ef21b28052a9c18c55535c09b7627157d6e7e2bfcdec716d0845155c8|t20-lat-ctr-27
1790510497838469330|container|exec_start: /bin/sh -c true|7db9743ef21b28052a9c18c55535c09b7627157d6e7e2bfcdec716d0845155c8|t20-lat-ctr-27
1790510497863146790|container|exec_die|7db9743ef21b28052a9c18c55535c09b7627157d6e7e2bfcdec716d0845155c8|t20-lat-ctr-27
1790510498863850168|container|exec_create: /bin/sh -c true|7db9743ef21b28052a9c18c55535c09b7627157d6e7e2bfcdec716d0845155c8|t20-lat-ctr-27
1790510498863886529|container|exec_start: /bin/sh -c true|7db9743ef21b28052a9c18c55535c09b7627157d6e7e2bfcdec716d0845155c8|t20-lat-ctr-27
1790510498889143389|container|exec_die|7db9743ef21b28052a9c18c55535c09b7627157d6e7e2bfcdec716d0845155c8|t20-lat-ctr-27
1790510499889573073|container|exec_create: /bin/sh -c true|7db9743ef21b28052a9c18c55535c09b7627157d6e7e2bfcdec716d0845155c8|t20-lat-ctr-27
1790510499889597682|container|exec_start: /bin/sh -c true|7db9743ef21b28052a9c18c55535c09b7627157d6e7e2bfcdec716d0845155c8|t20-lat-ctr-27
1790510499914240547|container|exec_die|7db9743ef21b28052a9c18c55535c09b7627157d6e7e2bfcdec716d0845155c8|t20-lat-ctr-27
1790510500915544811|container|exec_create: /bin/sh -c true|7db9743ef21b28052a9c18c55535c09b7627157d6e7e2bfcdec716d0845155c8|t20-lat-ctr-27
1790510500915577484|container|exec_start: /bin/sh -c true|7db9743ef21b28052a9c18c55535c09b7627157d6e7e2bfcdec716d0845155c8|t20-lat-ctr-27
1790510500941206727|container|exec_die|7db9743ef21b28052a9c18c55535c09b7627157d6e7e2bfcdec716d0845155c8|t20-lat-ctr-27
1790510501941871745|container|exec_create: /bin/sh -c true|7db9743ef21b28052a9c18c55535c09b7627157d6e7e2bfcdec716d0845155c8|t20-lat-ctr-27
1790510501941895655|container|exec_start: /bin/sh -c true|7db9743ef21b28052a9c18c55535c09b7627157d6e7e2bfcdec716d0845155c8|t20-lat-ctr-27
1790510501966948958|container|exec_die|7db9743ef21b28052a9c18c55535c09b7627157d6e7e2bfcdec716d0845155c8|t20-lat-ctr-27
1790510502967610756|container|exec_create: /bin/sh -c true|7db9743ef21b28052a9c18c55535c09b7627157d6e7e2bfcdec716d0845155c8|t20-lat-ctr-27
1790510502967647402|container|exec_start: /bin/sh -c true|7db9743ef21b28052a9c18c55535c09b7627157d6e7e2bfcdec716d0845155c8|t20-lat-ctr-27
1790510502992063430|container|exec_die|7db9743ef21b28052a9c18c55535c09b7627157d6e7e2bfcdec716d0845155c8|t20-lat-ctr-27
1790510503992552405|container|exec_create: /bin/sh -c true|7db9743ef21b28052a9c18c55535c09b7627157d6e7e2bfcdec716d0845155c8|t20-lat-ctr-27
1790510503992579906|container|exec_start: /bin/sh -c true|7db9743ef21b28052a9c18c55535c09b7627157d6e7e2bfcdec716d0845155c8|t20-lat-ctr-27
1790510504017452453|container|exec_die|7db9743ef21b28052a9c18c55535c09b7627157d6e7e2bfcdec716d0845155c8|t20-lat-ctr-27
1790510505018119576|container|exec_create: /bin/sh -c true|7db9743ef21b28052a9c18c55535c09b7627157d6e7e2bfcdec716d0845155c8|t20-lat-ctr-27
1790510505018155762|container|exec_start: /bin/sh -c true|7db9743ef21b28052a9c18c55535c09b7627157d6e7e2bfcdec716d0845155c8|t20-lat-ctr-27
1790510505043081193|container|exec_die|7db9743ef21b28052a9c18c55535c09b7627157d6e7e2bfcdec716d0845155c8|t20-lat-ctr-27
1790510506043835258|container|exec_create: /bin/sh -c true|7db9743ef21b28052a9c18c55535c09b7627157d6e7e2bfcdec716d0845155c8|t20-lat-ctr-27
1790510506043860979|container|exec_start: /bin/sh -c true|7db9743ef21b28052a9c18c55535c09b7627157d6e7e2bfcdec716d0845155c8|t20-lat-ctr-27
1790510506068094706|container|exec_die|7db9743ef21b28052a9c18c55535c09b7627157d6e7e2bfcdec716d0845155c8|t20-lat-ctr-27
1790510506851611954|container|kill|7db9743ef21b28052a9c18c55535c09b7627157d6e7e2bfcdec716d0845155c8|t20-lat-ctr-27
1790510507013086612|network|disconnect|9851beeca5de58663c77abfb043b973396bb3f7f9aea89861e7e36f8f7713117|bridge
1790510507022690757|container|stop|7db9743ef21b28052a9c18c55535c09b7627157d6e7e2bfcdec716d0845155c8|t20-lat-ctr-27
1790510507031113177|container|die|7db9743ef21b28052a9c18c55535c09b7627157d6e7e2bfcdec716d0845155c8|t20-lat-ctr-27
1790510507086669910|container|destroy|7db9743ef21b28052a9c18c55535c09b7627157d6e7e2bfcdec716d0845155c8|t20-lat-ctr-27
1790510507172116729|container|create|222557447d8a09615c30b46508b2f8520222ff7c7cd4cbd1615aa800265d559d|t20-lat-ctr-28
1790510507291074579|network|connect|9851beeca5de58663c77abfb043b973396bb3f7f9aea89861e7e36f8f7713117|bridge
1790510507309093045|container|start|222557447d8a09615c30b46508b2f8520222ff7c7cd4cbd1615aa800265d559d|t20-lat-ctr-28
1790510508310069991|container|exec_create: /bin/sh -c true|222557447d8a09615c30b46508b2f8520222ff7c7cd4cbd1615aa800265d559d|t20-lat-ctr-28
1790510508310098267|container|exec_start: /bin/sh -c true|222557447d8a09615c30b46508b2f8520222ff7c7cd4cbd1615aa800265d559d|t20-lat-ctr-28
1790510508335505693|container|exec_die|222557447d8a09615c30b46508b2f8520222ff7c7cd4cbd1615aa800265d559d|t20-lat-ctr-28
1790510508335713763|container|health_status: healthy|222557447d8a09615c30b46508b2f8520222ff7c7cd4cbd1615aa800265d559d|t20-lat-ctr-28
1790510509336412470|container|exec_create: /bin/sh -c true|222557447d8a09615c30b46508b2f8520222ff7c7cd4cbd1615aa800265d559d|t20-lat-ctr-28
1790510509336444087|container|exec_start: /bin/sh -c true|222557447d8a09615c30b46508b2f8520222ff7c7cd4cbd1615aa800265d559d|t20-lat-ctr-28
1790510509361457519|container|exec_die|222557447d8a09615c30b46508b2f8520222ff7c7cd4cbd1615aa800265d559d|t20-lat-ctr-28
1790510509371792281|container|kill|222557447d8a09615c30b46508b2f8520222ff7c7cd4cbd1615aa800265d559d|t20-lat-ctr-28
1790510510372099750|container|exec_create: /bin/sh -c true|222557447d8a09615c30b46508b2f8520222ff7c7cd4cbd1615aa800265d559d|t20-lat-ctr-28
1790510510372123281|container|exec_start: /bin/sh -c true|222557447d8a09615c30b46508b2f8520222ff7c7cd4cbd1615aa800265d559d|t20-lat-ctr-28
1790510510396410012|container|exec_die|222557447d8a09615c30b46508b2f8520222ff7c7cd4cbd1615aa800265d559d|t20-lat-ctr-28
1790510511397215280|container|exec_create: /bin/sh -c true|222557447d8a09615c30b46508b2f8520222ff7c7cd4cbd1615aa800265d559d|t20-lat-ctr-28
1790510511397251260|container|exec_start: /bin/sh -c true|222557447d8a09615c30b46508b2f8520222ff7c7cd4cbd1615aa800265d559d|t20-lat-ctr-28
1790510511421155516|container|exec_die|222557447d8a09615c30b46508b2f8520222ff7c7cd4cbd1615aa800265d559d|t20-lat-ctr-28
1790510512421366075|container|exec_create: /bin/sh -c true|222557447d8a09615c30b46508b2f8520222ff7c7cd4cbd1615aa800265d559d|t20-lat-ctr-28
1790510512421391708|container|exec_start: /bin/sh -c true|222557447d8a09615c30b46508b2f8520222ff7c7cd4cbd1615aa800265d559d|t20-lat-ctr-28
1790510512446320691|container|exec_die|222557447d8a09615c30b46508b2f8520222ff7c7cd4cbd1615aa800265d559d|t20-lat-ctr-28
1790510513447509249|container|exec_create: /bin/sh -c true|222557447d8a09615c30b46508b2f8520222ff7c7cd4cbd1615aa800265d559d|t20-lat-ctr-28
1790510513447544635|container|exec_start: /bin/sh -c true|222557447d8a09615c30b46508b2f8520222ff7c7cd4cbd1615aa800265d559d|t20-lat-ctr-28
1790510513474021738|container|exec_die|222557447d8a09615c30b46508b2f8520222ff7c7cd4cbd1615aa800265d559d|t20-lat-ctr-28
1790510514475332993|container|exec_create: /bin/sh -c true|222557447d8a09615c30b46508b2f8520222ff7c7cd4cbd1615aa800265d559d|t20-lat-ctr-28
1790510514475356725|container|exec_start: /bin/sh -c true|222557447d8a09615c30b46508b2f8520222ff7c7cd4cbd1615aa800265d559d|t20-lat-ctr-28
1790510514498043378|container|exec_die|222557447d8a09615c30b46508b2f8520222ff7c7cd4cbd1615aa800265d559d|t20-lat-ctr-28
1790510515498922731|container|exec_create: /bin/sh -c true|222557447d8a09615c30b46508b2f8520222ff7c7cd4cbd1615aa800265d559d|t20-lat-ctr-28
1790510515498945959|container|exec_start: /bin/sh -c true|222557447d8a09615c30b46508b2f8520222ff7c7cd4cbd1615aa800265d559d|t20-lat-ctr-28
1790510515523604346|container|exec_die|222557447d8a09615c30b46508b2f8520222ff7c7cd4cbd1615aa800265d559d|t20-lat-ctr-28
1790510516524846588|container|exec_create: /bin/sh -c true|222557447d8a09615c30b46508b2f8520222ff7c7cd4cbd1615aa800265d559d|t20-lat-ctr-28
1790510516524870119|container|exec_start: /bin/sh -c true|222557447d8a09615c30b46508b2f8520222ff7c7cd4cbd1615aa800265d559d|t20-lat-ctr-28
1790510516549335787|container|exec_die|222557447d8a09615c30b46508b2f8520222ff7c7cd4cbd1615aa800265d559d|t20-lat-ctr-28
1790510517549961495|container|exec_create: /bin/sh -c true|222557447d8a09615c30b46508b2f8520222ff7c7cd4cbd1615aa800265d559d|t20-lat-ctr-28
1790510517549987830|container|exec_start: /bin/sh -c true|222557447d8a09615c30b46508b2f8520222ff7c7cd4cbd1615aa800265d559d|t20-lat-ctr-28
1790510517574345590|container|exec_die|222557447d8a09615c30b46508b2f8520222ff7c7cd4cbd1615aa800265d559d|t20-lat-ctr-28
1790510518575589572|container|exec_create: /bin/sh -c true|222557447d8a09615c30b46508b2f8520222ff7c7cd4cbd1615aa800265d559d|t20-lat-ctr-28
1790510518575625479|container|exec_start: /bin/sh -c true|222557447d8a09615c30b46508b2f8520222ff7c7cd4cbd1615aa800265d559d|t20-lat-ctr-28
1790510518600450802|container|exec_die|222557447d8a09615c30b46508b2f8520222ff7c7cd4cbd1615aa800265d559d|t20-lat-ctr-28
1790510519385440863|container|kill|222557447d8a09615c30b46508b2f8520222ff7c7cd4cbd1615aa800265d559d|t20-lat-ctr-28
1790510519556267197|network|disconnect|9851beeca5de58663c77abfb043b973396bb3f7f9aea89861e7e36f8f7713117|bridge
1790510519566100388|container|stop|222557447d8a09615c30b46508b2f8520222ff7c7cd4cbd1615aa800265d559d|t20-lat-ctr-28
1790510519574342541|container|die|222557447d8a09615c30b46508b2f8520222ff7c7cd4cbd1615aa800265d559d|t20-lat-ctr-28
1790510519630016318|container|destroy|222557447d8a09615c30b46508b2f8520222ff7c7cd4cbd1615aa800265d559d|t20-lat-ctr-28
1790510519718294250|container|create|f652431319530fe66caee16eaaf5d2534bd647f570052d00b40c7384c9f80817|t20-lat-ctr-29
1790510519841463778|network|connect|9851beeca5de58663c77abfb043b973396bb3f7f9aea89861e7e36f8f7713117|bridge
1790510519861402629|container|start|f652431319530fe66caee16eaaf5d2534bd647f570052d00b40c7384c9f80817|t20-lat-ctr-29
1790510520862238923|container|exec_create: /bin/sh -c true|f652431319530fe66caee16eaaf5d2534bd647f570052d00b40c7384c9f80817|t20-lat-ctr-29
1790510520862273782|container|exec_start: /bin/sh -c true|f652431319530fe66caee16eaaf5d2534bd647f570052d00b40c7384c9f80817|t20-lat-ctr-29
1790510520887891887|container|exec_die|f652431319530fe66caee16eaaf5d2534bd647f570052d00b40c7384c9f80817|t20-lat-ctr-29
1790510520888074924|container|health_status: healthy|f652431319530fe66caee16eaaf5d2534bd647f570052d00b40c7384c9f80817|t20-lat-ctr-29
1790510521888542661|container|exec_create: /bin/sh -c true|f652431319530fe66caee16eaaf5d2534bd647f570052d00b40c7384c9f80817|t20-lat-ctr-29
1790510521888622447|container|exec_start: /bin/sh -c true|f652431319530fe66caee16eaaf5d2534bd647f570052d00b40c7384c9f80817|t20-lat-ctr-29
1790510521914565752|container|exec_die|f652431319530fe66caee16eaaf5d2534bd647f570052d00b40c7384c9f80817|t20-lat-ctr-29
1790510521925746264|container|kill|f652431319530fe66caee16eaaf5d2534bd647f570052d00b40c7384c9f80817|t20-lat-ctr-29
1790510522926589082|container|exec_create: /bin/sh -c true|f652431319530fe66caee16eaaf5d2534bd647f570052d00b40c7384c9f80817|t20-lat-ctr-29
1790510522926621292|container|exec_start: /bin/sh -c true|f652431319530fe66caee16eaaf5d2534bd647f570052d00b40c7384c9f80817|t20-lat-ctr-29
1790510522950524580|container|exec_die|f652431319530fe66caee16eaaf5d2534bd647f570052d00b40c7384c9f80817|t20-lat-ctr-29
1790510523951158200|container|exec_create: /bin/sh -c true|f652431319530fe66caee16eaaf5d2534bd647f570052d00b40c7384c9f80817|t20-lat-ctr-29
1790510523951199712|container|exec_start: /bin/sh -c true|f652431319530fe66caee16eaaf5d2534bd647f570052d00b40c7384c9f80817|t20-lat-ctr-29
1790510523976745454|container|exec_die|f652431319530fe66caee16eaaf5d2534bd647f570052d00b40c7384c9f80817|t20-lat-ctr-29
1790510524977192772|container|exec_create: /bin/sh -c true|f652431319530fe66caee16eaaf5d2534bd647f570052d00b40c7384c9f80817|t20-lat-ctr-29
1790510524977225664|container|exec_start: /bin/sh -c true|f652431319530fe66caee16eaaf5d2534bd647f570052d00b40c7384c9f80817|t20-lat-ctr-29
1790510525001566077|container|exec_die|f652431319530fe66caee16eaaf5d2534bd647f570052d00b40c7384c9f80817|t20-lat-ctr-29
1790510526002291834|container|exec_create: /bin/sh -c true|f652431319530fe66caee16eaaf5d2534bd647f570052d00b40c7384c9f80817|t20-lat-ctr-29
1790510526002326749|container|exec_start: /bin/sh -c true|f652431319530fe66caee16eaaf5d2534bd647f570052d00b40c7384c9f80817|t20-lat-ctr-29
1790510526026494569|container|exec_die|f652431319530fe66caee16eaaf5d2534bd647f570052d00b40c7384c9f80817|t20-lat-ctr-29
1790510527027629951|container|exec_create: /bin/sh -c true|f652431319530fe66caee16eaaf5d2534bd647f570052d00b40c7384c9f80817|t20-lat-ctr-29
1790510527027655179|container|exec_start: /bin/sh -c true|f652431319530fe66caee16eaaf5d2534bd647f570052d00b40c7384c9f80817|t20-lat-ctr-29
1790510527051872168|container|exec_die|f652431319530fe66caee16eaaf5d2534bd647f570052d00b40c7384c9f80817|t20-lat-ctr-29
1790510528052183671|container|exec_create: /bin/sh -c true|f652431319530fe66caee16eaaf5d2534bd647f570052d00b40c7384c9f80817|t20-lat-ctr-29
1790510528052206481|container|exec_start: /bin/sh -c true|f652431319530fe66caee16eaaf5d2534bd647f570052d00b40c7384c9f80817|t20-lat-ctr-29
1790510528076826158|container|exec_die|f652431319530fe66caee16eaaf5d2534bd647f570052d00b40c7384c9f80817|t20-lat-ctr-29
1790510529077739516|container|exec_create: /bin/sh -c true|f652431319530fe66caee16eaaf5d2534bd647f570052d00b40c7384c9f80817|t20-lat-ctr-29
1790510529077773344|container|exec_start: /bin/sh -c true|f652431319530fe66caee16eaaf5d2534bd647f570052d00b40c7384c9f80817|t20-lat-ctr-29
1790510529101823006|container|exec_die|f652431319530fe66caee16eaaf5d2534bd647f570052d00b40c7384c9f80817|t20-lat-ctr-29
1790510530102817160|container|exec_create: /bin/sh -c true|f652431319530fe66caee16eaaf5d2534bd647f570052d00b40c7384c9f80817|t20-lat-ctr-29
1790510530102854476|container|exec_start: /bin/sh -c true|f652431319530fe66caee16eaaf5d2534bd647f570052d00b40c7384c9f80817|t20-lat-ctr-29
1790510530127206618|container|exec_die|f652431319530fe66caee16eaaf5d2534bd647f570052d00b40c7384c9f80817|t20-lat-ctr-29
1790510531127898066|container|exec_create: /bin/sh -c true|f652431319530fe66caee16eaaf5d2534bd647f570052d00b40c7384c9f80817|t20-lat-ctr-29
1790510531127922696|container|exec_start: /bin/sh -c true|f652431319530fe66caee16eaaf5d2534bd647f570052d00b40c7384c9f80817|t20-lat-ctr-29
1790510531152973059|container|exec_die|f652431319530fe66caee16eaaf5d2534bd647f570052d00b40c7384c9f80817|t20-lat-ctr-29
1790510531940963364|container|kill|f652431319530fe66caee16eaaf5d2534bd647f570052d00b40c7384c9f80817|t20-lat-ctr-29
1790510532098717510|network|disconnect|9851beeca5de58663c77abfb043b973396bb3f7f9aea89861e7e36f8f7713117|bridge
1790510532108624677|container|stop|f652431319530fe66caee16eaaf5d2534bd647f570052d00b40c7384c9f80817|t20-lat-ctr-29
1790510532116788998|container|die|f652431319530fe66caee16eaaf5d2534bd647f570052d00b40c7384c9f80817|t20-lat-ctr-29
1790510532171515580|container|destroy|f652431319530fe66caee16eaaf5d2534bd647f570052d00b40c7384c9f80817|t20-lat-ctr-29
1790510532256873493|container|create|149602d0f847d1e84a0ffe183fe7ff9e12c874e961b282a8aa2383a5264d194b|t20-lat-ctr-30
1790510532382657629|network|connect|9851beeca5de58663c77abfb043b973396bb3f7f9aea89861e7e36f8f7713117|bridge
1790510532399815767|container|start|149602d0f847d1e84a0ffe183fe7ff9e12c874e961b282a8aa2383a5264d194b|t20-lat-ctr-30
1790510533400716214|container|exec_create: /bin/sh -c true|149602d0f847d1e84a0ffe183fe7ff9e12c874e961b282a8aa2383a5264d194b|t20-lat-ctr-30
1790510533400750696|container|exec_start: /bin/sh -c true|149602d0f847d1e84a0ffe183fe7ff9e12c874e961b282a8aa2383a5264d194b|t20-lat-ctr-30
1790510533425894715|container|exec_die|149602d0f847d1e84a0ffe183fe7ff9e12c874e961b282a8aa2383a5264d194b|t20-lat-ctr-30
1790510533426058990|container|health_status: healthy|149602d0f847d1e84a0ffe183fe7ff9e12c874e961b282a8aa2383a5264d194b|t20-lat-ctr-30
1790510534426211164|container|exec_create: /bin/sh -c true|149602d0f847d1e84a0ffe183fe7ff9e12c874e961b282a8aa2383a5264d194b|t20-lat-ctr-30
1790510534426235886|container|exec_start: /bin/sh -c true|149602d0f847d1e84a0ffe183fe7ff9e12c874e961b282a8aa2383a5264d194b|t20-lat-ctr-30
1790510534452093809|container|exec_die|149602d0f847d1e84a0ffe183fe7ff9e12c874e961b282a8aa2383a5264d194b|t20-lat-ctr-30
1790510534462788458|container|kill|149602d0f847d1e84a0ffe183fe7ff9e12c874e961b282a8aa2383a5264d194b|t20-lat-ctr-30
1790510535464073407|container|exec_create: /bin/sh -c true|149602d0f847d1e84a0ffe183fe7ff9e12c874e961b282a8aa2383a5264d194b|t20-lat-ctr-30
1790510535464106436|container|exec_start: /bin/sh -c true|149602d0f847d1e84a0ffe183fe7ff9e12c874e961b282a8aa2383a5264d194b|t20-lat-ctr-30
1790510535489078196|container|exec_die|149602d0f847d1e84a0ffe183fe7ff9e12c874e961b282a8aa2383a5264d194b|t20-lat-ctr-30
1790510536489814787|container|exec_create: /bin/sh -c true|149602d0f847d1e84a0ffe183fe7ff9e12c874e961b282a8aa2383a5264d194b|t20-lat-ctr-30
1790510536489846636|container|exec_start: /bin/sh -c true|149602d0f847d1e84a0ffe183fe7ff9e12c874e961b282a8aa2383a5264d194b|t20-lat-ctr-30
1790510536513850494|container|exec_die|149602d0f847d1e84a0ffe183fe7ff9e12c874e961b282a8aa2383a5264d194b|t20-lat-ctr-30
1790510537515101953|container|exec_create: /bin/sh -c true|149602d0f847d1e84a0ffe183fe7ff9e12c874e961b282a8aa2383a5264d194b|t20-lat-ctr-30
1790510537515132877|container|exec_start: /bin/sh -c true|149602d0f847d1e84a0ffe183fe7ff9e12c874e961b282a8aa2383a5264d194b|t20-lat-ctr-30
1790510537540302514|container|exec_die|149602d0f847d1e84a0ffe183fe7ff9e12c874e961b282a8aa2383a5264d194b|t20-lat-ctr-30
1790510538541440060|container|exec_create: /bin/sh -c true|149602d0f847d1e84a0ffe183fe7ff9e12c874e961b282a8aa2383a5264d194b|t20-lat-ctr-30
1790510538541465071|container|exec_start: /bin/sh -c true|149602d0f847d1e84a0ffe183fe7ff9e12c874e961b282a8aa2383a5264d194b|t20-lat-ctr-30
1790510538564877890|container|exec_die|149602d0f847d1e84a0ffe183fe7ff9e12c874e961b282a8aa2383a5264d194b|t20-lat-ctr-30
1790510539565471222|container|exec_create: /bin/sh -c true|149602d0f847d1e84a0ffe183fe7ff9e12c874e961b282a8aa2383a5264d194b|t20-lat-ctr-30
1790510539565496080|container|exec_start: /bin/sh -c true|149602d0f847d1e84a0ffe183fe7ff9e12c874e961b282a8aa2383a5264d194b|t20-lat-ctr-30
1790510539590232542|container|exec_die|149602d0f847d1e84a0ffe183fe7ff9e12c874e961b282a8aa2383a5264d194b|t20-lat-ctr-30
1790510540591259027|container|exec_create: /bin/sh -c true|149602d0f847d1e84a0ffe183fe7ff9e12c874e961b282a8aa2383a5264d194b|t20-lat-ctr-30
1790510540591299385|container|exec_start: /bin/sh -c true|149602d0f847d1e84a0ffe183fe7ff9e12c874e961b282a8aa2383a5264d194b|t20-lat-ctr-30
1790510540615068793|container|exec_die|149602d0f847d1e84a0ffe183fe7ff9e12c874e961b282a8aa2383a5264d194b|t20-lat-ctr-30
1790510541615547243|container|exec_create: /bin/sh -c true|149602d0f847d1e84a0ffe183fe7ff9e12c874e961b282a8aa2383a5264d194b|t20-lat-ctr-30
1790510541615573009|container|exec_start: /bin/sh -c true|149602d0f847d1e84a0ffe183fe7ff9e12c874e961b282a8aa2383a5264d194b|t20-lat-ctr-30
1790510541640495635|container|exec_die|149602d0f847d1e84a0ffe183fe7ff9e12c874e961b282a8aa2383a5264d194b|t20-lat-ctr-30
1790510542639971924|container|exec_create: /bin/sh -c true|149602d0f847d1e84a0ffe183fe7ff9e12c874e961b282a8aa2383a5264d194b|t20-lat-ctr-30
1790510542639996768|container|exec_start: /bin/sh -c true|149602d0f847d1e84a0ffe183fe7ff9e12c874e961b282a8aa2383a5264d194b|t20-lat-ctr-30
1790510542664888021|container|exec_die|149602d0f847d1e84a0ffe183fe7ff9e12c874e961b282a8aa2383a5264d194b|t20-lat-ctr-30
1790510543665436252|container|exec_create: /bin/sh -c true|149602d0f847d1e84a0ffe183fe7ff9e12c874e961b282a8aa2383a5264d194b|t20-lat-ctr-30
1790510543665473366|container|exec_start: /bin/sh -c true|149602d0f847d1e84a0ffe183fe7ff9e12c874e961b282a8aa2383a5264d194b|t20-lat-ctr-30
1790510543690040583|container|exec_die|149602d0f847d1e84a0ffe183fe7ff9e12c874e961b282a8aa2383a5264d194b|t20-lat-ctr-30
1790510544475253876|container|kill|149602d0f847d1e84a0ffe183fe7ff9e12c874e961b282a8aa2383a5264d194b|t20-lat-ctr-30
1790510544653782783|network|disconnect|9851beeca5de58663c77abfb043b973396bb3f7f9aea89861e7e36f8f7713117|bridge
1790510544663685702|container|stop|149602d0f847d1e84a0ffe183fe7ff9e12c874e961b282a8aa2383a5264d194b|t20-lat-ctr-30
1790510544671841669|container|die|149602d0f847d1e84a0ffe183fe7ff9e12c874e961b282a8aa2383a5264d194b|t20-lat-ctr-30
1790510544735387512|container|destroy|149602d0f847d1e84a0ffe183fe7ff9e12c874e961b282a8aa2383a5264d194b|t20-lat-ctr-30
