1790516775480176413|service|create|l7gtio0ihu88ecyzmqtclxppa|t20-lat-svc-1
1790516775757580163|container|create|8d4a429019e8850a6b2e9401984ba15f036027896366970612464ecce2518bd4|t20-lat-svc-1.1.rvfhtnnxyhb6ny6jrhwswz82c
1790516775900551224|network|connect|14dd0091cf68512f991ff07db68c60bcf87dff62b2e2f230898cca1efe8e62aa|bridge
1790516775919558094|container|start|8d4a429019e8850a6b2e9401984ba15f036027896366970612464ecce2518bd4|t20-lat-svc-1.1.rvfhtnnxyhb6ny6jrhwswz82c
1790516776919964898|container|exec_create: /bin/sh -c true|8d4a429019e8850a6b2e9401984ba15f036027896366970612464ecce2518bd4|t20-lat-svc-1.1.rvfhtnnxyhb6ny6jrhwswz82c
1790516776919998827|container|exec_start: /bin/sh -c true|8d4a429019e8850a6b2e9401984ba15f036027896366970612464ecce2518bd4|t20-lat-svc-1.1.rvfhtnnxyhb6ny6jrhwswz82c
1790516776943735683|container|exec_die|8d4a429019e8850a6b2e9401984ba15f036027896366970612464ecce2518bd4|t20-lat-svc-1.1.rvfhtnnxyhb6ny6jrhwswz82c
1790516776944015712|container|health_status: healthy|8d4a429019e8850a6b2e9401984ba15f036027896366970612464ecce2518bd4|t20-lat-svc-1.1.rvfhtnnxyhb6ny6jrhwswz82c
1790516777550425934|service|update|l7gtio0ihu88ecyzmqtclxppa|t20-lat-svc-1
1790516777552850171|service|update|l7gtio0ihu88ecyzmqtclxppa|t20-lat-svc-1
1790516777827655334|container|create|3af6bdd31e6ee99c500154abe7281f026cfdf841466159c0502b13399b53f88f|t20-lat-svc-1.1.s9h24l499mtxs84xo6dkvxqvw
1790516777945048330|container|exec_create: /bin/sh -c true|8d4a429019e8850a6b2e9401984ba15f036027896366970612464ecce2518bd4|t20-lat-svc-1.1.rvfhtnnxyhb6ny6jrhwswz82c
1790516777945070201|container|exec_start: /bin/sh -c true|8d4a429019e8850a6b2e9401984ba15f036027896366970612464ecce2518bd4|t20-lat-svc-1.1.rvfhtnnxyhb6ny6jrhwswz82c
1790516777969945636|container|exec_die|8d4a429019e8850a6b2e9401984ba15f036027896366970612464ecce2518bd4|t20-lat-svc-1.1.rvfhtnnxyhb6ny6jrhwswz82c
1790516778740669151|container|kill|8d4a429019e8850a6b2e9401984ba15f036027896366970612464ecce2518bd4|t20-lat-svc-1.1.rvfhtnnxyhb6ny6jrhwswz82c
1790516778970523102|container|exec_create: /bin/sh -c true|8d4a429019e8850a6b2e9401984ba15f036027896366970612464ecce2518bd4|t20-lat-svc-1.1.rvfhtnnxyhb6ny6jrhwswz82c
1790516778970573299|container|exec_start: /bin/sh -c true|8d4a429019e8850a6b2e9401984ba15f036027896366970612464ecce2518bd4|t20-lat-svc-1.1.rvfhtnnxyhb6ny6jrhwswz82c
1790516778996368102|container|exec_die|8d4a429019e8850a6b2e9401984ba15f036027896366970612464ecce2518bd4|t20-lat-svc-1.1.rvfhtnnxyhb6ny6jrhwswz82c
1790516779997693041|container|exec_create: /bin/sh -c true|8d4a429019e8850a6b2e9401984ba15f036027896366970612464ecce2518bd4|t20-lat-svc-1.1.rvfhtnnxyhb6ny6jrhwswz82c
1790516779997774354|container|exec_start: /bin/sh -c true|8d4a429019e8850a6b2e9401984ba15f036027896366970612464ecce2518bd4|t20-lat-svc-1.1.rvfhtnnxyhb6ny6jrhwswz82c
1790516780022845561|container|exec_die|8d4a429019e8850a6b2e9401984ba15f036027896366970612464ecce2518bd4|t20-lat-svc-1.1.rvfhtnnxyhb6ny6jrhwswz82c
1790516780754869928|container|kill|8d4a429019e8850a6b2e9401984ba15f036027896366970612464ecce2518bd4|t20-lat-svc-1.1.rvfhtnnxyhb6ny6jrhwswz82c
1790516780895618176|network|disconnect|14dd0091cf68512f991ff07db68c60bcf87dff62b2e2f230898cca1efe8e62aa|bridge
1790516780907611625|container|stop|8d4a429019e8850a6b2e9401984ba15f036027896366970612464ecce2518bd4|t20-lat-svc-1.1.rvfhtnnxyhb6ny6jrhwswz82c
1790516780919830577|container|die|8d4a429019e8850a6b2e9401984ba15f036027896366970612464ecce2518bd4|t20-lat-svc-1.1.rvfhtnnxyhb6ny6jrhwswz82c
1790516781193668779|network|connect|14dd0091cf68512f991ff07db68c60bcf87dff62b2e2f230898cca1efe8e62aa|bridge
1790516781210712687|container|start|3af6bdd31e6ee99c500154abe7281f026cfdf841466159c0502b13399b53f88f|t20-lat-svc-1.1.s9h24l499mtxs84xo6dkvxqvw
1790516782211556096|container|exec_create: /bin/sh -c true|3af6bdd31e6ee99c500154abe7281f026cfdf841466159c0502b13399b53f88f|t20-lat-svc-1.1.s9h24l499mtxs84xo6dkvxqvw
1790516782211606492|container|exec_start: /bin/sh -c true|3af6bdd31e6ee99c500154abe7281f026cfdf841466159c0502b13399b53f88f|t20-lat-svc-1.1.s9h24l499mtxs84xo6dkvxqvw
1790516782237966074|container|exec_die|3af6bdd31e6ee99c500154abe7281f026cfdf841466159c0502b13399b53f88f|t20-lat-svc-1.1.s9h24l499mtxs84xo6dkvxqvw
1790516782238173303|container|health_status: healthy|3af6bdd31e6ee99c500154abe7281f026cfdf841466159c0502b13399b53f88f|t20-lat-svc-1.1.s9h24l499mtxs84xo6dkvxqvw
1790516782701957854|service|remove|l7gtio0ihu88ecyzmqtclxppa|t20-lat-svc-1
1790516783100737498|container|destroy|8d4a429019e8850a6b2e9401984ba15f036027896366970612464ecce2518bd4|t20-lat-svc-1.1.rvfhtnnxyhb6ny6jrhwswz82c
1790516783237864266|container|exec_create: /bin/sh -c true|3af6bdd31e6ee99c500154abe7281f026cfdf841466159c0502b13399b53f88f|t20-lat-svc-1.1.s9h24l499mtxs84xo6dkvxqvw
1790516783237888698|container|exec_start: /bin/sh -c true|3af6bdd31e6ee99c500154abe7281f026cfdf841466159c0502b13399b53f88f|t20-lat-svc-1.1.s9h24l499mtxs84xo6dkvxqvw
1790516783263386478|container|exec_die|3af6bdd31e6ee99c500154abe7281f026cfdf841466159c0502b13399b53f88f|t20-lat-svc-1.1.s9h24l499mtxs84xo6dkvxqvw
1790516783831730800|container|kill|3af6bdd31e6ee99c500154abe7281f026cfdf841466159c0502b13399b53f88f|t20-lat-svc-1.1.s9h24l499mtxs84xo6dkvxqvw
1790516784263756177|container|exec_create: /bin/sh -c true|3af6bdd31e6ee99c500154abe7281f026cfdf841466159c0502b13399b53f88f|t20-lat-svc-1.1.s9h24l499mtxs84xo6dkvxqvw
1790516784263791914|container|exec_start: /bin/sh -c true|3af6bdd31e6ee99c500154abe7281f026cfdf841466159c0502b13399b53f88f|t20-lat-svc-1.1.s9h24l499mtxs84xo6dkvxqvw
1790516784289103862|container|exec_die|3af6bdd31e6ee99c500154abe7281f026cfdf841466159c0502b13399b53f88f|t20-lat-svc-1.1.s9h24l499mtxs84xo6dkvxqvw
1790516785289589295|container|exec_create: /bin/sh -c true|3af6bdd31e6ee99c500154abe7281f026cfdf841466159c0502b13399b53f88f|t20-lat-svc-1.1.s9h24l499mtxs84xo6dkvxqvw
1790516785289625569|container|exec_start: /bin/sh -c true|3af6bdd31e6ee99c500154abe7281f026cfdf841466159c0502b13399b53f88f|t20-lat-svc-1.1.s9h24l499mtxs84xo6dkvxqvw
1790516785314444839|container|exec_die|3af6bdd31e6ee99c500154abe7281f026cfdf841466159c0502b13399b53f88f|t20-lat-svc-1.1.s9h24l499mtxs84xo6dkvxqvw
1790516785844338194|container|kill|3af6bdd31e6ee99c500154abe7281f026cfdf841466159c0502b13399b53f88f|t20-lat-svc-1.1.s9h24l499mtxs84xo6dkvxqvw
1790516785987817094|network|disconnect|14dd0091cf68512f991ff07db68c60bcf87dff62b2e2f230898cca1efe8e62aa|bridge
1790516785997724524|container|stop|3af6bdd31e6ee99c500154abe7281f026cfdf841466159c0502b13399b53f88f|t20-lat-svc-1.1.s9h24l499mtxs84xo6dkvxqvw
1790516786004849600|container|die|3af6bdd31e6ee99c500154abe7281f026cfdf841466159c0502b13399b53f88f|t20-lat-svc-1.1.s9h24l499mtxs84xo6dkvxqvw
1790516786487567864|container|destroy|3af6bdd31e6ee99c500154abe7281f026cfdf841466159c0502b13399b53f88f|t20-lat-svc-1.1.s9h24l499mtxs84xo6dkvxqvw
1790516799215635008|service|create|la39d8j2xp09gb0a5g9cayfay|t20-lat-svc-2
1790516799466294526|container|create|f223e3a4963f3ac9ec2ab2135340201b032fd69a7b567a1b3244837b7565f915|t20-lat-svc-2.1.g7n8h6lxhsdyej6z4g1uep7zy
1790516799617133594|network|connect|14dd0091cf68512f991ff07db68c60bcf87dff62b2e2f230898cca1efe8e62aa|bridge
1790516799634272133|container|start|f223e3a4963f3ac9ec2ab2135340201b032fd69a7b567a1b3244837b7565f915|t20-lat-svc-2.1.g7n8h6lxhsdyej6z4g1uep7zy
1790516800634807799|container|exec_create: /bin/sh -c true|f223e3a4963f3ac9ec2ab2135340201b032fd69a7b567a1b3244837b7565f915|t20-lat-svc-2.1.g7n8h6lxhsdyej6z4g1uep7zy
1790516800634898320|container|exec_start: /bin/sh -c true|f223e3a4963f3ac9ec2ab2135340201b032fd69a7b567a1b3244837b7565f915|t20-lat-svc-2.1.g7n8h6lxhsdyej6z4g1uep7zy
1790516800660659066|container|exec_die|f223e3a4963f3ac9ec2ab2135340201b032fd69a7b567a1b3244837b7565f915|t20-lat-svc-2.1.g7n8h6lxhsdyej6z4g1uep7zy
1790516800660902096|container|health_status: healthy|f223e3a4963f3ac9ec2ab2135340201b032fd69a7b567a1b3244837b7565f915|t20-lat-svc-2.1.g7n8h6lxhsdyej6z4g1uep7zy
1790516801286400055|service|update|la39d8j2xp09gb0a5g9cayfay|t20-lat-svc-2
1790516801287664247|service|update|la39d8j2xp09gb0a5g9cayfay|t20-lat-svc-2
1790516801547198160|container|create|6af7ef31664f1d0dcfd6314fc0d81ff7cf339021f107aec39f73a3efdd2fffd5|t20-lat-svc-2.1.2pehh9zhhzlek4z5pmjhz41fp
1790516801661912701|container|exec_create: /bin/sh -c true|f223e3a4963f3ac9ec2ab2135340201b032fd69a7b567a1b3244837b7565f915|t20-lat-svc-2.1.g7n8h6lxhsdyej6z4g1uep7zy
1790516801661947256|container|exec_start: /bin/sh -c true|f223e3a4963f3ac9ec2ab2135340201b032fd69a7b567a1b3244837b7565f915|t20-lat-svc-2.1.g7n8h6lxhsdyej6z4g1uep7zy
1790516801686537899|container|exec_die|f223e3a4963f3ac9ec2ab2135340201b032fd69a7b567a1b3244837b7565f915|t20-lat-svc-2.1.g7n8h6lxhsdyej6z4g1uep7zy
1790516802472418279|container|kill|f223e3a4963f3ac9ec2ab2135340201b032fd69a7b567a1b3244837b7565f915|t20-lat-svc-2.1.g7n8h6lxhsdyej6z4g1uep7zy
1790516802687377935|container|exec_create: /bin/sh -c true|f223e3a4963f3ac9ec2ab2135340201b032fd69a7b567a1b3244837b7565f915|t20-lat-svc-2.1.g7n8h6lxhsdyej6z4g1uep7zy
1790516802687451659|container|exec_start: /bin/sh -c true|f223e3a4963f3ac9ec2ab2135340201b032fd69a7b567a1b3244837b7565f915|t20-lat-svc-2.1.g7n8h6lxhsdyej6z4g1uep7zy
1790516802710242908|container|exec_die|f223e3a4963f3ac9ec2ab2135340201b032fd69a7b567a1b3244837b7565f915|t20-lat-svc-2.1.g7n8h6lxhsdyej6z4g1uep7zy
1790516803711096479|container|exec_create: /bin/sh -c true|f223e3a4963f3ac9ec2ab2135340201b032fd69a7b567a1b3244837b7565f915|t20-lat-svc-2.1.g7n8h6lxhsdyej6z4g1uep7zy
1790516803711128834|container|exec_start: /bin/sh -c true|f223e3a4963f3ac9ec2ab2135340201b032fd69a7b567a1b3244837b7565f915|t20-lat-svc-2.1.g7n8h6lxhsdyej6z4g1uep7zy
1790516803735873840|container|exec_die|f223e3a4963f3ac9ec2ab2135340201b032fd69a7b567a1b3244837b7565f915|t20-lat-svc-2.1.g7n8h6lxhsdyej6z4g1uep7zy
1790516804485845101|container|kill|f223e3a4963f3ac9ec2ab2135340201b032fd69a7b567a1b3244837b7565f915|t20-lat-svc-2.1.g7n8h6lxhsdyej6z4g1uep7zy
1790516804619342158|network|disconnect|14dd0091cf68512f991ff07db68c60bcf87dff62b2e2f230898cca1efe8e62aa|bridge
1790516804629098165|container|stop|f223e3a4963f3ac9ec2ab2135340201b032fd69a7b567a1b3244837b7565f915|t20-lat-svc-2.1.g7n8h6lxhsdyej6z4g1uep7zy
1790516804635326324|container|die|f223e3a4963f3ac9ec2ab2135340201b032fd69a7b567a1b3244837b7565f915|t20-lat-svc-2.1.g7n8h6lxhsdyej6z4g1uep7zy
1790516804954231017|network|connect|14dd0091cf68512f991ff07db68c60bcf87dff62b2e2f230898cca1efe8e62aa|bridge
1790516804972457831|container|start|6af7ef31664f1d0dcfd6314fc0d81ff7cf339021f107aec39f73a3efdd2fffd5|t20-lat-svc-2.1.2pehh9zhhzlek4z5pmjhz41fp
1790516805973123685|container|exec_create: /bin/sh -c true|6af7ef31664f1d0dcfd6314fc0d81ff7cf339021f107aec39f73a3efdd2fffd5|t20-lat-svc-2.1.2pehh9zhhzlek4z5pmjhz41fp
1790516805973175711|container|exec_start: /bin/sh -c true|6af7ef31664f1d0dcfd6314fc0d81ff7cf339021f107aec39f73a3efdd2fffd5|t20-lat-svc-2.1.2pehh9zhhzlek4z5pmjhz41fp
1790516805997732647|container|exec_die|6af7ef31664f1d0dcfd6314fc0d81ff7cf339021f107aec39f73a3efdd2fffd5|t20-lat-svc-2.1.2pehh9zhhzlek4z5pmjhz41fp
1790516805997936003|container|health_status: healthy|6af7ef31664f1d0dcfd6314fc0d81ff7cf339021f107aec39f73a3efdd2fffd5|t20-lat-svc-2.1.2pehh9zhhzlek4z5pmjhz41fp
1790516806431525012|service|remove|la39d8j2xp09gb0a5g9cayfay|t20-lat-svc-2
1790516806822122872|container|destroy|f223e3a4963f3ac9ec2ab2135340201b032fd69a7b567a1b3244837b7565f915|t20-lat-svc-2.1.g7n8h6lxhsdyej6z4g1uep7zy
1790516806998691111|container|exec_create: /bin/sh -c true|6af7ef31664f1d0dcfd6314fc0d81ff7cf339021f107aec39f73a3efdd2fffd5|t20-lat-svc-2.1.2pehh9zhhzlek4z5pmjhz41fp
1790516806998740925|container|exec_start: /bin/sh -c true|6af7ef31664f1d0dcfd6314fc0d81ff7cf339021f107aec39f73a3efdd2fffd5|t20-lat-svc-2.1.2pehh9zhhzlek4z5pmjhz41fp
1790516807023548563|container|exec_die|6af7ef31664f1d0dcfd6314fc0d81ff7cf339021f107aec39f73a3efdd2fffd5|t20-lat-svc-2.1.2pehh9zhhzlek4z5pmjhz41fp
1790516807555635725|container|kill|6af7ef31664f1d0dcfd6314fc0d81ff7cf339021f107aec39f73a3efdd2fffd5|t20-lat-svc-2.1.2pehh9zhhzlek4z5pmjhz41fp
1790516808024698162|container|exec_create: /bin/sh -c true|6af7ef31664f1d0dcfd6314fc0d81ff7cf339021f107aec39f73a3efdd2fffd5|t20-lat-svc-2.1.2pehh9zhhzlek4z5pmjhz41fp
1790516808024721879|container|exec_start: /bin/sh -c true|6af7ef31664f1d0dcfd6314fc0d81ff7cf339021f107aec39f73a3efdd2fffd5|t20-lat-svc-2.1.2pehh9zhhzlek4z5pmjhz41fp
1790516808049904236|container|exec_die|6af7ef31664f1d0dcfd6314fc0d81ff7cf339021f107aec39f73a3efdd2fffd5|t20-lat-svc-2.1.2pehh9zhhzlek4z5pmjhz41fp
1790516809051011102|container|exec_create: /bin/sh -c true|6af7ef31664f1d0dcfd6314fc0d81ff7cf339021f107aec39f73a3efdd2fffd5|t20-lat-svc-2.1.2pehh9zhhzlek4z5pmjhz41fp
1790516809051086385|container|exec_start: /bin/sh -c true|6af7ef31664f1d0dcfd6314fc0d81ff7cf339021f107aec39f73a3efdd2fffd5|t20-lat-svc-2.1.2pehh9zhhzlek4z5pmjhz41fp
1790516809075659254|container|exec_die|6af7ef31664f1d0dcfd6314fc0d81ff7cf339021f107aec39f73a3efdd2fffd5|t20-lat-svc-2.1.2pehh9zhhzlek4z5pmjhz41fp
1790516809569111699|container|kill|6af7ef31664f1d0dcfd6314fc0d81ff7cf339021f107aec39f73a3efdd2fffd5|t20-lat-svc-2.1.2pehh9zhhzlek4z5pmjhz41fp
1790516809707475428|network|disconnect|14dd0091cf68512f991ff07db68c60bcf87dff62b2e2f230898cca1efe8e62aa|bridge
1790516809715263260|container|stop|6af7ef31664f1d0dcfd6314fc0d81ff7cf339021f107aec39f73a3efdd2fffd5|t20-lat-svc-2.1.2pehh9zhhzlek4z5pmjhz41fp
1790516809722651208|container|die|6af7ef31664f1d0dcfd6314fc0d81ff7cf339021f107aec39f73a3efdd2fffd5|t20-lat-svc-2.1.2pehh9zhhzlek4z5pmjhz41fp
1790516810145888660|container|destroy|6af7ef31664f1d0dcfd6314fc0d81ff7cf339021f107aec39f73a3efdd2fffd5|t20-lat-svc-2.1.2pehh9zhhzlek4z5pmjhz41fp
1790516814416080279|service|create|vvxnme82ck1zl874jw25ui7kf|t20-lat-svc-3
1790516814667416851|container|create|3f0c8016c95a7f097a00a8d43ada61dc3bc95bd7278b35ca1fdac06dbc5909e8|t20-lat-svc-3.1.ye5obix72rlyqg8l7kxit474t
1790516814780416723|network|connect|14dd0091cf68512f991ff07db68c60bcf87dff62b2e2f230898cca1efe8e62aa|bridge
1790516814801492011|container|start|3f0c8016c95a7f097a00a8d43ada61dc3bc95bd7278b35ca1fdac06dbc5909e8|t20-lat-svc-3.1.ye5obix72rlyqg8l7kxit474t
1790516815802099518|container|exec_create: /bin/sh -c true|3f0c8016c95a7f097a00a8d43ada61dc3bc95bd7278b35ca1fdac06dbc5909e8|t20-lat-svc-3.1.ye5obix72rlyqg8l7kxit474t
1790516815802153891|container|exec_start: /bin/sh -c true|3f0c8016c95a7f097a00a8d43ada61dc3bc95bd7278b35ca1fdac06dbc5909e8|t20-lat-svc-3.1.ye5obix72rlyqg8l7kxit474t
1790516815826820549|container|exec_die|3f0c8016c95a7f097a00a8d43ada61dc3bc95bd7278b35ca1fdac06dbc5909e8|t20-lat-svc-3.1.ye5obix72rlyqg8l7kxit474t
1790516815827060704|container|health_status: healthy|3f0c8016c95a7f097a00a8d43ada61dc3bc95bd7278b35ca1fdac06dbc5909e8|t20-lat-svc-3.1.ye5obix72rlyqg8l7kxit474t
1790516816484818156|service|update|vvxnme82ck1zl874jw25ui7kf|t20-lat-svc-3
1790516816487708996|service|update|vvxnme82ck1zl874jw25ui7kf|t20-lat-svc-3
1790516816749526153|container|create|2a5961026528993e8a1d679f75ad151097b8c9dc566b49cfc5b4d03e5f1f0027|t20-lat-svc-3.1.shj35ft1eg4g0sen15fskfh1a
1790516816827525896|container|exec_create: /bin/sh -c true|3f0c8016c95a7f097a00a8d43ada61dc3bc95bd7278b35ca1fdac06dbc5909e8|t20-lat-svc-3.1.ye5obix72rlyqg8l7kxit474t
1790516816827563243|container|exec_start: /bin/sh -c true|3f0c8016c95a7f097a00a8d43ada61dc3bc95bd7278b35ca1fdac06dbc5909e8|t20-lat-svc-3.1.ye5obix72rlyqg8l7kxit474t
1790516816852860969|container|exec_die|3f0c8016c95a7f097a00a8d43ada61dc3bc95bd7278b35ca1fdac06dbc5909e8|t20-lat-svc-3.1.ye5obix72rlyqg8l7kxit474t
1790516817673616854|container|kill|3f0c8016c95a7f097a00a8d43ada61dc3bc95bd7278b35ca1fdac06dbc5909e8|t20-lat-svc-3.1.ye5obix72rlyqg8l7kxit474t
1790516817853673539|container|exec_create: /bin/sh -c true|3f0c8016c95a7f097a00a8d43ada61dc3bc95bd7278b35ca1fdac06dbc5909e8|t20-lat-svc-3.1.ye5obix72rlyqg8l7kxit474t
1790516817853699989|container|exec_start: /bin/sh -c true|3f0c8016c95a7f097a00a8d43ada61dc3bc95bd7278b35ca1fdac06dbc5909e8|t20-lat-svc-3.1.ye5obix72rlyqg8l7kxit474t
1790516817878844082|container|exec_die|3f0c8016c95a7f097a00a8d43ada61dc3bc95bd7278b35ca1fdac06dbc5909e8|t20-lat-svc-3.1.ye5obix72rlyqg8l7kxit474t
1790516818879762430|container|exec_create: /bin/sh -c true|3f0c8016c95a7f097a00a8d43ada61dc3bc95bd7278b35ca1fdac06dbc5909e8|t20-lat-svc-3.1.ye5obix72rlyqg8l7kxit474t
1790516818879788989|container|exec_start: /bin/sh -c true|3f0c8016c95a7f097a00a8d43ada61dc3bc95bd7278b35ca1fdac06dbc5909e8|t20-lat-svc-3.1.ye5obix72rlyqg8l7kxit474t
1790516818903874598|container|exec_die|3f0c8016c95a7f097a00a8d43ada61dc3bc95bd7278b35ca1fdac06dbc5909e8|t20-lat-svc-3.1.ye5obix72rlyqg8l7kxit474t
1790516819687072721|container|kill|3f0c8016c95a7f097a00a8d43ada61dc3bc95bd7278b35ca1fdac06dbc5909e8|t20-lat-svc-3.1.ye5obix72rlyqg8l7kxit474t
1790516819830471254|network|disconnect|14dd0091cf68512f991ff07db68c60bcf87dff62b2e2f230898cca1efe8e62aa|bridge
1790516819837326497|container|stop|3f0c8016c95a7f097a00a8d43ada61dc3bc95bd7278b35ca1fdac06dbc5909e8|t20-lat-svc-3.1.ye5obix72rlyqg8l7kxit474t
1790516819844651133|container|die|3f0c8016c95a7f097a00a8d43ada61dc3bc95bd7278b35ca1fdac06dbc5909e8|t20-lat-svc-3.1.ye5obix72rlyqg8l7kxit474t
1790516820158234910|network|connect|14dd0091cf68512f991ff07db68c60bcf87dff62b2e2f230898cca1efe8e62aa|bridge
1790516820175563956|container|start|2a5961026528993e8a1d679f75ad151097b8c9dc566b49cfc5b4d03e5f1f0027|t20-lat-svc-3.1.shj35ft1eg4g0sen15fskfh1a
1790516821175801785|container|exec_create: /bin/sh -c true|2a5961026528993e8a1d679f75ad151097b8c9dc566b49cfc5b4d03e5f1f0027|t20-lat-svc-3.1.shj35ft1eg4g0sen15fskfh1a
1790516821175868784|container|exec_start: /bin/sh -c true|2a5961026528993e8a1d679f75ad151097b8c9dc566b49cfc5b4d03e5f1f0027|t20-lat-svc-3.1.shj35ft1eg4g0sen15fskfh1a
1790516821200713257|container|exec_die|2a5961026528993e8a1d679f75ad151097b8c9dc566b49cfc5b4d03e5f1f0027|t20-lat-svc-3.1.shj35ft1eg4g0sen15fskfh1a
1790516821200912611|container|health_status: healthy|2a5961026528993e8a1d679f75ad151097b8c9dc566b49cfc5b4d03e5f1f0027|t20-lat-svc-3.1.shj35ft1eg4g0sen15fskfh1a
1790516821636769663|service|remove|vvxnme82ck1zl874jw25ui7kf|t20-lat-svc-3
1790516822031348042|container|destroy|3f0c8016c95a7f097a00a8d43ada61dc3bc95bd7278b35ca1fdac06dbc5909e8|t20-lat-svc-3.1.ye5obix72rlyqg8l7kxit474t
1790516822201031375|container|exec_create: /bin/sh -c true|2a5961026528993e8a1d679f75ad151097b8c9dc566b49cfc5b4d03e5f1f0027|t20-lat-svc-3.1.shj35ft1eg4g0sen15fskfh1a
1790516822201060898|container|exec_start: /bin/sh -c true|2a5961026528993e8a1d679f75ad151097b8c9dc566b49cfc5b4d03e5f1f0027|t20-lat-svc-3.1.shj35ft1eg4g0sen15fskfh1a
1790516822225812385|container|exec_die|2a5961026528993e8a1d679f75ad151097b8c9dc566b49cfc5b4d03e5f1f0027|t20-lat-svc-3.1.shj35ft1eg4g0sen15fskfh1a
1790516822762717200|container|kill|2a5961026528993e8a1d679f75ad151097b8c9dc566b49cfc5b4d03e5f1f0027|t20-lat-svc-3.1.shj35ft1eg4g0sen15fskfh1a
1790516823226773166|container|exec_create: /bin/sh -c true|2a5961026528993e8a1d679f75ad151097b8c9dc566b49cfc5b4d03e5f1f0027|t20-lat-svc-3.1.shj35ft1eg4g0sen15fskfh1a
1790516823226806918|container|exec_start: /bin/sh -c true|2a5961026528993e8a1d679f75ad151097b8c9dc566b49cfc5b4d03e5f1f0027|t20-lat-svc-3.1.shj35ft1eg4g0sen15fskfh1a
1790516823249914315|container|exec_die|2a5961026528993e8a1d679f75ad151097b8c9dc566b49cfc5b4d03e5f1f0027|t20-lat-svc-3.1.shj35ft1eg4g0sen15fskfh1a
1790516824250241528|container|exec_create: /bin/sh -c true|2a5961026528993e8a1d679f75ad151097b8c9dc566b49cfc5b4d03e5f1f0027|t20-lat-svc-3.1.shj35ft1eg4g0sen15fskfh1a
1790516824250305998|container|exec_start: /bin/sh -c true|2a5961026528993e8a1d679f75ad151097b8c9dc566b49cfc5b4d03e5f1f0027|t20-lat-svc-3.1.shj35ft1eg4g0sen15fskfh1a
1790516824275222058|container|exec_die|2a5961026528993e8a1d679f75ad151097b8c9dc566b49cfc5b4d03e5f1f0027|t20-lat-svc-3.1.shj35ft1eg4g0sen15fskfh1a
1790516824774924643|container|kill|2a5961026528993e8a1d679f75ad151097b8c9dc566b49cfc5b4d03e5f1f0027|t20-lat-svc-3.1.shj35ft1eg4g0sen15fskfh1a
1790516824919708631|network|disconnect|14dd0091cf68512f991ff07db68c60bcf87dff62b2e2f230898cca1efe8e62aa|bridge
1790516824927275241|container|stop|2a5961026528993e8a1d679f75ad151097b8c9dc566b49cfc5b4d03e5f1f0027|t20-lat-svc-3.1.shj35ft1eg4g0sen15fskfh1a
1790516824934775627|container|die|2a5961026528993e8a1d679f75ad151097b8c9dc566b49cfc5b4d03e5f1f0027|t20-lat-svc-3.1.shj35ft1eg4g0sen15fskfh1a
1790516825359208706|container|destroy|2a5961026528993e8a1d679f75ad151097b8c9dc566b49cfc5b4d03e5f1f0027|t20-lat-svc-3.1.shj35ft1eg4g0sen15fskfh1a
1790516836252217788|service|create|iphwdtbnqwkfaapektzg696cn|t20-lat-svc-4
1790516836510935517|container|create|73a03d67c0ee93805da9fb7a781a0bb836a5d4e481c0595475167c4bbe623fe9|t20-lat-svc-4.1.b2svo2bxba7gkp8fe4ikc6urq
1790516836634772067|network|connect|14dd0091cf68512f991ff07db68c60bcf87dff62b2e2f230898cca1efe8e62aa|bridge
1790516836653009344|container|start|73a03d67c0ee93805da9fb7a781a0bb836a5d4e481c0595475167c4bbe623fe9|t20-lat-svc-4.1.b2svo2bxba7gkp8fe4ikc6urq
1790516837653132387|container|exec_create: /bin/sh -c true|73a03d67c0ee93805da9fb7a781a0bb836a5d4e481c0595475167c4bbe623fe9|t20-lat-svc-4.1.b2svo2bxba7gkp8fe4ikc6urq
1790516837653189222|container|exec_start: /bin/sh -c true|73a03d67c0ee93805da9fb7a781a0bb836a5d4e481c0595475167c4bbe623fe9|t20-lat-svc-4.1.b2svo2bxba7gkp8fe4ikc6urq
1790516837678194873|container|exec_die|73a03d67c0ee93805da9fb7a781a0bb836a5d4e481c0595475167c4bbe623fe9|t20-lat-svc-4.1.b2svo2bxba7gkp8fe4ikc6urq
1790516837678432136|container|health_status: healthy|73a03d67c0ee93805da9fb7a781a0bb836a5d4e481c0595475167c4bbe623fe9|t20-lat-svc-4.1.b2svo2bxba7gkp8fe4ikc6urq
1790516838321393033|service|update|iphwdtbnqwkfaapektzg696cn|t20-lat-svc-4
1790516838326132404|service|update|iphwdtbnqwkfaapektzg696cn|t20-lat-svc-4
1790516838584866666|container|create|a6626a1ce9fa90b7cb5bb8b976739f4744985f8126625f983a83dc8735f9b4ad|t20-lat-svc-4.1.4iik3cyav50nuumwuaklua5ki
1790516838679548767|container|exec_create: /bin/sh -c true|73a03d67c0ee93805da9fb7a781a0bb836a5d4e481c0595475167c4bbe623fe9|t20-lat-svc-4.1.b2svo2bxba7gkp8fe4ikc6urq
1790516838679567842|container|exec_start: /bin/sh -c true|73a03d67c0ee93805da9fb7a781a0bb836a5d4e481c0595475167c4bbe623fe9|t20-lat-svc-4.1.b2svo2bxba7gkp8fe4ikc6urq
1790516838705107144|container|exec_die|73a03d67c0ee93805da9fb7a781a0bb836a5d4e481c0595475167c4bbe623fe9|t20-lat-svc-4.1.b2svo2bxba7gkp8fe4ikc6urq
1790516839508063785|container|kill|73a03d67c0ee93805da9fb7a781a0bb836a5d4e481c0595475167c4bbe623fe9|t20-lat-svc-4.1.b2svo2bxba7gkp8fe4ikc6urq
1790516839706359448|container|exec_create: /bin/sh -c true|73a03d67c0ee93805da9fb7a781a0bb836a5d4e481c0595475167c4bbe623fe9|t20-lat-svc-4.1.b2svo2bxba7gkp8fe4ikc6urq
1790516839706384881|container|exec_start: /bin/sh -c true|73a03d67c0ee93805da9fb7a781a0bb836a5d4e481c0595475167c4bbe623fe9|t20-lat-svc-4.1.b2svo2bxba7gkp8fe4ikc6urq
1790516839731086381|container|exec_die|73a03d67c0ee93805da9fb7a781a0bb836a5d4e481c0595475167c4bbe623fe9|t20-lat-svc-4.1.b2svo2bxba7gkp8fe4ikc6urq
1790516840732048126|container|exec_create: /bin/sh -c true|73a03d67c0ee93805da9fb7a781a0bb836a5d4e481c0595475167c4bbe623fe9|t20-lat-svc-4.1.b2svo2bxba7gkp8fe4ikc6urq
1790516840732072419|container|exec_start: /bin/sh -c true|73a03d67c0ee93805da9fb7a781a0bb836a5d4e481c0595475167c4bbe623fe9|t20-lat-svc-4.1.b2svo2bxba7gkp8fe4ikc6urq
1790516840756097467|container|exec_die|73a03d67c0ee93805da9fb7a781a0bb836a5d4e481c0595475167c4bbe623fe9|t20-lat-svc-4.1.b2svo2bxba7gkp8fe4ikc6urq
1790516841522122773|container|kill|73a03d67c0ee93805da9fb7a781a0bb836a5d4e481c0595475167c4bbe623fe9|t20-lat-svc-4.1.b2svo2bxba7gkp8fe4ikc6urq
1790516841653925697|network|disconnect|14dd0091cf68512f991ff07db68c60bcf87dff62b2e2f230898cca1efe8e62aa|bridge
1790516841658832895|container|stop|73a03d67c0ee93805da9fb7a781a0bb836a5d4e481c0595475167c4bbe623fe9|t20-lat-svc-4.1.b2svo2bxba7gkp8fe4ikc6urq
1790516841665936796|container|die|73a03d67c0ee93805da9fb7a781a0bb836a5d4e481c0595475167c4bbe623fe9|t20-lat-svc-4.1.b2svo2bxba7gkp8fe4ikc6urq
1790516841917985556|network|connect|14dd0091cf68512f991ff07db68c60bcf87dff62b2e2f230898cca1efe8e62aa|bridge
1790516841932995311|container|start|a6626a1ce9fa90b7cb5bb8b976739f4744985f8126625f983a83dc8735f9b4ad|t20-lat-svc-4.1.4iik3cyav50nuumwuaklua5ki
1790516842932363512|container|exec_create: /bin/sh -c true|a6626a1ce9fa90b7cb5bb8b976739f4744985f8126625f983a83dc8735f9b4ad|t20-lat-svc-4.1.4iik3cyav50nuumwuaklua5ki
1790516842932427110|container|exec_start: /bin/sh -c true|a6626a1ce9fa90b7cb5bb8b976739f4744985f8126625f983a83dc8735f9b4ad|t20-lat-svc-4.1.4iik3cyav50nuumwuaklua5ki
1790516842957592623|container|exec_die|a6626a1ce9fa90b7cb5bb8b976739f4744985f8126625f983a83dc8735f9b4ad|t20-lat-svc-4.1.4iik3cyav50nuumwuaklua5ki
1790516842957813743|container|health_status: healthy|a6626a1ce9fa90b7cb5bb8b976739f4744985f8126625f983a83dc8735f9b4ad|t20-lat-svc-4.1.4iik3cyav50nuumwuaklua5ki
1790516843475496645|service|remove|iphwdtbnqwkfaapektzg696cn|t20-lat-svc-4
1790516843869090283|container|destroy|73a03d67c0ee93805da9fb7a781a0bb836a5d4e481c0595475167c4bbe623fe9|t20-lat-svc-4.1.b2svo2bxba7gkp8fe4ikc6urq
1790516843958447024|container|exec_create: /bin/sh -c true|a6626a1ce9fa90b7cb5bb8b976739f4744985f8126625f983a83dc8735f9b4ad|t20-lat-svc-4.1.4iik3cyav50nuumwuaklua5ki
1790516843958488240|container|exec_start: /bin/sh -c true|a6626a1ce9fa90b7cb5bb8b976739f4744985f8126625f983a83dc8735f9b4ad|t20-lat-svc-4.1.4iik3cyav50nuumwuaklua5ki
1790516843983454685|container|exec_die|a6626a1ce9fa90b7cb5bb8b976739f4744985f8126625f983a83dc8735f9b4ad|t20-lat-svc-4.1.4iik3cyav50nuumwuaklua5ki
1790516844602225940|container|kill|a6626a1ce9fa90b7cb5bb8b976739f4744985f8126625f983a83dc8735f9b4ad|t20-lat-svc-4.1.4iik3cyav50nuumwuaklua5ki
1790516844984497071|container|exec_create: /bin/sh -c true|a6626a1ce9fa90b7cb5bb8b976739f4744985f8126625f983a83dc8735f9b4ad|t20-lat-svc-4.1.4iik3cyav50nuumwuaklua5ki
1790516844984529318|container|exec_start: /bin/sh -c true|a6626a1ce9fa90b7cb5bb8b976739f4744985f8126625f983a83dc8735f9b4ad|t20-lat-svc-4.1.4iik3cyav50nuumwuaklua5ki
1790516845009134830|container|exec_die|a6626a1ce9fa90b7cb5bb8b976739f4744985f8126625f983a83dc8735f9b4ad|t20-lat-svc-4.1.4iik3cyav50nuumwuaklua5ki
1790516846010101591|container|exec_create: /bin/sh -c true|a6626a1ce9fa90b7cb5bb8b976739f4744985f8126625f983a83dc8735f9b4ad|t20-lat-svc-4.1.4iik3cyav50nuumwuaklua5ki
1790516846010143230|container|exec_start: /bin/sh -c true|a6626a1ce9fa90b7cb5bb8b976739f4744985f8126625f983a83dc8735f9b4ad|t20-lat-svc-4.1.4iik3cyav50nuumwuaklua5ki
1790516846035542228|container|exec_die|a6626a1ce9fa90b7cb5bb8b976739f4744985f8126625f983a83dc8735f9b4ad|t20-lat-svc-4.1.4iik3cyav50nuumwuaklua5ki
1790516846617503496|container|kill|a6626a1ce9fa90b7cb5bb8b976739f4744985f8126625f983a83dc8735f9b4ad|t20-lat-svc-4.1.4iik3cyav50nuumwuaklua5ki
1790516846764290966|network|disconnect|14dd0091cf68512f991ff07db68c60bcf87dff62b2e2f230898cca1efe8e62aa|bridge
1790516846772951372|container|stop|a6626a1ce9fa90b7cb5bb8b976739f4744985f8126625f983a83dc8735f9b4ad|t20-lat-svc-4.1.4iik3cyav50nuumwuaklua5ki
1790516846781381559|container|die|a6626a1ce9fa90b7cb5bb8b976739f4744985f8126625f983a83dc8735f9b4ad|t20-lat-svc-4.1.4iik3cyav50nuumwuaklua5ki
1790516847217206447|container|destroy|a6626a1ce9fa90b7cb5bb8b976739f4744985f8126625f983a83dc8735f9b4ad|t20-lat-svc-4.1.4iik3cyav50nuumwuaklua5ki
1790516850554666658|service|create|ucn5min46jtpiarocnmi3u9lh|t20-lat-svc-5
1790516850805467016|container|create|069d44f40fba8c446dc4843bfa6574e9cda0938b56727836062183544029b3a5|t20-lat-svc-5.1.xprle7pbecvvlod04eqs37m2d
1790516850927379424|network|connect|14dd0091cf68512f991ff07db68c60bcf87dff62b2e2f230898cca1efe8e62aa|bridge
1790516850944467444|container|start|069d44f40fba8c446dc4843bfa6574e9cda0938b56727836062183544029b3a5|t20-lat-svc-5.1.xprle7pbecvvlod04eqs37m2d
1790516851944695737|container|exec_create: /bin/sh -c true|069d44f40fba8c446dc4843bfa6574e9cda0938b56727836062183544029b3a5|t20-lat-svc-5.1.xprle7pbecvvlod04eqs37m2d
1790516851944729924|container|exec_start: /bin/sh -c true|069d44f40fba8c446dc4843bfa6574e9cda0938b56727836062183544029b3a5|t20-lat-svc-5.1.xprle7pbecvvlod04eqs37m2d
1790516851969078722|container|exec_die|069d44f40fba8c446dc4843bfa6574e9cda0938b56727836062183544029b3a5|t20-lat-svc-5.1.xprle7pbecvvlod04eqs37m2d
1790516851969280167|container|health_status: healthy|069d44f40fba8c446dc4843bfa6574e9cda0938b56727836062183544029b3a5|t20-lat-svc-5.1.xprle7pbecvvlod04eqs37m2d
1790516852622140375|service|update|ucn5min46jtpiarocnmi3u9lh|t20-lat-svc-5
1790516852624476797|service|update|ucn5min46jtpiarocnmi3u9lh|t20-lat-svc-5
1790516852884415666|container|create|0af58fef04f3af7c4daf3d095c18500c3843f5b1f746aaca1398124e02be0947|t20-lat-svc-5.1.atxjxifitvl8f49ujuqxyiuhf
1790516852969944326|container|exec_create: /bin/sh -c true|069d44f40fba8c446dc4843bfa6574e9cda0938b56727836062183544029b3a5|t20-lat-svc-5.1.xprle7pbecvvlod04eqs37m2d
1790516852970014446|container|exec_start: /bin/sh -c true|069d44f40fba8c446dc4843bfa6574e9cda0938b56727836062183544029b3a5|t20-lat-svc-5.1.xprle7pbecvvlod04eqs37m2d
1790516852994839574|container|exec_die|069d44f40fba8c446dc4843bfa6574e9cda0938b56727836062183544029b3a5|t20-lat-svc-5.1.xprle7pbecvvlod04eqs37m2d
1790516853813118269|container|kill|069d44f40fba8c446dc4843bfa6574e9cda0938b56727836062183544029b3a5|t20-lat-svc-5.1.xprle7pbecvvlod04eqs37m2d
1790516853996065953|container|exec_create: /bin/sh -c true|069d44f40fba8c446dc4843bfa6574e9cda0938b56727836062183544029b3a5|t20-lat-svc-5.1.xprle7pbecvvlod04eqs37m2d
1790516853996099784|container|exec_start: /bin/sh -c true|069d44f40fba8c446dc4843bfa6574e9cda0938b56727836062183544029b3a5|t20-lat-svc-5.1.xprle7pbecvvlod04eqs37m2d
1790516854020554245|container|exec_die|069d44f40fba8c446dc4843bfa6574e9cda0938b56727836062183544029b3a5|t20-lat-svc-5.1.xprle7pbecvvlod04eqs37m2d
1790516855021246717|container|exec_create: /bin/sh -c true|069d44f40fba8c446dc4843bfa6574e9cda0938b56727836062183544029b3a5|t20-lat-svc-5.1.xprle7pbecvvlod04eqs37m2d
1790516855021265940|container|exec_start: /bin/sh -c true|069d44f40fba8c446dc4843bfa6574e9cda0938b56727836062183544029b3a5|t20-lat-svc-5.1.xprle7pbecvvlod04eqs37m2d
1790516855045830795|container|exec_die|069d44f40fba8c446dc4843bfa6574e9cda0938b56727836062183544029b3a5|t20-lat-svc-5.1.xprle7pbecvvlod04eqs37m2d
1790516855826626472|container|kill|069d44f40fba8c446dc4843bfa6574e9cda0938b56727836062183544029b3a5|t20-lat-svc-5.1.xprle7pbecvvlod04eqs37m2d
1790516855977444707|network|disconnect|14dd0091cf68512f991ff07db68c60bcf87dff62b2e2f230898cca1efe8e62aa|bridge
1790516855981725576|container|stop|069d44f40fba8c446dc4843bfa6574e9cda0938b56727836062183544029b3a5|t20-lat-svc-5.1.xprle7pbecvvlod04eqs37m2d
1790516855989582686|container|die|069d44f40fba8c446dc4843bfa6574e9cda0938b56727836062183544029b3a5|t20-lat-svc-5.1.xprle7pbecvvlod04eqs37m2d
1790516856233502177|network|connect|14dd0091cf68512f991ff07db68c60bcf87dff62b2e2f230898cca1efe8e62aa|bridge
1790516856250616886|container|start|0af58fef04f3af7c4daf3d095c18500c3843f5b1f746aaca1398124e02be0947|t20-lat-svc-5.1.atxjxifitvl8f49ujuqxyiuhf
1790516857251553240|container|exec_create: /bin/sh -c true|0af58fef04f3af7c4daf3d095c18500c3843f5b1f746aaca1398124e02be0947|t20-lat-svc-5.1.atxjxifitvl8f49ujuqxyiuhf
1790516857251617299|container|exec_start: /bin/sh -c true|0af58fef04f3af7c4daf3d095c18500c3843f5b1f746aaca1398124e02be0947|t20-lat-svc-5.1.atxjxifitvl8f49ujuqxyiuhf
1790516857275862774|container|exec_die|0af58fef04f3af7c4daf3d095c18500c3843f5b1f746aaca1398124e02be0947|t20-lat-svc-5.1.atxjxifitvl8f49ujuqxyiuhf
1790516857276093210|container|health_status: healthy|0af58fef04f3af7c4daf3d095c18500c3843f5b1f746aaca1398124e02be0947|t20-lat-svc-5.1.atxjxifitvl8f49ujuqxyiuhf
1790516857771636649|service|remove|ucn5min46jtpiarocnmi3u9lh|t20-lat-svc-5
1790516858167287974|container|destroy|069d44f40fba8c446dc4843bfa6574e9cda0938b56727836062183544029b3a5|t20-lat-svc-5.1.xprle7pbecvvlod04eqs37m2d
1790516858276489461|container|exec_create: /bin/sh -c true|0af58fef04f3af7c4daf3d095c18500c3843f5b1f746aaca1398124e02be0947|t20-lat-svc-5.1.atxjxifitvl8f49ujuqxyiuhf
1790516858276528639|container|exec_start: /bin/sh -c true|0af58fef04f3af7c4daf3d095c18500c3843f5b1f746aaca1398124e02be0947|t20-lat-svc-5.1.atxjxifitvl8f49ujuqxyiuhf
1790516858302045396|container|exec_die|0af58fef04f3af7c4daf3d095c18500c3843f5b1f746aaca1398124e02be0947|t20-lat-svc-5.1.atxjxifitvl8f49ujuqxyiuhf
1790516858895640777|container|kill|0af58fef04f3af7c4daf3d095c18500c3843f5b1f746aaca1398124e02be0947|t20-lat-svc-5.1.atxjxifitvl8f49ujuqxyiuhf
1790516859302772263|container|exec_create: /bin/sh -c true|0af58fef04f3af7c4daf3d095c18500c3843f5b1f746aaca1398124e02be0947|t20-lat-svc-5.1.atxjxifitvl8f49ujuqxyiuhf
1790516859302831909|container|exec_start: /bin/sh -c true|0af58fef04f3af7c4daf3d095c18500c3843f5b1f746aaca1398124e02be0947|t20-lat-svc-5.1.atxjxifitvl8f49ujuqxyiuhf
1790516859327926984|container|exec_die|0af58fef04f3af7c4daf3d095c18500c3843f5b1f746aaca1398124e02be0947|t20-lat-svc-5.1.atxjxifitvl8f49ujuqxyiuhf
1790516860329003123|container|exec_create: /bin/sh -c true|0af58fef04f3af7c4daf3d095c18500c3843f5b1f746aaca1398124e02be0947|t20-lat-svc-5.1.atxjxifitvl8f49ujuqxyiuhf
1790516860329033968|container|exec_start: /bin/sh -c true|0af58fef04f3af7c4daf3d095c18500c3843f5b1f746aaca1398124e02be0947|t20-lat-svc-5.1.atxjxifitvl8f49ujuqxyiuhf
1790516860352885807|container|exec_die|0af58fef04f3af7c4daf3d095c18500c3843f5b1f746aaca1398124e02be0947|t20-lat-svc-5.1.atxjxifitvl8f49ujuqxyiuhf
1790516860911108938|container|kill|0af58fef04f3af7c4daf3d095c18500c3843f5b1f746aaca1398124e02be0947|t20-lat-svc-5.1.atxjxifitvl8f49ujuqxyiuhf
1790516861049585070|network|disconnect|14dd0091cf68512f991ff07db68c60bcf87dff62b2e2f230898cca1efe8e62aa|bridge
1790516861057371628|container|stop|0af58fef04f3af7c4daf3d095c18500c3843f5b1f746aaca1398124e02be0947|t20-lat-svc-5.1.atxjxifitvl8f49ujuqxyiuhf
1790516861065649331|container|die|0af58fef04f3af7c4daf3d095c18500c3843f5b1f746aaca1398124e02be0947|t20-lat-svc-5.1.atxjxifitvl8f49ujuqxyiuhf
1790516861530279927|container|destroy|0af58fef04f3af7c4daf3d095c18500c3843f5b1f746aaca1398124e02be0947|t20-lat-svc-5.1.atxjxifitvl8f49ujuqxyiuhf
1790516867983438759|service|create|ac0bzbf8sb2uh2ugkt7eembzj|t20-lat-svc-6
1790516868228757714|container|create|8a68a302be8e80e0c007df1de694a4b380265db2df62ccfe3de395afe5eaad27|t20-lat-svc-6.1.lsi8v1nh1mks6moby7mznheiq
1790516868348726561|network|connect|14dd0091cf68512f991ff07db68c60bcf87dff62b2e2f230898cca1efe8e62aa|bridge
1790516868363999297|container|start|8a68a302be8e80e0c007df1de694a4b380265db2df62ccfe3de395afe5eaad27|t20-lat-svc-6.1.lsi8v1nh1mks6moby7mznheiq
1790516869365172960|container|exec_create: /bin/sh -c true|8a68a302be8e80e0c007df1de694a4b380265db2df62ccfe3de395afe5eaad27|t20-lat-svc-6.1.lsi8v1nh1mks6moby7mznheiq
1790516869365252570|container|exec_start: /bin/sh -c true|8a68a302be8e80e0c007df1de694a4b380265db2df62ccfe3de395afe5eaad27|t20-lat-svc-6.1.lsi8v1nh1mks6moby7mznheiq
1790516869388077911|container|exec_die|8a68a302be8e80e0c007df1de694a4b380265db2df62ccfe3de395afe5eaad27|t20-lat-svc-6.1.lsi8v1nh1mks6moby7mznheiq
1790516869388266700|container|health_status: healthy|8a68a302be8e80e0c007df1de694a4b380265db2df62ccfe3de395afe5eaad27|t20-lat-svc-6.1.lsi8v1nh1mks6moby7mznheiq
1790516870054816871|service|update|ac0bzbf8sb2uh2ugkt7eembzj|t20-lat-svc-6
1790516870057927503|service|update|ac0bzbf8sb2uh2ugkt7eembzj|t20-lat-svc-6
1790516870323920113|container|create|5c6c536a4fce160e033ddd55bfa6a0feb23d8e78daa5984fcbaa35c52e777c24|t20-lat-svc-6.1.zmweragrl9blf2wvkzrxap3dj
1790516870389056084|container|exec_create: /bin/sh -c true|8a68a302be8e80e0c007df1de694a4b380265db2df62ccfe3de395afe5eaad27|t20-lat-svc-6.1.lsi8v1nh1mks6moby7mznheiq
1790516870389086267|container|exec_start: /bin/sh -c true|8a68a302be8e80e0c007df1de694a4b380265db2df62ccfe3de395afe5eaad27|t20-lat-svc-6.1.lsi8v1nh1mks6moby7mznheiq
1790516870414038488|container|exec_die|8a68a302be8e80e0c007df1de694a4b380265db2df62ccfe3de395afe5eaad27|t20-lat-svc-6.1.lsi8v1nh1mks6moby7mznheiq
1790516871242944125|container|kill|8a68a302be8e80e0c007df1de694a4b380265db2df62ccfe3de395afe5eaad27|t20-lat-svc-6.1.lsi8v1nh1mks6moby7mznheiq
1790516871414712080|container|exec_create: /bin/sh -c true|8a68a302be8e80e0c007df1de694a4b380265db2df62ccfe3de395afe5eaad27|t20-lat-svc-6.1.lsi8v1nh1mks6moby7mznheiq
1790516871414754157|container|exec_start: /bin/sh -c true|8a68a302be8e80e0c007df1de694a4b380265db2df62ccfe3de395afe5eaad27|t20-lat-svc-6.1.lsi8v1nh1mks6moby7mznheiq
1790516871440561337|container|exec_die|8a68a302be8e80e0c007df1de694a4b380265db2df62ccfe3de395afe5eaad27|t20-lat-svc-6.1.lsi8v1nh1mks6moby7mznheiq
1790516872439980267|container|exec_create: /bin/sh -c true|8a68a302be8e80e0c007df1de694a4b380265db2df62ccfe3de395afe5eaad27|t20-lat-svc-6.1.lsi8v1nh1mks6moby7mznheiq
1790516872440017283|container|exec_start: /bin/sh -c true|8a68a302be8e80e0c007df1de694a4b380265db2df62ccfe3de395afe5eaad27|t20-lat-svc-6.1.lsi8v1nh1mks6moby7mznheiq
1790516872463401316|container|exec_die|8a68a302be8e80e0c007df1de694a4b380265db2df62ccfe3de395afe5eaad27|t20-lat-svc-6.1.lsi8v1nh1mks6moby7mznheiq
1790516873255070655|container|kill|8a68a302be8e80e0c007df1de694a4b380265db2df62ccfe3de395afe5eaad27|t20-lat-svc-6.1.lsi8v1nh1mks6moby7mznheiq
1790516873388738805|network|disconnect|14dd0091cf68512f991ff07db68c60bcf87dff62b2e2f230898cca1efe8e62aa|bridge
1790516873393437327|container|stop|8a68a302be8e80e0c007df1de694a4b380265db2df62ccfe3de395afe5eaad27|t20-lat-svc-6.1.lsi8v1nh1mks6moby7mznheiq
1790516873400345504|container|die|8a68a302be8e80e0c007df1de694a4b380265db2df62ccfe3de395afe5eaad27|t20-lat-svc-6.1.lsi8v1nh1mks6moby7mznheiq
1790516873680711310|network|connect|14dd0091cf68512f991ff07db68c60bcf87dff62b2e2f230898cca1efe8e62aa|bridge
1790516873696018709|container|start|5c6c536a4fce160e033ddd55bfa6a0feb23d8e78daa5984fcbaa35c52e777c24|t20-lat-svc-6.1.zmweragrl9blf2wvkzrxap3dj
1790516874696256751|container|exec_create: /bin/sh -c true|5c6c536a4fce160e033ddd55bfa6a0feb23d8e78daa5984fcbaa35c52e777c24|t20-lat-svc-6.1.zmweragrl9blf2wvkzrxap3dj
1790516874696336291|container|exec_start: /bin/sh -c true|5c6c536a4fce160e033ddd55bfa6a0feb23d8e78daa5984fcbaa35c52e777c24|t20-lat-svc-6.1.zmweragrl9blf2wvkzrxap3dj
1790516874722386044|container|exec_die|5c6c536a4fce160e033ddd55bfa6a0feb23d8e78daa5984fcbaa35c52e777c24|t20-lat-svc-6.1.zmweragrl9blf2wvkzrxap3dj
1790516874722592649|container|health_status: healthy|5c6c536a4fce160e033ddd55bfa6a0feb23d8e78daa5984fcbaa35c52e777c24|t20-lat-svc-6.1.zmweragrl9blf2wvkzrxap3dj
1790516875206062595|service|remove|ac0bzbf8sb2uh2ugkt7eembzj|t20-lat-svc-6
1790516875598548572|container|destroy|8a68a302be8e80e0c007df1de694a4b380265db2df62ccfe3de395afe5eaad27|t20-lat-svc-6.1.lsi8v1nh1mks6moby7mznheiq
1790516875722803462|container|exec_create: /bin/sh -c true|5c6c536a4fce160e033ddd55bfa6a0feb23d8e78daa5984fcbaa35c52e777c24|t20-lat-svc-6.1.zmweragrl9blf2wvkzrxap3dj
1790516875722832823|container|exec_start: /bin/sh -c true|5c6c536a4fce160e033ddd55bfa6a0feb23d8e78daa5984fcbaa35c52e777c24|t20-lat-svc-6.1.zmweragrl9blf2wvkzrxap3dj
1790516875747023947|container|exec_die|5c6c536a4fce160e033ddd55bfa6a0feb23d8e78daa5984fcbaa35c52e777c24|t20-lat-svc-6.1.zmweragrl9blf2wvkzrxap3dj
1790516876330912124|container|kill|5c6c536a4fce160e033ddd55bfa6a0feb23d8e78daa5984fcbaa35c52e777c24|t20-lat-svc-6.1.zmweragrl9blf2wvkzrxap3dj
1790516876747886910|container|exec_create: /bin/sh -c true|5c6c536a4fce160e033ddd55bfa6a0feb23d8e78daa5984fcbaa35c52e777c24|t20-lat-svc-6.1.zmweragrl9blf2wvkzrxap3dj
1790516876747928493|container|exec_start: /bin/sh -c true|5c6c536a4fce160e033ddd55bfa6a0feb23d8e78daa5984fcbaa35c52e777c24|t20-lat-svc-6.1.zmweragrl9blf2wvkzrxap3dj
1790516876772172860|container|exec_die|5c6c536a4fce160e033ddd55bfa6a0feb23d8e78daa5984fcbaa35c52e777c24|t20-lat-svc-6.1.zmweragrl9blf2wvkzrxap3dj
1790516877772629860|container|exec_create: /bin/sh -c true|5c6c536a4fce160e033ddd55bfa6a0feb23d8e78daa5984fcbaa35c52e777c24|t20-lat-svc-6.1.zmweragrl9blf2wvkzrxap3dj
1790516877772668736|container|exec_start: /bin/sh -c true|5c6c536a4fce160e033ddd55bfa6a0feb23d8e78daa5984fcbaa35c52e777c24|t20-lat-svc-6.1.zmweragrl9blf2wvkzrxap3dj
1790516877797004252|container|exec_die|5c6c536a4fce160e033ddd55bfa6a0feb23d8e78daa5984fcbaa35c52e777c24|t20-lat-svc-6.1.zmweragrl9blf2wvkzrxap3dj
1790516878345262955|container|kill|5c6c536a4fce160e033ddd55bfa6a0feb23d8e78daa5984fcbaa35c52e777c24|t20-lat-svc-6.1.zmweragrl9blf2wvkzrxap3dj
1790516878484833583|network|disconnect|14dd0091cf68512f991ff07db68c60bcf87dff62b2e2f230898cca1efe8e62aa|bridge
1790516878493810903|container|stop|5c6c536a4fce160e033ddd55bfa6a0feb23d8e78daa5984fcbaa35c52e777c24|t20-lat-svc-6.1.zmweragrl9blf2wvkzrxap3dj
1790516878500071727|container|die|5c6c536a4fce160e033ddd55bfa6a0feb23d8e78daa5984fcbaa35c52e777c24|t20-lat-svc-6.1.zmweragrl9blf2wvkzrxap3dj
1790516878957564238|container|destroy|5c6c536a4fce160e033ddd55bfa6a0feb23d8e78daa5984fcbaa35c52e777c24|t20-lat-svc-6.1.zmweragrl9blf2wvkzrxap3dj
1790516890915485263|service|create|yrz2hys3glzugcaqcuz1dbbai|t20-lat-svc-7
1790516891165134112|container|create|8a07b21eca75ab8796c2f252747d94928a69f45a9b070368880a446d265ae7c9|t20-lat-svc-7.1.nf5hpr9o0zdikcmhqyvvbxo7a
1790516891290807444|network|connect|14dd0091cf68512f991ff07db68c60bcf87dff62b2e2f230898cca1efe8e62aa|bridge
1790516891307145855|container|start|8a07b21eca75ab8796c2f252747d94928a69f45a9b070368880a446d265ae7c9|t20-lat-svc-7.1.nf5hpr9o0zdikcmhqyvvbxo7a
1790516892307585672|container|exec_create: /bin/sh -c true|8a07b21eca75ab8796c2f252747d94928a69f45a9b070368880a446d265ae7c9|t20-lat-svc-7.1.nf5hpr9o0zdikcmhqyvvbxo7a
1790516892307623605|container|exec_start: /bin/sh -c true|8a07b21eca75ab8796c2f252747d94928a69f45a9b070368880a446d265ae7c9|t20-lat-svc-7.1.nf5hpr9o0zdikcmhqyvvbxo7a
1790516892332545617|container|exec_die|8a07b21eca75ab8796c2f252747d94928a69f45a9b070368880a446d265ae7c9|t20-lat-svc-7.1.nf5hpr9o0zdikcmhqyvvbxo7a
1790516892332758163|container|health_status: healthy|8a07b21eca75ab8796c2f252747d94928a69f45a9b070368880a446d265ae7c9|t20-lat-svc-7.1.nf5hpr9o0zdikcmhqyvvbxo7a
1790516892984452459|service|update|yrz2hys3glzugcaqcuz1dbbai|t20-lat-svc-7
1790516892987300907|service|update|yrz2hys3glzugcaqcuz1dbbai|t20-lat-svc-7
1790516893245272611|container|create|d7c1bcc7ee0060cfd4c404e993aa02f315e593c8dfb7d574c1235c822b68bba5|t20-lat-svc-7.1.7ugbusm4fap2sm9740da8chgr
1790516893333236095|container|exec_create: /bin/sh -c true|8a07b21eca75ab8796c2f252747d94928a69f45a9b070368880a446d265ae7c9|t20-lat-svc-7.1.nf5hpr9o0zdikcmhqyvvbxo7a
1790516893333273110|container|exec_start: /bin/sh -c true|8a07b21eca75ab8796c2f252747d94928a69f45a9b070368880a446d265ae7c9|t20-lat-svc-7.1.nf5hpr9o0zdikcmhqyvvbxo7a
1790516893357322623|container|exec_die|8a07b21eca75ab8796c2f252747d94928a69f45a9b070368880a446d265ae7c9|t20-lat-svc-7.1.nf5hpr9o0zdikcmhqyvvbxo7a
1790516894176410322|container|kill|8a07b21eca75ab8796c2f252747d94928a69f45a9b070368880a446d265ae7c9|t20-lat-svc-7.1.nf5hpr9o0zdikcmhqyvvbxo7a
1790516894357648926|container|exec_create: /bin/sh -c true|8a07b21eca75ab8796c2f252747d94928a69f45a9b070368880a446d265ae7c9|t20-lat-svc-7.1.nf5hpr9o0zdikcmhqyvvbxo7a
1790516894357686206|container|exec_start: /bin/sh -c true|8a07b21eca75ab8796c2f252747d94928a69f45a9b070368880a446d265ae7c9|t20-lat-svc-7.1.nf5hpr9o0zdikcmhqyvvbxo7a
1790516894382452892|container|exec_die|8a07b21eca75ab8796c2f252747d94928a69f45a9b070368880a446d265ae7c9|t20-lat-svc-7.1.nf5hpr9o0zdikcmhqyvvbxo7a
1790516895383501235|container|exec_create: /bin/sh -c true|8a07b21eca75ab8796c2f252747d94928a69f45a9b070368880a446d265ae7c9|t20-lat-svc-7.1.nf5hpr9o0zdikcmhqyvvbxo7a
1790516895383536245|container|exec_start: /bin/sh -c true|8a07b21eca75ab8796c2f252747d94928a69f45a9b070368880a446d265ae7c9|t20-lat-svc-7.1.nf5hpr9o0zdikcmhqyvvbxo7a
1790516895408530225|container|exec_die|8a07b21eca75ab8796c2f252747d94928a69f45a9b070368880a446d265ae7c9|t20-lat-svc-7.1.nf5hpr9o0zdikcmhqyvvbxo7a
1790516896188581419|container|kill|8a07b21eca75ab8796c2f252747d94928a69f45a9b070368880a446d265ae7c9|t20-lat-svc-7.1.nf5hpr9o0zdikcmhqyvvbxo7a
1790516896314343631|network|disconnect|14dd0091cf68512f991ff07db68c60bcf87dff62b2e2f230898cca1efe8e62aa|bridge
1790516896322922792|container|stop|8a07b21eca75ab8796c2f252747d94928a69f45a9b070368880a446d265ae7c9|t20-lat-svc-7.1.nf5hpr9o0zdikcmhqyvvbxo7a
1790516896331433161|container|die|8a07b21eca75ab8796c2f252747d94928a69f45a9b070368880a446d265ae7c9|t20-lat-svc-7.1.nf5hpr9o0zdikcmhqyvvbxo7a
1790516896630400174|network|connect|14dd0091cf68512f991ff07db68c60bcf87dff62b2e2f230898cca1efe8e62aa|bridge
1790516896647300862|container|start|d7c1bcc7ee0060cfd4c404e993aa02f315e593c8dfb7d574c1235c822b68bba5|t20-lat-svc-7.1.7ugbusm4fap2sm9740da8chgr
1790516897648359209|container|exec_create: /bin/sh -c true|d7c1bcc7ee0060cfd4c404e993aa02f315e593c8dfb7d574c1235c822b68bba5|t20-lat-svc-7.1.7ugbusm4fap2sm9740da8chgr
1790516897648440716|container|exec_start: /bin/sh -c true|d7c1bcc7ee0060cfd4c404e993aa02f315e593c8dfb7d574c1235c822b68bba5|t20-lat-svc-7.1.7ugbusm4fap2sm9740da8chgr
1790516897673245275|container|exec_die|d7c1bcc7ee0060cfd4c404e993aa02f315e593c8dfb7d574c1235c822b68bba5|t20-lat-svc-7.1.7ugbusm4fap2sm9740da8chgr
1790516897673485257|container|health_status: healthy|d7c1bcc7ee0060cfd4c404e993aa02f315e593c8dfb7d574c1235c822b68bba5|t20-lat-svc-7.1.7ugbusm4fap2sm9740da8chgr
1790516898139560782|service|remove|yrz2hys3glzugcaqcuz1dbbai|t20-lat-svc-7
1790516898540259585|container|destroy|8a07b21eca75ab8796c2f252747d94928a69f45a9b070368880a446d265ae7c9|t20-lat-svc-7.1.nf5hpr9o0zdikcmhqyvvbxo7a
1790516898674548409|container|exec_create: /bin/sh -c true|d7c1bcc7ee0060cfd4c404e993aa02f315e593c8dfb7d574c1235c822b68bba5|t20-lat-svc-7.1.7ugbusm4fap2sm9740da8chgr
1790516898674586492|container|exec_start: /bin/sh -c true|d7c1bcc7ee0060cfd4c404e993aa02f315e593c8dfb7d574c1235c822b68bba5|t20-lat-svc-7.1.7ugbusm4fap2sm9740da8chgr
1790516898700024128|container|exec_die|d7c1bcc7ee0060cfd4c404e993aa02f315e593c8dfb7d574c1235c822b68bba5|t20-lat-svc-7.1.7ugbusm4fap2sm9740da8chgr
1790516899264293174|container|kill|d7c1bcc7ee0060cfd4c404e993aa02f315e593c8dfb7d574c1235c822b68bba5|t20-lat-svc-7.1.7ugbusm4fap2sm9740da8chgr
1790516899700940615|container|exec_create: /bin/sh -c true|d7c1bcc7ee0060cfd4c404e993aa02f315e593c8dfb7d574c1235c822b68bba5|t20-lat-svc-7.1.7ugbusm4fap2sm9740da8chgr
1790516899700976200|container|exec_start: /bin/sh -c true|d7c1bcc7ee0060cfd4c404e993aa02f315e593c8dfb7d574c1235c822b68bba5|t20-lat-svc-7.1.7ugbusm4fap2sm9740da8chgr
1790516899723934440|container|exec_die|d7c1bcc7ee0060cfd4c404e993aa02f315e593c8dfb7d574c1235c822b68bba5|t20-lat-svc-7.1.7ugbusm4fap2sm9740da8chgr
1790516900724345078|container|exec_create: /bin/sh -c true|d7c1bcc7ee0060cfd4c404e993aa02f315e593c8dfb7d574c1235c822b68bba5|t20-lat-svc-7.1.7ugbusm4fap2sm9740da8chgr
1790516900724380673|container|exec_start: /bin/sh -c true|d7c1bcc7ee0060cfd4c404e993aa02f315e593c8dfb7d574c1235c822b68bba5|t20-lat-svc-7.1.7ugbusm4fap2sm9740da8chgr
1790516900747504044|container|exec_die|d7c1bcc7ee0060cfd4c404e993aa02f315e593c8dfb7d574c1235c822b68bba5|t20-lat-svc-7.1.7ugbusm4fap2sm9740da8chgr
1790516901280845128|container|kill|d7c1bcc7ee0060cfd4c404e993aa02f315e593c8dfb7d574c1235c822b68bba5|t20-lat-svc-7.1.7ugbusm4fap2sm9740da8chgr
1790516901440292628|network|disconnect|14dd0091cf68512f991ff07db68c60bcf87dff62b2e2f230898cca1efe8e62aa|bridge
1790516901450142117|container|stop|d7c1bcc7ee0060cfd4c404e993aa02f315e593c8dfb7d574c1235c822b68bba5|t20-lat-svc-7.1.7ugbusm4fap2sm9740da8chgr
1790516901458497232|container|die|d7c1bcc7ee0060cfd4c404e993aa02f315e593c8dfb7d574c1235c822b68bba5|t20-lat-svc-7.1.7ugbusm4fap2sm9740da8chgr
1790516901927145489|container|destroy|d7c1bcc7ee0060cfd4c404e993aa02f315e593c8dfb7d574c1235c822b68bba5|t20-lat-svc-7.1.7ugbusm4fap2sm9740da8chgr
1790516908411233939|service|create|knyhjlt6j25x6g92u9y3d82do|t20-lat-svc-8
1790516908670665571|container|create|cbc5538a38ebebf924c95c2f4443f826038478af53dd7166a6a3511d4fbe9b9e|t20-lat-svc-8.1.ttbeft8svxje6n7i1y2mb03gi
1790516908836483061|network|connect|14dd0091cf68512f991ff07db68c60bcf87dff62b2e2f230898cca1efe8e62aa|bridge
1790516908854645616|container|start|cbc5538a38ebebf924c95c2f4443f826038478af53dd7166a6a3511d4fbe9b9e|t20-lat-svc-8.1.ttbeft8svxje6n7i1y2mb03gi
1790516909855905317|container|exec_create: /bin/sh -c true|cbc5538a38ebebf924c95c2f4443f826038478af53dd7166a6a3511d4fbe9b9e|t20-lat-svc-8.1.ttbeft8svxje6n7i1y2mb03gi
1790516909855968846|container|exec_start: /bin/sh -c true|cbc5538a38ebebf924c95c2f4443f826038478af53dd7166a6a3511d4fbe9b9e|t20-lat-svc-8.1.ttbeft8svxje6n7i1y2mb03gi
1790516909882214244|container|exec_die|cbc5538a38ebebf924c95c2f4443f826038478af53dd7166a6a3511d4fbe9b9e|t20-lat-svc-8.1.ttbeft8svxje6n7i1y2mb03gi
1790516909882454062|container|health_status: healthy|cbc5538a38ebebf924c95c2f4443f826038478af53dd7166a6a3511d4fbe9b9e|t20-lat-svc-8.1.ttbeft8svxje6n7i1y2mb03gi
1790516910478037459|service|update|knyhjlt6j25x6g92u9y3d82do|t20-lat-svc-8
1790516910480918876|service|update|knyhjlt6j25x6g92u9y3d82do|t20-lat-svc-8
1790516910752732859|container|create|094ab19a152deab3b7d90fd000f1a1c41075ee8d4d3304893287f68c6fb08712|t20-lat-svc-8.1.jicdri0zd4w0ehzxtzgjr8lij
1790516910883041377|container|exec_create: /bin/sh -c true|cbc5538a38ebebf924c95c2f4443f826038478af53dd7166a6a3511d4fbe9b9e|t20-lat-svc-8.1.ttbeft8svxje6n7i1y2mb03gi
1790516910883082836|container|exec_start: /bin/sh -c true|cbc5538a38ebebf924c95c2f4443f826038478af53dd7166a6a3511d4fbe9b9e|t20-lat-svc-8.1.ttbeft8svxje6n7i1y2mb03gi
1790516910906609128|container|exec_die|cbc5538a38ebebf924c95c2f4443f826038478af53dd7166a6a3511d4fbe9b9e|t20-lat-svc-8.1.ttbeft8svxje6n7i1y2mb03gi
1790516911675820182|container|kill|cbc5538a38ebebf924c95c2f4443f826038478af53dd7166a6a3511d4fbe9b9e|t20-lat-svc-8.1.ttbeft8svxje6n7i1y2mb03gi
1790516911907752312|container|exec_create: /bin/sh -c true|cbc5538a38ebebf924c95c2f4443f826038478af53dd7166a6a3511d4fbe9b9e|t20-lat-svc-8.1.ttbeft8svxje6n7i1y2mb03gi
1790516911907800751|container|exec_start: /bin/sh -c true|cbc5538a38ebebf924c95c2f4443f826038478af53dd7166a6a3511d4fbe9b9e|t20-lat-svc-8.1.ttbeft8svxje6n7i1y2mb03gi
1790516911933081815|container|exec_die|cbc5538a38ebebf924c95c2f4443f826038478af53dd7166a6a3511d4fbe9b9e|t20-lat-svc-8.1.ttbeft8svxje6n7i1y2mb03gi
1790516912934149681|container|exec_create: /bin/sh -c true|cbc5538a38ebebf924c95c2f4443f826038478af53dd7166a6a3511d4fbe9b9e|t20-lat-svc-8.1.ttbeft8svxje6n7i1y2mb03gi
1790516912934188423|container|exec_start: /bin/sh -c true|cbc5538a38ebebf924c95c2f4443f826038478af53dd7166a6a3511d4fbe9b9e|t20-lat-svc-8.1.ttbeft8svxje6n7i1y2mb03gi
1790516912960006786|container|exec_die|cbc5538a38ebebf924c95c2f4443f826038478af53dd7166a6a3511d4fbe9b9e|t20-lat-svc-8.1.ttbeft8svxje6n7i1y2mb03gi
1790516913689914651|container|kill|cbc5538a38ebebf924c95c2f4443f826038478af53dd7166a6a3511d4fbe9b9e|t20-lat-svc-8.1.ttbeft8svxje6n7i1y2mb03gi
1790516913855603430|network|disconnect|14dd0091cf68512f991ff07db68c60bcf87dff62b2e2f230898cca1efe8e62aa|bridge
1790516913860425943|container|stop|cbc5538a38ebebf924c95c2f4443f826038478af53dd7166a6a3511d4fbe9b9e|t20-lat-svc-8.1.ttbeft8svxje6n7i1y2mb03gi
1790516913867660484|container|die|cbc5538a38ebebf924c95c2f4443f826038478af53dd7166a6a3511d4fbe9b9e|t20-lat-svc-8.1.ttbeft8svxje6n7i1y2mb03gi
1790516914160804854|network|connect|14dd0091cf68512f991ff07db68c60bcf87dff62b2e2f230898cca1efe8e62aa|bridge
1790516914177732313|container|start|094ab19a152deab3b7d90fd000f1a1c41075ee8d4d3304893287f68c6fb08712|t20-lat-svc-8.1.jicdri0zd4w0ehzxtzgjr8lij
1790516915177893105|container|exec_create: /bin/sh -c true|094ab19a152deab3b7d90fd000f1a1c41075ee8d4d3304893287f68c6fb08712|t20-lat-svc-8.1.jicdri0zd4w0ehzxtzgjr8lij
1790516915177951627|container|exec_start: /bin/sh -c true|094ab19a152deab3b7d90fd000f1a1c41075ee8d4d3304893287f68c6fb08712|t20-lat-svc-8.1.jicdri0zd4w0ehzxtzgjr8lij
1790516915203952598|container|exec_die|094ab19a152deab3b7d90fd000f1a1c41075ee8d4d3304893287f68c6fb08712|t20-lat-svc-8.1.jicdri0zd4w0ehzxtzgjr8lij
1790516915204155986|container|health_status: healthy|094ab19a152deab3b7d90fd000f1a1c41075ee8d4d3304893287f68c6fb08712|t20-lat-svc-8.1.jicdri0zd4w0ehzxtzgjr8lij
1790516915627087009|service|remove|knyhjlt6j25x6g92u9y3d82do|t20-lat-svc-8
1790516916024422343|container|destroy|cbc5538a38ebebf924c95c2f4443f826038478af53dd7166a6a3511d4fbe9b9e|t20-lat-svc-8.1.ttbeft8svxje6n7i1y2mb03gi
1790516916204830811|container|exec_create: /bin/sh -c true|094ab19a152deab3b7d90fd000f1a1c41075ee8d4d3304893287f68c6fb08712|t20-lat-svc-8.1.jicdri0zd4w0ehzxtzgjr8lij
1790516916204860232|container|exec_start: /bin/sh -c true|094ab19a152deab3b7d90fd000f1a1c41075ee8d4d3304893287f68c6fb08712|t20-lat-svc-8.1.jicdri0zd4w0ehzxtzgjr8lij
1790516916230280966|container|exec_die|094ab19a152deab3b7d90fd000f1a1c41075ee8d4d3304893287f68c6fb08712|t20-lat-svc-8.1.jicdri0zd4w0ehzxtzgjr8lij
1790516916753867838|container|kill|094ab19a152deab3b7d90fd000f1a1c41075ee8d4d3304893287f68c6fb08712|t20-lat-svc-8.1.jicdri0zd4w0ehzxtzgjr8lij
1790516917230837974|container|exec_create: /bin/sh -c true|094ab19a152deab3b7d90fd000f1a1c41075ee8d4d3304893287f68c6fb08712|t20-lat-svc-8.1.jicdri0zd4w0ehzxtzgjr8lij
1790516917230903823|container|exec_start: /bin/sh -c true|094ab19a152deab3b7d90fd000f1a1c41075ee8d4d3304893287f68c6fb08712|t20-lat-svc-8.1.jicdri0zd4w0ehzxtzgjr8lij
1790516917256106665|container|exec_die|094ab19a152deab3b7d90fd000f1a1c41075ee8d4d3304893287f68c6fb08712|t20-lat-svc-8.1.jicdri0zd4w0ehzxtzgjr8lij
1790516918257368441|container|exec_create: /bin/sh -c true|094ab19a152deab3b7d90fd000f1a1c41075ee8d4d3304893287f68c6fb08712|t20-lat-svc-8.1.jicdri0zd4w0ehzxtzgjr8lij
1790516918257408775|container|exec_start: /bin/sh -c true|094ab19a152deab3b7d90fd000f1a1c41075ee8d4d3304893287f68c6fb08712|t20-lat-svc-8.1.jicdri0zd4w0ehzxtzgjr8lij
1790516918283209137|container|exec_die|094ab19a152deab3b7d90fd000f1a1c41075ee8d4d3304893287f68c6fb08712|t20-lat-svc-8.1.jicdri0zd4w0ehzxtzgjr8lij
1790516918768207279|container|kill|094ab19a152deab3b7d90fd000f1a1c41075ee8d4d3304893287f68c6fb08712|t20-lat-svc-8.1.jicdri0zd4w0ehzxtzgjr8lij
1790516918891965777|network|disconnect|14dd0091cf68512f991ff07db68c60bcf87dff62b2e2f230898cca1efe8e62aa|bridge
1790516918901753070|container|stop|094ab19a152deab3b7d90fd000f1a1c41075ee8d4d3304893287f68c6fb08712|t20-lat-svc-8.1.jicdri0zd4w0ehzxtzgjr8lij
1790516918911138553|container|die|094ab19a152deab3b7d90fd000f1a1c41075ee8d4d3304893287f68c6fb08712|t20-lat-svc-8.1.jicdri0zd4w0ehzxtzgjr8lij
1790516919361637784|container|destroy|094ab19a152deab3b7d90fd000f1a1c41075ee8d4d3304893287f68c6fb08712|t20-lat-svc-8.1.jicdri0zd4w0ehzxtzgjr8lij
1790516928027142825|service|create|7wpyfdco2ot7yqykm5gj8t5xo|t20-lat-svc-9
1790516928278276727|container|create|753830e94be4101ef7dcdc29133f6a1efd5eeb4b15c0b1f0c18fd82529d42db6|t20-lat-svc-9.1.i2skefnlyj9idgasdmyo2e5ed
1790516928408116315|network|connect|14dd0091cf68512f991ff07db68c60bcf87dff62b2e2f230898cca1efe8e62aa|bridge
1790516928425282516|container|start|753830e94be4101ef7dcdc29133f6a1efd5eeb4b15c0b1f0c18fd82529d42db6|t20-lat-svc-9.1.i2skefnlyj9idgasdmyo2e5ed
1790516929425698104|container|exec_create: /bin/sh -c true|753830e94be4101ef7dcdc29133f6a1efd5eeb4b15c0b1f0c18fd82529d42db6|t20-lat-svc-9.1.i2skefnlyj9idgasdmyo2e5ed
1790516929425780365|container|exec_start: /bin/sh -c true|753830e94be4101ef7dcdc29133f6a1efd5eeb4b15c0b1f0c18fd82529d42db6|t20-lat-svc-9.1.i2skefnlyj9idgasdmyo2e5ed
1790516929451421147|container|exec_die|753830e94be4101ef7dcdc29133f6a1efd5eeb4b15c0b1f0c18fd82529d42db6|t20-lat-svc-9.1.i2skefnlyj9idgasdmyo2e5ed
1790516929451649506|container|health_status: healthy|753830e94be4101ef7dcdc29133f6a1efd5eeb4b15c0b1f0c18fd82529d42db6|t20-lat-svc-9.1.i2skefnlyj9idgasdmyo2e5ed
1790516930096723011|service|update|7wpyfdco2ot7yqykm5gj8t5xo|t20-lat-svc-9
1790516930099407913|service|update|7wpyfdco2ot7yqykm5gj8t5xo|t20-lat-svc-9
1790516930364249680|container|create|f1d87d07c2322d402325c512bd2e2c3cd4de999bf1ed2745c06e97894a2b47de|t20-lat-svc-9.1.so8e9et28j9bllpjagsoenn4l
1790516930452372031|container|exec_create: /bin/sh -c true|753830e94be4101ef7dcdc29133f6a1efd5eeb4b15c0b1f0c18fd82529d42db6|t20-lat-svc-9.1.i2skefnlyj9idgasdmyo2e5ed
1790516930452413086|container|exec_start: /bin/sh -c true|753830e94be4101ef7dcdc29133f6a1efd5eeb4b15c0b1f0c18fd82529d42db6|t20-lat-svc-9.1.i2skefnlyj9idgasdmyo2e5ed
1790516930476547749|container|exec_die|753830e94be4101ef7dcdc29133f6a1efd5eeb4b15c0b1f0c18fd82529d42db6|t20-lat-svc-9.1.i2skefnlyj9idgasdmyo2e5ed
1790516931285415529|container|kill|753830e94be4101ef7dcdc29133f6a1efd5eeb4b15c0b1f0c18fd82529d42db6|t20-lat-svc-9.1.i2skefnlyj9idgasdmyo2e5ed
1790516931477713183|container|exec_create: /bin/sh -c true|753830e94be4101ef7dcdc29133f6a1efd5eeb4b15c0b1f0c18fd82529d42db6|t20-lat-svc-9.1.i2skefnlyj9idgasdmyo2e5ed
1790516931477747607|container|exec_start: /bin/sh -c true|753830e94be4101ef7dcdc29133f6a1efd5eeb4b15c0b1f0c18fd82529d42db6|t20-lat-svc-9.1.i2skefnlyj9idgasdmyo2e5ed
1790516931502579236|container|exec_die|753830e94be4101ef7dcdc29133f6a1efd5eeb4b15c0b1f0c18fd82529d42db6|t20-lat-svc-9.1.i2skefnlyj9idgasdmyo2e5ed
1790516932502763603|container|exec_create: /bin/sh -c true|753830e94be4101ef7dcdc29133f6a1efd5eeb4b15c0b1f0c18fd82529d42db6|t20-lat-svc-9.1.i2skefnlyj9idgasdmyo2e5ed
1790516932502807935|container|exec_start: /bin/sh -c true|753830e94be4101ef7dcdc29133f6a1efd5eeb4b15c0b1f0c18fd82529d42db6|t20-lat-svc-9.1.i2skefnlyj9idgasdmyo2e5ed
1790516932527666402|container|exec_die|753830e94be4101ef7dcdc29133f6a1efd5eeb4b15c0b1f0c18fd82529d42db6|t20-lat-svc-9.1.i2skefnlyj9idgasdmyo2e5ed
1790516933298406400|container|kill|753830e94be4101ef7dcdc29133f6a1efd5eeb4b15c0b1f0c18fd82529d42db6|t20-lat-svc-9.1.i2skefnlyj9idgasdmyo2e5ed
1790516933442274090|network|disconnect|14dd0091cf68512f991ff07db68c60bcf87dff62b2e2f230898cca1efe8e62aa|bridge
1790516933448022632|container|stop|753830e94be4101ef7dcdc29133f6a1efd5eeb4b15c0b1f0c18fd82529d42db6|t20-lat-svc-9.1.i2skefnlyj9idgasdmyo2e5ed
1790516933456375218|container|die|753830e94be4101ef7dcdc29133f6a1efd5eeb4b15c0b1f0c18fd82529d42db6|t20-lat-svc-9.1.i2skefnlyj9idgasdmyo2e5ed
1790516933727456605|network|connect|14dd0091cf68512f991ff07db68c60bcf87dff62b2e2f230898cca1efe8e62aa|bridge
1790516933744420358|container|start|f1d87d07c2322d402325c512bd2e2c3cd4de999bf1ed2745c06e97894a2b47de|t20-lat-svc-9.1.so8e9et28j9bllpjagsoenn4l
1790516934745272493|container|exec_create: /bin/sh -c true|f1d87d07c2322d402325c512bd2e2c3cd4de999bf1ed2745c06e97894a2b47de|t20-lat-svc-9.1.so8e9et28j9bllpjagsoenn4l
1790516934745344489|container|exec_start: /bin/sh -c true|f1d87d07c2322d402325c512bd2e2c3cd4de999bf1ed2745c06e97894a2b47de|t20-lat-svc-9.1.so8e9et28j9bllpjagsoenn4l
1790516934770956887|container|exec_die|f1d87d07c2322d402325c512bd2e2c3cd4de999bf1ed2745c06e97894a2b47de|t20-lat-svc-9.1.so8e9et28j9bllpjagsoenn4l
1790516934771154105|container|health_status: healthy|f1d87d07c2322d402325c512bd2e2c3cd4de999bf1ed2745c06e97894a2b47de|t20-lat-svc-9.1.so8e9et28j9bllpjagsoenn4l
1790516935250618725|service|remove|7wpyfdco2ot7yqykm5gj8t5xo|t20-lat-svc-9
1790516935647224260|container|destroy|753830e94be4101ef7dcdc29133f6a1efd5eeb4b15c0b1f0c18fd82529d42db6|t20-lat-svc-9.1.i2skefnlyj9idgasdmyo2e5ed
1790516935771649024|container|exec_create: /bin/sh -c true|f1d87d07c2322d402325c512bd2e2c3cd4de999bf1ed2745c06e97894a2b47de|t20-lat-svc-9.1.so8e9et28j9bllpjagsoenn4l
1790516935771686057|container|exec_start: /bin/sh -c true|f1d87d07c2322d402325c512bd2e2c3cd4de999bf1ed2745c06e97894a2b47de|t20-lat-svc-9.1.so8e9et28j9bllpjagsoenn4l
1790516935796690620|container|exec_die|f1d87d07c2322d402325c512bd2e2c3cd4de999bf1ed2745c06e97894a2b47de|t20-lat-svc-9.1.so8e9et28j9bllpjagsoenn4l
1790516936379732866|container|kill|f1d87d07c2322d402325c512bd2e2c3cd4de999bf1ed2745c06e97894a2b47de|t20-lat-svc-9.1.so8e9et28j9bllpjagsoenn4l
1790516936798034611|container|exec_create: /bin/sh -c true|f1d87d07c2322d402325c512bd2e2c3cd4de999bf1ed2745c06e97894a2b47de|t20-lat-svc-9.1.so8e9et28j9bllpjagsoenn4l
1790516936798072079|container|exec_start: /bin/sh -c true|f1d87d07c2322d402325c512bd2e2c3cd4de999bf1ed2745c06e97894a2b47de|t20-lat-svc-9.1.so8e9et28j9bllpjagsoenn4l
1790516936824561330|container|exec_die|f1d87d07c2322d402325c512bd2e2c3cd4de999bf1ed2745c06e97894a2b47de|t20-lat-svc-9.1.so8e9et28j9bllpjagsoenn4l
1790516937825481207|container|exec_create: /bin/sh -c true|f1d87d07c2322d402325c512bd2e2c3cd4de999bf1ed2745c06e97894a2b47de|t20-lat-svc-9.1.so8e9et28j9bllpjagsoenn4l
1790516937825526268|container|exec_start: /bin/sh -c true|f1d87d07c2322d402325c512bd2e2c3cd4de999bf1ed2745c06e97894a2b47de|t20-lat-svc-9.1.so8e9et28j9bllpjagsoenn4l
1790516937850761407|container|exec_die|f1d87d07c2322d402325c512bd2e2c3cd4de999bf1ed2745c06e97894a2b47de|t20-lat-svc-9.1.so8e9et28j9bllpjagsoenn4l
1790516938392636816|container|kill|f1d87d07c2322d402325c512bd2e2c3cd4de999bf1ed2745c06e97894a2b47de|t20-lat-svc-9.1.so8e9et28j9bllpjagsoenn4l
1790516938539452127|network|disconnect|14dd0091cf68512f991ff07db68c60bcf87dff62b2e2f230898cca1efe8e62aa|bridge
1790516938551100903|container|stop|f1d87d07c2322d402325c512bd2e2c3cd4de999bf1ed2745c06e97894a2b47de|t20-lat-svc-9.1.so8e9et28j9bllpjagsoenn4l
1790516938560597512|container|die|f1d87d07c2322d402325c512bd2e2c3cd4de999bf1ed2745c06e97894a2b47de|t20-lat-svc-9.1.so8e9et28j9bllpjagsoenn4l
1790516939004211243|container|destroy|f1d87d07c2322d402325c512bd2e2c3cd4de999bf1ed2745c06e97894a2b47de|t20-lat-svc-9.1.so8e9et28j9bllpjagsoenn4l
1790516951597339104|service|create|wxmt1w89appn25l5r9ea35wnw|t20-lat-svc-10
1790516951850755404|container|create|f25aece71586ba94ed04e7a4e6559afd9e41391d89b69f70305e83184a2feadd|t20-lat-svc-10.1.iz0lxqjn8t3bnunh1v2zkhxxs
1790516951977658210|network|connect|14dd0091cf68512f991ff07db68c60bcf87dff62b2e2f230898cca1efe8e62aa|bridge
1790516951994752734|container|start|f25aece71586ba94ed04e7a4e6559afd9e41391d89b69f70305e83184a2feadd|t20-lat-svc-10.1.iz0lxqjn8t3bnunh1v2zkhxxs
1790516952995032035|container|exec_create: /bin/sh -c true|f25aece71586ba94ed04e7a4e6559afd9e41391d89b69f70305e83184a2feadd|t20-lat-svc-10.1.iz0lxqjn8t3bnunh1v2zkhxxs
1790516952995106075|container|exec_start: /bin/sh -c true|f25aece71586ba94ed04e7a4e6559afd9e41391d89b69f70305e83184a2feadd|t20-lat-svc-10.1.iz0lxqjn8t3bnunh1v2zkhxxs
1790516953019791461|container|exec_die|f25aece71586ba94ed04e7a4e6559afd9e41391d89b69f70305e83184a2feadd|t20-lat-svc-10.1.iz0lxqjn8t3bnunh1v2zkhxxs
1790516953020102220|container|health_status: healthy|f25aece71586ba94ed04e7a4e6559afd9e41391d89b69f70305e83184a2feadd|t20-lat-svc-10.1.iz0lxqjn8t3bnunh1v2zkhxxs
1790516953665791108|service|update|wxmt1w89appn25l5r9ea35wnw|t20-lat-svc-10
1790516953668027860|service|update|wxmt1w89appn25l5r9ea35wnw|t20-lat-svc-10
1790516953934713761|container|create|5754590438eb5953f391cf87b6707135ce124b2ea372c578ded4082cb461584d|t20-lat-svc-10.1.susen4mbwcoefh0j13n8lz8nv
1790516954020301957|container|exec_create: /bin/sh -c true|f25aece71586ba94ed04e7a4e6559afd9e41391d89b69f70305e83184a2feadd|t20-lat-svc-10.1.iz0lxqjn8t3bnunh1v2zkhxxs
1790516954020330512|container|exec_start: /bin/sh -c true|f25aece71586ba94ed04e7a4e6559afd9e41391d89b69f70305e83184a2feadd|t20-lat-svc-10.1.iz0lxqjn8t3bnunh1v2zkhxxs
1790516954045218666|container|exec_die|f25aece71586ba94ed04e7a4e6559afd9e41391d89b69f70305e83184a2feadd|t20-lat-svc-10.1.iz0lxqjn8t3bnunh1v2zkhxxs
1790516954855875512|container|kill|f25aece71586ba94ed04e7a4e6559afd9e41391d89b69f70305e83184a2feadd|t20-lat-svc-10.1.iz0lxqjn8t3bnunh1v2zkhxxs
1790516955045833454|container|exec_create: /bin/sh -c true|f25aece71586ba94ed04e7a4e6559afd9e41391d89b69f70305e83184a2feadd|t20-lat-svc-10.1.iz0lxqjn8t3bnunh1v2zkhxxs
1790516955045868926|container|exec_start: /bin/sh -c true|f25aece71586ba94ed04e7a4e6559afd9e41391d89b69f70305e83184a2feadd|t20-lat-svc-10.1.iz0lxqjn8t3bnunh1v2zkhxxs
1790516955070306655|container|exec_die|f25aece71586ba94ed04e7a4e6559afd9e41391d89b69f70305e83184a2feadd|t20-lat-svc-10.1.iz0lxqjn8t3bnunh1v2zkhxxs
1790516956070729114|container|exec_create: /bin/sh -c true|f25aece71586ba94ed04e7a4e6559afd9e41391d89b69f70305e83184a2feadd|t20-lat-svc-10.1.iz0lxqjn8t3bnunh1v2zkhxxs
1790516956070767548|container|exec_start: /bin/sh -c true|f25aece71586ba94ed04e7a4e6559afd9e41391d89b69f70305e83184a2feadd|t20-lat-svc-10.1.iz0lxqjn8t3bnunh1v2zkhxxs
1790516956095059006|container|exec_die|f25aece71586ba94ed04e7a4e6559afd9e41391d89b69f70305e83184a2feadd|t20-lat-svc-10.1.iz0lxqjn8t3bnunh1v2zkhxxs
1790516956870006284|container|kill|f25aece71586ba94ed04e7a4e6559afd9e41391d89b69f70305e83184a2feadd|t20-lat-svc-10.1.iz0lxqjn8t3bnunh1v2zkhxxs
1790516957027829989|network|disconnect|14dd0091cf68512f991ff07db68c60bcf87dff62b2e2f230898cca1efe8e62aa|bridge
1790516957033579911|container|stop|f25aece71586ba94ed04e7a4e6559afd9e41391d89b69f70305e83184a2feadd|t20-lat-svc-10.1.iz0lxqjn8t3bnunh1v2zkhxxs
1790516957043027247|container|die|f25aece71586ba94ed04e7a4e6559afd9e41391d89b69f70305e83184a2feadd|t20-lat-svc-10.1.iz0lxqjn8t3bnunh1v2zkhxxs
1790516957381822397|network|connect|14dd0091cf68512f991ff07db68c60bcf87dff62b2e2f230898cca1efe8e62aa|bridge
1790516957397589934|container|start|5754590438eb5953f391cf87b6707135ce124b2ea372c578ded4082cb461584d|t20-lat-svc-10.1.susen4mbwcoefh0j13n8lz8nv
1790516958398757193|container|exec_create: /bin/sh -c true|5754590438eb5953f391cf87b6707135ce124b2ea372c578ded4082cb461584d|t20-lat-svc-10.1.susen4mbwcoefh0j13n8lz8nv
1790516958398828513|container|exec_start: /bin/sh -c true|5754590438eb5953f391cf87b6707135ce124b2ea372c578ded4082cb461584d|t20-lat-svc-10.1.susen4mbwcoefh0j13n8lz8nv
1790516958423124187|container|exec_die|5754590438eb5953f391cf87b6707135ce124b2ea372c578ded4082cb461584d|t20-lat-svc-10.1.susen4mbwcoefh0j13n8lz8nv
1790516958423315188|container|health_status: healthy|5754590438eb5953f391cf87b6707135ce124b2ea372c578ded4082cb461584d|t20-lat-svc-10.1.susen4mbwcoefh0j13n8lz8nv
1790516958812123264|service|remove|wxmt1w89appn25l5r9ea35wnw|t20-lat-svc-10
1790516959208585103|container|destroy|f25aece71586ba94ed04e7a4e6559afd9e41391d89b69f70305e83184a2feadd|t20-lat-svc-10.1.iz0lxqjn8t3bnunh1v2zkhxxs
1790516959424384130|container|exec_create: /bin/sh -c true|5754590438eb5953f391cf87b6707135ce124b2ea372c578ded4082cb461584d|t20-lat-svc-10.1.susen4mbwcoefh0j13n8lz8nv
1790516959424416567|container|exec_start: /bin/sh -c true|5754590438eb5953f391cf87b6707135ce124b2ea372c578ded4082cb461584d|t20-lat-svc-10.1.susen4mbwcoefh0j13n8lz8nv
1790516959450035625|container|exec_die|5754590438eb5953f391cf87b6707135ce124b2ea372c578ded4082cb461584d|t20-lat-svc-10.1.susen4mbwcoefh0j13n8lz8nv
1790516959940911716|container|kill|5754590438eb5953f391cf87b6707135ce124b2ea372c578ded4082cb461584d|t20-lat-svc-10.1.susen4mbwcoefh0j13n8lz8nv
1790516960450603706|container|exec_create: /bin/sh -c true|5754590438eb5953f391cf87b6707135ce124b2ea372c578ded4082cb461584d|t20-lat-svc-10.1.susen4mbwcoefh0j13n8lz8nv
1790516960450639946|container|exec_start: /bin/sh -c true|5754590438eb5953f391cf87b6707135ce124b2ea372c578ded4082cb461584d|t20-lat-svc-10.1.susen4mbwcoefh0j13n8lz8nv
1790516960475186398|container|exec_die|5754590438eb5953f391cf87b6707135ce124b2ea372c578ded4082cb461584d|t20-lat-svc-10.1.susen4mbwcoefh0j13n8lz8nv
1790516961475617360|container|exec_create: /bin/sh -c true|5754590438eb5953f391cf87b6707135ce124b2ea372c578ded4082cb461584d|t20-lat-svc-10.1.susen4mbwcoefh0j13n8lz8nv
1790516961475642188|container|exec_start: /bin/sh -c true|5754590438eb5953f391cf87b6707135ce124b2ea372c578ded4082cb461584d|t20-lat-svc-10.1.susen4mbwcoefh0j13n8lz8nv
1790516961500195571|container|exec_die|5754590438eb5953f391cf87b6707135ce124b2ea372c578ded4082cb461584d|t20-lat-svc-10.1.susen4mbwcoefh0j13n8lz8nv
1790516961954297447|container|kill|5754590438eb5953f391cf87b6707135ce124b2ea372c578ded4082cb461584d|t20-lat-svc-10.1.susen4mbwcoefh0j13n8lz8nv
1790516962111937936|network|disconnect|14dd0091cf68512f991ff07db68c60bcf87dff62b2e2f230898cca1efe8e62aa|bridge
1790516962121668967|container|stop|5754590438eb5953f391cf87b6707135ce124b2ea372c578ded4082cb461584d|t20-lat-svc-10.1.susen4mbwcoefh0j13n8lz8nv
1790516962130033315|container|die|5754590438eb5953f391cf87b6707135ce124b2ea372c578ded4082cb461584d|t20-lat-svc-10.1.susen4mbwcoefh0j13n8lz8nv
1790516962571400095|container|destroy|5754590438eb5953f391cf87b6707135ce124b2ea372c578ded4082cb461584d|t20-lat-svc-10.1.susen4mbwcoefh0j13n8lz8nv
1790516967311390024|service|create|vhjtsyry77evwokuoprd37rjr|t20-lat-svc-11
1790516967568853033|container|create|ab97dc93d5a37c12a909c25a19b34d0f8b5eaf34f0ec7d74f5e04846ddf24a53|t20-lat-svc-11.1.qb2dxn6ip093qdl3unpzyp7lr
1790516967680857087|network|connect|14dd0091cf68512f991ff07db68c60bcf87dff62b2e2f230898cca1efe8e62aa|bridge
1790516967697932040|container|start|ab97dc93d5a37c12a909c25a19b34d0f8b5eaf34f0ec7d74f5e04846ddf24a53|t20-lat-svc-11.1.qb2dxn6ip093qdl3unpzyp7lr
1790516968698436016|container|exec_create: /bin/sh -c true|ab97dc93d5a37c12a909c25a19b34d0f8b5eaf34f0ec7d74f5e04846ddf24a53|t20-lat-svc-11.1.qb2dxn6ip093qdl3unpzyp7lr
1790516968698492320|container|exec_start: /bin/sh -c true|ab97dc93d5a37c12a909c25a19b34d0f8b5eaf34f0ec7d74f5e04846ddf24a53|t20-lat-svc-11.1.qb2dxn6ip093qdl3unpzyp7lr
1790516968723294009|container|exec_die|ab97dc93d5a37c12a909c25a19b34d0f8b5eaf34f0ec7d74f5e04846ddf24a53|t20-lat-svc-11.1.qb2dxn6ip093qdl3unpzyp7lr
1790516968723528194|container|health_status: healthy|ab97dc93d5a37c12a909c25a19b34d0f8b5eaf34f0ec7d74f5e04846ddf24a53|t20-lat-svc-11.1.qb2dxn6ip093qdl3unpzyp7lr
1790516969375890174|service|update|vhjtsyry77evwokuoprd37rjr|t20-lat-svc-11
1790516969380037414|service|update|vhjtsyry77evwokuoprd37rjr|t20-lat-svc-11
1790516969644878918|container|create|e80f176c90afa3015f13390f4f7150465d13635424e4273344667c4cacb14fc4|t20-lat-svc-11.1.jth80qmysg0dtbgm36i19s0gr
1790516969724449523|container|exec_create: /bin/sh -c true|ab97dc93d5a37c12a909c25a19b34d0f8b5eaf34f0ec7d74f5e04846ddf24a53|t20-lat-svc-11.1.qb2dxn6ip093qdl3unpzyp7lr
1790516969724484772|container|exec_start: /bin/sh -c true|ab97dc93d5a37c12a909c25a19b34d0f8b5eaf34f0ec7d74f5e04846ddf24a53|t20-lat-svc-11.1.qb2dxn6ip093qdl3unpzyp7lr
1790516969747864413|container|exec_die|ab97dc93d5a37c12a909c25a19b34d0f8b5eaf34f0ec7d74f5e04846ddf24a53|t20-lat-svc-11.1.qb2dxn6ip093qdl3unpzyp7lr
1790516970562081386|container|kill|ab97dc93d5a37c12a909c25a19b34d0f8b5eaf34f0ec7d74f5e04846ddf24a53|t20-lat-svc-11.1.qb2dxn6ip093qdl3unpzyp7lr
1790516970748174443|container|exec_create: /bin/sh -c true|ab97dc93d5a37c12a909c25a19b34d0f8b5eaf34f0ec7d74f5e04846ddf24a53|t20-lat-svc-11.1.qb2dxn6ip093qdl3unpzyp7lr
1790516970748197923|container|exec_start: /bin/sh -c true|ab97dc93d5a37c12a909c25a19b34d0f8b5eaf34f0ec7d74f5e04846ddf24a53|t20-lat-svc-11.1.qb2dxn6ip093qdl3unpzyp7lr
1790516970772392082|container|exec_die|ab97dc93d5a37c12a909c25a19b34d0f8b5eaf34f0ec7d74f5e04846ddf24a53|t20-lat-svc-11.1.qb2dxn6ip093qdl3unpzyp7lr
1790516971773557069|container|exec_create: /bin/sh -c true|ab97dc93d5a37c12a909c25a19b34d0f8b5eaf34f0ec7d74f5e04846ddf24a53|t20-lat-svc-11.1.qb2dxn6ip093qdl3unpzyp7lr
1790516971773596725|container|exec_start: /bin/sh -c true|ab97dc93d5a37c12a909c25a19b34d0f8b5eaf34f0ec7d74f5e04846ddf24a53|t20-lat-svc-11.1.qb2dxn6ip093qdl3unpzyp7lr
1790516971799191636|container|exec_die|ab97dc93d5a37c12a909c25a19b34d0f8b5eaf34f0ec7d74f5e04846ddf24a53|t20-lat-svc-11.1.qb2dxn6ip093qdl3unpzyp7lr
1790516972574942833|container|kill|ab97dc93d5a37c12a909c25a19b34d0f8b5eaf34f0ec7d74f5e04846ddf24a53|t20-lat-svc-11.1.qb2dxn6ip093qdl3unpzyp7lr
1790516972716883701|network|disconnect|14dd0091cf68512f991ff07db68c60bcf87dff62b2e2f230898cca1efe8e62aa|bridge
1790516972722654024|container|stop|ab97dc93d5a37c12a909c25a19b34d0f8b5eaf34f0ec7d74f5e04846ddf24a53|t20-lat-svc-11.1.qb2dxn6ip093qdl3unpzyp7lr
1790516972731042035|container|die|ab97dc93d5a37c12a909c25a19b34d0f8b5eaf34f0ec7d74f5e04846ddf24a53|t20-lat-svc-11.1.qb2dxn6ip093qdl3unpzyp7lr
1790516973021993041|network|connect|14dd0091cf68512f991ff07db68c60bcf87dff62b2e2f230898cca1efe8e62aa|bridge
1790516973040118829|container|start|e80f176c90afa3015f13390f4f7150465d13635424e4273344667c4cacb14fc4|t20-lat-svc-11.1.jth80qmysg0dtbgm36i19s0gr
1790516974041120301|container|exec_create: /bin/sh -c true|e80f176c90afa3015f13390f4f7150465d13635424e4273344667c4cacb14fc4|t20-lat-svc-11.1.jth80qmysg0dtbgm36i19s0gr
1790516974041180229|container|exec_start: /bin/sh -c true|e80f176c90afa3015f13390f4f7150465d13635424e4273344667c4cacb14fc4|t20-lat-svc-11.1.jth80qmysg0dtbgm36i19s0gr
1790516974065188824|container|exec_die|e80f176c90afa3015f13390f4f7150465d13635424e4273344667c4cacb14fc4|t20-lat-svc-11.1.jth80qmysg0dtbgm36i19s0gr
1790516974065423378|container|health_status: healthy|e80f176c90afa3015f13390f4f7150465d13635424e4273344667c4cacb14fc4|t20-lat-svc-11.1.jth80qmysg0dtbgm36i19s0gr
1790516974525228902|service|remove|vhjtsyry77evwokuoprd37rjr|t20-lat-svc-11
1790516974919717748|container|destroy|ab97dc93d5a37c12a909c25a19b34d0f8b5eaf34f0ec7d74f5e04846ddf24a53|t20-lat-svc-11.1.qb2dxn6ip093qdl3unpzyp7lr
1790516975066060435|container|exec_create: /bin/sh -c true|e80f176c90afa3015f13390f4f7150465d13635424e4273344667c4cacb14fc4|t20-lat-svc-11.1.jth80qmysg0dtbgm36i19s0gr
1790516975066099264|container|exec_start: /bin/sh -c true|e80f176c90afa3015f13390f4f7150465d13635424e4273344667c4cacb14fc4|t20-lat-svc-11.1.jth80qmysg0dtbgm36i19s0gr
1790516975090499670|container|exec_die|e80f176c90afa3015f13390f4f7150465d13635424e4273344667c4cacb14fc4|t20-lat-svc-11.1.jth80qmysg0dtbgm36i19s0gr
1790516975649174725|container|kill|e80f176c90afa3015f13390f4f7150465d13635424e4273344667c4cacb14fc4|t20-lat-svc-11.1.jth80qmysg0dtbgm36i19s0gr
1790516976091506451|container|exec_create: /bin/sh -c true|e80f176c90afa3015f13390f4f7150465d13635424e4273344667c4cacb14fc4|t20-lat-svc-11.1.jth80qmysg0dtbgm36i19s0gr
1790516976091541925|container|exec_start: /bin/sh -c true|e80f176c90afa3015f13390f4f7150465d13635424e4273344667c4cacb14fc4|t20-lat-svc-11.1.jth80qmysg0dtbgm36i19s0gr
1790516976117254210|container|exec_die|e80f176c90afa3015f13390f4f7150465d13635424e4273344667c4cacb14fc4|t20-lat-svc-11.1.jth80qmysg0dtbgm36i19s0gr
1790516977117880665|container|exec_create: /bin/sh -c true|e80f176c90afa3015f13390f4f7150465d13635424e4273344667c4cacb14fc4|t20-lat-svc-11.1.jth80qmysg0dtbgm36i19s0gr
1790516977117905981|container|exec_start: /bin/sh -c true|e80f176c90afa3015f13390f4f7150465d13635424e4273344667c4cacb14fc4|t20-lat-svc-11.1.jth80qmysg0dtbgm36i19s0gr
1790516977142229420|container|exec_die|e80f176c90afa3015f13390f4f7150465d13635424e4273344667c4cacb14fc4|t20-lat-svc-11.1.jth80qmysg0dtbgm36i19s0gr
1790516977663155570|container|kill|e80f176c90afa3015f13390f4f7150465d13635424e4273344667c4cacb14fc4|t20-lat-svc-11.1.jth80qmysg0dtbgm36i19s0gr
1790516977819083488|network|disconnect|14dd0091cf68512f991ff07db68c60bcf87dff62b2e2f230898cca1efe8e62aa|bridge
1790516977828978510|container|stop|e80f176c90afa3015f13390f4f7150465d13635424e4273344667c4cacb14fc4|t20-lat-svc-11.1.jth80qmysg0dtbgm36i19s0gr
1790516977839303633|container|die|e80f176c90afa3015f13390f4f7150465d13635424e4273344667c4cacb14fc4|t20-lat-svc-11.1.jth80qmysg0dtbgm36i19s0gr
1790516978285820431|container|destroy|e80f176c90afa3015f13390f4f7150465d13635424e4273344667c4cacb14fc4|t20-lat-svc-11.1.jth80qmysg0dtbgm36i19s0gr
1790516983317988791|service|create|x5jxkcxdfzpxr5b9cwrk65024|t20-lat-svc-12
1790516983573228797|container|create|8a300eda93d0fbc86200ad29bb7a2b522729fd3c8de67910161746ca718fa8a9|t20-lat-svc-12.1.vcqwmjtqcenwdzocmxvh7r35o
1790516983686098921|network|connect|14dd0091cf68512f991ff07db68c60bcf87dff62b2e2f230898cca1efe8e62aa|bridge
1790516983709168055|container|start|8a300eda93d0fbc86200ad29bb7a2b522729fd3c8de67910161746ca718fa8a9|t20-lat-svc-12.1.vcqwmjtqcenwdzocmxvh7r35o
1790516984710222885|container|exec_create: /bin/sh -c true|8a300eda93d0fbc86200ad29bb7a2b522729fd3c8de67910161746ca718fa8a9|t20-lat-svc-12.1.vcqwmjtqcenwdzocmxvh7r35o
1790516984710296601|container|exec_start: /bin/sh -c true|8a300eda93d0fbc86200ad29bb7a2b522729fd3c8de67910161746ca718fa8a9|t20-lat-svc-12.1.vcqwmjtqcenwdzocmxvh7r35o
1790516984735742533|container|exec_die|8a300eda93d0fbc86200ad29bb7a2b522729fd3c8de67910161746ca718fa8a9|t20-lat-svc-12.1.vcqwmjtqcenwdzocmxvh7r35o
1790516984735961890|container|health_status: healthy|8a300eda93d0fbc86200ad29bb7a2b522729fd3c8de67910161746ca718fa8a9|t20-lat-svc-12.1.vcqwmjtqcenwdzocmxvh7r35o
1790516985384223617|service|update|x5jxkcxdfzpxr5b9cwrk65024|t20-lat-svc-12
1790516985386417908|service|update|x5jxkcxdfzpxr5b9cwrk65024|t20-lat-svc-12
1790516985656210393|container|create|17925997f484979d4f017528d2484aa9c76620977a83cbbec35b5e4494b83ccc|t20-lat-svc-12.1.lsuc30rg4i4m4mbu3nq6ghujx
1790516985736399332|container|exec_create: /bin/sh -c true|8a300eda93d0fbc86200ad29bb7a2b522729fd3c8de67910161746ca718fa8a9|t20-lat-svc-12.1.vcqwmjtqcenwdzocmxvh7r35o
1790516985736434495|container|exec_start: /bin/sh -c true|8a300eda93d0fbc86200ad29bb7a2b522729fd3c8de67910161746ca718fa8a9|t20-lat-svc-12.1.vcqwmjtqcenwdzocmxvh7r35o
1790516985761530986|container|exec_die|8a300eda93d0fbc86200ad29bb7a2b522729fd3c8de67910161746ca718fa8a9|t20-lat-svc-12.1.vcqwmjtqcenwdzocmxvh7r35o
1790516986576731940|container|kill|8a300eda93d0fbc86200ad29bb7a2b522729fd3c8de67910161746ca718fa8a9|t20-lat-svc-12.1.vcqwmjtqcenwdzocmxvh7r35o
1790516986762822310|container|exec_create: /bin/sh -c true|8a300eda93d0fbc86200ad29bb7a2b522729fd3c8de67910161746ca718fa8a9|t20-lat-svc-12.1.vcqwmjtqcenwdzocmxvh7r35o
1790516986762851900|container|exec_start: /bin/sh -c true|8a300eda93d0fbc86200ad29bb7a2b522729fd3c8de67910161746ca718fa8a9|t20-lat-svc-12.1.vcqwmjtqcenwdzocmxvh7r35o
1790516986786183930|container|exec_die|8a300eda93d0fbc86200ad29bb7a2b522729fd3c8de67910161746ca718fa8a9|t20-lat-svc-12.1.vcqwmjtqcenwdzocmxvh7r35o
1790516987786449149|container|exec_create: /bin/sh -c true|8a300eda93d0fbc86200ad29bb7a2b522729fd3c8de67910161746ca718fa8a9|t20-lat-svc-12.1.vcqwmjtqcenwdzocmxvh7r35o
1790516987786475618|container|exec_start: /bin/sh -c true|8a300eda93d0fbc86200ad29bb7a2b522729fd3c8de67910161746ca718fa8a9|t20-lat-svc-12.1.vcqwmjtqcenwdzocmxvh7r35o
1790516987811680262|container|exec_die|8a300eda93d0fbc86200ad29bb7a2b522729fd3c8de67910161746ca718fa8a9|t20-lat-svc-12.1.vcqwmjtqcenwdzocmxvh7r35o
1790516988590462235|container|kill|8a300eda93d0fbc86200ad29bb7a2b522729fd3c8de67910161746ca718fa8a9|t20-lat-svc-12.1.vcqwmjtqcenwdzocmxvh7r35o
1790516988745294545|network|disconnect|14dd0091cf68512f991ff07db68c60bcf87dff62b2e2f230898cca1efe8e62aa|bridge
1790516988750970043|container|stop|8a300eda93d0fbc86200ad29bb7a2b522729fd3c8de67910161746ca718fa8a9|t20-lat-svc-12.1.vcqwmjtqcenwdzocmxvh7r35o
1790516988759380771|container|die|8a300eda93d0fbc86200ad29bb7a2b522729fd3c8de67910161746ca718fa8a9|t20-lat-svc-12.1.vcqwmjtqcenwdzocmxvh7r35o
1790516989006395955|network|connect|14dd0091cf68512f991ff07db68c60bcf87dff62b2e2f230898cca1efe8e62aa|bridge
1790516989025286154|container|start|17925997f484979d4f017528d2484aa9c76620977a83cbbec35b5e4494b83ccc|t20-lat-svc-12.1.lsuc30rg4i4m4mbu3nq6ghujx
1790516990025820489|container|exec_create: /bin/sh -c true|17925997f484979d4f017528d2484aa9c76620977a83cbbec35b5e4494b83ccc|t20-lat-svc-12.1.lsuc30rg4i4m4mbu3nq6ghujx
1790516990025895120|container|exec_start: /bin/sh -c true|17925997f484979d4f017528d2484aa9c76620977a83cbbec35b5e4494b83ccc|t20-lat-svc-12.1.lsuc30rg4i4m4mbu3nq6ghujx
1790516990051636799|container|exec_die|17925997f484979d4f017528d2484aa9c76620977a83cbbec35b5e4494b83ccc|t20-lat-svc-12.1.lsuc30rg4i4m4mbu3nq6ghujx
1790516990051844182|container|health_status: healthy|17925997f484979d4f017528d2484aa9c76620977a83cbbec35b5e4494b83ccc|t20-lat-svc-12.1.lsuc30rg4i4m4mbu3nq6ghujx
1790516990533613567|service|remove|x5jxkcxdfzpxr5b9cwrk65024|t20-lat-svc-12
1790516990926037317|container|destroy|8a300eda93d0fbc86200ad29bb7a2b522729fd3c8de67910161746ca718fa8a9|t20-lat-svc-12.1.vcqwmjtqcenwdzocmxvh7r35o
1790516991052100538|container|exec_create: /bin/sh -c true|17925997f484979d4f017528d2484aa9c76620977a83cbbec35b5e4494b83ccc|t20-lat-svc-12.1.lsuc30rg4i4m4mbu3nq6ghujx
1790516991052148322|container|exec_start: /bin/sh -c true|17925997f484979d4f017528d2484aa9c76620977a83cbbec35b5e4494b83ccc|t20-lat-svc-12.1.lsuc30rg4i4m4mbu3nq6ghujx
1790516991077862512|container|exec_die|17925997f484979d4f017528d2484aa9c76620977a83cbbec35b5e4494b83ccc|t20-lat-svc-12.1.lsuc30rg4i4m4mbu3nq6ghujx
1790516991663463287|container|kill|17925997f484979d4f017528d2484aa9c76620977a83cbbec35b5e4494b83ccc|t20-lat-svc-12.1.lsuc30rg4i4m4mbu3nq6ghujx
1790516992078655137|container|exec_create: /bin/sh -c true|17925997f484979d4f017528d2484aa9c76620977a83cbbec35b5e4494b83ccc|t20-lat-svc-12.1.lsuc30rg4i4m4mbu3nq6ghujx
1790516992078686525|container|exec_start: /bin/sh -c true|17925997f484979d4f017528d2484aa9c76620977a83cbbec35b5e4494b83ccc|t20-lat-svc-12.1.lsuc30rg4i4m4mbu3nq6ghujx
1790516992103712383|container|exec_die|17925997f484979d4f017528d2484aa9c76620977a83cbbec35b5e4494b83ccc|t20-lat-svc-12.1.lsuc30rg4i4m4mbu3nq6ghujx
1790516993103448972|container|exec_create: /bin/sh -c true|17925997f484979d4f017528d2484aa9c76620977a83cbbec35b5e4494b83ccc|t20-lat-svc-12.1.lsuc30rg4i4m4mbu3nq6ghujx
1790516993103473048|container|exec_start: /bin/sh -c true|17925997f484979d4f017528d2484aa9c76620977a83cbbec35b5e4494b83ccc|t20-lat-svc-12.1.lsuc30rg4i4m4mbu3nq6ghujx
1790516993127759240|container|exec_die|17925997f484979d4f017528d2484aa9c76620977a83cbbec35b5e4494b83ccc|t20-lat-svc-12.1.lsuc30rg4i4m4mbu3nq6ghujx
1790516993675721477|container|kill|17925997f484979d4f017528d2484aa9c76620977a83cbbec35b5e4494b83ccc|t20-lat-svc-12.1.lsuc30rg4i4m4mbu3nq6ghujx
1790516993828512614|network|disconnect|14dd0091cf68512f991ff07db68c60bcf87dff62b2e2f230898cca1efe8e62aa|bridge
1790516993838259287|container|stop|17925997f484979d4f017528d2484aa9c76620977a83cbbec35b5e4494b83ccc|t20-lat-svc-12.1.lsuc30rg4i4m4mbu3nq6ghujx
1790516993846636932|container|die|17925997f484979d4f017528d2484aa9c76620977a83cbbec35b5e4494b83ccc|t20-lat-svc-12.1.lsuc30rg4i4m4mbu3nq6ghujx
1790516994310299422|container|destroy|17925997f484979d4f017528d2484aa9c76620977a83cbbec35b5e4494b83ccc|t20-lat-svc-12.1.lsuc30rg4i4m4mbu3nq6ghujx
1790516997385843062|service|create|qzyqfq2uyal7o21k0xu2ygc5a|t20-lat-svc-13
1790516997643687482|container|create|e6b0fb8ccc8299d83ec245a60e5b5bf5caa7d2d8d5d9bddbea1e7a7dfd29279a|t20-lat-svc-13.1.q9t964gi6vjmr8q8b03kt3yas
1790516997776646219|network|connect|14dd0091cf68512f991ff07db68c60bcf87dff62b2e2f230898cca1efe8e62aa|bridge
1790516997795682403|container|start|e6b0fb8ccc8299d83ec245a60e5b5bf5caa7d2d8d5d9bddbea1e7a7dfd29279a|t20-lat-svc-13.1.q9t964gi6vjmr8q8b03kt3yas
1790516998796343925|container|exec_create: /bin/sh -c true|e6b0fb8ccc8299d83ec245a60e5b5bf5caa7d2d8d5d9bddbea1e7a7dfd29279a|t20-lat-svc-13.1.q9t964gi6vjmr8q8b03kt3yas
1790516998796405941|container|exec_start: /bin/sh -c true|e6b0fb8ccc8299d83ec245a60e5b5bf5caa7d2d8d5d9bddbea1e7a7dfd29279a|t20-lat-svc-13.1.q9t964gi6vjmr8q8b03kt3yas
1790516998821774150|container|exec_die|e6b0fb8ccc8299d83ec245a60e5b5bf5caa7d2d8d5d9bddbea1e7a7dfd29279a|t20-lat-svc-13.1.q9t964gi6vjmr8q8b03kt3yas
1790516998821994954|container|health_status: healthy|e6b0fb8ccc8299d83ec245a60e5b5bf5caa7d2d8d5d9bddbea1e7a7dfd29279a|t20-lat-svc-13.1.q9t964gi6vjmr8q8b03kt3yas
1790516999452179870|service|update|qzyqfq2uyal7o21k0xu2ygc5a|t20-lat-svc-13
1790516999454966748|service|update|qzyqfq2uyal7o21k0xu2ygc5a|t20-lat-svc-13
1790516999718760693|container|create|2c407f500a6610f22b65f6e12e6177a44d2ce10cc4b798b38c31d6846029638b|t20-lat-svc-13.1.poxf7l5tdwwu4rptz0rhr2zql
1790516999822248722|container|exec_create: /bin/sh -c true|e6b0fb8ccc8299d83ec245a60e5b5bf5caa7d2d8d5d9bddbea1e7a7dfd29279a|t20-lat-svc-13.1.q9t964gi6vjmr8q8b03kt3yas
1790516999822276757|container|exec_start: /bin/sh -c true|e6b0fb8ccc8299d83ec245a60e5b5bf5caa7d2d8d5d9bddbea1e7a7dfd29279a|t20-lat-svc-13.1.q9t964gi6vjmr8q8b03kt3yas
1790516999847320677|container|exec_die|e6b0fb8ccc8299d83ec245a60e5b5bf5caa7d2d8d5d9bddbea1e7a7dfd29279a|t20-lat-svc-13.1.q9t964gi6vjmr8q8b03kt3yas
1790517000640822340|container|kill|e6b0fb8ccc8299d83ec245a60e5b5bf5caa7d2d8d5d9bddbea1e7a7dfd29279a|t20-lat-svc-13.1.q9t964gi6vjmr8q8b03kt3yas
1790517000847778553|container|exec_create: /bin/sh -c true|e6b0fb8ccc8299d83ec245a60e5b5bf5caa7d2d8d5d9bddbea1e7a7dfd29279a|t20-lat-svc-13.1.q9t964gi6vjmr8q8b03kt3yas
1790517000847809022|container|exec_start: /bin/sh -c true|e6b0fb8ccc8299d83ec245a60e5b5bf5caa7d2d8d5d9bddbea1e7a7dfd29279a|t20-lat-svc-13.1.q9t964gi6vjmr8q8b03kt3yas
1790517000872876428|container|exec_die|e6b0fb8ccc8299d83ec245a60e5b5bf5caa7d2d8d5d9bddbea1e7a7dfd29279a|t20-lat-svc-13.1.q9t964gi6vjmr8q8b03kt3yas
1790517001873711661|container|exec_create: /bin/sh -c true|e6b0fb8ccc8299d83ec245a60e5b5bf5caa7d2d8d5d9bddbea1e7a7dfd29279a|t20-lat-svc-13.1.q9t964gi6vjmr8q8b03kt3yas
1790517001873752759|container|exec_start: /bin/sh -c true|e6b0fb8ccc8299d83ec245a60e5b5bf5caa7d2d8d5d9bddbea1e7a7dfd29279a|t20-lat-svc-13.1.q9t964gi6vjmr8q8b03kt3yas
1790517001897763246|container|exec_die|e6b0fb8ccc8299d83ec245a60e5b5bf5caa7d2d8d5d9bddbea1e7a7dfd29279a|t20-lat-svc-13.1.q9t964gi6vjmr8q8b03kt3yas
1790517002657963258|container|kill|e6b0fb8ccc8299d83ec245a60e5b5bf5caa7d2d8d5d9bddbea1e7a7dfd29279a|t20-lat-svc-13.1.q9t964gi6vjmr8q8b03kt3yas
1790517002792671926|network|disconnect|14dd0091cf68512f991ff07db68c60bcf87dff62b2e2f230898cca1efe8e62aa|bridge
1790517002798962336|container|stop|e6b0fb8ccc8299d83ec245a60e5b5bf5caa7d2d8d5d9bddbea1e7a7dfd29279a|t20-lat-svc-13.1.q9t964gi6vjmr8q8b03kt3yas
1790517002807775785|container|die|e6b0fb8ccc8299d83ec245a60e5b5bf5caa7d2d8d5d9bddbea1e7a7dfd29279a|t20-lat-svc-13.1.q9t964gi6vjmr8q8b03kt3yas
1790517003153660869|network|connect|14dd0091cf68512f991ff07db68c60bcf87dff62b2e2f230898cca1efe8e62aa|bridge
1790517003170894466|container|start|2c407f500a6610f22b65f6e12e6177a44d2ce10cc4b798b38c31d6846029638b|t20-lat-svc-13.1.poxf7l5tdwwu4rptz0rhr2zql
1790517004171773839|container|exec_create: /bin/sh -c true|2c407f500a6610f22b65f6e12e6177a44d2ce10cc4b798b38c31d6846029638b|t20-lat-svc-13.1.poxf7l5tdwwu4rptz0rhr2zql
1790517004171853552|container|exec_start: /bin/sh -c true|2c407f500a6610f22b65f6e12e6177a44d2ce10cc4b798b38c31d6846029638b|t20-lat-svc-13.1.poxf7l5tdwwu4rptz0rhr2zql
1790517004197015878|container|exec_die|2c407f500a6610f22b65f6e12e6177a44d2ce10cc4b798b38c31d6846029638b|t20-lat-svc-13.1.poxf7l5tdwwu4rptz0rhr2zql
1790517004197239147|container|health_status: healthy|2c407f500a6610f22b65f6e12e6177a44d2ce10cc4b798b38c31d6846029638b|t20-lat-svc-13.1.poxf7l5tdwwu4rptz0rhr2zql
1790517004600020600|service|remove|qzyqfq2uyal7o21k0xu2ygc5a|t20-lat-svc-13
1790517004998623494|container|destroy|e6b0fb8ccc8299d83ec245a60e5b5bf5caa7d2d8d5d9bddbea1e7a7dfd29279a|t20-lat-svc-13.1.q9t964gi6vjmr8q8b03kt3yas
1790517005198251212|container|exec_create: /bin/sh -c true|2c407f500a6610f22b65f6e12e6177a44d2ce10cc4b798b38c31d6846029638b|t20-lat-svc-13.1.poxf7l5tdwwu4rptz0rhr2zql
1790517005198298092|container|exec_start: /bin/sh -c true|2c407f500a6610f22b65f6e12e6177a44d2ce10cc4b798b38c31d6846029638b|t20-lat-svc-13.1.poxf7l5tdwwu4rptz0rhr2zql
1790517005223080577|container|exec_die|2c407f500a6610f22b65f6e12e6177a44d2ce10cc4b798b38c31d6846029638b|t20-lat-svc-13.1.poxf7l5tdwwu4rptz0rhr2zql
1790517005732969626|container|kill|2c407f500a6610f22b65f6e12e6177a44d2ce10cc4b798b38c31d6846029638b|t20-lat-svc-13.1.poxf7l5tdwwu4rptz0rhr2zql
1790517006223891133|container|exec_create: /bin/sh -c true|2c407f500a6610f22b65f6e12e6177a44d2ce10cc4b798b38c31d6846029638b|t20-lat-svc-13.1.poxf7l5tdwwu4rptz0rhr2zql
1790517006223919810|container|exec_start: /bin/sh -c true|2c407f500a6610f22b65f6e12e6177a44d2ce10cc4b798b38c31d6846029638b|t20-lat-svc-13.1.poxf7l5tdwwu4rptz0rhr2zql
1790517006248038765|container|exec_die|2c407f500a6610f22b65f6e12e6177a44d2ce10cc4b798b38c31d6846029638b|t20-lat-svc-13.1.poxf7l5tdwwu4rptz0rhr2zql
1790517007248845638|container|exec_create: /bin/sh -c true|2c407f500a6610f22b65f6e12e6177a44d2ce10cc4b798b38c31d6846029638b|t20-lat-svc-13.1.poxf7l5tdwwu4rptz0rhr2zql
1790517007248894640|container|exec_start: /bin/sh -c true|2c407f500a6610f22b65f6e12e6177a44d2ce10cc4b798b38c31d6846029638b|t20-lat-svc-13.1.poxf7l5tdwwu4rptz0rhr2zql
1790517007276411094|container|exec_die|2c407f500a6610f22b65f6e12e6177a44d2ce10cc4b798b38c31d6846029638b|t20-lat-svc-13.1.poxf7l5tdwwu4rptz0rhr2zql
1790517007747123485|container|kill|2c407f500a6610f22b65f6e12e6177a44d2ce10cc4b798b38c31d6846029638b|t20-lat-svc-13.1.poxf7l5tdwwu4rptz0rhr2zql
1790517007904829735|network|disconnect|14dd0091cf68512f991ff07db68c60bcf87dff62b2e2f230898cca1efe8e62aa|bridge
1790517007914467168|container|stop|2c407f500a6610f22b65f6e12e6177a44d2ce10cc4b798b38c31d6846029638b|t20-lat-svc-13.1.poxf7l5tdwwu4rptz0rhr2zql
1790517007922954880|container|die|2c407f500a6610f22b65f6e12e6177a44d2ce10cc4b798b38c31d6846029638b|t20-lat-svc-13.1.poxf7l5tdwwu4rptz0rhr2zql
1790517008333531937|container|destroy|2c407f500a6610f22b65f6e12e6177a44d2ce10cc4b798b38c31d6846029638b|t20-lat-svc-13.1.poxf7l5tdwwu4rptz0rhr2zql
1790517019239419511|service|create|ok9y1c3r290m62qcq5bu36hjz|t20-lat-svc-14
1790517019489195536|container|create|49b5416991372a943fd57b5746c07cf9d2b6733fb1c59bfb5a1ad203099c4194|t20-lat-svc-14.1.q8metkite4ydpb8bxu7wx1jhe
1790517019615202589|network|connect|14dd0091cf68512f991ff07db68c60bcf87dff62b2e2f230898cca1efe8e62aa|bridge
1790517019638195193|container|start|49b5416991372a943fd57b5746c07cf9d2b6733fb1c59bfb5a1ad203099c4194|t20-lat-svc-14.1.q8metkite4ydpb8bxu7wx1jhe
1790517020639035186|container|exec_create: /bin/sh -c true|49b5416991372a943fd57b5746c07cf9d2b6733fb1c59bfb5a1ad203099c4194|t20-lat-svc-14.1.q8metkite4ydpb8bxu7wx1jhe
1790517020639103311|container|exec_start: /bin/sh -c true|49b5416991372a943fd57b5746c07cf9d2b6733fb1c59bfb5a1ad203099c4194|t20-lat-svc-14.1.q8metkite4ydpb8bxu7wx1jhe
1790517020664393625|container|exec_die|49b5416991372a943fd57b5746c07cf9d2b6733fb1c59bfb5a1ad203099c4194|t20-lat-svc-14.1.q8metkite4ydpb8bxu7wx1jhe
1790517020664683474|container|health_status: healthy|49b5416991372a943fd57b5746c07cf9d2b6733fb1c59bfb5a1ad203099c4194|t20-lat-svc-14.1.q8metkite4ydpb8bxu7wx1jhe
1790517021310346711|service|update|ok9y1c3r290m62qcq5bu36hjz|t20-lat-svc-14
1790517021315298019|service|update|ok9y1c3r290m62qcq5bu36hjz|t20-lat-svc-14
1790517021581078295|container|create|eed69c492901d0a352124f50cfb0b999cc9a521587d8d3c008ba628add0edb15|t20-lat-svc-14.1.lzz7dbew0cquc0zoydf26mzbe
1790517021665470979|container|exec_create: /bin/sh -c true|49b5416991372a943fd57b5746c07cf9d2b6733fb1c59bfb5a1ad203099c4194|t20-lat-svc-14.1.q8metkite4ydpb8bxu7wx1jhe
1790517021665511243|container|exec_start: /bin/sh -c true|49b5416991372a943fd57b5746c07cf9d2b6733fb1c59bfb5a1ad203099c4194|t20-lat-svc-14.1.q8metkite4ydpb8bxu7wx1jhe
1790517021690371386|container|exec_die|49b5416991372a943fd57b5746c07cf9d2b6733fb1c59bfb5a1ad203099c4194|t20-lat-svc-14.1.q8metkite4ydpb8bxu7wx1jhe
1790517022499928031|container|kill|49b5416991372a943fd57b5746c07cf9d2b6733fb1c59bfb5a1ad203099c4194|t20-lat-svc-14.1.q8metkite4ydpb8bxu7wx1jhe
1790517022689718230|container|exec_create: /bin/sh -c true|49b5416991372a943fd57b5746c07cf9d2b6733fb1c59bfb5a1ad203099c4194|t20-lat-svc-14.1.q8metkite4ydpb8bxu7wx1jhe
1790517022689763549|container|exec_start: /bin/sh -c true|49b5416991372a943fd57b5746c07cf9d2b6733fb1c59bfb5a1ad203099c4194|t20-lat-svc-14.1.q8metkite4ydpb8bxu7wx1jhe
1790517022715217857|container|exec_die|49b5416991372a943fd57b5746c07cf9d2b6733fb1c59bfb5a1ad203099c4194|t20-lat-svc-14.1.q8metkite4ydpb8bxu7wx1jhe
1790517023715495885|container|exec_create: /bin/sh -c true|49b5416991372a943fd57b5746c07cf9d2b6733fb1c59bfb5a1ad203099c4194|t20-lat-svc-14.1.q8metkite4ydpb8bxu7wx1jhe
1790517023715537054|container|exec_start: /bin/sh -c true|49b5416991372a943fd57b5746c07cf9d2b6733fb1c59bfb5a1ad203099c4194|t20-lat-svc-14.1.q8metkite4ydpb8bxu7wx1jhe
1790517023739088836|container|exec_die|49b5416991372a943fd57b5746c07cf9d2b6733fb1c59bfb5a1ad203099c4194|t20-lat-svc-14.1.q8metkite4ydpb8bxu7wx1jhe
1790517024514152588|container|kill|49b5416991372a943fd57b5746c07cf9d2b6733fb1c59bfb5a1ad203099c4194|t20-lat-svc-14.1.q8metkite4ydpb8bxu7wx1jhe
1790517024647078665|network|disconnect|14dd0091cf68512f991ff07db68c60bcf87dff62b2e2f230898cca1efe8e62aa|bridge
1790517024652822200|container|stop|49b5416991372a943fd57b5746c07cf9d2b6733fb1c59bfb5a1ad203099c4194|t20-lat-svc-14.1.q8metkite4ydpb8bxu7wx1jhe
1790517024661167711|container|die|49b5416991372a943fd57b5746c07cf9d2b6733fb1c59bfb5a1ad203099c4194|t20-lat-svc-14.1.q8metkite4ydpb8bxu7wx1jhe
1790517024973158378|network|connect|14dd0091cf68512f991ff07db68c60bcf87dff62b2e2f230898cca1efe8e62aa|bridge
1790517024991073227|container|start|eed69c492901d0a352124f50cfb0b999cc9a521587d8d3c008ba628add0edb15|t20-lat-svc-14.1.lzz7dbew0cquc0zoydf26mzbe
1790517025992226116|container|exec_create: /bin/sh -c true|eed69c492901d0a352124f50cfb0b999cc9a521587d8d3c008ba628add0edb15|t20-lat-svc-14.1.lzz7dbew0cquc0zoydf26mzbe
1790517025992291881|container|exec_start: /bin/sh -c true|eed69c492901d0a352124f50cfb0b999cc9a521587d8d3c008ba628add0edb15|t20-lat-svc-14.1.lzz7dbew0cquc0zoydf26mzbe
1790517026015434514|container|exec_die|eed69c492901d0a352124f50cfb0b999cc9a521587d8d3c008ba628add0edb15|t20-lat-svc-14.1.lzz7dbew0cquc0zoydf26mzbe
1790517026015647507|container|health_status: healthy|eed69c492901d0a352124f50cfb0b999cc9a521587d8d3c008ba628add0edb15|t20-lat-svc-14.1.lzz7dbew0cquc0zoydf26mzbe
1790517026460365567|service|remove|ok9y1c3r290m62qcq5bu36hjz|t20-lat-svc-14
1790517026857840042|container|destroy|49b5416991372a943fd57b5746c07cf9d2b6733fb1c59bfb5a1ad203099c4194|t20-lat-svc-14.1.q8metkite4ydpb8bxu7wx1jhe
1790517027016453164|container|exec_create: /bin/sh -c true|eed69c492901d0a352124f50cfb0b999cc9a521587d8d3c008ba628add0edb15|t20-lat-svc-14.1.lzz7dbew0cquc0zoydf26mzbe
1790517027016525784|container|exec_start: /bin/sh -c true|eed69c492901d0a352124f50cfb0b999cc9a521587d8d3c008ba628add0edb15|t20-lat-svc-14.1.lzz7dbew0cquc0zoydf26mzbe
1790517027041674264|container|exec_die|eed69c492901d0a352124f50cfb0b999cc9a521587d8d3c008ba628add0edb15|t20-lat-svc-14.1.lzz7dbew0cquc0zoydf26mzbe
1790517027586983227|container|kill|eed69c492901d0a352124f50cfb0b999cc9a521587d8d3c008ba628add0edb15|t20-lat-svc-14.1.lzz7dbew0cquc0zoydf26mzbe
1790517028042274947|container|exec_create: /bin/sh -c true|eed69c492901d0a352124f50cfb0b999cc9a521587d8d3c008ba628add0edb15|t20-lat-svc-14.1.lzz7dbew0cquc0zoydf26mzbe
1790517028042302309|container|exec_start: /bin/sh -c true|eed69c492901d0a352124f50cfb0b999cc9a521587d8d3c008ba628add0edb15|t20-lat-svc-14.1.lzz7dbew0cquc0zoydf26mzbe
1790517028067287140|container|exec_die|eed69c492901d0a352124f50cfb0b999cc9a521587d8d3c008ba628add0edb15|t20-lat-svc-14.1.lzz7dbew0cquc0zoydf26mzbe
1790517029068535586|container|exec_create: /bin/sh -c true|eed69c492901d0a352124f50cfb0b999cc9a521587d8d3c008ba628add0edb15|t20-lat-svc-14.1.lzz7dbew0cquc0zoydf26mzbe
1790517029068562443|container|exec_start: /bin/sh -c true|eed69c492901d0a352124f50cfb0b999cc9a521587d8d3c008ba628add0edb15|t20-lat-svc-14.1.lzz7dbew0cquc0zoydf26mzbe
1790517029093926579|container|exec_die|eed69c492901d0a352124f50cfb0b999cc9a521587d8d3c008ba628add0edb15|t20-lat-svc-14.1.lzz7dbew0cquc0zoydf26mzbe
1790517029601692446|container|kill|eed69c492901d0a352124f50cfb0b999cc9a521587d8d3c008ba628add0edb15|t20-lat-svc-14.1.lzz7dbew0cquc0zoydf26mzbe
1790517029736252373|network|disconnect|14dd0091cf68512f991ff07db68c60bcf87dff62b2e2f230898cca1efe8e62aa|bridge
1790517029745938764|container|stop|eed69c492901d0a352124f50cfb0b999cc9a521587d8d3c008ba628add0edb15|t20-lat-svc-14.1.lzz7dbew0cquc0zoydf26mzbe
1790517029754359217|container|die|eed69c492901d0a352124f50cfb0b999cc9a521587d8d3c008ba628add0edb15|t20-lat-svc-14.1.lzz7dbew0cquc0zoydf26mzbe
1790517030178937056|container|destroy|eed69c492901d0a352124f50cfb0b999cc9a521587d8d3c008ba628add0edb15|t20-lat-svc-14.1.lzz7dbew0cquc0zoydf26mzbe
1790517060390110876|service|create|6a5h3po4xo6c5ujcp9rxivzxq|t20-lat-svc-15
1790517060643972085|container|create|dcedf4a4a9b4f29453c16aac886e5cee98d8db9d684abaf86f802f26313cf826|t20-lat-svc-15.1.hxg0wf0kno7ecydu3rekkct5h
1790517060769014911|network|connect|14dd0091cf68512f991ff07db68c60bcf87dff62b2e2f230898cca1efe8e62aa|bridge
1790517060785991170|container|start|dcedf4a4a9b4f29453c16aac886e5cee98d8db9d684abaf86f802f26313cf826|t20-lat-svc-15.1.hxg0wf0kno7ecydu3rekkct5h
1790517061786528691|container|exec_create: /bin/sh -c true|dcedf4a4a9b4f29453c16aac886e5cee98d8db9d684abaf86f802f26313cf826|t20-lat-svc-15.1.hxg0wf0kno7ecydu3rekkct5h
1790517061786616170|container|exec_start: /bin/sh -c true|dcedf4a4a9b4f29453c16aac886e5cee98d8db9d684abaf86f802f26313cf826|t20-lat-svc-15.1.hxg0wf0kno7ecydu3rekkct5h
1790517061813171193|container|exec_die|dcedf4a4a9b4f29453c16aac886e5cee98d8db9d684abaf86f802f26313cf826|t20-lat-svc-15.1.hxg0wf0kno7ecydu3rekkct5h
1790517061813367874|container|health_status: healthy|dcedf4a4a9b4f29453c16aac886e5cee98d8db9d684abaf86f802f26313cf826|t20-lat-svc-15.1.hxg0wf0kno7ecydu3rekkct5h
1790517062458900598|service|update|6a5h3po4xo6c5ujcp9rxivzxq|t20-lat-svc-15
1790517062461199884|service|update|6a5h3po4xo6c5ujcp9rxivzxq|t20-lat-svc-15
1790517062728953857|container|create|919c8eaec250835be5bfef5388c323f1295577caef73e5f710682caf39de8b70|t20-lat-svc-15.1.oqg6no7aic3p4zdw6cfjqjaqa
1790517062814386991|container|exec_create: /bin/sh -c true|dcedf4a4a9b4f29453c16aac886e5cee98d8db9d684abaf86f802f26313cf826|t20-lat-svc-15.1.hxg0wf0kno7ecydu3rekkct5h
1790517062814419782|container|exec_start: /bin/sh -c true|dcedf4a4a9b4f29453c16aac886e5cee98d8db9d684abaf86f802f26313cf826|t20-lat-svc-15.1.hxg0wf0kno7ecydu3rekkct5h
1790517062840132678|container|exec_die|dcedf4a4a9b4f29453c16aac886e5cee98d8db9d684abaf86f802f26313cf826|t20-lat-svc-15.1.hxg0wf0kno7ecydu3rekkct5h
1790517063648327058|container|kill|dcedf4a4a9b4f29453c16aac886e5cee98d8db9d684abaf86f802f26313cf826|t20-lat-svc-15.1.hxg0wf0kno7ecydu3rekkct5h
1790517063841015359|container|exec_create: /bin/sh -c true|dcedf4a4a9b4f29453c16aac886e5cee98d8db9d684abaf86f802f26313cf826|t20-lat-svc-15.1.hxg0wf0kno7ecydu3rekkct5h
1790517063841057078|container|exec_start: /bin/sh -c true|dcedf4a4a9b4f29453c16aac886e5cee98d8db9d684abaf86f802f26313cf826|t20-lat-svc-15.1.hxg0wf0kno7ecydu3rekkct5h
1790517063866336974|container|exec_die|dcedf4a4a9b4f29453c16aac886e5cee98d8db9d684abaf86f802f26313cf826|t20-lat-svc-15.1.hxg0wf0kno7ecydu3rekkct5h
1790517064866819406|container|exec_create: /bin/sh -c true|dcedf4a4a9b4f29453c16aac886e5cee98d8db9d684abaf86f802f26313cf826|t20-lat-svc-15.1.hxg0wf0kno7ecydu3rekkct5h
1790517064866856920|container|exec_start: /bin/sh -c true|dcedf4a4a9b4f29453c16aac886e5cee98d8db9d684abaf86f802f26313cf826|t20-lat-svc-15.1.hxg0wf0kno7ecydu3rekkct5h
1790517064892223522|container|exec_die|dcedf4a4a9b4f29453c16aac886e5cee98d8db9d684abaf86f802f26313cf826|t20-lat-svc-15.1.hxg0wf0kno7ecydu3rekkct5h
1790517065662182507|container|kill|dcedf4a4a9b4f29453c16aac886e5cee98d8db9d684abaf86f802f26313cf826|t20-lat-svc-15.1.hxg0wf0kno7ecydu3rekkct5h
1790517065819008215|network|disconnect|14dd0091cf68512f991ff07db68c60bcf87dff62b2e2f230898cca1efe8e62aa|bridge
1790517065827724537|container|stop|dcedf4a4a9b4f29453c16aac886e5cee98d8db9d684abaf86f802f26313cf826|t20-lat-svc-15.1.hxg0wf0kno7ecydu3rekkct5h
1790517065836182733|container|die|dcedf4a4a9b4f29453c16aac886e5cee98d8db9d684abaf86f802f26313cf826|t20-lat-svc-15.1.hxg0wf0kno7ecydu3rekkct5h
1790517066141120092|network|connect|14dd0091cf68512f991ff07db68c60bcf87dff62b2e2f230898cca1efe8e62aa|bridge
1790517066159138162|container|start|919c8eaec250835be5bfef5388c323f1295577caef73e5f710682caf39de8b70|t20-lat-svc-15.1.oqg6no7aic3p4zdw6cfjqjaqa
1790517067159383867|container|exec_create: /bin/sh -c true|919c8eaec250835be5bfef5388c323f1295577caef73e5f710682caf39de8b70|t20-lat-svc-15.1.oqg6no7aic3p4zdw6cfjqjaqa
1790517067159448223|container|exec_start: /bin/sh -c true|919c8eaec250835be5bfef5388c323f1295577caef73e5f710682caf39de8b70|t20-lat-svc-15.1.oqg6no7aic3p4zdw6cfjqjaqa
1790517067182510718|container|exec_die|919c8eaec250835be5bfef5388c323f1295577caef73e5f710682caf39de8b70|t20-lat-svc-15.1.oqg6no7aic3p4zdw6cfjqjaqa
1790517067182739696|container|health_status: healthy|919c8eaec250835be5bfef5388c323f1295577caef73e5f710682caf39de8b70|t20-lat-svc-15.1.oqg6no7aic3p4zdw6cfjqjaqa
1790517067602193646|service|remove|6a5h3po4xo6c5ujcp9rxivzxq|t20-lat-svc-15
1790517067995830198|container|destroy|dcedf4a4a9b4f29453c16aac886e5cee98d8db9d684abaf86f802f26313cf826|t20-lat-svc-15.1.hxg0wf0kno7ecydu3rekkct5h
1790517068183632879|container|exec_create: /bin/sh -c true|919c8eaec250835be5bfef5388c323f1295577caef73e5f710682caf39de8b70|t20-lat-svc-15.1.oqg6no7aic3p4zdw6cfjqjaqa
1790517068183667238|container|exec_start: /bin/sh -c true|919c8eaec250835be5bfef5388c323f1295577caef73e5f710682caf39de8b70|t20-lat-svc-15.1.oqg6no7aic3p4zdw6cfjqjaqa
1790517068208436126|container|exec_die|919c8eaec250835be5bfef5388c323f1295577caef73e5f710682caf39de8b70|t20-lat-svc-15.1.oqg6no7aic3p4zdw6cfjqjaqa
1790517068728446862|container|kill|919c8eaec250835be5bfef5388c323f1295577caef73e5f710682caf39de8b70|t20-lat-svc-15.1.oqg6no7aic3p4zdw6cfjqjaqa
1790517069209705482|container|exec_create: /bin/sh -c true|919c8eaec250835be5bfef5388c323f1295577caef73e5f710682caf39de8b70|t20-lat-svc-15.1.oqg6no7aic3p4zdw6cfjqjaqa
1790517069209741504|container|exec_start: /bin/sh -c true|919c8eaec250835be5bfef5388c323f1295577caef73e5f710682caf39de8b70|t20-lat-svc-15.1.oqg6no7aic3p4zdw6cfjqjaqa
1790517069234174690|container|exec_die|919c8eaec250835be5bfef5388c323f1295577caef73e5f710682caf39de8b70|t20-lat-svc-15.1.oqg6no7aic3p4zdw6cfjqjaqa
1790517070234558422|container|exec_create: /bin/sh -c true|919c8eaec250835be5bfef5388c323f1295577caef73e5f710682caf39de8b70|t20-lat-svc-15.1.oqg6no7aic3p4zdw6cfjqjaqa
1790517070234593334|container|exec_start: /bin/sh -c true|919c8eaec250835be5bfef5388c323f1295577caef73e5f710682caf39de8b70|t20-lat-svc-15.1.oqg6no7aic3p4zdw6cfjqjaqa
1790517070260511830|container|exec_die|919c8eaec250835be5bfef5388c323f1295577caef73e5f710682caf39de8b70|t20-lat-svc-15.1.oqg6no7aic3p4zdw6cfjqjaqa
1790517070742325464|container|kill|919c8eaec250835be5bfef5388c323f1295577caef73e5f710682caf39de8b70|t20-lat-svc-15.1.oqg6no7aic3p4zdw6cfjqjaqa
1790517070906177690|network|disconnect|14dd0091cf68512f991ff07db68c60bcf87dff62b2e2f230898cca1efe8e62aa|bridge
1790517070914816841|container|stop|919c8eaec250835be5bfef5388c323f1295577caef73e5f710682caf39de8b70|t20-lat-svc-15.1.oqg6no7aic3p4zdw6cfjqjaqa
1790517070922213811|container|die|919c8eaec250835be5bfef5388c323f1295577caef73e5f710682caf39de8b70|t20-lat-svc-15.1.oqg6no7aic3p4zdw6cfjqjaqa
1790517071351998374|container|destroy|919c8eaec250835be5bfef5388c323f1295577caef73e5f710682caf39de8b70|t20-lat-svc-15.1.oqg6no7aic3p4zdw6cfjqjaqa
1790517088063511607|service|create|s3xo90660kbfpff3h732vsgrq|t20-lat-svc-16
1790517088320454690|container|create|408462ebd95b38a6011b7e41977246369e647f0b05c0650b4b6ad3e7fb316a2f|t20-lat-svc-16.1.xhz8rno98fo9rldcgfakmzvmc
1790517088439524627|network|connect|14dd0091cf68512f991ff07db68c60bcf87dff62b2e2f230898cca1efe8e62aa|bridge
1790517088457507058|container|start|408462ebd95b38a6011b7e41977246369e647f0b05c0650b4b6ad3e7fb316a2f|t20-lat-svc-16.1.xhz8rno98fo9rldcgfakmzvmc
1790517089458181194|container|exec_create: /bin/sh -c true|408462ebd95b38a6011b7e41977246369e647f0b05c0650b4b6ad3e7fb316a2f|t20-lat-svc-16.1.xhz8rno98fo9rldcgfakmzvmc
1790517089458248266|container|exec_start: /bin/sh -c true|408462ebd95b38a6011b7e41977246369e647f0b05c0650b4b6ad3e7fb316a2f|t20-lat-svc-16.1.xhz8rno98fo9rldcgfakmzvmc
1790517089483829834|container|exec_die|408462ebd95b38a6011b7e41977246369e647f0b05c0650b4b6ad3e7fb316a2f|t20-lat-svc-16.1.xhz8rno98fo9rldcgfakmzvmc
1790517089484027990|container|health_status: healthy|408462ebd95b38a6011b7e41977246369e647f0b05c0650b4b6ad3e7fb316a2f|t20-lat-svc-16.1.xhz8rno98fo9rldcgfakmzvmc
1790517090130705261|service|update|s3xo90660kbfpff3h732vsgrq|t20-lat-svc-16
1790517090135688382|service|update|s3xo90660kbfpff3h732vsgrq|t20-lat-svc-16
1790517090399521512|container|create|f5c2706066881014ef2ba8501f98e2745c1830115e32ca7b5578b6ad019fa674|t20-lat-svc-16.1.wb4kmauun6xof1jm6l1cta2kw
1790517090484607491|container|exec_create: /bin/sh -c true|408462ebd95b38a6011b7e41977246369e647f0b05c0650b4b6ad3e7fb316a2f|t20-lat-svc-16.1.xhz8rno98fo9rldcgfakmzvmc
1790517090484648624|container|exec_start: /bin/sh -c true|408462ebd95b38a6011b7e41977246369e647f0b05c0650b4b6ad3e7fb316a2f|t20-lat-svc-16.1.xhz8rno98fo9rldcgfakmzvmc
1790517090508434291|container|exec_die|408462ebd95b38a6011b7e41977246369e647f0b05c0650b4b6ad3e7fb316a2f|t20-lat-svc-16.1.xhz8rno98fo9rldcgfakmzvmc
1790517091319790496|container|kill|408462ebd95b38a6011b7e41977246369e647f0b05c0650b4b6ad3e7fb316a2f|t20-lat-svc-16.1.xhz8rno98fo9rldcgfakmzvmc
1790517091509671823|container|exec_create: /bin/sh -c true|408462ebd95b38a6011b7e41977246369e647f0b05c0650b4b6ad3e7fb316a2f|t20-lat-svc-16.1.xhz8rno98fo9rldcgfakmzvmc
1790517091509706632|container|exec_start: /bin/sh -c true|408462ebd95b38a6011b7e41977246369e647f0b05c0650b4b6ad3e7fb316a2f|t20-lat-svc-16.1.xhz8rno98fo9rldcgfakmzvmc
1790517091533760477|container|exec_die|408462ebd95b38a6011b7e41977246369e647f0b05c0650b4b6ad3e7fb316a2f|t20-lat-svc-16.1.xhz8rno98fo9rldcgfakmzvmc
1790517092534691312|container|exec_create: /bin/sh -c true|408462ebd95b38a6011b7e41977246369e647f0b05c0650b4b6ad3e7fb316a2f|t20-lat-svc-16.1.xhz8rno98fo9rldcgfakmzvmc
1790517092534720536|container|exec_start: /bin/sh -c true|408462ebd95b38a6011b7e41977246369e647f0b05c0650b4b6ad3e7fb316a2f|t20-lat-svc-16.1.xhz8rno98fo9rldcgfakmzvmc
1790517092559646350|container|exec_die|408462ebd95b38a6011b7e41977246369e647f0b05c0650b4b6ad3e7fb316a2f|t20-lat-svc-16.1.xhz8rno98fo9rldcgfakmzvmc
1790517093335634180|container|kill|408462ebd95b38a6011b7e41977246369e647f0b05c0650b4b6ad3e7fb316a2f|t20-lat-svc-16.1.xhz8rno98fo9rldcgfakmzvmc
1790517093497602156|network|disconnect|14dd0091cf68512f991ff07db68c60bcf87dff62b2e2f230898cca1efe8e62aa|bridge
1790517093507483398|container|stop|408462ebd95b38a6011b7e41977246369e647f0b05c0650b4b6ad3e7fb316a2f|t20-lat-svc-16.1.xhz8rno98fo9rldcgfakmzvmc
1790517093516759994|container|die|408462ebd95b38a6011b7e41977246369e647f0b05c0650b4b6ad3e7fb316a2f|t20-lat-svc-16.1.xhz8rno98fo9rldcgfakmzvmc
1790517093859556018|network|connect|14dd0091cf68512f991ff07db68c60bcf87dff62b2e2f230898cca1efe8e62aa|bridge
1790517093876657197|container|start|f5c2706066881014ef2ba8501f98e2745c1830115e32ca7b5578b6ad019fa674|t20-lat-svc-16.1.wb4kmauun6xof1jm6l1cta2kw
1790517094877400033|container|exec_create: /bin/sh -c true|f5c2706066881014ef2ba8501f98e2745c1830115e32ca7b5578b6ad019fa674|t20-lat-svc-16.1.wb4kmauun6xof1jm6l1cta2kw
1790517094877482660|container|exec_start: /bin/sh -c true|f5c2706066881014ef2ba8501f98e2745c1830115e32ca7b5578b6ad019fa674|t20-lat-svc-16.1.wb4kmauun6xof1jm6l1cta2kw
1790517094902983188|container|exec_die|f5c2706066881014ef2ba8501f98e2745c1830115e32ca7b5578b6ad019fa674|t20-lat-svc-16.1.wb4kmauun6xof1jm6l1cta2kw
1790517094903237309|container|health_status: healthy|f5c2706066881014ef2ba8501f98e2745c1830115e32ca7b5578b6ad019fa674|t20-lat-svc-16.1.wb4kmauun6xof1jm6l1cta2kw
1790517095283874656|service|remove|s3xo90660kbfpff3h732vsgrq|t20-lat-svc-16
1790517095678409997|container|destroy|408462ebd95b38a6011b7e41977246369e647f0b05c0650b4b6ad3e7fb316a2f|t20-lat-svc-16.1.xhz8rno98fo9rldcgfakmzvmc
1790517095904334053|container|exec_create: /bin/sh -c true|f5c2706066881014ef2ba8501f98e2745c1830115e32ca7b5578b6ad019fa674|t20-lat-svc-16.1.wb4kmauun6xof1jm6l1cta2kw
1790517095904372207|container|exec_start: /bin/sh -c true|f5c2706066881014ef2ba8501f98e2745c1830115e32ca7b5578b6ad019fa674|t20-lat-svc-16.1.wb4kmauun6xof1jm6l1cta2kw
1790517095928826640|container|exec_die|f5c2706066881014ef2ba8501f98e2745c1830115e32ca7b5578b6ad019fa674|t20-lat-svc-16.1.wb4kmauun6xof1jm6l1cta2kw
1790517096410176777|container|kill|f5c2706066881014ef2ba8501f98e2745c1830115e32ca7b5578b6ad019fa674|t20-lat-svc-16.1.wb4kmauun6xof1jm6l1cta2kw
1790517096929878587|container|exec_create: /bin/sh -c true|f5c2706066881014ef2ba8501f98e2745c1830115e32ca7b5578b6ad019fa674|t20-lat-svc-16.1.wb4kmauun6xof1jm6l1cta2kw
1790517096929913893|container|exec_start: /bin/sh -c true|f5c2706066881014ef2ba8501f98e2745c1830115e32ca7b5578b6ad019fa674|t20-lat-svc-16.1.wb4kmauun6xof1jm6l1cta2kw
1790517096955070748|container|exec_die|f5c2706066881014ef2ba8501f98e2745c1830115e32ca7b5578b6ad019fa674|t20-lat-svc-16.1.wb4kmauun6xof1jm6l1cta2kw
1790517097955870067|container|exec_create: /bin/sh -c true|f5c2706066881014ef2ba8501f98e2745c1830115e32ca7b5578b6ad019fa674|t20-lat-svc-16.1.wb4kmauun6xof1jm6l1cta2kw
1790517097955904334|container|exec_start: /bin/sh -c true|f5c2706066881014ef2ba8501f98e2745c1830115e32ca7b5578b6ad019fa674|t20-lat-svc-16.1.wb4kmauun6xof1jm6l1cta2kw
1790517097980836047|container|exec_die|f5c2706066881014ef2ba8501f98e2745c1830115e32ca7b5578b6ad019fa674|t20-lat-svc-16.1.wb4kmauun6xof1jm6l1cta2kw
1790517098423851196|container|kill|f5c2706066881014ef2ba8501f98e2745c1830115e32ca7b5578b6ad019fa674|t20-lat-svc-16.1.wb4kmauun6xof1jm6l1cta2kw
1790517098597619561|network|disconnect|14dd0091cf68512f991ff07db68c60bcf87dff62b2e2f230898cca1efe8e62aa|bridge
1790517098607329969|container|stop|f5c2706066881014ef2ba8501f98e2745c1830115e32ca7b5578b6ad019fa674|t20-lat-svc-16.1.wb4kmauun6xof1jm6l1cta2kw
1790517098615694734|container|die|f5c2706066881014ef2ba8501f98e2745c1830115e32ca7b5578b6ad019fa674|t20-lat-svc-16.1.wb4kmauun6xof1jm6l1cta2kw
1790517099044399297|container|destroy|f5c2706066881014ef2ba8501f98e2745c1830115e32ca7b5578b6ad019fa674|t20-lat-svc-16.1.wb4kmauun6xof1jm6l1cta2kw
1790517108703668557|service|create|7h2o4nkmyxbox7y3i05leb4qg|t20-lat-svc-17
1790517108964897421|container|create|20191b07f1e69369612c57965d9a57ad589c01ff7457371930cf75204c190b4c|t20-lat-svc-17.1.qo5d3mxgy7ziffywvjeakk5nd
1790517109096974248|network|connect|14dd0091cf68512f991ff07db68c60bcf87dff62b2e2f230898cca1efe8e62aa|bridge
1790517109120025671|container|start|20191b07f1e69369612c57965d9a57ad589c01ff7457371930cf75204c190b4c|t20-lat-svc-17.1.qo5d3mxgy7ziffywvjeakk5nd
1790517110120219845|container|exec_create: /bin/sh -c true|20191b07f1e69369612c57965d9a57ad589c01ff7457371930cf75204c190b4c|t20-lat-svc-17.1.qo5d3mxgy7ziffywvjeakk5nd
1790517110120256476|container|exec_start: /bin/sh -c true|20191b07f1e69369612c57965d9a57ad589c01ff7457371930cf75204c190b4c|t20-lat-svc-17.1.qo5d3mxgy7ziffywvjeakk5nd
1790517110145456310|container|exec_die|20191b07f1e69369612c57965d9a57ad589c01ff7457371930cf75204c190b4c|t20-lat-svc-17.1.qo5d3mxgy7ziffywvjeakk5nd
1790517110145707261|container|health_status: healthy|20191b07f1e69369612c57965d9a57ad589c01ff7457371930cf75204c190b4c|t20-lat-svc-17.1.qo5d3mxgy7ziffywvjeakk5nd
1790517110769903865|service|update|7h2o4nkmyxbox7y3i05leb4qg|t20-lat-svc-17
1790517110772138384|service|update|7h2o4nkmyxbox7y3i05leb4qg|t20-lat-svc-17
1790517111041004554|container|create|71237b4e94781104eac4259610ff3ef079fc45aea8676cb1b986f4b122728009|t20-lat-svc-17.1.qj0aly6ix006wmpz2sgcluo6w
1790517111146050145|container|exec_create: /bin/sh -c true|20191b07f1e69369612c57965d9a57ad589c01ff7457371930cf75204c190b4c|t20-lat-svc-17.1.qo5d3mxgy7ziffywvjeakk5nd
1790517111146081827|container|exec_start: /bin/sh -c true|20191b07f1e69369612c57965d9a57ad589c01ff7457371930cf75204c190b4c|t20-lat-svc-17.1.qo5d3mxgy7ziffywvjeakk5nd
1790517111171938347|container|exec_die|20191b07f1e69369612c57965d9a57ad589c01ff7457371930cf75204c190b4c|t20-lat-svc-17.1.qo5d3mxgy7ziffywvjeakk5nd
1790517111963279656|container|kill|20191b07f1e69369612c57965d9a57ad589c01ff7457371930cf75204c190b4c|t20-lat-svc-17.1.qo5d3mxgy7ziffywvjeakk5nd
1790517112173126677|container|exec_create: /bin/sh -c true|20191b07f1e69369612c57965d9a57ad589c01ff7457371930cf75204c190b4c|t20-lat-svc-17.1.qo5d3mxgy7ziffywvjeakk5nd
1790517112173153997|container|exec_start: /bin/sh -c true|20191b07f1e69369612c57965d9a57ad589c01ff7457371930cf75204c190b4c|t20-lat-svc-17.1.qo5d3mxgy7ziffywvjeakk5nd
1790517112198085534|container|exec_die|20191b07f1e69369612c57965d9a57ad589c01ff7457371930cf75204c190b4c|t20-lat-svc-17.1.qo5d3mxgy7ziffywvjeakk5nd
1790517113197995292|container|exec_create: /bin/sh -c true|20191b07f1e69369612c57965d9a57ad589c01ff7457371930cf75204c190b4c|t20-lat-svc-17.1.qo5d3mxgy7ziffywvjeakk5nd
1790517113198022801|container|exec_start: /bin/sh -c true|20191b07f1e69369612c57965d9a57ad589c01ff7457371930cf75204c190b4c|t20-lat-svc-17.1.qo5d3mxgy7ziffywvjeakk5nd
1790517113222445825|container|exec_die|20191b07f1e69369612c57965d9a57ad589c01ff7457371930cf75204c190b4c|t20-lat-svc-17.1.qo5d3mxgy7ziffywvjeakk5nd
1790517113976393262|container|kill|20191b07f1e69369612c57965d9a57ad589c01ff7457371930cf75204c190b4c|t20-lat-svc-17.1.qo5d3mxgy7ziffywvjeakk5nd
1790517114136194151|network|disconnect|14dd0091cf68512f991ff07db68c60bcf87dff62b2e2f230898cca1efe8e62aa|bridge
1790517114144902724|container|stop|20191b07f1e69369612c57965d9a57ad589c01ff7457371930cf75204c190b4c|t20-lat-svc-17.1.qo5d3mxgy7ziffywvjeakk5nd
1790517114153300157|container|die|20191b07f1e69369612c57965d9a57ad589c01ff7457371930cf75204c190b4c|t20-lat-svc-17.1.qo5d3mxgy7ziffywvjeakk5nd
1790517114413312761|network|connect|14dd0091cf68512f991ff07db68c60bcf87dff62b2e2f230898cca1efe8e62aa|bridge
1790517114431238283|container|start|71237b4e94781104eac4259610ff3ef079fc45aea8676cb1b986f4b122728009|t20-lat-svc-17.1.qj0aly6ix006wmpz2sgcluo6w
1790517115431784523|container|exec_create: /bin/sh -c true|71237b4e94781104eac4259610ff3ef079fc45aea8676cb1b986f4b122728009|t20-lat-svc-17.1.qj0aly6ix006wmpz2sgcluo6w
1790517115431843766|container|exec_start: /bin/sh -c true|71237b4e94781104eac4259610ff3ef079fc45aea8676cb1b986f4b122728009|t20-lat-svc-17.1.qj0aly6ix006wmpz2sgcluo6w
1790517115456401972|container|exec_die|71237b4e94781104eac4259610ff3ef079fc45aea8676cb1b986f4b122728009|t20-lat-svc-17.1.qj0aly6ix006wmpz2sgcluo6w
1790517115456610277|container|health_status: healthy|71237b4e94781104eac4259610ff3ef079fc45aea8676cb1b986f4b122728009|t20-lat-svc-17.1.qj0aly6ix006wmpz2sgcluo6w
1790517115916438432|service|remove|7h2o4nkmyxbox7y3i05leb4qg|t20-lat-svc-17
1790517116312139250|container|destroy|20191b07f1e69369612c57965d9a57ad589c01ff7457371930cf75204c190b4c|t20-lat-svc-17.1.qo5d3mxgy7ziffywvjeakk5nd
1790517116457372199|container|exec_create: /bin/sh -c true|71237b4e94781104eac4259610ff3ef079fc45aea8676cb1b986f4b122728009|t20-lat-svc-17.1.qj0aly6ix006wmpz2sgcluo6w
1790517116457494067|container|exec_start: /bin/sh -c true|71237b4e94781104eac4259610ff3ef079fc45aea8676cb1b986f4b122728009|t20-lat-svc-17.1.qj0aly6ix006wmpz2sgcluo6w
1790517116482518983|container|exec_die|71237b4e94781104eac4259610ff3ef079fc45aea8676cb1b986f4b122728009|t20-lat-svc-17.1.qj0aly6ix006wmpz2sgcluo6w
1790517117046538852|container|kill|71237b4e94781104eac4259610ff3ef079fc45aea8676cb1b986f4b122728009|t20-lat-svc-17.1.qj0aly6ix006wmpz2sgcluo6w
1790517117482843438|container|exec_create: /bin/sh -c true|71237b4e94781104eac4259610ff3ef079fc45aea8676cb1b986f4b122728009|t20-lat-svc-17.1.qj0aly6ix006wmpz2sgcluo6w
1790517117482869726|container|exec_start: /bin/sh -c true|71237b4e94781104eac4259610ff3ef079fc45aea8676cb1b986f4b122728009|t20-lat-svc-17.1.qj0aly6ix006wmpz2sgcluo6w
1790517117508021125|container|exec_die|71237b4e94781104eac4259610ff3ef079fc45aea8676cb1b986f4b122728009|t20-lat-svc-17.1.qj0aly6ix006wmpz2sgcluo6w
1790517118509086716|container|exec_create: /bin/sh -c true|71237b4e94781104eac4259610ff3ef079fc45aea8676cb1b986f4b122728009|t20-lat-svc-17.1.qj0aly6ix006wmpz2sgcluo6w
1790517118509127536|container|exec_start: /bin/sh -c true|71237b4e94781104eac4259610ff3ef079fc45aea8676cb1b986f4b122728009|t20-lat-svc-17.1.qj0aly6ix006wmpz2sgcluo6w
1790517118533709505|container|exec_die|71237b4e94781104eac4259610ff3ef079fc45aea8676cb1b986f4b122728009|t20-lat-svc-17.1.qj0aly6ix006wmpz2sgcluo6w
1790517119060796090|container|kill|71237b4e94781104eac4259610ff3ef079fc45aea8676cb1b986f4b122728009|t20-lat-svc-17.1.qj0aly6ix006wmpz2sgcluo6w
1790517119224448893|network|disconnect|14dd0091cf68512f991ff07db68c60bcf87dff62b2e2f230898cca1efe8e62aa|bridge
1790517119234092756|container|stop|71237b4e94781104eac4259610ff3ef079fc45aea8676cb1b986f4b122728009|t20-lat-svc-17.1.qj0aly6ix006wmpz2sgcluo6w
1790517119243473748|container|die|71237b4e94781104eac4259610ff3ef079fc45aea8676cb1b986f4b122728009|t20-lat-svc-17.1.qj0aly6ix006wmpz2sgcluo6w
1790517119707167945|container|destroy|71237b4e94781104eac4259610ff3ef079fc45aea8676cb1b986f4b122728009|t20-lat-svc-17.1.qj0aly6ix006wmpz2sgcluo6w
1790517136635213646|service|create|vn94gjhtmzzudcs5o3z6kao5d|t20-lat-svc-18
1790517136898714305|container|create|f1d4491bc799fc668e7464476dafdd100e61733e37d274b88f9517fe5731a857|t20-lat-svc-18.1.1mo85a16acgcd8kcckk14iajd
1790517137024898170|network|connect|14dd0091cf68512f991ff07db68c60bcf87dff62b2e2f230898cca1efe8e62aa|bridge
1790517137042966935|container|start|f1d4491bc799fc668e7464476dafdd100e61733e37d274b88f9517fe5731a857|t20-lat-svc-18.1.1mo85a16acgcd8kcckk14iajd
1790517138043823105|container|exec_create: /bin/sh -c true|f1d4491bc799fc668e7464476dafdd100e61733e37d274b88f9517fe5731a857|t20-lat-svc-18.1.1mo85a16acgcd8kcckk14iajd
1790517138043888687|container|exec_start: /bin/sh -c true|f1d4491bc799fc668e7464476dafdd100e61733e37d274b88f9517fe5731a857|t20-lat-svc-18.1.1mo85a16acgcd8kcckk14iajd
1790517138069179702|container|exec_die|f1d4491bc799fc668e7464476dafdd100e61733e37d274b88f9517fe5731a857|t20-lat-svc-18.1.1mo85a16acgcd8kcckk14iajd
1790517138069405236|container|health_status: healthy|f1d4491bc799fc668e7464476dafdd100e61733e37d274b88f9517fe5731a857|t20-lat-svc-18.1.1mo85a16acgcd8kcckk14iajd
1790517138705916115|service|update|vn94gjhtmzzudcs5o3z6kao5d|t20-lat-svc-18
1790517138709181701|service|update|vn94gjhtmzzudcs5o3z6kao5d|t20-lat-svc-18
1790517138978023394|container|create|bbd87d0a6e5113325d17b4a984928c88c69fd1668ce76725e8b27b2822695fcf|t20-lat-svc-18.1.2ko6u1df4vihxy55ciaclm0bm
1790517139070443353|container|exec_create: /bin/sh -c true|f1d4491bc799fc668e7464476dafdd100e61733e37d274b88f9517fe5731a857|t20-lat-svc-18.1.1mo85a16acgcd8kcckk14iajd
1790517139070467206|container|exec_start: /bin/sh -c true|f1d4491bc799fc668e7464476dafdd100e61733e37d274b88f9517fe5731a857|t20-lat-svc-18.1.1mo85a16acgcd8kcckk14iajd
1790517139096371771|container|exec_die|f1d4491bc799fc668e7464476dafdd100e61733e37d274b88f9517fe5731a857|t20-lat-svc-18.1.1mo85a16acgcd8kcckk14iajd
1790517139900982686|container|kill|f1d4491bc799fc668e7464476dafdd100e61733e37d274b88f9517fe5731a857|t20-lat-svc-18.1.1mo85a16acgcd8kcckk14iajd
1790517140096704029|container|exec_create: /bin/sh -c true|f1d4491bc799fc668e7464476dafdd100e61733e37d274b88f9517fe5731a857|t20-lat-svc-18.1.1mo85a16acgcd8kcckk14iajd
1790517140096741357|container|exec_start: /bin/sh -c true|f1d4491bc799fc668e7464476dafdd100e61733e37d274b88f9517fe5731a857|t20-lat-svc-18.1.1mo85a16acgcd8kcckk14iajd
1790517140122336443|container|exec_die|f1d4491bc799fc668e7464476dafdd100e61733e37d274b88f9517fe5731a857|t20-lat-svc-18.1.1mo85a16acgcd8kcckk14iajd
1790517141122997116|container|exec_create: /bin/sh -c true|f1d4491bc799fc668e7464476dafdd100e61733e37d274b88f9517fe5731a857|t20-lat-svc-18.1.1mo85a16acgcd8kcckk14iajd
1790517141123030449|container|exec_start: /bin/sh -c true|f1d4491bc799fc668e7464476dafdd100e61733e37d274b88f9517fe5731a857|t20-lat-svc-18.1.1mo85a16acgcd8kcckk14iajd
1790517141150123875|container|exec_die|f1d4491bc799fc668e7464476dafdd100e61733e37d274b88f9517fe5731a857|t20-lat-svc-18.1.1mo85a16acgcd8kcckk14iajd
1790517141915367311|container|kill|f1d4491bc799fc668e7464476dafdd100e61733e37d274b88f9517fe5731a857|t20-lat-svc-18.1.1mo85a16acgcd8kcckk14iajd
1790517142051936851|network|disconnect|14dd0091cf68512f991ff07db68c60bcf87dff62b2e2f230898cca1efe8e62aa|bridge
1790517142067729070|container|stop|f1d4491bc799fc668e7464476dafdd100e61733e37d274b88f9517fe5731a857|t20-lat-svc-18.1.1mo85a16acgcd8kcckk14iajd
1790517142076151310|container|die|f1d4491bc799fc668e7464476dafdd100e61733e37d274b88f9517fe5731a857|t20-lat-svc-18.1.1mo85a16acgcd8kcckk14iajd
1790517142403827777|network|connect|14dd0091cf68512f991ff07db68c60bcf87dff62b2e2f230898cca1efe8e62aa|bridge
1790517142420968866|container|start|bbd87d0a6e5113325d17b4a984928c88c69fd1668ce76725e8b27b2822695fcf|t20-lat-svc-18.1.2ko6u1df4vihxy55ciaclm0bm
1790517143421312679|container|exec_create: /bin/sh -c true|bbd87d0a6e5113325d17b4a984928c88c69fd1668ce76725e8b27b2822695fcf|t20-lat-svc-18.1.2ko6u1df4vihxy55ciaclm0bm
1790517143421384436|container|exec_start: /bin/sh -c true|bbd87d0a6e5113325d17b4a984928c88c69fd1668ce76725e8b27b2822695fcf|t20-lat-svc-18.1.2ko6u1df4vihxy55ciaclm0bm
1790517143447200070|container|exec_die|bbd87d0a6e5113325d17b4a984928c88c69fd1668ce76725e8b27b2822695fcf|t20-lat-svc-18.1.2ko6u1df4vihxy55ciaclm0bm
1790517143447419892|container|health_status: healthy|bbd87d0a6e5113325d17b4a984928c88c69fd1668ce76725e8b27b2822695fcf|t20-lat-svc-18.1.2ko6u1df4vihxy55ciaclm0bm
1790517143854112367|service|remove|vn94gjhtmzzudcs5o3z6kao5d|t20-lat-svc-18
1790517144250806172|container|destroy|f1d4491bc799fc668e7464476dafdd100e61733e37d274b88f9517fe5731a857|t20-lat-svc-18.1.1mo85a16acgcd8kcckk14iajd
1790517144447624740|container|exec_create: /bin/sh -c true|bbd87d0a6e5113325d17b4a984928c88c69fd1668ce76725e8b27b2822695fcf|t20-lat-svc-18.1.2ko6u1df4vihxy55ciaclm0bm
1790517144447663549|container|exec_start: /bin/sh -c true|bbd87d0a6e5113325d17b4a984928c88c69fd1668ce76725e8b27b2822695fcf|t20-lat-svc-18.1.2ko6u1df4vihxy55ciaclm0bm
1790517144473063856|container|exec_die|bbd87d0a6e5113325d17b4a984928c88c69fd1668ce76725e8b27b2822695fcf|t20-lat-svc-18.1.2ko6u1df4vihxy55ciaclm0bm
1790517144981182335|container|kill|bbd87d0a6e5113325d17b4a984928c88c69fd1668ce76725e8b27b2822695fcf|t20-lat-svc-18.1.2ko6u1df4vihxy55ciaclm0bm
1790517145474091749|container|exec_create: /bin/sh -c true|bbd87d0a6e5113325d17b4a984928c88c69fd1668ce76725e8b27b2822695fcf|t20-lat-svc-18.1.2ko6u1df4vihxy55ciaclm0bm
1790517145474132608|container|exec_start: /bin/sh -c true|bbd87d0a6e5113325d17b4a984928c88c69fd1668ce76725e8b27b2822695fcf|t20-lat-svc-18.1.2ko6u1df4vihxy55ciaclm0bm
1790517145498185246|container|exec_die|bbd87d0a6e5113325d17b4a984928c88c69fd1668ce76725e8b27b2822695fcf|t20-lat-svc-18.1.2ko6u1df4vihxy55ciaclm0bm
1790517146499129884|container|exec_create: /bin/sh -c true|bbd87d0a6e5113325d17b4a984928c88c69fd1668ce76725e8b27b2822695fcf|t20-lat-svc-18.1.2ko6u1df4vihxy55ciaclm0bm
1790517146499167114|container|exec_start: /bin/sh -c true|bbd87d0a6e5113325d17b4a984928c88c69fd1668ce76725e8b27b2822695fcf|t20-lat-svc-18.1.2ko6u1df4vihxy55ciaclm0bm
1790517146523325119|container|exec_die|bbd87d0a6e5113325d17b4a984928c88c69fd1668ce76725e8b27b2822695fcf|t20-lat-svc-18.1.2ko6u1df4vihxy55ciaclm0bm
1790517146996076694|container|kill|bbd87d0a6e5113325d17b4a984928c88c69fd1668ce76725e8b27b2822695fcf|t20-lat-svc-18.1.2ko6u1df4vihxy55ciaclm0bm
1790517147161053876|network|disconnect|14dd0091cf68512f991ff07db68c60bcf87dff62b2e2f230898cca1efe8e62aa|bridge
1790517147169833266|container|stop|bbd87d0a6e5113325d17b4a984928c88c69fd1668ce76725e8b27b2822695fcf|t20-lat-svc-18.1.2ko6u1df4vihxy55ciaclm0bm
1790517147178166468|container|die|bbd87d0a6e5113325d17b4a984928c88c69fd1668ce76725e8b27b2822695fcf|t20-lat-svc-18.1.2ko6u1df4vihxy55ciaclm0bm
1790517147596813309|container|destroy|bbd87d0a6e5113325d17b4a984928c88c69fd1668ce76725e8b27b2822695fcf|t20-lat-svc-18.1.2ko6u1df4vihxy55ciaclm0bm
1790517158390645046|service|create|6j39g4fgo97ijqdnh59nbf9l9|t20-lat-svc-19
1790517158644433018|container|create|e3a514b598b6cc31c8d7f439c97659cf8a5701dd80dc2a07e3fee240a4cefd9d|t20-lat-svc-19.1.m1pjg46bometvmk8ql8yzdhgp
1790517158780289163|network|connect|14dd0091cf68512f991ff07db68c60bcf87dff62b2e2f230898cca1efe8e62aa|bridge
1790517158797329760|container|start|e3a514b598b6cc31c8d7f439c97659cf8a5701dd80dc2a07e3fee240a4cefd9d|t20-lat-svc-19.1.m1pjg46bometvmk8ql8yzdhgp
1790517159798024794|container|exec_create: /bin/sh -c true|e3a514b598b6cc31c8d7f439c97659cf8a5701dd80dc2a07e3fee240a4cefd9d|t20-lat-svc-19.1.m1pjg46bometvmk8ql8yzdhgp
1790517159798106990|container|exec_start: /bin/sh -c true|e3a514b598b6cc31c8d7f439c97659cf8a5701dd80dc2a07e3fee240a4cefd9d|t20-lat-svc-19.1.m1pjg46bometvmk8ql8yzdhgp
1790517159822476479|container|exec_die|e3a514b598b6cc31c8d7f439c97659cf8a5701dd80dc2a07e3fee240a4cefd9d|t20-lat-svc-19.1.m1pjg46bometvmk8ql8yzdhgp
1790517159822797796|container|health_status: healthy|e3a514b598b6cc31c8d7f439c97659cf8a5701dd80dc2a07e3fee240a4cefd9d|t20-lat-svc-19.1.m1pjg46bometvmk8ql8yzdhgp
1790517160457183234|service|update|6j39g4fgo97ijqdnh59nbf9l9|t20-lat-svc-19
1790517160459454857|service|update|6j39g4fgo97ijqdnh59nbf9l9|t20-lat-svc-19
1790517160723345345|container|create|29eba2bcfc9e78b210f66ef8f69211d8e9384b2dd121198ccc6bf73378780f77|t20-lat-svc-19.1.j5n00v6rfzqeqn1bxk81akybg
1790517160823809387|container|exec_create: /bin/sh -c true|e3a514b598b6cc31c8d7f439c97659cf8a5701dd80dc2a07e3fee240a4cefd9d|t20-lat-svc-19.1.m1pjg46bometvmk8ql8yzdhgp
1790517160823839232|container|exec_start: /bin/sh -c true|e3a514b598b6cc31c8d7f439c97659cf8a5701dd80dc2a07e3fee240a4cefd9d|t20-lat-svc-19.1.m1pjg46bometvmk8ql8yzdhgp
1790517160848702450|container|exec_die|e3a514b598b6cc31c8d7f439c97659cf8a5701dd80dc2a07e3fee240a4cefd9d|t20-lat-svc-19.1.m1pjg46bometvmk8ql8yzdhgp
1790517161645567335|container|kill|e3a514b598b6cc31c8d7f439c97659cf8a5701dd80dc2a07e3fee240a4cefd9d|t20-lat-svc-19.1.m1pjg46bometvmk8ql8yzdhgp
1790517161849551250|container|exec_create: /bin/sh -c true|e3a514b598b6cc31c8d7f439c97659cf8a5701dd80dc2a07e3fee240a4cefd9d|t20-lat-svc-19.1.m1pjg46bometvmk8ql8yzdhgp
1790517161849585095|container|exec_start: /bin/sh -c true|e3a514b598b6cc31c8d7f439c97659cf8a5701dd80dc2a07e3fee240a4cefd9d|t20-lat-svc-19.1.m1pjg46bometvmk8ql8yzdhgp
1790517161874609445|container|exec_die|e3a514b598b6cc31c8d7f439c97659cf8a5701dd80dc2a07e3fee240a4cefd9d|t20-lat-svc-19.1.m1pjg46bometvmk8ql8yzdhgp
1790517162875275765|container|exec_create: /bin/sh -c true|e3a514b598b6cc31c8d7f439c97659cf8a5701dd80dc2a07e3fee240a4cefd9d|t20-lat-svc-19.1.m1pjg46bometvmk8ql8yzdhgp
1790517162875309331|container|exec_start: /bin/sh -c true|e3a514b598b6cc31c8d7f439c97659cf8a5701dd80dc2a07e3fee240a4cefd9d|t20-lat-svc-19.1.m1pjg46bometvmk8ql8yzdhgp
1790517162899596880|container|exec_die|e3a514b598b6cc31c8d7f439c97659cf8a5701dd80dc2a07e3fee240a4cefd9d|t20-lat-svc-19.1.m1pjg46bometvmk8ql8yzdhgp
1790517163659017207|container|kill|e3a514b598b6cc31c8d7f439c97659cf8a5701dd80dc2a07e3fee240a4cefd9d|t20-lat-svc-19.1.m1pjg46bometvmk8ql8yzdhgp
1790517163817411750|network|disconnect|14dd0091cf68512f991ff07db68c60bcf87dff62b2e2f230898cca1efe8e62aa|bridge
1790517163828189205|container|stop|e3a514b598b6cc31c8d7f439c97659cf8a5701dd80dc2a07e3fee240a4cefd9d|t20-lat-svc-19.1.m1pjg46bometvmk8ql8yzdhgp
1790517163836498737|container|die|e3a514b598b6cc31c8d7f439c97659cf8a5701dd80dc2a07e3fee240a4cefd9d|t20-lat-svc-19.1.m1pjg46bometvmk8ql8yzdhgp
1790517164162409314|network|connect|14dd0091cf68512f991ff07db68c60bcf87dff62b2e2f230898cca1efe8e62aa|bridge
1790517164180525028|container|start|29eba2bcfc9e78b210f66ef8f69211d8e9384b2dd121198ccc6bf73378780f77|t20-lat-svc-19.1.j5n00v6rfzqeqn1bxk81akybg
1790517165181226383|container|exec_create: /bin/sh -c true|29eba2bcfc9e78b210f66ef8f69211d8e9384b2dd121198ccc6bf73378780f77|t20-lat-svc-19.1.j5n00v6rfzqeqn1bxk81akybg
1790517165181263695|container|exec_start: /bin/sh -c true|29eba2bcfc9e78b210f66ef8f69211d8e9384b2dd121198ccc6bf73378780f77|t20-lat-svc-19.1.j5n00v6rfzqeqn1bxk81akybg
1790517165206576071|container|exec_die|29eba2bcfc9e78b210f66ef8f69211d8e9384b2dd121198ccc6bf73378780f77|t20-lat-svc-19.1.j5n00v6rfzqeqn1bxk81akybg
1790517165206900506|container|health_status: healthy|29eba2bcfc9e78b210f66ef8f69211d8e9384b2dd121198ccc6bf73378780f77|t20-lat-svc-19.1.j5n00v6rfzqeqn1bxk81akybg
1790517165602654959|service|remove|6j39g4fgo97ijqdnh59nbf9l9|t20-lat-svc-19
1790517166000130420|container|destroy|e3a514b598b6cc31c8d7f439c97659cf8a5701dd80dc2a07e3fee240a4cefd9d|t20-lat-svc-19.1.m1pjg46bometvmk8ql8yzdhgp
1790517166207783420|container|exec_create: /bin/sh -c true|29eba2bcfc9e78b210f66ef8f69211d8e9384b2dd121198ccc6bf73378780f77|t20-lat-svc-19.1.j5n00v6rfzqeqn1bxk81akybg
1790517166207810684|container|exec_start: /bin/sh -c true|29eba2bcfc9e78b210f66ef8f69211d8e9384b2dd121198ccc6bf73378780f77|t20-lat-svc-19.1.j5n00v6rfzqeqn1bxk81akybg
1790517166232785723|container|exec_die|29eba2bcfc9e78b210f66ef8f69211d8e9384b2dd121198ccc6bf73378780f77|t20-lat-svc-19.1.j5n00v6rfzqeqn1bxk81akybg
1790517166727915826|container|kill|29eba2bcfc9e78b210f66ef8f69211d8e9384b2dd121198ccc6bf73378780f77|t20-lat-svc-19.1.j5n00v6rfzqeqn1bxk81akybg
1790517167233923324|container|exec_create: /bin/sh -c true|29eba2bcfc9e78b210f66ef8f69211d8e9384b2dd121198ccc6bf73378780f77|t20-lat-svc-19.1.j5n00v6rfzqeqn1bxk81akybg
1790517167233962958|container|exec_start: /bin/sh -c true|29eba2bcfc9e78b210f66ef8f69211d8e9384b2dd121198ccc6bf73378780f77|t20-lat-svc-19.1.j5n00v6rfzqeqn1bxk81akybg
1790517167258845739|container|exec_die|29eba2bcfc9e78b210f66ef8f69211d8e9384b2dd121198ccc6bf73378780f77|t20-lat-svc-19.1.j5n00v6rfzqeqn1bxk81akybg
1790517168260053522|container|exec_create: /bin/sh -c true|29eba2bcfc9e78b210f66ef8f69211d8e9384b2dd121198ccc6bf73378780f77|t20-lat-svc-19.1.j5n00v6rfzqeqn1bxk81akybg
1790517168260095761|container|exec_start: /bin/sh -c true|29eba2bcfc9e78b210f66ef8f69211d8e9384b2dd121198ccc6bf73378780f77|t20-lat-svc-19.1.j5n00v6rfzqeqn1bxk81akybg
1790517168284609176|container|exec_die|29eba2bcfc9e78b210f66ef8f69211d8e9384b2dd121198ccc6bf73378780f77|t20-lat-svc-19.1.j5n00v6rfzqeqn1bxk81akybg
1790517168741718134|container|kill|29eba2bcfc9e78b210f66ef8f69211d8e9384b2dd121198ccc6bf73378780f77|t20-lat-svc-19.1.j5n00v6rfzqeqn1bxk81akybg
1790517168886589180|network|disconnect|14dd0091cf68512f991ff07db68c60bcf87dff62b2e2f230898cca1efe8e62aa|bridge
1790517168896198263|container|stop|29eba2bcfc9e78b210f66ef8f69211d8e9384b2dd121198ccc6bf73378780f77|t20-lat-svc-19.1.j5n00v6rfzqeqn1bxk81akybg
1790517168904552534|container|die|29eba2bcfc9e78b210f66ef8f69211d8e9384b2dd121198ccc6bf73378780f77|t20-lat-svc-19.1.j5n00v6rfzqeqn1bxk81akybg
1790517169360251560|container|destroy|29eba2bcfc9e78b210f66ef8f69211d8e9384b2dd121198ccc6bf73378780f77|t20-lat-svc-19.1.j5n00v6rfzqeqn1bxk81akybg
1790517172518856852|service|create|zqpvaa1fy5l5qnv4e3a6ro14z|t20-lat-svc-20
1790517172777643928|container|create|056e44ef67afab3ad4d567fa30572e7f31f61560438c1b2363704bb0196f1222|t20-lat-svc-20.1.rismf1oyhoihmnkgwzjkdg9a5
1790517172901640440|network|connect|14dd0091cf68512f991ff07db68c60bcf87dff62b2e2f230898cca1efe8e62aa|bridge
1790517172918605822|container|start|056e44ef67afab3ad4d567fa30572e7f31f61560438c1b2363704bb0196f1222|t20-lat-svc-20.1.rismf1oyhoihmnkgwzjkdg9a5
1790517173919489365|container|exec_create: /bin/sh -c true|056e44ef67afab3ad4d567fa30572e7f31f61560438c1b2363704bb0196f1222|t20-lat-svc-20.1.rismf1oyhoihmnkgwzjkdg9a5
1790517173919583189|container|exec_start: /bin/sh -c true|056e44ef67afab3ad4d567fa30572e7f31f61560438c1b2363704bb0196f1222|t20-lat-svc-20.1.rismf1oyhoihmnkgwzjkdg9a5
1790517173945106903|container|exec_die|056e44ef67afab3ad4d567fa30572e7f31f61560438c1b2363704bb0196f1222|t20-lat-svc-20.1.rismf1oyhoihmnkgwzjkdg9a5
1790517173945351543|container|health_status: healthy|056e44ef67afab3ad4d567fa30572e7f31f61560438c1b2363704bb0196f1222|t20-lat-svc-20.1.rismf1oyhoihmnkgwzjkdg9a5
1790517174586113840|service|update|zqpvaa1fy5l5qnv4e3a6ro14z|t20-lat-svc-20
1790517174588822791|service|update|zqpvaa1fy5l5qnv4e3a6ro14z|t20-lat-svc-20
1790517174847675070|container|create|92cb101792a10d407bad6eb0b937315f60044e574e07365d9bce5e523b5197d1|t20-lat-svc-20.1.kshk9v2rxu39hfu22vtu3fwrr
1790517174946490472|container|exec_create: /bin/sh -c true|056e44ef67afab3ad4d567fa30572e7f31f61560438c1b2363704bb0196f1222|t20-lat-svc-20.1.rismf1oyhoihmnkgwzjkdg9a5
1790517174946523497|container|exec_start: /bin/sh -c true|056e44ef67afab3ad4d567fa30572e7f31f61560438c1b2363704bb0196f1222|t20-lat-svc-20.1.rismf1oyhoihmnkgwzjkdg9a5
1790517174971660432|container|exec_die|056e44ef67afab3ad4d567fa30572e7f31f61560438c1b2363704bb0196f1222|t20-lat-svc-20.1.rismf1oyhoihmnkgwzjkdg9a5
1790517175772932317|container|kill|056e44ef67afab3ad4d567fa30572e7f31f61560438c1b2363704bb0196f1222|t20-lat-svc-20.1.rismf1oyhoihmnkgwzjkdg9a5
1790517175972374544|container|exec_create: /bin/sh -c true|056e44ef67afab3ad4d567fa30572e7f31f61560438c1b2363704bb0196f1222|t20-lat-svc-20.1.rismf1oyhoihmnkgwzjkdg9a5
1790517175972408292|container|exec_start: /bin/sh -c true|056e44ef67afab3ad4d567fa30572e7f31f61560438c1b2363704bb0196f1222|t20-lat-svc-20.1.rismf1oyhoihmnkgwzjkdg9a5
1790517175998182665|container|exec_die|056e44ef67afab3ad4d567fa30572e7f31f61560438c1b2363704bb0196f1222|t20-lat-svc-20.1.rismf1oyhoihmnkgwzjkdg9a5
1790517176999318547|container|exec_create: /bin/sh -c true|056e44ef67afab3ad4d567fa30572e7f31f61560438c1b2363704bb0196f1222|t20-lat-svc-20.1.rismf1oyhoihmnkgwzjkdg9a5
1790517176999343659|container|exec_start: /bin/sh -c true|056e44ef67afab3ad4d567fa30572e7f31f61560438c1b2363704bb0196f1222|t20-lat-svc-20.1.rismf1oyhoihmnkgwzjkdg9a5
1790517177025049550|container|exec_die|056e44ef67afab3ad4d567fa30572e7f31f61560438c1b2363704bb0196f1222|t20-lat-svc-20.1.rismf1oyhoihmnkgwzjkdg9a5
1790517177786850463|container|kill|056e44ef67afab3ad4d567fa30572e7f31f61560438c1b2363704bb0196f1222|t20-lat-svc-20.1.rismf1oyhoihmnkgwzjkdg9a5
1790517177917752344|network|disconnect|14dd0091cf68512f991ff07db68c60bcf87dff62b2e2f230898cca1efe8e62aa|bridge
1790517177923396700|container|stop|056e44ef67afab3ad4d567fa30572e7f31f61560438c1b2363704bb0196f1222|t20-lat-svc-20.1.rismf1oyhoihmnkgwzjkdg9a5
1790517177931812842|container|die|056e44ef67afab3ad4d567fa30572e7f31f61560438c1b2363704bb0196f1222|t20-lat-svc-20.1.rismf1oyhoihmnkgwzjkdg9a5
1790517178183771370|network|connect|14dd0091cf68512f991ff07db68c60bcf87dff62b2e2f230898cca1efe8e62aa|bridge
1790517178201834764|container|start|92cb101792a10d407bad6eb0b937315f60044e574e07365d9bce5e523b5197d1|t20-lat-svc-20.1.kshk9v2rxu39hfu22vtu3fwrr
1790517179202867678|container|exec_create: /bin/sh -c true|92cb101792a10d407bad6eb0b937315f60044e574e07365d9bce5e523b5197d1|t20-lat-svc-20.1.kshk9v2rxu39hfu22vtu3fwrr
1790517179202934235|container|exec_start: /bin/sh -c true|92cb101792a10d407bad6eb0b937315f60044e574e07365d9bce5e523b5197d1|t20-lat-svc-20.1.kshk9v2rxu39hfu22vtu3fwrr
1790517179228269410|container|exec_die|92cb101792a10d407bad6eb0b937315f60044e574e07365d9bce5e523b5197d1|t20-lat-svc-20.1.kshk9v2rxu39hfu22vtu3fwrr
1790517179228478239|container|health_status: healthy|92cb101792a10d407bad6eb0b937315f60044e574e07365d9bce5e523b5197d1|t20-lat-svc-20.1.kshk9v2rxu39hfu22vtu3fwrr
1790517179733976030|service|remove|zqpvaa1fy5l5qnv4e3a6ro14z|t20-lat-svc-20
1790517180129437028|container|destroy|056e44ef67afab3ad4d567fa30572e7f31f61560438c1b2363704bb0196f1222|t20-lat-svc-20.1.rismf1oyhoihmnkgwzjkdg9a5
1790517180229407316|container|exec_create: /bin/sh -c true|92cb101792a10d407bad6eb0b937315f60044e574e07365d9bce5e523b5197d1|t20-lat-svc-20.1.kshk9v2rxu39hfu22vtu3fwrr
1790517180229444366|container|exec_start: /bin/sh -c true|92cb101792a10d407bad6eb0b937315f60044e574e07365d9bce5e523b5197d1|t20-lat-svc-20.1.kshk9v2rxu39hfu22vtu3fwrr
1790517180255067593|container|exec_die|92cb101792a10d407bad6eb0b937315f60044e574e07365d9bce5e523b5197d1|t20-lat-svc-20.1.kshk9v2rxu39hfu22vtu3fwrr
1790517180861817647|container|kill|92cb101792a10d407bad6eb0b937315f60044e574e07365d9bce5e523b5197d1|t20-lat-svc-20.1.kshk9v2rxu39hfu22vtu3fwrr
1790517181255678790|container|exec_create: /bin/sh -c true|92cb101792a10d407bad6eb0b937315f60044e574e07365d9bce5e523b5197d1|t20-lat-svc-20.1.kshk9v2rxu39hfu22vtu3fwrr
1790517181255716711|container|exec_start: /bin/sh -c true|92cb101792a10d407bad6eb0b937315f60044e574e07365d9bce5e523b5197d1|t20-lat-svc-20.1.kshk9v2rxu39hfu22vtu3fwrr
1790517181281443133|container|exec_die|92cb101792a10d407bad6eb0b937315f60044e574e07365d9bce5e523b5197d1|t20-lat-svc-20.1.kshk9v2rxu39hfu22vtu3fwrr
1790517182282540210|container|exec_create: /bin/sh -c true|92cb101792a10d407bad6eb0b937315f60044e574e07365d9bce5e523b5197d1|t20-lat-svc-20.1.kshk9v2rxu39hfu22vtu3fwrr
1790517182282577670|container|exec_start: /bin/sh -c true|92cb101792a10d407bad6eb0b937315f60044e574e07365d9bce5e523b5197d1|t20-lat-svc-20.1.kshk9v2rxu39hfu22vtu3fwrr
1790517182306844354|container|exec_die|92cb101792a10d407bad6eb0b937315f60044e574e07365d9bce5e523b5197d1|t20-lat-svc-20.1.kshk9v2rxu39hfu22vtu3fwrr
1790517182876052458|container|kill|92cb101792a10d407bad6eb0b937315f60044e574e07365d9bce5e523b5197d1|t20-lat-svc-20.1.kshk9v2rxu39hfu22vtu3fwrr
1790517183021893177|network|disconnect|14dd0091cf68512f991ff07db68c60bcf87dff62b2e2f230898cca1efe8e62aa|bridge
1790517183031726833|container|stop|92cb101792a10d407bad6eb0b937315f60044e574e07365d9bce5e523b5197d1|t20-lat-svc-20.1.kshk9v2rxu39hfu22vtu3fwrr
1790517183039907112|container|die|92cb101792a10d407bad6eb0b937315f60044e574e07365d9bce5e523b5197d1|t20-lat-svc-20.1.kshk9v2rxu39hfu22vtu3fwrr
1790517183476529797|container|destroy|92cb101792a10d407bad6eb0b937315f60044e574e07365d9bce5e523b5197d1|t20-lat-svc-20.1.kshk9v2rxu39hfu22vtu3fwrr
1790517191353388288|service|create|r00pprkqrwkewqr8v63itm7op|t20-lat-svc-21
1790517191609182276|container|create|13f9ec2f8e89e691f05650c2fd57f6897b9cd1c87b31b04d9012b6ed1d53ed03|t20-lat-svc-21.1.j7cn0sknna860prgvhg29rgxg
1790517191735131822|network|connect|14dd0091cf68512f991ff07db68c60bcf87dff62b2e2f230898cca1efe8e62aa|bridge
1790517191753186353|container|start|13f9ec2f8e89e691f05650c2fd57f6897b9cd1c87b31b04d9012b6ed1d53ed03|t20-lat-svc-21.1.j7cn0sknna860prgvhg29rgxg
1790517192753369317|container|exec_create: /bin/sh -c true|13f9ec2f8e89e691f05650c2fd57f6897b9cd1c87b31b04d9012b6ed1d53ed03|t20-lat-svc-21.1.j7cn0sknna860prgvhg29rgxg
1790517192753422088|container|exec_start: /bin/sh -c true|13f9ec2f8e89e691f05650c2fd57f6897b9cd1c87b31b04d9012b6ed1d53ed03|t20-lat-svc-21.1.j7cn0sknna860prgvhg29rgxg
1790517192778563885|container|exec_die|13f9ec2f8e89e691f05650c2fd57f6897b9cd1c87b31b04d9012b6ed1d53ed03|t20-lat-svc-21.1.j7cn0sknna860prgvhg29rgxg
1790517192778826024|container|health_status: healthy|13f9ec2f8e89e691f05650c2fd57f6897b9cd1c87b31b04d9012b6ed1d53ed03|t20-lat-svc-21.1.j7cn0sknna860prgvhg29rgxg
1790517193421708668|service|update|r00pprkqrwkewqr8v63itm7op|t20-lat-svc-21
1790517193426276340|service|update|r00pprkqrwkewqr8v63itm7op|t20-lat-svc-21
1790517193691109240|container|create|e572575450cfba316e513f4dc1b87cb3b24d8438e58934dd485a25096d2f21fb|t20-lat-svc-21.1.a9wq2tw7o2qgvkzjxo4mf5z4k
1790517193779126337|container|exec_create: /bin/sh -c true|13f9ec2f8e89e691f05650c2fd57f6897b9cd1c87b31b04d9012b6ed1d53ed03|t20-lat-svc-21.1.j7cn0sknna860prgvhg29rgxg
1790517193779151889|container|exec_start: /bin/sh -c true|13f9ec2f8e89e691f05650c2fd57f6897b9cd1c87b31b04d9012b6ed1d53ed03|t20-lat-svc-21.1.j7cn0sknna860prgvhg29rgxg
1790517193803337223|container|exec_die|13f9ec2f8e89e691f05650c2fd57f6897b9cd1c87b31b04d9012b6ed1d53ed03|t20-lat-svc-21.1.j7cn0sknna860prgvhg29rgxg
1790517194609428999|container|kill|13f9ec2f8e89e691f05650c2fd57f6897b9cd1c87b31b04d9012b6ed1d53ed03|t20-lat-svc-21.1.j7cn0sknna860prgvhg29rgxg
1790517194804568569|container|exec_create: /bin/sh -c true|13f9ec2f8e89e691f05650c2fd57f6897b9cd1c87b31b04d9012b6ed1d53ed03|t20-lat-svc-21.1.j7cn0sknna860prgvhg29rgxg
1790517194804602667|container|exec_start: /bin/sh -c true|13f9ec2f8e89e691f05650c2fd57f6897b9cd1c87b31b04d9012b6ed1d53ed03|t20-lat-svc-21.1.j7cn0sknna860prgvhg29rgxg
1790517194830452061|container|exec_die|13f9ec2f8e89e691f05650c2fd57f6897b9cd1c87b31b04d9012b6ed1d53ed03|t20-lat-svc-21.1.j7cn0sknna860prgvhg29rgxg
1790517195831797450|container|exec_create: /bin/sh -c true|13f9ec2f8e89e691f05650c2fd57f6897b9cd1c87b31b04d9012b6ed1d53ed03|t20-lat-svc-21.1.j7cn0sknna860prgvhg29rgxg
1790517195831835766|container|exec_start: /bin/sh -c true|13f9ec2f8e89e691f05650c2fd57f6897b9cd1c87b31b04d9012b6ed1d53ed03|t20-lat-svc-21.1.j7cn0sknna860prgvhg29rgxg
1790517195857543632|container|exec_die|13f9ec2f8e89e691f05650c2fd57f6897b9cd1c87b31b04d9012b6ed1d53ed03|t20-lat-svc-21.1.j7cn0sknna860prgvhg29rgxg
1790517196624604608|container|kill|13f9ec2f8e89e691f05650c2fd57f6897b9cd1c87b31b04d9012b6ed1d53ed03|t20-lat-svc-21.1.j7cn0sknna860prgvhg29rgxg
1790517196788184029|network|disconnect|14dd0091cf68512f991ff07db68c60bcf87dff62b2e2f230898cca1efe8e62aa|bridge
1790517196793859293|container|stop|13f9ec2f8e89e691f05650c2fd57f6897b9cd1c87b31b04d9012b6ed1d53ed03|t20-lat-svc-21.1.j7cn0sknna860prgvhg29rgxg
1790517196803343930|container|die|13f9ec2f8e89e691f05650c2fd57f6897b9cd1c87b31b04d9012b6ed1d53ed03|t20-lat-svc-21.1.j7cn0sknna860prgvhg29rgxg
1790517197141161907|network|connect|14dd0091cf68512f991ff07db68c60bcf87dff62b2e2f230898cca1efe8e62aa|bridge
1790517197158258586|container|start|e572575450cfba316e513f4dc1b87cb3b24d8438e58934dd485a25096d2f21fb|t20-lat-svc-21.1.a9wq2tw7o2qgvkzjxo4mf5z4k
1790517198158569305|container|exec_create: /bin/sh -c true|e572575450cfba316e513f4dc1b87cb3b24d8438e58934dd485a25096d2f21fb|t20-lat-svc-21.1.a9wq2tw7o2qgvkzjxo4mf5z4k
1790517198158637034|container|exec_start: /bin/sh -c true|e572575450cfba316e513f4dc1b87cb3b24d8438e58934dd485a25096d2f21fb|t20-lat-svc-21.1.a9wq2tw7o2qgvkzjxo4mf5z4k
1790517198183462662|container|exec_die|e572575450cfba316e513f4dc1b87cb3b24d8438e58934dd485a25096d2f21fb|t20-lat-svc-21.1.a9wq2tw7o2qgvkzjxo4mf5z4k
1790517198183663306|container|health_status: healthy|e572575450cfba316e513f4dc1b87cb3b24d8438e58934dd485a25096d2f21fb|t20-lat-svc-21.1.a9wq2tw7o2qgvkzjxo4mf5z4k
1790517198573534955|service|remove|r00pprkqrwkewqr8v63itm7op|t20-lat-svc-21
1790517198970067313|container|destroy|13f9ec2f8e89e691f05650c2fd57f6897b9cd1c87b31b04d9012b6ed1d53ed03|t20-lat-svc-21.1.j7cn0sknna860prgvhg29rgxg
1790517199184875717|container|exec_create: /bin/sh -c true|e572575450cfba316e513f4dc1b87cb3b24d8438e58934dd485a25096d2f21fb|t20-lat-svc-21.1.a9wq2tw7o2qgvkzjxo4mf5z4k
1790517199184922028|container|exec_start: /bin/sh -c true|e572575450cfba316e513f4dc1b87cb3b24d8438e58934dd485a25096d2f21fb|t20-lat-svc-21.1.a9wq2tw7o2qgvkzjxo4mf5z4k
1790517199210939790|container|exec_die|e572575450cfba316e513f4dc1b87cb3b24d8438e58934dd485a25096d2f21fb|t20-lat-svc-21.1.a9wq2tw7o2qgvkzjxo4mf5z4k
1790517199704898851|container|kill|e572575450cfba316e513f4dc1b87cb3b24d8438e58934dd485a25096d2f21fb|t20-lat-svc-21.1.a9wq2tw7o2qgvkzjxo4mf5z4k
1790517200211292197|container|exec_create: /bin/sh -c true|e572575450cfba316e513f4dc1b87cb3b24d8438e58934dd485a25096d2f21fb|t20-lat-svc-21.1.a9wq2tw7o2qgvkzjxo4mf5z4k
1790517200211334993|container|exec_start: /bin/sh -c true|e572575450cfba316e513f4dc1b87cb3b24d8438e58934dd485a25096d2f21fb|t20-lat-svc-21.1.a9wq2tw7o2qgvkzjxo4mf5z4k
1790517200236601732|container|exec_die|e572575450cfba316e513f4dc1b87cb3b24d8438e58934dd485a25096d2f21fb|t20-lat-svc-21.1.a9wq2tw7o2qgvkzjxo4mf5z4k
1790517201237141069|container|exec_create: /bin/sh -c true|e572575450cfba316e513f4dc1b87cb3b24d8438e58934dd485a25096d2f21fb|t20-lat-svc-21.1.a9wq2tw7o2qgvkzjxo4mf5z4k
1790517201237190321|container|exec_start: /bin/sh -c true|e572575450cfba316e513f4dc1b87cb3b24d8438e58934dd485a25096d2f21fb|t20-lat-svc-21.1.a9wq2tw7o2qgvkzjxo4mf5z4k
1790517201262992527|container|exec_die|e572575450cfba316e513f4dc1b87cb3b24d8438e58934dd485a25096d2f21fb|t20-lat-svc-21.1.a9wq2tw7o2qgvkzjxo4mf5z4k
1790517201718389453|container|kill|e572575450cfba316e513f4dc1b87cb3b24d8438e58934dd485a25096d2f21fb|t20-lat-svc-21.1.a9wq2tw7o2qgvkzjxo4mf5z4k
1790517201866299382|network|disconnect|14dd0091cf68512f991ff07db68c60bcf87dff62b2e2f230898cca1efe8e62aa|bridge
1790517201876115375|container|stop|e572575450cfba316e513f4dc1b87cb3b24d8438e58934dd485a25096d2f21fb|t20-lat-svc-21.1.a9wq2tw7o2qgvkzjxo4mf5z4k
1790517201884441726|container|die|e572575450cfba316e513f4dc1b87cb3b24d8438e58934dd485a25096d2f21fb|t20-lat-svc-21.1.a9wq2tw7o2qgvkzjxo4mf5z4k
1790517202322120296|container|destroy|e572575450cfba316e513f4dc1b87cb3b24d8438e58934dd485a25096d2f21fb|t20-lat-svc-21.1.a9wq2tw7o2qgvkzjxo4mf5z4k
1790517209093959795|service|create|9fwi5xzx7wmqp5nbs6w7nxzwu|t20-lat-svc-22
1790517209354406438|container|create|6201f99b0e56a1b1ff580c34df1cfa49f988f7699284708cae3495eec2c2354e|t20-lat-svc-22.1.o0tmkh52tk5nrgkeh89d1fg5p
1790517209488266033|network|connect|14dd0091cf68512f991ff07db68c60bcf87dff62b2e2f230898cca1efe8e62aa|bridge
1790517209505409892|container|start|6201f99b0e56a1b1ff580c34df1cfa49f988f7699284708cae3495eec2c2354e|t20-lat-svc-22.1.o0tmkh52tk5nrgkeh89d1fg5p
1790517210505597639|container|exec_create: /bin/sh -c true|6201f99b0e56a1b1ff580c34df1cfa49f988f7699284708cae3495eec2c2354e|t20-lat-svc-22.1.o0tmkh52tk5nrgkeh89d1fg5p
1790517210505655928|container|exec_start: /bin/sh -c true|6201f99b0e56a1b1ff580c34df1cfa49f988f7699284708cae3495eec2c2354e|t20-lat-svc-22.1.o0tmkh52tk5nrgkeh89d1fg5p
1790517210530639187|container|exec_die|6201f99b0e56a1b1ff580c34df1cfa49f988f7699284708cae3495eec2c2354e|t20-lat-svc-22.1.o0tmkh52tk5nrgkeh89d1fg5p
1790517210530851749|container|health_status: healthy|6201f99b0e56a1b1ff580c34df1cfa49f988f7699284708cae3495eec2c2354e|t20-lat-svc-22.1.o0tmkh52tk5nrgkeh89d1fg5p
1790517211161571617|service|update|9fwi5xzx7wmqp5nbs6w7nxzwu|t20-lat-svc-22
1790517211164605706|service|update|9fwi5xzx7wmqp5nbs6w7nxzwu|t20-lat-svc-22
1790517211427432111|container|create|553df494303eb57b73daf5c47e2a14bd0358e5262a57972723a65a303ea7937a|t20-lat-svc-22.1.rdhqtpppq63p9mz40slvytkz0
1790517211531883104|container|exec_create: /bin/sh -c true|6201f99b0e56a1b1ff580c34df1cfa49f988f7699284708cae3495eec2c2354e|t20-lat-svc-22.1.o0tmkh52tk5nrgkeh89d1fg5p
1790517211531916950|container|exec_start: /bin/sh -c true|6201f99b0e56a1b1ff580c34df1cfa49f988f7699284708cae3495eec2c2354e|t20-lat-svc-22.1.o0tmkh52tk5nrgkeh89d1fg5p
1790517211556499932|container|exec_die|6201f99b0e56a1b1ff580c34df1cfa49f988f7699284708cae3495eec2c2354e|t20-lat-svc-22.1.o0tmkh52tk5nrgkeh89d1fg5p
1790517212358916268|container|kill|6201f99b0e56a1b1ff580c34df1cfa49f988f7699284708cae3495eec2c2354e|t20-lat-svc-22.1.o0tmkh52tk5nrgkeh89d1fg5p
1790517212556786674|container|exec_create: /bin/sh -c true|6201f99b0e56a1b1ff580c34df1cfa49f988f7699284708cae3495eec2c2354e|t20-lat-svc-22.1.o0tmkh52tk5nrgkeh89d1fg5p
1790517212556816370|container|exec_start: /bin/sh -c true|6201f99b0e56a1b1ff580c34df1cfa49f988f7699284708cae3495eec2c2354e|t20-lat-svc-22.1.o0tmkh52tk5nrgkeh89d1fg5p
1790517212581736751|container|exec_die|6201f99b0e56a1b1ff580c34df1cfa49f988f7699284708cae3495eec2c2354e|t20-lat-svc-22.1.o0tmkh52tk5nrgkeh89d1fg5p
1790517213582246720|container|exec_create: /bin/sh -c true|6201f99b0e56a1b1ff580c34df1cfa49f988f7699284708cae3495eec2c2354e|t20-lat-svc-22.1.o0tmkh52tk5nrgkeh89d1fg5p
1790517213582275090|container|exec_start: /bin/sh -c true|6201f99b0e56a1b1ff580c34df1cfa49f988f7699284708cae3495eec2c2354e|t20-lat-svc-22.1.o0tmkh52tk5nrgkeh89d1fg5p
1790517213606523117|container|exec_die|6201f99b0e56a1b1ff580c34df1cfa49f988f7699284708cae3495eec2c2354e|t20-lat-svc-22.1.o0tmkh52tk5nrgkeh89d1fg5p
1790517214373737236|container|kill|6201f99b0e56a1b1ff580c34df1cfa49f988f7699284708cae3495eec2c2354e|t20-lat-svc-22.1.o0tmkh52tk5nrgkeh89d1fg5p
1790517214532354692|network|disconnect|14dd0091cf68512f991ff07db68c60bcf87dff62b2e2f230898cca1efe8e62aa|bridge
1790517214537148820|container|stop|6201f99b0e56a1b1ff580c34df1cfa49f988f7699284708cae3495eec2c2354e|t20-lat-svc-22.1.o0tmkh52tk5nrgkeh89d1fg5p
1790517214545531560|container|die|6201f99b0e56a1b1ff580c34df1cfa49f988f7699284708cae3495eec2c2354e|t20-lat-svc-22.1.o0tmkh52tk5nrgkeh89d1fg5p
1790517214852434117|network|connect|14dd0091cf68512f991ff07db68c60bcf87dff62b2e2f230898cca1efe8e62aa|bridge
1790517214871463428|container|start|553df494303eb57b73daf5c47e2a14bd0358e5262a57972723a65a303ea7937a|t20-lat-svc-22.1.rdhqtpppq63p9mz40slvytkz0
1790517215871915505|container|exec_create: /bin/sh -c true|553df494303eb57b73daf5c47e2a14bd0358e5262a57972723a65a303ea7937a|t20-lat-svc-22.1.rdhqtpppq63p9mz40slvytkz0
1790517215871954929|container|exec_start: /bin/sh -c true|553df494303eb57b73daf5c47e2a14bd0358e5262a57972723a65a303ea7937a|t20-lat-svc-22.1.rdhqtpppq63p9mz40slvytkz0
1790517215898280620|container|exec_die|553df494303eb57b73daf5c47e2a14bd0358e5262a57972723a65a303ea7937a|t20-lat-svc-22.1.rdhqtpppq63p9mz40slvytkz0
1790517215898493060|container|health_status: healthy|553df494303eb57b73daf5c47e2a14bd0358e5262a57972723a65a303ea7937a|t20-lat-svc-22.1.rdhqtpppq63p9mz40slvytkz0
1790517216308618241|service|remove|9fwi5xzx7wmqp5nbs6w7nxzwu|t20-lat-svc-22
1790517216702253469|container|destroy|6201f99b0e56a1b1ff580c34df1cfa49f988f7699284708cae3495eec2c2354e|t20-lat-svc-22.1.o0tmkh52tk5nrgkeh89d1fg5p
1790517216898667001|container|exec_create: /bin/sh -c true|553df494303eb57b73daf5c47e2a14bd0358e5262a57972723a65a303ea7937a|t20-lat-svc-22.1.rdhqtpppq63p9mz40slvytkz0
1790517216898749795|container|exec_start: /bin/sh -c true|553df494303eb57b73daf5c47e2a14bd0358e5262a57972723a65a303ea7937a|t20-lat-svc-22.1.rdhqtpppq63p9mz40slvytkz0
1790517216924986904|container|exec_die|553df494303eb57b73daf5c47e2a14bd0358e5262a57972723a65a303ea7937a|t20-lat-svc-22.1.rdhqtpppq63p9mz40slvytkz0
1790517217435869197|container|kill|553df494303eb57b73daf5c47e2a14bd0358e5262a57972723a65a303ea7937a|t20-lat-svc-22.1.rdhqtpppq63p9mz40slvytkz0
1790517217925389802|container|exec_create: /bin/sh -c true|553df494303eb57b73daf5c47e2a14bd0358e5262a57972723a65a303ea7937a|t20-lat-svc-22.1.rdhqtpppq63p9mz40slvytkz0
1790517217925434344|container|exec_start: /bin/sh -c true|553df494303eb57b73daf5c47e2a14bd0358e5262a57972723a65a303ea7937a|t20-lat-svc-22.1.rdhqtpppq63p9mz40slvytkz0
1790517217950893577|container|exec_die|553df494303eb57b73daf5c47e2a14bd0358e5262a57972723a65a303ea7937a|t20-lat-svc-22.1.rdhqtpppq63p9mz40slvytkz0
1790517218951980749|container|exec_create: /bin/sh -c true|553df494303eb57b73daf5c47e2a14bd0358e5262a57972723a65a303ea7937a|t20-lat-svc-22.1.rdhqtpppq63p9mz40slvytkz0
1790517218952033243|container|exec_start: /bin/sh -c true|553df494303eb57b73daf5c47e2a14bd0358e5262a57972723a65a303ea7937a|t20-lat-svc-22.1.rdhqtpppq63p9mz40slvytkz0
1790517218976557334|container|exec_die|553df494303eb57b73daf5c47e2a14bd0358e5262a57972723a65a303ea7937a|t20-lat-svc-22.1.rdhqtpppq63p9mz40slvytkz0
1790517219449726084|container|kill|553df494303eb57b73daf5c47e2a14bd0358e5262a57972723a65a303ea7937a|t20-lat-svc-22.1.rdhqtpppq63p9mz40slvytkz0
1790517219585570067|network|disconnect|14dd0091cf68512f991ff07db68c60bcf87dff62b2e2f230898cca1efe8e62aa|bridge
1790517219595270891|container|stop|553df494303eb57b73daf5c47e2a14bd0358e5262a57972723a65a303ea7937a|t20-lat-svc-22.1.rdhqtpppq63p9mz40slvytkz0
1790517219603661870|container|die|553df494303eb57b73daf5c47e2a14bd0358e5262a57972723a65a303ea7937a|t20-lat-svc-22.1.rdhqtpppq63p9mz40slvytkz0
1790517220058179771|container|destroy|553df494303eb57b73daf5c47e2a14bd0358e5262a57972723a65a303ea7937a|t20-lat-svc-22.1.rdhqtpppq63p9mz40slvytkz0
1790517239956109957|service|create|2i3lmjt5nn4s61ezviazc4yki|t20-lat-svc-23
1790517240222143524|container|create|122b3d13d975afd2ded7a01585dbd4cba3ffb3137a654be361f20975ccc7fbfe|t20-lat-svc-23.1.edq53nhemk5h7cal49iyf8ny5
1790517240335073553|network|connect|14dd0091cf68512f991ff07db68c60bcf87dff62b2e2f230898cca1efe8e62aa|bridge
1790517240352194872|container|start|122b3d13d975afd2ded7a01585dbd4cba3ffb3137a654be361f20975ccc7fbfe|t20-lat-svc-23.1.edq53nhemk5h7cal49iyf8ny5
1790517241352664003|container|exec_create: /bin/sh -c true|122b3d13d975afd2ded7a01585dbd4cba3ffb3137a654be361f20975ccc7fbfe|t20-lat-svc-23.1.edq53nhemk5h7cal49iyf8ny5
1790517241352722208|container|exec_start: /bin/sh -c true|122b3d13d975afd2ded7a01585dbd4cba3ffb3137a654be361f20975ccc7fbfe|t20-lat-svc-23.1.edq53nhemk5h7cal49iyf8ny5
1790517241378233656|container|exec_die|122b3d13d975afd2ded7a01585dbd4cba3ffb3137a654be361f20975ccc7fbfe|t20-lat-svc-23.1.edq53nhemk5h7cal49iyf8ny5
1790517241378455103|container|health_status: healthy|122b3d13d975afd2ded7a01585dbd4cba3ffb3137a654be361f20975ccc7fbfe|t20-lat-svc-23.1.edq53nhemk5h7cal49iyf8ny5
1790517242025518061|service|update|2i3lmjt5nn4s61ezviazc4yki|t20-lat-svc-23
1790517242028312376|service|update|2i3lmjt5nn4s61ezviazc4yki|t20-lat-svc-23
1790517242293174547|container|create|595330ebe2cfab9f3ef8fd534fc208bd4e86ee54f816d12cd27e4b0bbc8f4033|t20-lat-svc-23.1.zqwdgjudbo06pupycymv04iok
1790517242378941381|container|exec_create: /bin/sh -c true|122b3d13d975afd2ded7a01585dbd4cba3ffb3137a654be361f20975ccc7fbfe|t20-lat-svc-23.1.edq53nhemk5h7cal49iyf8ny5
1790517242378978607|container|exec_start: /bin/sh -c true|122b3d13d975afd2ded7a01585dbd4cba3ffb3137a654be361f20975ccc7fbfe|t20-lat-svc-23.1.edq53nhemk5h7cal49iyf8ny5
1790517242403529212|container|exec_die|122b3d13d975afd2ded7a01585dbd4cba3ffb3137a654be361f20975ccc7fbfe|t20-lat-svc-23.1.edq53nhemk5h7cal49iyf8ny5
1790517243213387576|container|kill|122b3d13d975afd2ded7a01585dbd4cba3ffb3137a654be361f20975ccc7fbfe|t20-lat-svc-23.1.edq53nhemk5h7cal49iyf8ny5
1790517243404265704|container|exec_create: /bin/sh -c true|122b3d13d975afd2ded7a01585dbd4cba3ffb3137a654be361f20975ccc7fbfe|t20-lat-svc-23.1.edq53nhemk5h7cal49iyf8ny5
1790517243404305966|container|exec_start: /bin/sh -c true|122b3d13d975afd2ded7a01585dbd4cba3ffb3137a654be361f20975ccc7fbfe|t20-lat-svc-23.1.edq53nhemk5h7cal49iyf8ny5
1790517243429444805|container|exec_die|122b3d13d975afd2ded7a01585dbd4cba3ffb3137a654be361f20975ccc7fbfe|t20-lat-svc-23.1.edq53nhemk5h7cal49iyf8ny5
1790517244430061293|container|exec_create: /bin/sh -c true|122b3d13d975afd2ded7a01585dbd4cba3ffb3137a654be361f20975ccc7fbfe|t20-lat-svc-23.1.edq53nhemk5h7cal49iyf8ny5
1790517244430097571|container|exec_start: /bin/sh -c true|122b3d13d975afd2ded7a01585dbd4cba3ffb3137a654be361f20975ccc7fbfe|t20-lat-svc-23.1.edq53nhemk5h7cal49iyf8ny5
1790517244455396909|container|exec_die|122b3d13d975afd2ded7a01585dbd4cba3ffb3137a654be361f20975ccc7fbfe|t20-lat-svc-23.1.edq53nhemk5h7cal49iyf8ny5
1790517245227556312|container|kill|122b3d13d975afd2ded7a01585dbd4cba3ffb3137a654be361f20975ccc7fbfe|t20-lat-svc-23.1.edq53nhemk5h7cal49iyf8ny5
1790517245371330194|network|disconnect|14dd0091cf68512f991ff07db68c60bcf87dff62b2e2f230898cca1efe8e62aa|bridge
1790517245377027513|container|stop|122b3d13d975afd2ded7a01585dbd4cba3ffb3137a654be361f20975ccc7fbfe|t20-lat-svc-23.1.edq53nhemk5h7cal49iyf8ny5
1790517245385337925|container|die|122b3d13d975afd2ded7a01585dbd4cba3ffb3137a654be361f20975ccc7fbfe|t20-lat-svc-23.1.edq53nhemk5h7cal49iyf8ny5
1790517245660258720|network|connect|14dd0091cf68512f991ff07db68c60bcf87dff62b2e2f230898cca1efe8e62aa|bridge
1790517245677337775|container|start|595330ebe2cfab9f3ef8fd534fc208bd4e86ee54f816d12cd27e4b0bbc8f4033|t20-lat-svc-23.1.zqwdgjudbo06pupycymv04iok
1790517246678463568|container|exec_create: /bin/sh -c true|595330ebe2cfab9f3ef8fd534fc208bd4e86ee54f816d12cd27e4b0bbc8f4033|t20-lat-svc-23.1.zqwdgjudbo06pupycymv04iok
1790517246678529833|container|exec_start: /bin/sh -c true|595330ebe2cfab9f3ef8fd534fc208bd4e86ee54f816d12cd27e4b0bbc8f4033|t20-lat-svc-23.1.zqwdgjudbo06pupycymv04iok
1790517246703860889|container|exec_die|595330ebe2cfab9f3ef8fd534fc208bd4e86ee54f816d12cd27e4b0bbc8f4033|t20-lat-svc-23.1.zqwdgjudbo06pupycymv04iok
1790517246704095488|container|health_status: healthy|595330ebe2cfab9f3ef8fd534fc208bd4e86ee54f816d12cd27e4b0bbc8f4033|t20-lat-svc-23.1.zqwdgjudbo06pupycymv04iok
1790517247171512157|service|remove|2i3lmjt5nn4s61ezviazc4yki|t20-lat-svc-23
1790517247569127546|container|destroy|122b3d13d975afd2ded7a01585dbd4cba3ffb3137a654be361f20975ccc7fbfe|t20-lat-svc-23.1.edq53nhemk5h7cal49iyf8ny5
1790517247704419649|container|exec_create: /bin/sh -c true|595330ebe2cfab9f3ef8fd534fc208bd4e86ee54f816d12cd27e4b0bbc8f4033|t20-lat-svc-23.1.zqwdgjudbo06pupycymv04iok
1790517247704454343|container|exec_start: /bin/sh -c true|595330ebe2cfab9f3ef8fd534fc208bd4e86ee54f816d12cd27e4b0bbc8f4033|t20-lat-svc-23.1.zqwdgjudbo06pupycymv04iok
1790517247729803293|container|exec_die|595330ebe2cfab9f3ef8fd534fc208bd4e86ee54f816d12cd27e4b0bbc8f4033|t20-lat-svc-23.1.zqwdgjudbo06pupycymv04iok
1790517248301526945|container|kill|595330ebe2cfab9f3ef8fd534fc208bd4e86ee54f816d12cd27e4b0bbc8f4033|t20-lat-svc-23.1.zqwdgjudbo06pupycymv04iok
1790517248730825914|container|exec_create: /bin/sh -c true|595330ebe2cfab9f3ef8fd534fc208bd4e86ee54f816d12cd27e4b0bbc8f4033|t20-lat-svc-23.1.zqwdgjudbo06pupycymv04iok
1790517248730868047|container|exec_start: /bin/sh -c true|595330ebe2cfab9f3ef8fd534fc208bd4e86ee54f816d12cd27e4b0bbc8f4033|t20-lat-svc-23.1.zqwdgjudbo06pupycymv04iok
1790517248755996137|container|exec_die|595330ebe2cfab9f3ef8fd534fc208bd4e86ee54f816d12cd27e4b0bbc8f4033|t20-lat-svc-23.1.zqwdgjudbo06pupycymv04iok
1790517249756347663|container|exec_create: /bin/sh -c true|595330ebe2cfab9f3ef8fd534fc208bd4e86ee54f816d12cd27e4b0bbc8f4033|t20-lat-svc-23.1.zqwdgjudbo06pupycymv04iok
1790517249756375412|container|exec_start: /bin/sh -c true|595330ebe2cfab9f3ef8fd534fc208bd4e86ee54f816d12cd27e4b0bbc8f4033|t20-lat-svc-23.1.zqwdgjudbo06pupycymv04iok
1790517249781526852|container|exec_die|595330ebe2cfab9f3ef8fd534fc208bd4e86ee54f816d12cd27e4b0bbc8f4033|t20-lat-svc-23.1.zqwdgjudbo06pupycymv04iok
1790517250315497304|container|kill|595330ebe2cfab9f3ef8fd534fc208bd4e86ee54f816d12cd27e4b0bbc8f4033|t20-lat-svc-23.1.zqwdgjudbo06pupycymv04iok
1790517250479474847|network|disconnect|14dd0091cf68512f991ff07db68c60bcf87dff62b2e2f230898cca1efe8e62aa|bridge
1790517250489182608|container|stop|595330ebe2cfab9f3ef8fd534fc208bd4e86ee54f816d12cd27e4b0bbc8f4033|t20-lat-svc-23.1.zqwdgjudbo06pupycymv04iok
1790517250502462267|container|die|595330ebe2cfab9f3ef8fd534fc208bd4e86ee54f816d12cd27e4b0bbc8f4033|t20-lat-svc-23.1.zqwdgjudbo06pupycymv04iok
1790517250962042468|container|destroy|595330ebe2cfab9f3ef8fd534fc208bd4e86ee54f816d12cd27e4b0bbc8f4033|t20-lat-svc-23.1.zqwdgjudbo06pupycymv04iok
1790517262668363883|service|create|cg68rbujtlj95h6frsmdr46ls|t20-lat-svc-24
1790517262923763142|container|create|9e3115d8366cf79e1e9371ec14234b88bf584e4f4ded4435be8122b35fe7d90c|t20-lat-svc-24.1.n5kmh485yot8gccjic2jf00j0
1790517263067664626|network|connect|14dd0091cf68512f991ff07db68c60bcf87dff62b2e2f230898cca1efe8e62aa|bridge
1790517263084777056|container|start|9e3115d8366cf79e1e9371ec14234b88bf584e4f4ded4435be8122b35fe7d90c|t20-lat-svc-24.1.n5kmh485yot8gccjic2jf00j0
1790517264085387181|container|exec_create: /bin/sh -c true|9e3115d8366cf79e1e9371ec14234b88bf584e4f4ded4435be8122b35fe7d90c|t20-lat-svc-24.1.n5kmh485yot8gccjic2jf00j0
1790517264085452545|container|exec_start: /bin/sh -c true|9e3115d8366cf79e1e9371ec14234b88bf584e4f4ded4435be8122b35fe7d90c|t20-lat-svc-24.1.n5kmh485yot8gccjic2jf00j0
1790517264111013376|container|exec_die|9e3115d8366cf79e1e9371ec14234b88bf584e4f4ded4435be8122b35fe7d90c|t20-lat-svc-24.1.n5kmh485yot8gccjic2jf00j0
1790517264111209108|container|health_status: healthy|9e3115d8366cf79e1e9371ec14234b88bf584e4f4ded4435be8122b35fe7d90c|t20-lat-svc-24.1.n5kmh485yot8gccjic2jf00j0
1790517264734955601|service|update|cg68rbujtlj95h6frsmdr46ls|t20-lat-svc-24
1790517264737790624|service|update|cg68rbujtlj95h6frsmdr46ls|t20-lat-svc-24
1790517265002648346|container|create|091f140586ea78bae9e63373aa70e3b3962b79b3555f428caea0bd22ec0273b5|t20-lat-svc-24.1.0bht8wridmwxck0yuys2syt9s
1790517265111386573|container|exec_create: /bin/sh -c true|9e3115d8366cf79e1e9371ec14234b88bf584e4f4ded4435be8122b35fe7d90c|t20-lat-svc-24.1.n5kmh485yot8gccjic2jf00j0
1790517265111423332|container|exec_start: /bin/sh -c true|9e3115d8366cf79e1e9371ec14234b88bf584e4f4ded4435be8122b35fe7d90c|t20-lat-svc-24.1.n5kmh485yot8gccjic2jf00j0
1790517265136233727|container|exec_die|9e3115d8366cf79e1e9371ec14234b88bf584e4f4ded4435be8122b35fe7d90c|t20-lat-svc-24.1.n5kmh485yot8gccjic2jf00j0
1790517265922735212|container|kill|9e3115d8366cf79e1e9371ec14234b88bf584e4f4ded4435be8122b35fe7d90c|t20-lat-svc-24.1.n5kmh485yot8gccjic2jf00j0
1790517266137627404|container|exec_create: /bin/sh -c true|9e3115d8366cf79e1e9371ec14234b88bf584e4f4ded4435be8122b35fe7d90c|t20-lat-svc-24.1.n5kmh485yot8gccjic2jf00j0
1790517266137657620|container|exec_start: /bin/sh -c true|9e3115d8366cf79e1e9371ec14234b88bf584e4f4ded4435be8122b35fe7d90c|t20-lat-svc-24.1.n5kmh485yot8gccjic2jf00j0
1790517266161925494|container|exec_die|9e3115d8366cf79e1e9371ec14234b88bf584e4f4ded4435be8122b35fe7d90c|t20-lat-svc-24.1.n5kmh485yot8gccjic2jf00j0
1790517267163069718|container|exec_create: /bin/sh -c true|9e3115d8366cf79e1e9371ec14234b88bf584e4f4ded4435be8122b35fe7d90c|t20-lat-svc-24.1.n5kmh485yot8gccjic2jf00j0
1790517267163107897|container|exec_start: /bin/sh -c true|9e3115d8366cf79e1e9371ec14234b88bf584e4f4ded4435be8122b35fe7d90c|t20-lat-svc-24.1.n5kmh485yot8gccjic2jf00j0
1790517267188062982|container|exec_die|9e3115d8366cf79e1e9371ec14234b88bf584e4f4ded4435be8122b35fe7d90c|t20-lat-svc-24.1.n5kmh485yot8gccjic2jf00j0
1790517267937320917|container|kill|9e3115d8366cf79e1e9371ec14234b88bf584e4f4ded4435be8122b35fe7d90c|t20-lat-svc-24.1.n5kmh485yot8gccjic2jf00j0
1790517268091748269|network|disconnect|14dd0091cf68512f991ff07db68c60bcf87dff62b2e2f230898cca1efe8e62aa|bridge
1790517268097497854|container|stop|9e3115d8366cf79e1e9371ec14234b88bf584e4f4ded4435be8122b35fe7d90c|t20-lat-svc-24.1.n5kmh485yot8gccjic2jf00j0
1790517268106789592|container|die|9e3115d8366cf79e1e9371ec14234b88bf584e4f4ded4435be8122b35fe7d90c|t20-lat-svc-24.1.n5kmh485yot8gccjic2jf00j0
1790517268428789244|network|connect|14dd0091cf68512f991ff07db68c60bcf87dff62b2e2f230898cca1efe8e62aa|bridge
1790517268446738035|container|start|091f140586ea78bae9e63373aa70e3b3962b79b3555f428caea0bd22ec0273b5|t20-lat-svc-24.1.0bht8wridmwxck0yuys2syt9s
1790517269447183824|container|exec_create: /bin/sh -c true|091f140586ea78bae9e63373aa70e3b3962b79b3555f428caea0bd22ec0273b5|t20-lat-svc-24.1.0bht8wridmwxck0yuys2syt9s
1790517269447237546|container|exec_start: /bin/sh -c true|091f140586ea78bae9e63373aa70e3b3962b79b3555f428caea0bd22ec0273b5|t20-lat-svc-24.1.0bht8wridmwxck0yuys2syt9s
1790517269471874307|container|exec_die|091f140586ea78bae9e63373aa70e3b3962b79b3555f428caea0bd22ec0273b5|t20-lat-svc-24.1.0bht8wridmwxck0yuys2syt9s
1790517269472117216|container|health_status: healthy|091f140586ea78bae9e63373aa70e3b3962b79b3555f428caea0bd22ec0273b5|t20-lat-svc-24.1.0bht8wridmwxck0yuys2syt9s
1790517269887061915|service|remove|cg68rbujtlj95h6frsmdr46ls|t20-lat-svc-24
1790517270286643707|container|destroy|9e3115d8366cf79e1e9371ec14234b88bf584e4f4ded4435be8122b35fe7d90c|t20-lat-svc-24.1.n5kmh485yot8gccjic2jf00j0
1790517270472810819|container|exec_create: /bin/sh -c true|091f140586ea78bae9e63373aa70e3b3962b79b3555f428caea0bd22ec0273b5|t20-lat-svc-24.1.0bht8wridmwxck0yuys2syt9s
1790517270472857955|container|exec_start: /bin/sh -c true|091f140586ea78bae9e63373aa70e3b3962b79b3555f428caea0bd22ec0273b5|t20-lat-svc-24.1.0bht8wridmwxck0yuys2syt9s
1790517270496839205|container|exec_die|091f140586ea78bae9e63373aa70e3b3962b79b3555f428caea0bd22ec0273b5|t20-lat-svc-24.1.0bht8wridmwxck0yuys2syt9s
1790517271018062437|container|kill|091f140586ea78bae9e63373aa70e3b3962b79b3555f428caea0bd22ec0273b5|t20-lat-svc-24.1.0bht8wridmwxck0yuys2syt9s
1790517271497479293|container|exec_create: /bin/sh -c true|091f140586ea78bae9e63373aa70e3b3962b79b3555f428caea0bd22ec0273b5|t20-lat-svc-24.1.0bht8wridmwxck0yuys2syt9s
1790517271497516559|container|exec_start: /bin/sh -c true|091f140586ea78bae9e63373aa70e3b3962b79b3555f428caea0bd22ec0273b5|t20-lat-svc-24.1.0bht8wridmwxck0yuys2syt9s
1790517271521024694|container|exec_die|091f140586ea78bae9e63373aa70e3b3962b79b3555f428caea0bd22ec0273b5|t20-lat-svc-24.1.0bht8wridmwxck0yuys2syt9s
1790517272521605212|container|exec_create: /bin/sh -c true|091f140586ea78bae9e63373aa70e3b3962b79b3555f428caea0bd22ec0273b5|t20-lat-svc-24.1.0bht8wridmwxck0yuys2syt9s
1790517272521643130|container|exec_start: /bin/sh -c true|091f140586ea78bae9e63373aa70e3b3962b79b3555f428caea0bd22ec0273b5|t20-lat-svc-24.1.0bht8wridmwxck0yuys2syt9s
1790517272546056523|container|exec_die|091f140586ea78bae9e63373aa70e3b3962b79b3555f428caea0bd22ec0273b5|t20-lat-svc-24.1.0bht8wridmwxck0yuys2syt9s
1790517273031941457|container|kill|091f140586ea78bae9e63373aa70e3b3962b79b3555f428caea0bd22ec0273b5|t20-lat-svc-24.1.0bht8wridmwxck0yuys2syt9s
1790517273158969305|network|disconnect|14dd0091cf68512f991ff07db68c60bcf87dff62b2e2f230898cca1efe8e62aa|bridge
1790517273168657341|container|stop|091f140586ea78bae9e63373aa70e3b3962b79b3555f428caea0bd22ec0273b5|t20-lat-svc-24.1.0bht8wridmwxck0yuys2syt9s
1790517273177005892|container|die|091f140586ea78bae9e63373aa70e3b3962b79b3555f428caea0bd22ec0273b5|t20-lat-svc-24.1.0bht8wridmwxck0yuys2syt9s
1790517273622615959|container|destroy|091f140586ea78bae9e63373aa70e3b3962b79b3555f428caea0bd22ec0273b5|t20-lat-svc-24.1.0bht8wridmwxck0yuys2syt9s
1790517279055243229|service|create|jf0hsu4vzbn2arh96cxelo58a|t20-lat-svc-25
1790517279334230070|container|create|1d38700769876a6f5634eca192c55161bc217c43d4335d76735d355b80263f7c|t20-lat-svc-25.1.mcbxkfekoyykj5mgkeltpl0qx
1790517279467053110|network|connect|14dd0091cf68512f991ff07db68c60bcf87dff62b2e2f230898cca1efe8e62aa|bridge
1790517279487265095|container|start|1d38700769876a6f5634eca192c55161bc217c43d4335d76735d355b80263f7c|t20-lat-svc-25.1.mcbxkfekoyykj5mgkeltpl0qx
1790517280487841162|container|exec_create: /bin/sh -c true|1d38700769876a6f5634eca192c55161bc217c43d4335d76735d355b80263f7c|t20-lat-svc-25.1.mcbxkfekoyykj5mgkeltpl0qx
1790517280487929725|container|exec_start: /bin/sh -c true|1d38700769876a6f5634eca192c55161bc217c43d4335d76735d355b80263f7c|t20-lat-svc-25.1.mcbxkfekoyykj5mgkeltpl0qx
1790517280513370031|container|exec_die|1d38700769876a6f5634eca192c55161bc217c43d4335d76735d355b80263f7c|t20-lat-svc-25.1.mcbxkfekoyykj5mgkeltpl0qx
1790517280513578458|container|health_status: healthy|1d38700769876a6f5634eca192c55161bc217c43d4335d76735d355b80263f7c|t20-lat-svc-25.1.mcbxkfekoyykj5mgkeltpl0qx
1790517281123418841|service|update|jf0hsu4vzbn2arh96cxelo58a|t20-lat-svc-25
1790517281126362742|service|update|jf0hsu4vzbn2arh96cxelo58a|t20-lat-svc-25
1790517281399154429|container|create|d2d6c0d5457a195d48f1aaa3be681c5a8b3887728f604143f4c5a2dae8f1063e|t20-lat-svc-25.1.ebwvngbtmfm4x61a2gbkedtwa
1790517281513803471|container|exec_create: /bin/sh -c true|1d38700769876a6f5634eca192c55161bc217c43d4335d76735d355b80263f7c|t20-lat-svc-25.1.mcbxkfekoyykj5mgkeltpl0qx
1790517281513830647|container|exec_start: /bin/sh -c true|1d38700769876a6f5634eca192c55161bc217c43d4335d76735d355b80263f7c|t20-lat-svc-25.1.mcbxkfekoyykj5mgkeltpl0qx
1790517281538434825|container|exec_die|1d38700769876a6f5634eca192c55161bc217c43d4335d76735d355b80263f7c|t20-lat-svc-25.1.mcbxkfekoyykj5mgkeltpl0qx
1790517282314231900|container|kill|1d38700769876a6f5634eca192c55161bc217c43d4335d76735d355b80263f7c|t20-lat-svc-25.1.mcbxkfekoyykj5mgkeltpl0qx
1790517282539411478|container|exec_create: /bin/sh -c true|1d38700769876a6f5634eca192c55161bc217c43d4335d76735d355b80263f7c|t20-lat-svc-25.1.mcbxkfekoyykj5mgkeltpl0qx
1790517282539449552|container|exec_start: /bin/sh -c true|1d38700769876a6f5634eca192c55161bc217c43d4335d76735d355b80263f7c|t20-lat-svc-25.1.mcbxkfekoyykj5mgkeltpl0qx
1790517282564764529|container|exec_die|1d38700769876a6f5634eca192c55161bc217c43d4335d76735d355b80263f7c|t20-lat-svc-25.1.mcbxkfekoyykj5mgkeltpl0qx
1790517283565563546|container|exec_create: /bin/sh -c true|1d38700769876a6f5634eca192c55161bc217c43d4335d76735d355b80263f7c|t20-lat-svc-25.1.mcbxkfekoyykj5mgkeltpl0qx
1790517283565592003|container|exec_start: /bin/sh -c true|1d38700769876a6f5634eca192c55161bc217c43d4335d76735d355b80263f7c|t20-lat-svc-25.1.mcbxkfekoyykj5mgkeltpl0qx
1790517283590505660|container|exec_die|1d38700769876a6f5634eca192c55161bc217c43d4335d76735d355b80263f7c|t20-lat-svc-25.1.mcbxkfekoyykj5mgkeltpl0qx
1790517284327141544|container|kill|1d38700769876a6f5634eca192c55161bc217c43d4335d76735d355b80263f7c|t20-lat-svc-25.1.mcbxkfekoyykj5mgkeltpl0qx
1790517284466191131|network|disconnect|14dd0091cf68512f991ff07db68c60bcf87dff62b2e2f230898cca1efe8e62aa|bridge
1790517284472000987|container|stop|1d38700769876a6f5634eca192c55161bc217c43d4335d76735d355b80263f7c|t20-lat-svc-25.1.mcbxkfekoyykj5mgkeltpl0qx
1790517284480299399|container|die|1d38700769876a6f5634eca192c55161bc217c43d4335d76735d355b80263f7c|t20-lat-svc-25.1.mcbxkfekoyykj5mgkeltpl0qx
1790517284755189508|network|connect|14dd0091cf68512f991ff07db68c60bcf87dff62b2e2f230898cca1efe8e62aa|bridge
1790517284778291899|container|start|d2d6c0d5457a195d48f1aaa3be681c5a8b3887728f604143f4c5a2dae8f1063e|t20-lat-svc-25.1.ebwvngbtmfm4x61a2gbkedtwa
1790517285779351870|container|exec_create: /bin/sh -c true|d2d6c0d5457a195d48f1aaa3be681c5a8b3887728f604143f4c5a2dae8f1063e|t20-lat-svc-25.1.ebwvngbtmfm4x61a2gbkedtwa
1790517285779435933|container|exec_start: /bin/sh -c true|d2d6c0d5457a195d48f1aaa3be681c5a8b3887728f604143f4c5a2dae8f1063e|t20-lat-svc-25.1.ebwvngbtmfm4x61a2gbkedtwa
1790517285804459385|container|exec_die|d2d6c0d5457a195d48f1aaa3be681c5a8b3887728f604143f4c5a2dae8f1063e|t20-lat-svc-25.1.ebwvngbtmfm4x61a2gbkedtwa
1790517285804656003|container|health_status: healthy|d2d6c0d5457a195d48f1aaa3be681c5a8b3887728f604143f4c5a2dae8f1063e|t20-lat-svc-25.1.ebwvngbtmfm4x61a2gbkedtwa
1790517286271497188|service|remove|jf0hsu4vzbn2arh96cxelo58a|t20-lat-svc-25
1790517286666033257|container|destroy|1d38700769876a6f5634eca192c55161bc217c43d4335d76735d355b80263f7c|t20-lat-svc-25.1.mcbxkfekoyykj5mgkeltpl0qx
1790517286805532857|container|exec_create: /bin/sh -c true|d2d6c0d5457a195d48f1aaa3be681c5a8b3887728f604143f4c5a2dae8f1063e|t20-lat-svc-25.1.ebwvngbtmfm4x61a2gbkedtwa
1790517286805582393|container|exec_start: /bin/sh -c true|d2d6c0d5457a195d48f1aaa3be681c5a8b3887728f604143f4c5a2dae8f1063e|t20-lat-svc-25.1.ebwvngbtmfm4x61a2gbkedtwa
1790517286830833523|container|exec_die|d2d6c0d5457a195d48f1aaa3be681c5a8b3887728f604143f4c5a2dae8f1063e|t20-lat-svc-25.1.ebwvngbtmfm4x61a2gbkedtwa
1790517287396555557|container|kill|d2d6c0d5457a195d48f1aaa3be681c5a8b3887728f604143f4c5a2dae8f1063e|t20-lat-svc-25.1.ebwvngbtmfm4x61a2gbkedtwa
1790517287831528279|container|exec_create: /bin/sh -c true|d2d6c0d5457a195d48f1aaa3be681c5a8b3887728f604143f4c5a2dae8f1063e|t20-lat-svc-25.1.ebwvngbtmfm4x61a2gbkedtwa
1790517287831553790|container|exec_start: /bin/sh -c true|d2d6c0d5457a195d48f1aaa3be681c5a8b3887728f604143f4c5a2dae8f1063e|t20-lat-svc-25.1.ebwvngbtmfm4x61a2gbkedtwa
1790517287856455894|container|exec_die|d2d6c0d5457a195d48f1aaa3be681c5a8b3887728f604143f4c5a2dae8f1063e|t20-lat-svc-25.1.ebwvngbtmfm4x61a2gbkedtwa
1790517288857239780|container|exec_create: /bin/sh -c true|d2d6c0d5457a195d48f1aaa3be681c5a8b3887728f604143f4c5a2dae8f1063e|t20-lat-svc-25.1.ebwvngbtmfm4x61a2gbkedtwa
1790517288857265066|container|exec_start: /bin/sh -c true|d2d6c0d5457a195d48f1aaa3be681c5a8b3887728f604143f4c5a2dae8f1063e|t20-lat-svc-25.1.ebwvngbtmfm4x61a2gbkedtwa
1790517288882831635|container|exec_die|d2d6c0d5457a195d48f1aaa3be681c5a8b3887728f604143f4c5a2dae8f1063e|t20-lat-svc-25.1.ebwvngbtmfm4x61a2gbkedtwa
1790517289411182902|container|kill|d2d6c0d5457a195d48f1aaa3be681c5a8b3887728f604143f4c5a2dae8f1063e|t20-lat-svc-25.1.ebwvngbtmfm4x61a2gbkedtwa
1790517289542331757|network|disconnect|14dd0091cf68512f991ff07db68c60bcf87dff62b2e2f230898cca1efe8e62aa|bridge
1790517289552123711|container|stop|d2d6c0d5457a195d48f1aaa3be681c5a8b3887728f604143f4c5a2dae8f1063e|t20-lat-svc-25.1.ebwvngbtmfm4x61a2gbkedtwa
1790517289559466726|container|die|d2d6c0d5457a195d48f1aaa3be681c5a8b3887728f604143f4c5a2dae8f1063e|t20-lat-svc-25.1.ebwvngbtmfm4x61a2gbkedtwa
1790517290053063283|container|destroy|d2d6c0d5457a195d48f1aaa3be681c5a8b3887728f604143f4c5a2dae8f1063e|t20-lat-svc-25.1.ebwvngbtmfm4x61a2gbkedtwa
1790517296648763034|service|create|ggv6lhfpy7t2mo79m8aaesrnp|t20-lat-svc-26
1790517296902538583|container|create|36644f32c872632f90e29f489ea9197ada254784db89361cb081ff2506aab39c|t20-lat-svc-26.1.fbtuy05ogf8mbcnfclunk31td
1790517297059503695|network|connect|14dd0091cf68512f991ff07db68c60bcf87dff62b2e2f230898cca1efe8e62aa|bridge
1790517297075509248|container|start|36644f32c872632f90e29f489ea9197ada254784db89361cb081ff2506aab39c|t20-lat-svc-26.1.fbtuy05ogf8mbcnfclunk31td
1790517298076006051|container|exec_create: /bin/sh -c true|36644f32c872632f90e29f489ea9197ada254784db89361cb081ff2506aab39c|t20-lat-svc-26.1.fbtuy05ogf8mbcnfclunk31td
1790517298076061450|container|exec_start: /bin/sh -c true|36644f32c872632f90e29f489ea9197ada254784db89361cb081ff2506aab39c|t20-lat-svc-26.1.fbtuy05ogf8mbcnfclunk31td
1790517298103094851|container|exec_die|36644f32c872632f90e29f489ea9197ada254784db89361cb081ff2506aab39c|t20-lat-svc-26.1.fbtuy05ogf8mbcnfclunk31td
1790517298103300334|container|health_status: healthy|36644f32c872632f90e29f489ea9197ada254784db89361cb081ff2506aab39c|t20-lat-svc-26.1.fbtuy05ogf8mbcnfclunk31td
1790517298727109423|service|update|ggv6lhfpy7t2mo79m8aaesrnp|t20-lat-svc-26
1790517298731693895|service|update|ggv6lhfpy7t2mo79m8aaesrnp|t20-lat-svc-26
1790517298991581807|container|create|e56ac3ed6c0649c81f95271382e70037bb82ac8d3f7ca6435531f5b69df2f0b0|t20-lat-svc-26.1.e6siekbsztpfil8tk3wmsda4u
1790517299104341783|container|exec_create: /bin/sh -c true|36644f32c872632f90e29f489ea9197ada254784db89361cb081ff2506aab39c|t20-lat-svc-26.1.fbtuy05ogf8mbcnfclunk31td
1790517299104379421|container|exec_start: /bin/sh -c true|36644f32c872632f90e29f489ea9197ada254784db89361cb081ff2506aab39c|t20-lat-svc-26.1.fbtuy05ogf8mbcnfclunk31td
1790517299130682561|container|exec_die|36644f32c872632f90e29f489ea9197ada254784db89361cb081ff2506aab39c|t20-lat-svc-26.1.fbtuy05ogf8mbcnfclunk31td
1790517299914966412|container|kill|36644f32c872632f90e29f489ea9197ada254784db89361cb081ff2506aab39c|t20-lat-svc-26.1.fbtuy05ogf8mbcnfclunk31td
1790517300131064408|container|exec_create: /bin/sh -c true|36644f32c872632f90e29f489ea9197ada254784db89361cb081ff2506aab39c|t20-lat-svc-26.1.fbtuy05ogf8mbcnfclunk31td
1790517300131100023|container|exec_start: /bin/sh -c true|36644f32c872632f90e29f489ea9197ada254784db89361cb081ff2506aab39c|t20-lat-svc-26.1.fbtuy05ogf8mbcnfclunk31td
1790517300157063925|container|exec_die|36644f32c872632f90e29f489ea9197ada254784db89361cb081ff2506aab39c|t20-lat-svc-26.1.fbtuy05ogf8mbcnfclunk31td
1790517301157533026|container|exec_create: /bin/sh -c true|36644f32c872632f90e29f489ea9197ada254784db89361cb081ff2506aab39c|t20-lat-svc-26.1.fbtuy05ogf8mbcnfclunk31td
1790517301157620411|container|exec_start: /bin/sh -c true|36644f32c872632f90e29f489ea9197ada254784db89361cb081ff2506aab39c|t20-lat-svc-26.1.fbtuy05ogf8mbcnfclunk31td
1790517301182989032|container|exec_die|36644f32c872632f90e29f489ea9197ada254784db89361cb081ff2506aab39c|t20-lat-svc-26.1.fbtuy05ogf8mbcnfclunk31td
1790517301928626429|container|kill|36644f32c872632f90e29f489ea9197ada254784db89361cb081ff2506aab39c|t20-lat-svc-26.1.fbtuy05ogf8mbcnfclunk31td
1790517302073600934|network|disconnect|14dd0091cf68512f991ff07db68c60bcf87dff62b2e2f230898cca1efe8e62aa|bridge
1790517302079326764|container|stop|36644f32c872632f90e29f489ea9197ada254784db89361cb081ff2506aab39c|t20-lat-svc-26.1.fbtuy05ogf8mbcnfclunk31td
1790517302089717795|container|die|36644f32c872632f90e29f489ea9197ada254784db89361cb081ff2506aab39c|t20-lat-svc-26.1.fbtuy05ogf8mbcnfclunk31td
1790517302385592656|network|connect|14dd0091cf68512f991ff07db68c60bcf87dff62b2e2f230898cca1efe8e62aa|bridge
1790517302403754476|container|start|e56ac3ed6c0649c81f95271382e70037bb82ac8d3f7ca6435531f5b69df2f0b0|t20-lat-svc-26.1.e6siekbsztpfil8tk3wmsda4u
1790517303404788198|container|exec_create: /bin/sh -c true|e56ac3ed6c0649c81f95271382e70037bb82ac8d3f7ca6435531f5b69df2f0b0|t20-lat-svc-26.1.e6siekbsztpfil8tk3wmsda4u
1790517303404827361|container|exec_start: /bin/sh -c true|e56ac3ed6c0649c81f95271382e70037bb82ac8d3f7ca6435531f5b69df2f0b0|t20-lat-svc-26.1.e6siekbsztpfil8tk3wmsda4u
1790517303429925051|container|exec_die|e56ac3ed6c0649c81f95271382e70037bb82ac8d3f7ca6435531f5b69df2f0b0|t20-lat-svc-26.1.e6siekbsztpfil8tk3wmsda4u
1790517303430110360|container|health_status: healthy|e56ac3ed6c0649c81f95271382e70037bb82ac8d3f7ca6435531f5b69df2f0b0|t20-lat-svc-26.1.e6siekbsztpfil8tk3wmsda4u
1790517303883098638|service|remove|ggv6lhfpy7t2mo79m8aaesrnp|t20-lat-svc-26
1790517304280373671|container|destroy|36644f32c872632f90e29f489ea9197ada254784db89361cb081ff2506aab39c|t20-lat-svc-26.1.fbtuy05ogf8mbcnfclunk31td
1790517304430397605|container|exec_create: /bin/sh -c true|e56ac3ed6c0649c81f95271382e70037bb82ac8d3f7ca6435531f5b69df2f0b0|t20-lat-svc-26.1.e6siekbsztpfil8tk3wmsda4u
1790517304430433969|container|exec_start: /bin/sh -c true|e56ac3ed6c0649c81f95271382e70037bb82ac8d3f7ca6435531f5b69df2f0b0|t20-lat-svc-26.1.e6siekbsztpfil8tk3wmsda4u
1790517304456964375|container|exec_die|e56ac3ed6c0649c81f95271382e70037bb82ac8d3f7ca6435531f5b69df2f0b0|t20-lat-svc-26.1.e6siekbsztpfil8tk3wmsda4u
1790517305013889395|container|kill|e56ac3ed6c0649c81f95271382e70037bb82ac8d3f7ca6435531f5b69df2f0b0|t20-lat-svc-26.1.e6siekbsztpfil8tk3wmsda4u
1790517305457426697|container|exec_create: /bin/sh -c true|e56ac3ed6c0649c81f95271382e70037bb82ac8d3f7ca6435531f5b69df2f0b0|t20-lat-svc-26.1.e6siekbsztpfil8tk3wmsda4u
1790517305457453271|container|exec_start: /bin/sh -c true|e56ac3ed6c0649c81f95271382e70037bb82ac8d3f7ca6435531f5b69df2f0b0|t20-lat-svc-26.1.e6siekbsztpfil8tk3wmsda4u
1790517305482011462|container|exec_die|e56ac3ed6c0649c81f95271382e70037bb82ac8d3f7ca6435531f5b69df2f0b0|t20-lat-svc-26.1.e6siekbsztpfil8tk3wmsda4u
1790517306482296892|container|exec_create: /bin/sh -c true|e56ac3ed6c0649c81f95271382e70037bb82ac8d3f7ca6435531f5b69df2f0b0|t20-lat-svc-26.1.e6siekbsztpfil8tk3wmsda4u
1790517306482335983|container|exec_start: /bin/sh -c true|e56ac3ed6c0649c81f95271382e70037bb82ac8d3f7ca6435531f5b69df2f0b0|t20-lat-svc-26.1.e6siekbsztpfil8tk3wmsda4u
1790517306508966384|container|exec_die|e56ac3ed6c0649c81f95271382e70037bb82ac8d3f7ca6435531f5b69df2f0b0|t20-lat-svc-26.1.e6siekbsztpfil8tk3wmsda4u
1790517307027444456|container|kill|e56ac3ed6c0649c81f95271382e70037bb82ac8d3f7ca6435531f5b69df2f0b0|t20-lat-svc-26.1.e6siekbsztpfil8tk3wmsda4u
1790517307185760792|network|disconnect|14dd0091cf68512f991ff07db68c60bcf87dff62b2e2f230898cca1efe8e62aa|bridge
1790517307195506847|container|stop|e56ac3ed6c0649c81f95271382e70037bb82ac8d3f7ca6435531f5b69df2f0b0|t20-lat-svc-26.1.e6siekbsztpfil8tk3wmsda4u
1790517307203936004|container|die|e56ac3ed6c0649c81f95271382e70037bb82ac8d3f7ca6435531f5b69df2f0b0|t20-lat-svc-26.1.e6siekbsztpfil8tk3wmsda4u
1790517307685367745|container|destroy|e56ac3ed6c0649c81f95271382e70037bb82ac8d3f7ca6435531f5b69df2f0b0|t20-lat-svc-26.1.e6siekbsztpfil8tk3wmsda4u
1790517314864492957|service|create|075xwddf1vkqo7cbz8g6rjoq7|t20-lat-svc-27
1790517315124102806|container|create|52486e9ab32b70dea76ac45f61a1aa3a413c6147bf8324a47c77e6dd519505be|t20-lat-svc-27.1.aj8vi5t7wmmrzzs1d5klxppen
1790517315250076535|network|connect|14dd0091cf68512f991ff07db68c60bcf87dff62b2e2f230898cca1efe8e62aa|bridge
1790517315267078896|container|start|52486e9ab32b70dea76ac45f61a1aa3a413c6147bf8324a47c77e6dd519505be|t20-lat-svc-27.1.aj8vi5t7wmmrzzs1d5klxppen
1790517316268276961|container|exec_create: /bin/sh -c true|52486e9ab32b70dea76ac45f61a1aa3a413c6147bf8324a47c77e6dd519505be|t20-lat-svc-27.1.aj8vi5t7wmmrzzs1d5klxppen
1790517316268352578|container|exec_start: /bin/sh -c true|52486e9ab32b70dea76ac45f61a1aa3a413c6147bf8324a47c77e6dd519505be|t20-lat-svc-27.1.aj8vi5t7wmmrzzs1d5klxppen
1790517316293559245|container|exec_die|52486e9ab32b70dea76ac45f61a1aa3a413c6147bf8324a47c77e6dd519505be|t20-lat-svc-27.1.aj8vi5t7wmmrzzs1d5klxppen
1790517316293844047|container|health_status: healthy|52486e9ab32b70dea76ac45f61a1aa3a413c6147bf8324a47c77e6dd519505be|t20-lat-svc-27.1.aj8vi5t7wmmrzzs1d5klxppen
1790517316929424378|service|update|075xwddf1vkqo7cbz8g6rjoq7|t20-lat-svc-27
1790517316932277143|service|update|075xwddf1vkqo7cbz8g6rjoq7|t20-lat-svc-27
1790517317198130910|container|create|1df6d27b99ae6a177669479313ad3351a674497f676dd3849386eaeba99fe6f8|t20-lat-svc-27.1.zek6rve8qfxg5qajc7181f9t2
1790517317294373574|container|exec_create: /bin/sh -c true|52486e9ab32b70dea76ac45f61a1aa3a413c6147bf8324a47c77e6dd519505be|t20-lat-svc-27.1.aj8vi5t7wmmrzzs1d5klxppen
1790517317294396960|container|exec_start: /bin/sh -c true|52486e9ab32b70dea76ac45f61a1aa3a413c6147bf8324a47c77e6dd519505be|t20-lat-svc-27.1.aj8vi5t7wmmrzzs1d5klxppen
1790517317319358237|container|exec_die|52486e9ab32b70dea76ac45f61a1aa3a413c6147bf8324a47c77e6dd519505be|t20-lat-svc-27.1.aj8vi5t7wmmrzzs1d5klxppen
1790517318117376856|container|kill|52486e9ab32b70dea76ac45f61a1aa3a413c6147bf8324a47c77e6dd519505be|t20-lat-svc-27.1.aj8vi5t7wmmrzzs1d5klxppen
1790517318320346254|container|exec_create: /bin/sh -c true|52486e9ab32b70dea76ac45f61a1aa3a413c6147bf8324a47c77e6dd519505be|t20-lat-svc-27.1.aj8vi5t7wmmrzzs1d5klxppen
1790517318320379152|container|exec_start: /bin/sh -c true|52486e9ab32b70dea76ac45f61a1aa3a413c6147bf8324a47c77e6dd519505be|t20-lat-svc-27.1.aj8vi5t7wmmrzzs1d5klxppen
1790517318345037423|container|exec_die|52486e9ab32b70dea76ac45f61a1aa3a413c6147bf8324a47c77e6dd519505be|t20-lat-svc-27.1.aj8vi5t7wmmrzzs1d5klxppen
1790517319346197742|container|exec_create: /bin/sh -c true|52486e9ab32b70dea76ac45f61a1aa3a413c6147bf8324a47c77e6dd519505be|t20-lat-svc-27.1.aj8vi5t7wmmrzzs1d5klxppen
1790517319346231098|container|exec_start: /bin/sh -c true|52486e9ab32b70dea76ac45f61a1aa3a413c6147bf8324a47c77e6dd519505be|t20-lat-svc-27.1.aj8vi5t7wmmrzzs1d5klxppen
1790517319371469266|container|exec_die|52486e9ab32b70dea76ac45f61a1aa3a413c6147bf8324a47c77e6dd519505be|t20-lat-svc-27.1.aj8vi5t7wmmrzzs1d5klxppen
1790517320131351491|container|kill|52486e9ab32b70dea76ac45f61a1aa3a413c6147bf8324a47c77e6dd519505be|t20-lat-svc-27.1.aj8vi5t7wmmrzzs1d5klxppen
1790517320274090627|network|disconnect|14dd0091cf68512f991ff07db68c60bcf87dff62b2e2f230898cca1efe8e62aa|bridge
1790517320278750739|container|stop|52486e9ab32b70dea76ac45f61a1aa3a413c6147bf8324a47c77e6dd519505be|t20-lat-svc-27.1.aj8vi5t7wmmrzzs1d5klxppen
1790517320287148863|container|die|52486e9ab32b70dea76ac45f61a1aa3a413c6147bf8324a47c77e6dd519505be|t20-lat-svc-27.1.aj8vi5t7wmmrzzs1d5klxppen
1790517320521198245|network|connect|14dd0091cf68512f991ff07db68c60bcf87dff62b2e2f230898cca1efe8e62aa|bridge
1790517320539169866|container|start|1df6d27b99ae6a177669479313ad3351a674497f676dd3849386eaeba99fe6f8|t20-lat-svc-27.1.zek6rve8qfxg5qajc7181f9t2
1790517321539288448|container|exec_create: /bin/sh -c true|1df6d27b99ae6a177669479313ad3351a674497f676dd3849386eaeba99fe6f8|t20-lat-svc-27.1.zek6rve8qfxg5qajc7181f9t2
1790517321539347530|container|exec_start: /bin/sh -c true|1df6d27b99ae6a177669479313ad3351a674497f676dd3849386eaeba99fe6f8|t20-lat-svc-27.1.zek6rve8qfxg5qajc7181f9t2
1790517321563162989|container|exec_die|1df6d27b99ae6a177669479313ad3351a674497f676dd3849386eaeba99fe6f8|t20-lat-svc-27.1.zek6rve8qfxg5qajc7181f9t2
1790517321563544882|container|health_status: healthy|1df6d27b99ae6a177669479313ad3351a674497f676dd3849386eaeba99fe6f8|t20-lat-svc-27.1.zek6rve8qfxg5qajc7181f9t2
1790517322074442343|service|remove|075xwddf1vkqo7cbz8g6rjoq7|t20-lat-svc-27
1790517322469795964|container|destroy|52486e9ab32b70dea76ac45f61a1aa3a413c6147bf8324a47c77e6dd519505be|t20-lat-svc-27.1.aj8vi5t7wmmrzzs1d5klxppen
1790517322564009076|container|exec_create: /bin/sh -c true|1df6d27b99ae6a177669479313ad3351a674497f676dd3849386eaeba99fe6f8|t20-lat-svc-27.1.zek6rve8qfxg5qajc7181f9t2
1790517322564046332|container|exec_start: /bin/sh -c true|1df6d27b99ae6a177669479313ad3351a674497f676dd3849386eaeba99fe6f8|t20-lat-svc-27.1.zek6rve8qfxg5qajc7181f9t2
1790517322588362877|container|exec_die|1df6d27b99ae6a177669479313ad3351a674497f676dd3849386eaeba99fe6f8|t20-lat-svc-27.1.zek6rve8qfxg5qajc7181f9t2
1790517323203384410|container|kill|1df6d27b99ae6a177669479313ad3351a674497f676dd3849386eaeba99fe6f8|t20-lat-svc-27.1.zek6rve8qfxg5qajc7181f9t2
1790517323589441507|container|exec_create: /bin/sh -c true|1df6d27b99ae6a177669479313ad3351a674497f676dd3849386eaeba99fe6f8|t20-lat-svc-27.1.zek6rve8qfxg5qajc7181f9t2
1790517323589464633|container|exec_start: /bin/sh -c true|1df6d27b99ae6a177669479313ad3351a674497f676dd3849386eaeba99fe6f8|t20-lat-svc-27.1.zek6rve8qfxg5qajc7181f9t2
1790517323613196751|container|exec_die|1df6d27b99ae6a177669479313ad3351a674497f676dd3849386eaeba99fe6f8|t20-lat-svc-27.1.zek6rve8qfxg5qajc7181f9t2
1790517324614448599|container|exec_create: /bin/sh -c true|1df6d27b99ae6a177669479313ad3351a674497f676dd3849386eaeba99fe6f8|t20-lat-svc-27.1.zek6rve8qfxg5qajc7181f9t2
1790517324614474884|container|exec_start: /bin/sh -c true|1df6d27b99ae6a177669479313ad3351a674497f676dd3849386eaeba99fe6f8|t20-lat-svc-27.1.zek6rve8qfxg5qajc7181f9t2
1790517324640198436|container|exec_die|1df6d27b99ae6a177669479313ad3351a674497f676dd3849386eaeba99fe6f8|t20-lat-svc-27.1.zek6rve8qfxg5qajc7181f9t2
1790517325216465230|container|kill|1df6d27b99ae6a177669479313ad3351a674497f676dd3849386eaeba99fe6f8|t20-lat-svc-27.1.zek6rve8qfxg5qajc7181f9t2
1790517325352097226|network|disconnect|14dd0091cf68512f991ff07db68c60bcf87dff62b2e2f230898cca1efe8e62aa|bridge
1790517325361955051|container|stop|1df6d27b99ae6a177669479313ad3351a674497f676dd3849386eaeba99fe6f8|t20-lat-svc-27.1.zek6rve8qfxg5qajc7181f9t2
1790517325370152330|container|die|1df6d27b99ae6a177669479313ad3351a674497f676dd3849386eaeba99fe6f8|t20-lat-svc-27.1.zek6rve8qfxg5qajc7181f9t2
1790517325829940967|container|destroy|1df6d27b99ae6a177669479313ad3351a674497f676dd3849386eaeba99fe6f8|t20-lat-svc-27.1.zek6rve8qfxg5qajc7181f9t2
1790517373614857839|service|create|8qd8yv8cv86dpcsricpogpkpm|t20-lat-svc-28
1790517373866602738|container|create|5e8453b7a0f18f5dc69ae8bccbfa4c3f662cafe2269cee41834585d6d94e97e4|t20-lat-svc-28.1.3jiskaw3lfq4zeqhan4mun2t2
1790517373990569171|network|connect|14dd0091cf68512f991ff07db68c60bcf87dff62b2e2f230898cca1efe8e62aa|bridge
1790517374009491200|container|start|5e8453b7a0f18f5dc69ae8bccbfa4c3f662cafe2269cee41834585d6d94e97e4|t20-lat-svc-28.1.3jiskaw3lfq4zeqhan4mun2t2
1790517375010347546|container|exec_create: /bin/sh -c true|5e8453b7a0f18f5dc69ae8bccbfa4c3f662cafe2269cee41834585d6d94e97e4|t20-lat-svc-28.1.3jiskaw3lfq4zeqhan4mun2t2
1790517375010428528|container|exec_start: /bin/sh -c true|5e8453b7a0f18f5dc69ae8bccbfa4c3f662cafe2269cee41834585d6d94e97e4|t20-lat-svc-28.1.3jiskaw3lfq4zeqhan4mun2t2
1790517375035692148|container|exec_die|5e8453b7a0f18f5dc69ae8bccbfa4c3f662cafe2269cee41834585d6d94e97e4|t20-lat-svc-28.1.3jiskaw3lfq4zeqhan4mun2t2
1790517375035907243|container|health_status: healthy|5e8453b7a0f18f5dc69ae8bccbfa4c3f662cafe2269cee41834585d6d94e97e4|t20-lat-svc-28.1.3jiskaw3lfq4zeqhan4mun2t2
1790517375681947121|service|update|8qd8yv8cv86dpcsricpogpkpm|t20-lat-svc-28
1790517375686788209|service|update|8qd8yv8cv86dpcsricpogpkpm|t20-lat-svc-28
1790517375950518755|container|create|f808336fceb433f7d276ecc04323a7d97a9e70ec370d7ec87ac80c2c82488409|t20-lat-svc-28.1.px4edbsj77ez4wir1vu2e9qr6
1790517376036963988|container|exec_create: /bin/sh -c true|5e8453b7a0f18f5dc69ae8bccbfa4c3f662cafe2269cee41834585d6d94e97e4|t20-lat-svc-28.1.3jiskaw3lfq4zeqhan4mun2t2
1790517376036987929|container|exec_start: /bin/sh -c true|5e8453b7a0f18f5dc69ae8bccbfa4c3f662cafe2269cee41834585d6d94e97e4|t20-lat-svc-28.1.3jiskaw3lfq4zeqhan4mun2t2
1790517376061799599|container|exec_die|5e8453b7a0f18f5dc69ae8bccbfa4c3f662cafe2269cee41834585d6d94e97e4|t20-lat-svc-28.1.3jiskaw3lfq4zeqhan4mun2t2
1790517376871601035|container|kill|5e8453b7a0f18f5dc69ae8bccbfa4c3f662cafe2269cee41834585d6d94e97e4|t20-lat-svc-28.1.3jiskaw3lfq4zeqhan4mun2t2
1790517377062666916|container|exec_create: /bin/sh -c true|5e8453b7a0f18f5dc69ae8bccbfa4c3f662cafe2269cee41834585d6d94e97e4|t20-lat-svc-28.1.3jiskaw3lfq4zeqhan4mun2t2
1790517377062692536|container|exec_start: /bin/sh -c true|5e8453b7a0f18f5dc69ae8bccbfa4c3f662cafe2269cee41834585d6d94e97e4|t20-lat-svc-28.1.3jiskaw3lfq4zeqhan4mun2t2
1790517377087244571|container|exec_die|5e8453b7a0f18f5dc69ae8bccbfa4c3f662cafe2269cee41834585d6d94e97e4|t20-lat-svc-28.1.3jiskaw3lfq4zeqhan4mun2t2
1790517378088102297|container|exec_create: /bin/sh -c true|5e8453b7a0f18f5dc69ae8bccbfa4c3f662cafe2269cee41834585d6d94e97e4|t20-lat-svc-28.1.3jiskaw3lfq4zeqhan4mun2t2
1790517378088140110|container|exec_start: /bin/sh -c true|5e8453b7a0f18f5dc69ae8bccbfa4c3f662cafe2269cee41834585d6d94e97e4|t20-lat-svc-28.1.3jiskaw3lfq4zeqhan4mun2t2
1790517378112747681|container|exec_die|5e8453b7a0f18f5dc69ae8bccbfa4c3f662cafe2269cee41834585d6d94e97e4|t20-lat-svc-28.1.3jiskaw3lfq4zeqhan4mun2t2
1790517378884889321|container|kill|5e8453b7a0f18f5dc69ae8bccbfa4c3f662cafe2269cee41834585d6d94e97e4|t20-lat-svc-28.1.3jiskaw3lfq4zeqhan4mun2t2
1790517379027692300|network|disconnect|14dd0091cf68512f991ff07db68c60bcf87dff62b2e2f230898cca1efe8e62aa|bridge
1790517379033396202|container|stop|5e8453b7a0f18f5dc69ae8bccbfa4c3f662cafe2269cee41834585d6d94e97e4|t20-lat-svc-28.1.3jiskaw3lfq4zeqhan4mun2t2
1790517379041800067|container|die|5e8453b7a0f18f5dc69ae8bccbfa4c3f662cafe2269cee41834585d6d94e97e4|t20-lat-svc-28.1.3jiskaw3lfq4zeqhan4mun2t2
1790517379288651193|network|connect|14dd0091cf68512f991ff07db68c60bcf87dff62b2e2f230898cca1efe8e62aa|bridge
1790517379305783688|container|start|f808336fceb433f7d276ecc04323a7d97a9e70ec370d7ec87ac80c2c82488409|t20-lat-svc-28.1.px4edbsj77ez4wir1vu2e9qr6
1790517380306659424|container|exec_create: /bin/sh -c true|f808336fceb433f7d276ecc04323a7d97a9e70ec370d7ec87ac80c2c82488409|t20-lat-svc-28.1.px4edbsj77ez4wir1vu2e9qr6
1790517380306749711|container|exec_start: /bin/sh -c true|f808336fceb433f7d276ecc04323a7d97a9e70ec370d7ec87ac80c2c82488409|t20-lat-svc-28.1.px4edbsj77ez4wir1vu2e9qr6
1790517380331908520|container|exec_die|f808336fceb433f7d276ecc04323a7d97a9e70ec370d7ec87ac80c2c82488409|t20-lat-svc-28.1.px4edbsj77ez4wir1vu2e9qr6
1790517380332124808|container|health_status: healthy|f808336fceb433f7d276ecc04323a7d97a9e70ec370d7ec87ac80c2c82488409|t20-lat-svc-28.1.px4edbsj77ez4wir1vu2e9qr6
1790517380833887099|service|remove|8qd8yv8cv86dpcsricpogpkpm|t20-lat-svc-28
1790517381227396844|container|destroy|5e8453b7a0f18f5dc69ae8bccbfa4c3f662cafe2269cee41834585d6d94e97e4|t20-lat-svc-28.1.3jiskaw3lfq4zeqhan4mun2t2
1790517381332897771|container|exec_create: /bin/sh -c true|f808336fceb433f7d276ecc04323a7d97a9e70ec370d7ec87ac80c2c82488409|t20-lat-svc-28.1.px4edbsj77ez4wir1vu2e9qr6
1790517381332928988|container|exec_start: /bin/sh -c true|f808336fceb433f7d276ecc04323a7d97a9e70ec370d7ec87ac80c2c82488409|t20-lat-svc-28.1.px4edbsj77ez4wir1vu2e9qr6
1790517381357840520|container|exec_die|f808336fceb433f7d276ecc04323a7d97a9e70ec370d7ec87ac80c2c82488409|t20-lat-svc-28.1.px4edbsj77ez4wir1vu2e9qr6
1790517381958952327|container|kill|f808336fceb433f7d276ecc04323a7d97a9e70ec370d7ec87ac80c2c82488409|t20-lat-svc-28.1.px4edbsj77ez4wir1vu2e9qr6
1790517382356788089|container|exec_create: /bin/sh -c true|f808336fceb433f7d276ecc04323a7d97a9e70ec370d7ec87ac80c2c82488409|t20-lat-svc-28.1.px4edbsj77ez4wir1vu2e9qr6
1790517382356813193|container|exec_start: /bin/sh -c true|f808336fceb433f7d276ecc04323a7d97a9e70ec370d7ec87ac80c2c82488409|t20-lat-svc-28.1.px4edbsj77ez4wir1vu2e9qr6
1790517382380653224|container|exec_die|f808336fceb433f7d276ecc04323a7d97a9e70ec370d7ec87ac80c2c82488409|t20-lat-svc-28.1.px4edbsj77ez4wir1vu2e9qr6
1790517383381428086|container|exec_create: /bin/sh -c true|f808336fceb433f7d276ecc04323a7d97a9e70ec370d7ec87ac80c2c82488409|t20-lat-svc-28.1.px4edbsj77ez4wir1vu2e9qr6
1790517383381517617|container|exec_start: /bin/sh -c true|f808336fceb433f7d276ecc04323a7d97a9e70ec370d7ec87ac80c2c82488409|t20-lat-svc-28.1.px4edbsj77ez4wir1vu2e9qr6
1790517383406002730|container|exec_die|f808336fceb433f7d276ecc04323a7d97a9e70ec370d7ec87ac80c2c82488409|t20-lat-svc-28.1.px4edbsj77ez4wir1vu2e9qr6
1790517383971084977|container|kill|f808336fceb433f7d276ecc04323a7d97a9e70ec370d7ec87ac80c2c82488409|t20-lat-svc-28.1.px4edbsj77ez4wir1vu2e9qr6
1790517384113524327|network|disconnect|14dd0091cf68512f991ff07db68c60bcf87dff62b2e2f230898cca1efe8e62aa|bridge
1790517384122210700|container|stop|f808336fceb433f7d276ecc04323a7d97a9e70ec370d7ec87ac80c2c82488409|t20-lat-svc-28.1.px4edbsj77ez4wir1vu2e9qr6
1790517384130558245|container|die|f808336fceb433f7d276ecc04323a7d97a9e70ec370d7ec87ac80c2c82488409|t20-lat-svc-28.1.px4edbsj77ez4wir1vu2e9qr6
1790517384585321387|container|destroy|f808336fceb433f7d276ecc04323a7d97a9e70ec370d7ec87ac80c2c82488409|t20-lat-svc-28.1.px4edbsj77ez4wir1vu2e9qr6
1790517393012018011|service|create|pcczxfkbxxphmi88fxce8uims|t20-lat-svc-29
1790517393267872977|container|create|0faa62da0d29d5b8afae836d49529a0159ed8b65696ddfc3204fad20a1e2d9e4|t20-lat-svc-29.1.yq8kytbslbi1f800amagtpznc
1790517393388833159|network|connect|14dd0091cf68512f991ff07db68c60bcf87dff62b2e2f230898cca1efe8e62aa|bridge
1790517393405785896|container|start|0faa62da0d29d5b8afae836d49529a0159ed8b65696ddfc3204fad20a1e2d9e4|t20-lat-svc-29.1.yq8kytbslbi1f800amagtpznc
1790517394406869217|container|exec_create: /bin/sh -c true|0faa62da0d29d5b8afae836d49529a0159ed8b65696ddfc3204fad20a1e2d9e4|t20-lat-svc-29.1.yq8kytbslbi1f800amagtpznc
1790517394406932842|container|exec_start: /bin/sh -c true|0faa62da0d29d5b8afae836d49529a0159ed8b65696ddfc3204fad20a1e2d9e4|t20-lat-svc-29.1.yq8kytbslbi1f800amagtpznc
1790517394433163678|container|exec_die|0faa62da0d29d5b8afae836d49529a0159ed8b65696ddfc3204fad20a1e2d9e4|t20-lat-svc-29.1.yq8kytbslbi1f800amagtpznc
1790517394433353778|container|health_status: healthy|0faa62da0d29d5b8afae836d49529a0159ed8b65696ddfc3204fad20a1e2d9e4|t20-lat-svc-29.1.yq8kytbslbi1f800amagtpznc
1790517395080455146|service|update|pcczxfkbxxphmi88fxce8uims|t20-lat-svc-29
1790517395083058943|service|update|pcczxfkbxxphmi88fxce8uims|t20-lat-svc-29
1790517395346731793|container|create|4ec6de8530071d7e008b999da58e577a92bbb8101527e3d84b0a6d5038ad002e|t20-lat-svc-29.1.kuhc3xgo5zeyg00jhoo8b7v2f
1790517395434162050|container|exec_create: /bin/sh -c true|0faa62da0d29d5b8afae836d49529a0159ed8b65696ddfc3204fad20a1e2d9e4|t20-lat-svc-29.1.yq8kytbslbi1f800amagtpznc
1790517395434206782|container|exec_start: /bin/sh -c true|0faa62da0d29d5b8afae836d49529a0159ed8b65696ddfc3204fad20a1e2d9e4|t20-lat-svc-29.1.yq8kytbslbi1f800amagtpznc
1790517395458955284|container|exec_die|0faa62da0d29d5b8afae836d49529a0159ed8b65696ddfc3204fad20a1e2d9e4|t20-lat-svc-29.1.yq8kytbslbi1f800amagtpznc
1790517396278896085|container|kill|0faa62da0d29d5b8afae836d49529a0159ed8b65696ddfc3204fad20a1e2d9e4|t20-lat-svc-29.1.yq8kytbslbi1f800amagtpznc
1790517396459905985|container|exec_create: /bin/sh -c true|0faa62da0d29d5b8afae836d49529a0159ed8b65696ddfc3204fad20a1e2d9e4|t20-lat-svc-29.1.yq8kytbslbi1f800amagtpznc
1790517396459939196|container|exec_start: /bin/sh -c true|0faa62da0d29d5b8afae836d49529a0159ed8b65696ddfc3204fad20a1e2d9e4|t20-lat-svc-29.1.yq8kytbslbi1f800amagtpznc
1790517396483936919|container|exec_die|0faa62da0d29d5b8afae836d49529a0159ed8b65696ddfc3204fad20a1e2d9e4|t20-lat-svc-29.1.yq8kytbslbi1f800amagtpznc
1790517397484677587|container|exec_create: /bin/sh -c true|0faa62da0d29d5b8afae836d49529a0159ed8b65696ddfc3204fad20a1e2d9e4|t20-lat-svc-29.1.yq8kytbslbi1f800amagtpznc
1790517397484703626|container|exec_start: /bin/sh -c true|0faa62da0d29d5b8afae836d49529a0159ed8b65696ddfc3204fad20a1e2d9e4|t20-lat-svc-29.1.yq8kytbslbi1f800amagtpznc
1790517397509183392|container|exec_die|0faa62da0d29d5b8afae836d49529a0159ed8b65696ddfc3204fad20a1e2d9e4|t20-lat-svc-29.1.yq8kytbslbi1f800amagtpznc
1790517398293540144|container|kill|0faa62da0d29d5b8afae836d49529a0159ed8b65696ddfc3204fad20a1e2d9e4|t20-lat-svc-29.1.yq8kytbslbi1f800amagtpznc
1790517398453922405|network|disconnect|14dd0091cf68512f991ff07db68c60bcf87dff62b2e2f230898cca1efe8e62aa|bridge
1790517398460252917|container|stop|0faa62da0d29d5b8afae836d49529a0159ed8b65696ddfc3204fad20a1e2d9e4|t20-lat-svc-29.1.yq8kytbslbi1f800amagtpznc
1790517398469071548|container|die|0faa62da0d29d5b8afae836d49529a0159ed8b65696ddfc3204fad20a1e2d9e4|t20-lat-svc-29.1.yq8kytbslbi1f800amagtpznc
1790517398735928767|network|connect|14dd0091cf68512f991ff07db68c60bcf87dff62b2e2f230898cca1efe8e62aa|bridge
1790517398754068442|container|start|4ec6de8530071d7e008b999da58e577a92bbb8101527e3d84b0a6d5038ad002e|t20-lat-svc-29.1.kuhc3xgo5zeyg00jhoo8b7v2f
1790517399754787270|container|exec_create: /bin/sh -c true|4ec6de8530071d7e008b999da58e577a92bbb8101527e3d84b0a6d5038ad002e|t20-lat-svc-29.1.kuhc3xgo5zeyg00jhoo8b7v2f
1790517399754852400|container|exec_start: /bin/sh -c true|4ec6de8530071d7e008b999da58e577a92bbb8101527e3d84b0a6d5038ad002e|t20-lat-svc-29.1.kuhc3xgo5zeyg00jhoo8b7v2f
1790517399779070295|container|exec_die|4ec6de8530071d7e008b999da58e577a92bbb8101527e3d84b0a6d5038ad002e|t20-lat-svc-29.1.kuhc3xgo5zeyg00jhoo8b7v2f
1790517399779275389|container|health_status: healthy|4ec6de8530071d7e008b999da58e577a92bbb8101527e3d84b0a6d5038ad002e|t20-lat-svc-29.1.kuhc3xgo5zeyg00jhoo8b7v2f
1790517400224263914|service|remove|pcczxfkbxxphmi88fxce8uims|t20-lat-svc-29
1790517400618649550|container|destroy|0faa62da0d29d5b8afae836d49529a0159ed8b65696ddfc3204fad20a1e2d9e4|t20-lat-svc-29.1.yq8kytbslbi1f800amagtpznc
1790517400780106734|container|exec_create: /bin/sh -c true|4ec6de8530071d7e008b999da58e577a92bbb8101527e3d84b0a6d5038ad002e|t20-lat-svc-29.1.kuhc3xgo5zeyg00jhoo8b7v2f
1790517400780143964|container|exec_start: /bin/sh -c true|4ec6de8530071d7e008b999da58e577a92bbb8101527e3d84b0a6d5038ad002e|t20-lat-svc-29.1.kuhc3xgo5zeyg00jhoo8b7v2f
1790517400805316913|container|exec_die|4ec6de8530071d7e008b999da58e577a92bbb8101527e3d84b0a6d5038ad002e|t20-lat-svc-29.1.kuhc3xgo5zeyg00jhoo8b7v2f
1790517401350364241|container|kill|4ec6de8530071d7e008b999da58e577a92bbb8101527e3d84b0a6d5038ad002e|t20-lat-svc-29.1.kuhc3xgo5zeyg00jhoo8b7v2f
1790517401806626175|container|exec_create: /bin/sh -c true|4ec6de8530071d7e008b999da58e577a92bbb8101527e3d84b0a6d5038ad002e|t20-lat-svc-29.1.kuhc3xgo5zeyg00jhoo8b7v2f
1790517401806665283|container|exec_start: /bin/sh -c true|4ec6de8530071d7e008b999da58e577a92bbb8101527e3d84b0a6d5038ad002e|t20-lat-svc-29.1.kuhc3xgo5zeyg00jhoo8b7v2f
1790517401831117216|container|exec_die|4ec6de8530071d7e008b999da58e577a92bbb8101527e3d84b0a6d5038ad002e|t20-lat-svc-29.1.kuhc3xgo5zeyg00jhoo8b7v2f
1790517402831745929|container|exec_create: /bin/sh -c true|4ec6de8530071d7e008b999da58e577a92bbb8101527e3d84b0a6d5038ad002e|t20-lat-svc-29.1.kuhc3xgo5zeyg00jhoo8b7v2f
1790517402831782804|container|exec_start: /bin/sh -c true|4ec6de8530071d7e008b999da58e577a92bbb8101527e3d84b0a6d5038ad002e|t20-lat-svc-29.1.kuhc3xgo5zeyg00jhoo8b7v2f
1790517402856182130|container|exec_die|4ec6de8530071d7e008b999da58e577a92bbb8101527e3d84b0a6d5038ad002e|t20-lat-svc-29.1.kuhc3xgo5zeyg00jhoo8b7v2f
1790517403364894464|container|kill|4ec6de8530071d7e008b999da58e577a92bbb8101527e3d84b0a6d5038ad002e|t20-lat-svc-29.1.kuhc3xgo5zeyg00jhoo8b7v2f
1790517403483008838|network|disconnect|14dd0091cf68512f991ff07db68c60bcf87dff62b2e2f230898cca1efe8e62aa|bridge
1790517403492714218|container|stop|4ec6de8530071d7e008b999da58e577a92bbb8101527e3d84b0a6d5038ad002e|t20-lat-svc-29.1.kuhc3xgo5zeyg00jhoo8b7v2f
1790517403501234866|container|die|4ec6de8530071d7e008b999da58e577a92bbb8101527e3d84b0a6d5038ad002e|t20-lat-svc-29.1.kuhc3xgo5zeyg00jhoo8b7v2f
1790517403938446485|container|destroy|4ec6de8530071d7e008b999da58e577a92bbb8101527e3d84b0a6d5038ad002e|t20-lat-svc-29.1.kuhc3xgo5zeyg00jhoo8b7v2f
1790517420331999533|service|create|kql382g19zvfewt5wfxmtp53z|t20-lat-svc-30
1790517420590584942|container|create|7b06d26f57b8edfc0c9938fbd3cf1015e962a5de9bb45f3c754ec2a26752b50e|t20-lat-svc-30.1.o88xlp0eom99gqpi89pnbx5ys
1790517420716619224|network|connect|14dd0091cf68512f991ff07db68c60bcf87dff62b2e2f230898cca1efe8e62aa|bridge
1790517420734604285|container|start|7b06d26f57b8edfc0c9938fbd3cf1015e962a5de9bb45f3c754ec2a26752b50e|t20-lat-svc-30.1.o88xlp0eom99gqpi89pnbx5ys
1790517421735083135|container|exec_create: /bin/sh -c true|7b06d26f57b8edfc0c9938fbd3cf1015e962a5de9bb45f3c754ec2a26752b50e|t20-lat-svc-30.1.o88xlp0eom99gqpi89pnbx5ys
1790517421735126130|container|exec_start: /bin/sh -c true|7b06d26f57b8edfc0c9938fbd3cf1015e962a5de9bb45f3c754ec2a26752b50e|t20-lat-svc-30.1.o88xlp0eom99gqpi89pnbx5ys
1790517421759867176|container|exec_die|7b06d26f57b8edfc0c9938fbd3cf1015e962a5de9bb45f3c754ec2a26752b50e|t20-lat-svc-30.1.o88xlp0eom99gqpi89pnbx5ys
1790517421760108932|container|health_status: healthy|7b06d26f57b8edfc0c9938fbd3cf1015e962a5de9bb45f3c754ec2a26752b50e|t20-lat-svc-30.1.o88xlp0eom99gqpi89pnbx5ys
1790517422399060978|service|update|kql382g19zvfewt5wfxmtp53z|t20-lat-svc-30
1790517422401750808|service|update|kql382g19zvfewt5wfxmtp53z|t20-lat-svc-30
1790517422667738331|container|create|fc932b289cb27e3aa4eb530519cdcf5ead05e05c9b7b7e392bf5acbfed50f12a|t20-lat-svc-30.1.v9nsz1oaiw0jimxg9j1tlf55h
1790517422760240664|container|exec_create: /bin/sh -c true|7b06d26f57b8edfc0c9938fbd3cf1015e962a5de9bb45f3c754ec2a26752b50e|t20-lat-svc-30.1.o88xlp0eom99gqpi89pnbx5ys
1790517422760266463|container|exec_start: /bin/sh -c true|7b06d26f57b8edfc0c9938fbd3cf1015e962a5de9bb45f3c754ec2a26752b50e|t20-lat-svc-30.1.o88xlp0eom99gqpi89pnbx5ys
1790517422785762092|container|exec_die|7b06d26f57b8edfc0c9938fbd3cf1015e962a5de9bb45f3c754ec2a26752b50e|t20-lat-svc-30.1.o88xlp0eom99gqpi89pnbx5ys
1790517423590628100|container|kill|7b06d26f57b8edfc0c9938fbd3cf1015e962a5de9bb45f3c754ec2a26752b50e|t20-lat-svc-30.1.o88xlp0eom99gqpi89pnbx5ys
1790517423786447925|container|exec_create: /bin/sh -c true|7b06d26f57b8edfc0c9938fbd3cf1015e962a5de9bb45f3c754ec2a26752b50e|t20-lat-svc-30.1.o88xlp0eom99gqpi89pnbx5ys
1790517423786483085|container|exec_start: /bin/sh -c true|7b06d26f57b8edfc0c9938fbd3cf1015e962a5de9bb45f3c754ec2a26752b50e|t20-lat-svc-30.1.o88xlp0eom99gqpi89pnbx5ys
1790517423812340816|container|exec_die|7b06d26f57b8edfc0c9938fbd3cf1015e962a5de9bb45f3c754ec2a26752b50e|t20-lat-svc-30.1.o88xlp0eom99gqpi89pnbx5ys
1790517424812945448|container|exec_create: /bin/sh -c true|7b06d26f57b8edfc0c9938fbd3cf1015e962a5de9bb45f3c754ec2a26752b50e|t20-lat-svc-30.1.o88xlp0eom99gqpi89pnbx5ys
1790517424812977658|container|exec_start: /bin/sh -c true|7b06d26f57b8edfc0c9938fbd3cf1015e962a5de9bb45f3c754ec2a26752b50e|t20-lat-svc-30.1.o88xlp0eom99gqpi89pnbx5ys
1790517424839009311|container|exec_die|7b06d26f57b8edfc0c9938fbd3cf1015e962a5de9bb45f3c754ec2a26752b50e|t20-lat-svc-30.1.o88xlp0eom99gqpi89pnbx5ys
1790517425603984131|container|kill|7b06d26f57b8edfc0c9938fbd3cf1015e962a5de9bb45f3c754ec2a26752b50e|t20-lat-svc-30.1.o88xlp0eom99gqpi89pnbx5ys
1790517425766749198|network|disconnect|14dd0091cf68512f991ff07db68c60bcf87dff62b2e2f230898cca1efe8e62aa|bridge
1790517425772501756|container|stop|7b06d26f57b8edfc0c9938fbd3cf1015e962a5de9bb45f3c754ec2a26752b50e|t20-lat-svc-30.1.o88xlp0eom99gqpi89pnbx5ys
1790517425780753209|container|die|7b06d26f57b8edfc0c9938fbd3cf1015e962a5de9bb45f3c754ec2a26752b50e|t20-lat-svc-30.1.o88xlp0eom99gqpi89pnbx5ys
1790517426018827353|network|connect|14dd0091cf68512f991ff07db68c60bcf87dff62b2e2f230898cca1efe8e62aa|bridge
1790517426035669013|container|start|fc932b289cb27e3aa4eb530519cdcf5ead05e05c9b7b7e392bf5acbfed50f12a|t20-lat-svc-30.1.v9nsz1oaiw0jimxg9j1tlf55h
1790517427036573674|container|exec_create: /bin/sh -c true|fc932b289cb27e3aa4eb530519cdcf5ead05e05c9b7b7e392bf5acbfed50f12a|t20-lat-svc-30.1.v9nsz1oaiw0jimxg9j1tlf55h
1790517427036647756|container|exec_start: /bin/sh -c true|fc932b289cb27e3aa4eb530519cdcf5ead05e05c9b7b7e392bf5acbfed50f12a|t20-lat-svc-30.1.v9nsz1oaiw0jimxg9j1tlf55h
1790517427059832114|container|exec_die|fc932b289cb27e3aa4eb530519cdcf5ead05e05c9b7b7e392bf5acbfed50f12a|t20-lat-svc-30.1.v9nsz1oaiw0jimxg9j1tlf55h
1790517427060021374|container|health_status: healthy|fc932b289cb27e3aa4eb530519cdcf5ead05e05c9b7b7e392bf5acbfed50f12a|t20-lat-svc-30.1.v9nsz1oaiw0jimxg9j1tlf55h
1790517427541803282|service|remove|kql382g19zvfewt5wfxmtp53z|t20-lat-svc-30
1790517427938448230|container|destroy|7b06d26f57b8edfc0c9938fbd3cf1015e962a5de9bb45f3c754ec2a26752b50e|t20-lat-svc-30.1.o88xlp0eom99gqpi89pnbx5ys
1790517428060639808|container|exec_create: /bin/sh -c true|fc932b289cb27e3aa4eb530519cdcf5ead05e05c9b7b7e392bf5acbfed50f12a|t20-lat-svc-30.1.v9nsz1oaiw0jimxg9j1tlf55h
1790517428060667287|container|exec_start: /bin/sh -c true|fc932b289cb27e3aa4eb530519cdcf5ead05e05c9b7b7e392bf5acbfed50f12a|t20-lat-svc-30.1.v9nsz1oaiw0jimxg9j1tlf55h
1790517428084969035|container|exec_die|fc932b289cb27e3aa4eb530519cdcf5ead05e05c9b7b7e392bf5acbfed50f12a|t20-lat-svc-30.1.v9nsz1oaiw0jimxg9j1tlf55h
1790517428669892366|container|kill|fc932b289cb27e3aa4eb530519cdcf5ead05e05c9b7b7e392bf5acbfed50f12a|t20-lat-svc-30.1.v9nsz1oaiw0jimxg9j1tlf55h
1790517429085738290|container|exec_create: /bin/sh -c true|fc932b289cb27e3aa4eb530519cdcf5ead05e05c9b7b7e392bf5acbfed50f12a|t20-lat-svc-30.1.v9nsz1oaiw0jimxg9j1tlf55h
1790517429085774395|container|exec_start: /bin/sh -c true|fc932b289cb27e3aa4eb530519cdcf5ead05e05c9b7b7e392bf5acbfed50f12a|t20-lat-svc-30.1.v9nsz1oaiw0jimxg9j1tlf55h
1790517429110976206|container|exec_die|fc932b289cb27e3aa4eb530519cdcf5ead05e05c9b7b7e392bf5acbfed50f12a|t20-lat-svc-30.1.v9nsz1oaiw0jimxg9j1tlf55h
1790517430111400266|container|exec_create: /bin/sh -c true|fc932b289cb27e3aa4eb530519cdcf5ead05e05c9b7b7e392bf5acbfed50f12a|t20-lat-svc-30.1.v9nsz1oaiw0jimxg9j1tlf55h
1790517430111424807|container|exec_start: /bin/sh -c true|fc932b289cb27e3aa4eb530519cdcf5ead05e05c9b7b7e392bf5acbfed50f12a|t20-lat-svc-30.1.v9nsz1oaiw0jimxg9j1tlf55h
1790517430136083393|container|exec_die|fc932b289cb27e3aa4eb530519cdcf5ead05e05c9b7b7e392bf5acbfed50f12a|t20-lat-svc-30.1.v9nsz1oaiw0jimxg9j1tlf55h
1790517430682963535|container|kill|fc932b289cb27e3aa4eb530519cdcf5ead05e05c9b7b7e392bf5acbfed50f12a|t20-lat-svc-30.1.v9nsz1oaiw0jimxg9j1tlf55h
1790517430834880420|network|disconnect|14dd0091cf68512f991ff07db68c60bcf87dff62b2e2f230898cca1efe8e62aa|bridge
1790517430844759843|container|stop|fc932b289cb27e3aa4eb530519cdcf5ead05e05c9b7b7e392bf5acbfed50f12a|t20-lat-svc-30.1.v9nsz1oaiw0jimxg9j1tlf55h
1790517430853960939|container|die|fc932b289cb27e3aa4eb530519cdcf5ead05e05c9b7b7e392bf5acbfed50f12a|t20-lat-svc-30.1.v9nsz1oaiw0jimxg9j1tlf55h
1790517431329676756|container|destroy|fc932b289cb27e3aa4eb530519cdcf5ead05e05c9b7b7e392bf5acbfed50f12a|t20-lat-svc-30.1.v9nsz1oaiw0jimxg9j1tlf55h
1790517431707890007|container|create|701463c4430c97f865e0bee650679f6c83a1fdfb74efb66b361e99878ba63a36|t20-lat-ctr-1
1790517431828874943|network|connect|14dd0091cf68512f991ff07db68c60bcf87dff62b2e2f230898cca1efe8e62aa|bridge
1790517431849835571|container|start|701463c4430c97f865e0bee650679f6c83a1fdfb74efb66b361e99878ba63a36|t20-lat-ctr-1
1790517432850006416|container|exec_create: /bin/sh -c true|701463c4430c97f865e0bee650679f6c83a1fdfb74efb66b361e99878ba63a36|t20-lat-ctr-1
1790517432850041522|container|exec_start: /bin/sh -c true|701463c4430c97f865e0bee650679f6c83a1fdfb74efb66b361e99878ba63a36|t20-lat-ctr-1
1790517432875788261|container|exec_die|701463c4430c97f865e0bee650679f6c83a1fdfb74efb66b361e99878ba63a36|t20-lat-ctr-1
1790517432876016536|container|health_status: healthy|701463c4430c97f865e0bee650679f6c83a1fdfb74efb66b361e99878ba63a36|t20-lat-ctr-1
1790517433876628350|container|exec_create: /bin/sh -c true|701463c4430c97f865e0bee650679f6c83a1fdfb74efb66b361e99878ba63a36|t20-lat-ctr-1
1790517433876667717|container|exec_start: /bin/sh -c true|701463c4430c97f865e0bee650679f6c83a1fdfb74efb66b361e99878ba63a36|t20-lat-ctr-1
1790517433903189599|container|exec_die|701463c4430c97f865e0bee650679f6c83a1fdfb74efb66b361e99878ba63a36|t20-lat-ctr-1
1790517433913781116|container|kill|701463c4430c97f865e0bee650679f6c83a1fdfb74efb66b361e99878ba63a36|t20-lat-ctr-1
1790517434914612096|container|exec_create: /bin/sh -c true|701463c4430c97f865e0bee650679f6c83a1fdfb74efb66b361e99878ba63a36|t20-lat-ctr-1
1790517434914644413|container|exec_start: /bin/sh -c true|701463c4430c97f865e0bee650679f6c83a1fdfb74efb66b361e99878ba63a36|t20-lat-ctr-1
1790517434939194616|container|exec_die|701463c4430c97f865e0bee650679f6c83a1fdfb74efb66b361e99878ba63a36|t20-lat-ctr-1
1790517435928062125|container|kill|701463c4430c97f865e0bee650679f6c83a1fdfb74efb66b361e99878ba63a36|t20-lat-ctr-1
1790517436050045073|network|disconnect|14dd0091cf68512f991ff07db68c60bcf87dff62b2e2f230898cca1efe8e62aa|bridge
1790517436059899223|container|stop|701463c4430c97f865e0bee650679f6c83a1fdfb74efb66b361e99878ba63a36|t20-lat-ctr-1
1790517436068093321|container|die|701463c4430c97f865e0bee650679f6c83a1fdfb74efb66b361e99878ba63a36|t20-lat-ctr-1
1790517436123709978|container|destroy|701463c4430c97f865e0bee650679f6c83a1fdfb74efb66b361e99878ba63a36|t20-lat-ctr-1
1790517436210036832|container|create|8939a0d404497a4619939a21fc9ab21960658b9cf11da727a77491ea8bc8aaa3|t20-lat-ctr-2
1790517436345098666|network|connect|14dd0091cf68512f991ff07db68c60bcf87dff62b2e2f230898cca1efe8e62aa|bridge
1790517436363036342|container|start|8939a0d404497a4619939a21fc9ab21960658b9cf11da727a77491ea8bc8aaa3|t20-lat-ctr-2
1790517437364112939|container|exec_create: /bin/sh -c true|8939a0d404497a4619939a21fc9ab21960658b9cf11da727a77491ea8bc8aaa3|t20-lat-ctr-2
1790517437364142175|container|exec_start: /bin/sh -c true|8939a0d404497a4619939a21fc9ab21960658b9cf11da727a77491ea8bc8aaa3|t20-lat-ctr-2
1790517437389147285|container|exec_die|8939a0d404497a4619939a21fc9ab21960658b9cf11da727a77491ea8bc8aaa3|t20-lat-ctr-2
1790517437389308799|container|health_status: healthy|8939a0d404497a4619939a21fc9ab21960658b9cf11da727a77491ea8bc8aaa3|t20-lat-ctr-2
1790517438389963120|container|exec_create: /bin/sh -c true|8939a0d404497a4619939a21fc9ab21960658b9cf11da727a77491ea8bc8aaa3|t20-lat-ctr-2
1790517438389996116|container|exec_start: /bin/sh -c true|8939a0d404497a4619939a21fc9ab21960658b9cf11da727a77491ea8bc8aaa3|t20-lat-ctr-2
1790517438415396026|container|exec_die|8939a0d404497a4619939a21fc9ab21960658b9cf11da727a77491ea8bc8aaa3|t20-lat-ctr-2
1790517438427229493|container|kill|8939a0d404497a4619939a21fc9ab21960658b9cf11da727a77491ea8bc8aaa3|t20-lat-ctr-2
1790517439427685523|container|exec_create: /bin/sh -c true|8939a0d404497a4619939a21fc9ab21960658b9cf11da727a77491ea8bc8aaa3|t20-lat-ctr-2
1790517439427717512|container|exec_start: /bin/sh -c true|8939a0d404497a4619939a21fc9ab21960658b9cf11da727a77491ea8bc8aaa3|t20-lat-ctr-2
1790517439452184472|container|exec_die|8939a0d404497a4619939a21fc9ab21960658b9cf11da727a77491ea8bc8aaa3|t20-lat-ctr-2
1790517440441244162|container|kill|8939a0d404497a4619939a21fc9ab21960658b9cf11da727a77491ea8bc8aaa3|t20-lat-ctr-2
1790517440452708087|container|exec_create: /bin/sh -c true|8939a0d404497a4619939a21fc9ab21960658b9cf11da727a77491ea8bc8aaa3|t20-lat-ctr-2
1790517440452738269|container|exec_start: /bin/sh -c true|8939a0d404497a4619939a21fc9ab21960658b9cf11da727a77491ea8bc8aaa3|t20-lat-ctr-2
1790517440454225695|container|health_status: unhealthy|8939a0d404497a4619939a21fc9ab21960658b9cf11da727a77491ea8bc8aaa3|t20-lat-ctr-2
1790517440581991240|network|disconnect|14dd0091cf68512f991ff07db68c60bcf87dff62b2e2f230898cca1efe8e62aa|bridge
1790517440589689786|container|stop|8939a0d404497a4619939a21fc9ab21960658b9cf11da727a77491ea8bc8aaa3|t20-lat-ctr-2
1790517440598168155|container|die|8939a0d404497a4619939a21fc9ab21960658b9cf11da727a77491ea8bc8aaa3|t20-lat-ctr-2
1790517440654871726|container|destroy|8939a0d404497a4619939a21fc9ab21960658b9cf11da727a77491ea8bc8aaa3|t20-lat-ctr-2
1790517440740087534|container|create|c9cc842fa5f6ad4e136396122cc26625eb2c6b7d55b4471124a8e563bed17a19|t20-lat-ctr-3
1790517440857021158|network|connect|14dd0091cf68512f991ff07db68c60bcf87dff62b2e2f230898cca1efe8e62aa|bridge
1790517440874130708|container|start|c9cc842fa5f6ad4e136396122cc26625eb2c6b7d55b4471124a8e563bed17a19|t20-lat-ctr-3
1790517441875032398|container|exec_create: /bin/sh -c true|c9cc842fa5f6ad4e136396122cc26625eb2c6b7d55b4471124a8e563bed17a19|t20-lat-ctr-3
1790517441875071083|container|exec_start: /bin/sh -c true|c9cc842fa5f6ad4e136396122cc26625eb2c6b7d55b4471124a8e563bed17a19|t20-lat-ctr-3
1790517441900152629|container|exec_die|c9cc842fa5f6ad4e136396122cc26625eb2c6b7d55b4471124a8e563bed17a19|t20-lat-ctr-3
1790517441900302190|container|health_status: healthy|c9cc842fa5f6ad4e136396122cc26625eb2c6b7d55b4471124a8e563bed17a19|t20-lat-ctr-3
1790517442899743594|container|exec_create: /bin/sh -c true|c9cc842fa5f6ad4e136396122cc26625eb2c6b7d55b4471124a8e563bed17a19|t20-lat-ctr-3
1790517442899787631|container|exec_start: /bin/sh -c true|c9cc842fa5f6ad4e136396122cc26625eb2c6b7d55b4471124a8e563bed17a19|t20-lat-ctr-3
1790517442924992135|container|exec_die|c9cc842fa5f6ad4e136396122cc26625eb2c6b7d55b4471124a8e563bed17a19|t20-lat-ctr-3
1790517442935545163|container|kill|c9cc842fa5f6ad4e136396122cc26625eb2c6b7d55b4471124a8e563bed17a19|t20-lat-ctr-3
1790517443936476899|container|exec_create: /bin/sh -c true|c9cc842fa5f6ad4e136396122cc26625eb2c6b7d55b4471124a8e563bed17a19|t20-lat-ctr-3
1790517443936508396|container|exec_start: /bin/sh -c true|c9cc842fa5f6ad4e136396122cc26625eb2c6b7d55b4471124a8e563bed17a19|t20-lat-ctr-3
1790517443961123191|container|exec_die|c9cc842fa5f6ad4e136396122cc26625eb2c6b7d55b4471124a8e563bed17a19|t20-lat-ctr-3
1790517444949068638|container|kill|c9cc842fa5f6ad4e136396122cc26625eb2c6b7d55b4471124a8e563bed17a19|t20-lat-ctr-3
1790517444962402821|container|exec_create: /bin/sh -c true|c9cc842fa5f6ad4e136396122cc26625eb2c6b7d55b4471124a8e563bed17a19|t20-lat-ctr-3
1790517444962422693|container|exec_start: /bin/sh -c true|c9cc842fa5f6ad4e136396122cc26625eb2c6b7d55b4471124a8e563bed17a19|t20-lat-ctr-3
1790517444963979432|container|health_status: unhealthy|c9cc842fa5f6ad4e136396122cc26625eb2c6b7d55b4471124a8e563bed17a19|t20-lat-ctr-3
1790517445067997769|network|disconnect|14dd0091cf68512f991ff07db68c60bcf87dff62b2e2f230898cca1efe8e62aa|bridge
1790517445077705186|container|stop|c9cc842fa5f6ad4e136396122cc26625eb2c6b7d55b4471124a8e563bed17a19|t20-lat-ctr-3
1790517445092034943|container|die|c9cc842fa5f6ad4e136396122cc26625eb2c6b7d55b4471124a8e563bed17a19|t20-lat-ctr-3
1790517445150639482|container|destroy|c9cc842fa5f6ad4e136396122cc26625eb2c6b7d55b4471124a8e563bed17a19|t20-lat-ctr-3
1790517445238105285|container|create|4c28dc7679d2776bf349c7832e3c8afcd9ee95d0d8d8eb788514f75d8f8f7e2f|t20-lat-ctr-4
1790517445377950598|network|connect|14dd0091cf68512f991ff07db68c60bcf87dff62b2e2f230898cca1efe8e62aa|bridge
1790517445395036278|container|start|4c28dc7679d2776bf349c7832e3c8afcd9ee95d0d8d8eb788514f75d8f8f7e2f|t20-lat-ctr-4
1790517446395173814|container|exec_create: /bin/sh -c true|4c28dc7679d2776bf349c7832e3c8afcd9ee95d0d8d8eb788514f75d8f8f7e2f|t20-lat-ctr-4
1790517446395209550|container|exec_start: /bin/sh -c true|4c28dc7679d2776bf349c7832e3c8afcd9ee95d0d8d8eb788514f75d8f8f7e2f|t20-lat-ctr-4
1790517446420828560|container|exec_die|4c28dc7679d2776bf349c7832e3c8afcd9ee95d0d8d8eb788514f75d8f8f7e2f|t20-lat-ctr-4
1790517446420988804|container|health_status: healthy|4c28dc7679d2776bf349c7832e3c8afcd9ee95d0d8d8eb788514f75d8f8f7e2f|t20-lat-ctr-4
1790517447421698383|container|exec_create: /bin/sh -c true|4c28dc7679d2776bf349c7832e3c8afcd9ee95d0d8d8eb788514f75d8f8f7e2f|t20-lat-ctr-4
1790517447421748303|container|exec_start: /bin/sh -c true|4c28dc7679d2776bf349c7832e3c8afcd9ee95d0d8d8eb788514f75d8f8f7e2f|t20-lat-ctr-4
1790517447447128613|container|exec_die|4c28dc7679d2776bf349c7832e3c8afcd9ee95d0d8d8eb788514f75d8f8f7e2f|t20-lat-ctr-4
1790517447458947968|container|kill|4c28dc7679d2776bf349c7832e3c8afcd9ee95d0d8d8eb788514f75d8f8f7e2f|t20-lat-ctr-4
1790517448459313088|container|exec_create: /bin/sh -c true|4c28dc7679d2776bf349c7832e3c8afcd9ee95d0d8d8eb788514f75d8f8f7e2f|t20-lat-ctr-4
1790517448459335634|container|exec_start: /bin/sh -c true|4c28dc7679d2776bf349c7832e3c8afcd9ee95d0d8d8eb788514f75d8f8f7e2f|t20-lat-ctr-4
1790517448484488527|container|exec_die|4c28dc7679d2776bf349c7832e3c8afcd9ee95d0d8d8eb788514f75d8f8f7e2f|t20-lat-ctr-4
1790517449473669030|container|kill|4c28dc7679d2776bf349c7832e3c8afcd9ee95d0d8d8eb788514f75d8f8f7e2f|t20-lat-ctr-4
1790517449484691323|container|exec_create: /bin/sh -c true|4c28dc7679d2776bf349c7832e3c8afcd9ee95d0d8d8eb788514f75d8f8f7e2f|t20-lat-ctr-4
1790517449636996418|network|disconnect|14dd0091cf68512f991ff07db68c60bcf87dff62b2e2f230898cca1efe8e62aa|bridge
1790517449645752264|container|stop|4c28dc7679d2776bf349c7832e3c8afcd9ee95d0d8d8eb788514f75d8f8f7e2f|t20-lat-ctr-4
1790517449654179239|container|die|4c28dc7679d2776bf349c7832e3c8afcd9ee95d0d8d8eb788514f75d8f8f7e2f|t20-lat-ctr-4
1790517449709806601|container|destroy|4c28dc7679d2776bf349c7832e3c8afcd9ee95d0d8d8eb788514f75d8f8f7e2f|t20-lat-ctr-4
1790517449793108241|container|create|448676dc150b8c3564c8b128a4dc6c6de6cd1ba1ef141b057e2baa5c0492bfbd|t20-lat-ctr-5
1790517449920012907|network|connect|14dd0091cf68512f991ff07db68c60bcf87dff62b2e2f230898cca1efe8e62aa|bridge
1790517449937202976|container|start|448676dc150b8c3564c8b128a4dc6c6de6cd1ba1ef141b057e2baa5c0492bfbd|t20-lat-ctr-5
1790517450937593393|container|exec_create: /bin/sh -c true|448676dc150b8c3564c8b128a4dc6c6de6cd1ba1ef141b057e2baa5c0492bfbd|t20-lat-ctr-5
1790517450937617230|container|exec_start: /bin/sh -c true|448676dc150b8c3564c8b128a4dc6c6de6cd1ba1ef141b057e2baa5c0492bfbd|t20-lat-ctr-5
1790517450962981175|container|exec_die|448676dc150b8c3564c8b128a4dc6c6de6cd1ba1ef141b057e2baa5c0492bfbd|t20-lat-ctr-5
1790517450963136314|container|health_status: healthy|448676dc150b8c3564c8b128a4dc6c6de6cd1ba1ef141b057e2baa5c0492bfbd|t20-lat-ctr-5
1790517451963985162|container|exec_create: /bin/sh -c true|448676dc150b8c3564c8b128a4dc6c6de6cd1ba1ef141b057e2baa5c0492bfbd|t20-lat-ctr-5
1790517451964016636|container|exec_start: /bin/sh -c true|448676dc150b8c3564c8b128a4dc6c6de6cd1ba1ef141b057e2baa5c0492bfbd|t20-lat-ctr-5
1790517451989589827|container|exec_die|448676dc150b8c3564c8b128a4dc6c6de6cd1ba1ef141b057e2baa5c0492bfbd|t20-lat-ctr-5
1790517451999553541|container|kill|448676dc150b8c3564c8b128a4dc6c6de6cd1ba1ef141b057e2baa5c0492bfbd|t20-lat-ctr-5
1790517453000453142|container|exec_create: /bin/sh -c true|448676dc150b8c3564c8b128a4dc6c6de6cd1ba1ef141b057e2baa5c0492bfbd|t20-lat-ctr-5
1790517453000476214|container|exec_start: /bin/sh -c true|448676dc150b8c3564c8b128a4dc6c6de6cd1ba1ef141b057e2baa5c0492bfbd|t20-lat-ctr-5
1790517453024396114|container|exec_die|448676dc150b8c3564c8b128a4dc6c6de6cd1ba1ef141b057e2baa5c0492bfbd|t20-lat-ctr-5
1790517454014300129|container|kill|448676dc150b8c3564c8b128a4dc6c6de6cd1ba1ef141b057e2baa5c0492bfbd|t20-lat-ctr-5
1790517454025698054|container|exec_create: /bin/sh -c true|448676dc150b8c3564c8b128a4dc6c6de6cd1ba1ef141b057e2baa5c0492bfbd|t20-lat-ctr-5
1790517454025728257|container|exec_start: /bin/sh -c true|448676dc150b8c3564c8b128a4dc6c6de6cd1ba1ef141b057e2baa5c0492bfbd|t20-lat-ctr-5
1790517454027174702|container|health_status: unhealthy|448676dc150b8c3564c8b128a4dc6c6de6cd1ba1ef141b057e2baa5c0492bfbd|t20-lat-ctr-5
1790517454152201522|network|disconnect|14dd0091cf68512f991ff07db68c60bcf87dff62b2e2f230898cca1efe8e62aa|bridge
1790517454162013028|container|stop|448676dc150b8c3564c8b128a4dc6c6de6cd1ba1ef141b057e2baa5c0492bfbd|t20-lat-ctr-5
1790517454170285247|container|die|448676dc150b8c3564c8b128a4dc6c6de6cd1ba1ef141b057e2baa5c0492bfbd|t20-lat-ctr-5
1790517454226952369|container|destroy|448676dc150b8c3564c8b128a4dc6c6de6cd1ba1ef141b057e2baa5c0492bfbd|t20-lat-ctr-5
1790517454313235695|container|create|2eb7d561949dba3ad4408aa79fef7b813f827910af84371840b2037f81a004ff|t20-lat-ctr-6
1790517454433223630|network|connect|14dd0091cf68512f991ff07db68c60bcf87dff62b2e2f230898cca1efe8e62aa|bridge
1790517454450230727|container|start|2eb7d561949dba3ad4408aa79fef7b813f827910af84371840b2037f81a004ff|t20-lat-ctr-6
1790517455450791478|container|exec_create: /bin/sh -c true|2eb7d561949dba3ad4408aa79fef7b813f827910af84371840b2037f81a004ff|t20-lat-ctr-6
1790517455450822794|container|exec_start: /bin/sh -c true|2eb7d561949dba3ad4408aa79fef7b813f827910af84371840b2037f81a004ff|t20-lat-ctr-6
1790517455476388116|container|exec_die|2eb7d561949dba3ad4408aa79fef7b813f827910af84371840b2037f81a004ff|t20-lat-ctr-6
1790517455476548717|container|health_status: healthy|2eb7d561949dba3ad4408aa79fef7b813f827910af84371840b2037f81a004ff|t20-lat-ctr-6
1790517456476706671|container|exec_create: /bin/sh -c true|2eb7d561949dba3ad4408aa79fef7b813f827910af84371840b2037f81a004ff|t20-lat-ctr-6
1790517456476745336|container|exec_start: /bin/sh -c true|2eb7d561949dba3ad4408aa79fef7b813f827910af84371840b2037f81a004ff|t20-lat-ctr-6
1790517456502160665|container|exec_die|2eb7d561949dba3ad4408aa79fef7b813f827910af84371840b2037f81a004ff|t20-lat-ctr-6
1790517456513036059|container|kill|2eb7d561949dba3ad4408aa79fef7b813f827910af84371840b2037f81a004ff|t20-lat-ctr-6
1790517457513724753|container|exec_create: /bin/sh -c true|2eb7d561949dba3ad4408aa79fef7b813f827910af84371840b2037f81a004ff|t20-lat-ctr-6
1790517457513747295|container|exec_start: /bin/sh -c true|2eb7d561949dba3ad4408aa79fef7b813f827910af84371840b2037f81a004ff|t20-lat-ctr-6
1790517457538374636|container|exec_die|2eb7d561949dba3ad4408aa79fef7b813f827910af84371840b2037f81a004ff|t20-lat-ctr-6
1790517458528539186|container|kill|2eb7d561949dba3ad4408aa79fef7b813f827910af84371840b2037f81a004ff|t20-lat-ctr-6
1790517458668274446|network|disconnect|14dd0091cf68512f991ff07db68c60bcf87dff62b2e2f230898cca1efe8e62aa|bridge
1790517458677958856|container|stop|2eb7d561949dba3ad4408aa79fef7b813f827910af84371840b2037f81a004ff|t20-lat-ctr-6
1790517458686305838|container|die|2eb7d561949dba3ad4408aa79fef7b813f827910af84371840b2037f81a004ff|t20-lat-ctr-6
1790517458741925617|container|destroy|2eb7d561949dba3ad4408aa79fef7b813f827910af84371840b2037f81a004ff|t20-lat-ctr-6
1790517458827343700|container|create|5932feac2c153c1bea4e3138cb4b2a24ca4f6d1aad6f77cfbf3312c6280e2abe|t20-lat-ctr-7
1790517458956254056|network|connect|14dd0091cf68512f991ff07db68c60bcf87dff62b2e2f230898cca1efe8e62aa|bridge
1790517458972383439|container|start|5932feac2c153c1bea4e3138cb4b2a24ca4f6d1aad6f77cfbf3312c6280e2abe|t20-lat-ctr-7
1790517459973208994|container|exec_create: /bin/sh -c true|5932feac2c153c1bea4e3138cb4b2a24ca4f6d1aad6f77cfbf3312c6280e2abe|t20-lat-ctr-7
1790517459973231676|container|exec_start: /bin/sh -c true|5932feac2c153c1bea4e3138cb4b2a24ca4f6d1aad6f77cfbf3312c6280e2abe|t20-lat-ctr-7
1790517459997284443|container|exec_die|5932feac2c153c1bea4e3138cb4b2a24ca4f6d1aad6f77cfbf3312c6280e2abe|t20-lat-ctr-7
1790517459997451969|container|health_status: healthy|5932feac2c153c1bea4e3138cb4b2a24ca4f6d1aad6f77cfbf3312c6280e2abe|t20-lat-ctr-7
1790517460998272123|container|exec_create: /bin/sh -c true|5932feac2c153c1bea4e3138cb4b2a24ca4f6d1aad6f77cfbf3312c6280e2abe|t20-lat-ctr-7
1790517460998339711|container|exec_start: /bin/sh -c true|5932feac2c153c1bea4e3138cb4b2a24ca4f6d1aad6f77cfbf3312c6280e2abe|t20-lat-ctr-7
1790517461023547202|container|exec_die|5932feac2c153c1bea4e3138cb4b2a24ca4f6d1aad6f77cfbf3312c6280e2abe|t20-lat-ctr-7
1790517461034238121|container|kill|5932feac2c153c1bea4e3138cb4b2a24ca4f6d1aad6f77cfbf3312c6280e2abe|t20-lat-ctr-7
1790517462035398910|container|exec_create: /bin/sh -c true|5932feac2c153c1bea4e3138cb4b2a24ca4f6d1aad6f77cfbf3312c6280e2abe|t20-lat-ctr-7
1790517462035433734|container|exec_start: /bin/sh -c true|5932feac2c153c1bea4e3138cb4b2a24ca4f6d1aad6f77cfbf3312c6280e2abe|t20-lat-ctr-7
1790517462061045144|container|exec_die|5932feac2c153c1bea4e3138cb4b2a24ca4f6d1aad6f77cfbf3312c6280e2abe|t20-lat-ctr-7
1790517463048455796|container|kill|5932feac2c153c1bea4e3138cb4b2a24ca4f6d1aad6f77cfbf3312c6280e2abe|t20-lat-ctr-7
1790517463061792069|container|exec_create: /bin/sh -c true|5932feac2c153c1bea4e3138cb4b2a24ca4f6d1aad6f77cfbf3312c6280e2abe|t20-lat-ctr-7
1790517463061825293|container|exec_start: /bin/sh -c true|5932feac2c153c1bea4e3138cb4b2a24ca4f6d1aad6f77cfbf3312c6280e2abe|t20-lat-ctr-7
1790517463063422754|container|health_status: unhealthy|5932feac2c153c1bea4e3138cb4b2a24ca4f6d1aad6f77cfbf3312c6280e2abe|t20-lat-ctr-7
1790517463196379613|network|disconnect|14dd0091cf68512f991ff07db68c60bcf87dff62b2e2f230898cca1efe8e62aa|bridge
1790517463206218250|container|stop|5932feac2c153c1bea4e3138cb4b2a24ca4f6d1aad6f77cfbf3312c6280e2abe|t20-lat-ctr-7
1790517463214387686|container|die|5932feac2c153c1bea4e3138cb4b2a24ca4f6d1aad6f77cfbf3312c6280e2abe|t20-lat-ctr-7
1790517463271254500|container|destroy|5932feac2c153c1bea4e3138cb4b2a24ca4f6d1aad6f77cfbf3312c6280e2abe|t20-lat-ctr-7
1790517463364399150|container|create|c58e3905e181ff420be6be970e39846323794426cc70837584d4cd7f1703f3b2|t20-lat-ctr-8
1790517463491396697|network|connect|14dd0091cf68512f991ff07db68c60bcf87dff62b2e2f230898cca1efe8e62aa|bridge
1790517463509560515|container|start|c58e3905e181ff420be6be970e39846323794426cc70837584d4cd7f1703f3b2|t20-lat-ctr-8
1790517464510043435|container|exec_create: /bin/sh -c true|c58e3905e181ff420be6be970e39846323794426cc70837584d4cd7f1703f3b2|t20-lat-ctr-8
1790517464510067170|container|exec_start: /bin/sh -c true|c58e3905e181ff420be6be970e39846323794426cc70837584d4cd7f1703f3b2|t20-lat-ctr-8
1790517464535805754|container|exec_die|c58e3905e181ff420be6be970e39846323794426cc70837584d4cd7f1703f3b2|t20-lat-ctr-8
1790517464535965493|container|health_status: healthy|c58e3905e181ff420be6be970e39846323794426cc70837584d4cd7f1703f3b2|t20-lat-ctr-8
1790517465536985220|container|exec_create: /bin/sh -c true|c58e3905e181ff420be6be970e39846323794426cc70837584d4cd7f1703f3b2|t20-lat-ctr-8
1790517465537017638|container|exec_start: /bin/sh -c true|c58e3905e181ff420be6be970e39846323794426cc70837584d4cd7f1703f3b2|t20-lat-ctr-8
1790517465563101492|container|exec_die|c58e3905e181ff420be6be970e39846323794426cc70837584d4cd7f1703f3b2|t20-lat-ctr-8
1790517465573580169|container|kill|c58e3905e181ff420be6be970e39846323794426cc70837584d4cd7f1703f3b2|t20-lat-ctr-8
1790517466574847323|container|exec_create: /bin/sh -c true|c58e3905e181ff420be6be970e39846323794426cc70837584d4cd7f1703f3b2|t20-lat-ctr-8
1790517466574878384|container|exec_start: /bin/sh -c true|c58e3905e181ff420be6be970e39846323794426cc70837584d4cd7f1703f3b2|t20-lat-ctr-8
1790517466599748978|container|exec_die|c58e3905e181ff420be6be970e39846323794426cc70837584d4cd7f1703f3b2|t20-lat-ctr-8
1790517467588829839|container|kill|c58e3905e181ff420be6be970e39846323794426cc70837584d4cd7f1703f3b2|t20-lat-ctr-8
1790517467600217112|container|exec_create: /bin/sh -c true|c58e3905e181ff420be6be970e39846323794426cc70837584d4cd7f1703f3b2|t20-lat-ctr-8
1790517467600256243|container|exec_start: /bin/sh -c true|c58e3905e181ff420be6be970e39846323794426cc70837584d4cd7f1703f3b2|t20-lat-ctr-8
1790517467601803659|container|health_status: unhealthy|c58e3905e181ff420be6be970e39846323794426cc70837584d4cd7f1703f3b2|t20-lat-ctr-8
1790517467728521051|network|disconnect|14dd0091cf68512f991ff07db68c60bcf87dff62b2e2f230898cca1efe8e62aa|bridge
1790517467738297089|container|stop|c58e3905e181ff420be6be970e39846323794426cc70837584d4cd7f1703f3b2|t20-lat-ctr-8
1790517467746616880|container|die|c58e3905e181ff420be6be970e39846323794426cc70837584d4cd7f1703f3b2|t20-lat-ctr-8
1790517467803201257|container|destroy|c58e3905e181ff420be6be970e39846323794426cc70837584d4cd7f1703f3b2|t20-lat-ctr-8
1790517467887638873|container|create|fabae829204dc9e7835b0eb94d4138e3e29daf9456e4fb54ed8f23a001997fce|t20-lat-ctr-9
1790517468016571458|network|connect|14dd0091cf68512f991ff07db68c60bcf87dff62b2e2f230898cca1efe8e62aa|bridge
1790517468033598628|container|start|fabae829204dc9e7835b0eb94d4138e3e29daf9456e4fb54ed8f23a001997fce|t20-lat-ctr-9
1790517469034519122|container|exec_create: /bin/sh -c true|fabae829204dc9e7835b0eb94d4138e3e29daf9456e4fb54ed8f23a001997fce|t20-lat-ctr-9
1790517469034542743|container|exec_start: /bin/sh -c true|fabae829204dc9e7835b0eb94d4138e3e29daf9456e4fb54ed8f23a001997fce|t20-lat-ctr-9
1790517469060221096|container|exec_die|fabae829204dc9e7835b0eb94d4138e3e29daf9456e4fb54ed8f23a001997fce|t20-lat-ctr-9
1790517469060432189|container|health_status: healthy|fabae829204dc9e7835b0eb94d4138e3e29daf9456e4fb54ed8f23a001997fce|t20-lat-ctr-9
1790517470060919614|container|exec_create: /bin/sh -c true|fabae829204dc9e7835b0eb94d4138e3e29daf9456e4fb54ed8f23a001997fce|t20-lat-ctr-9
1790517470060961023|container|exec_start: /bin/sh -c true|fabae829204dc9e7835b0eb94d4138e3e29daf9456e4fb54ed8f23a001997fce|t20-lat-ctr-9
1790517470086942171|container|exec_die|fabae829204dc9e7835b0eb94d4138e3e29daf9456e4fb54ed8f23a001997fce|t20-lat-ctr-9
1790517470098640516|container|kill|fabae829204dc9e7835b0eb94d4138e3e29daf9456e4fb54ed8f23a001997fce|t20-lat-ctr-9
1790517471099691296|container|exec_create: /bin/sh -c true|fabae829204dc9e7835b0eb94d4138e3e29daf9456e4fb54ed8f23a001997fce|t20-lat-ctr-9
1790517471099714866|container|exec_start: /bin/sh -c true|fabae829204dc9e7835b0eb94d4138e3e29daf9456e4fb54ed8f23a001997fce|t20-lat-ctr-9
1790517471125099600|container|exec_die|fabae829204dc9e7835b0eb94d4138e3e29daf9456e4fb54ed8f23a001997fce|t20-lat-ctr-9
1790517472115037479|container|kill|fabae829204dc9e7835b0eb94d4138e3e29daf9456e4fb54ed8f23a001997fce|t20-lat-ctr-9
1790517472253727371|network|disconnect|14dd0091cf68512f991ff07db68c60bcf87dff62b2e2f230898cca1efe8e62aa|bridge
1790517472262380941|container|stop|fabae829204dc9e7835b0eb94d4138e3e29daf9456e4fb54ed8f23a001997fce|t20-lat-ctr-9
1790517472268697450|container|die|fabae829204dc9e7835b0eb94d4138e3e29daf9456e4fb54ed8f23a001997fce|t20-lat-ctr-9
1790517472324323640|container|destroy|fabae829204dc9e7835b0eb94d4138e3e29daf9456e4fb54ed8f23a001997fce|t20-lat-ctr-9
1790517472405250846|container|create|bfdc6e4e66b1912c85531e0a222ee92ad1d6baeed8b3a91bb3289fb71d2185b0|t20-lat-ctr-10
1790517472530248575|network|connect|14dd0091cf68512f991ff07db68c60bcf87dff62b2e2f230898cca1efe8e62aa|bridge
1790517472547368492|container|start|bfdc6e4e66b1912c85531e0a222ee92ad1d6baeed8b3a91bb3289fb71d2185b0|t20-lat-ctr-10
1790517473547803875|container|exec_create: /bin/sh -c true|bfdc6e4e66b1912c85531e0a222ee92ad1d6baeed8b3a91bb3289fb71d2185b0|t20-lat-ctr-10
1790517473547828809|container|exec_start: /bin/sh -c true|bfdc6e4e66b1912c85531e0a222ee92ad1d6baeed8b3a91bb3289fb71d2185b0|t20-lat-ctr-10
1790517473574643671|container|exec_die|bfdc6e4e66b1912c85531e0a222ee92ad1d6baeed8b3a91bb3289fb71d2185b0|t20-lat-ctr-10
1790517473574870902|container|health_status: healthy|bfdc6e4e66b1912c85531e0a222ee92ad1d6baeed8b3a91bb3289fb71d2185b0|t20-lat-ctr-10
1790517474575178066|container|exec_create: /bin/sh -c true|bfdc6e4e66b1912c85531e0a222ee92ad1d6baeed8b3a91bb3289fb71d2185b0|t20-lat-ctr-10
1790517474575207820|container|exec_start: /bin/sh -c true|bfdc6e4e66b1912c85531e0a222ee92ad1d6baeed8b3a91bb3289fb71d2185b0|t20-lat-ctr-10
1790517474601558617|container|exec_die|bfdc6e4e66b1912c85531e0a222ee92ad1d6baeed8b3a91bb3289fb71d2185b0|t20-lat-ctr-10
1790517474613099719|container|kill|bfdc6e4e66b1912c85531e0a222ee92ad1d6baeed8b3a91bb3289fb71d2185b0|t20-lat-ctr-10
1790517475614369187|container|exec_create: /bin/sh -c true|bfdc6e4e66b1912c85531e0a222ee92ad1d6baeed8b3a91bb3289fb71d2185b0|t20-lat-ctr-10
1790517475614420492|container|exec_start: /bin/sh -c true|bfdc6e4e66b1912c85531e0a222ee92ad1d6baeed8b3a91bb3289fb71d2185b0|t20-lat-ctr-10
1790517475639522009|container|exec_die|bfdc6e4e66b1912c85531e0a222ee92ad1d6baeed8b3a91bb3289fb71d2185b0|t20-lat-ctr-10
1790517476628789452|container|kill|bfdc6e4e66b1912c85531e0a222ee92ad1d6baeed8b3a91bb3289fb71d2185b0|t20-lat-ctr-10
1790517476640060370|container|exec_create: /bin/sh -c true|bfdc6e4e66b1912c85531e0a222ee92ad1d6baeed8b3a91bb3289fb71d2185b0|t20-lat-ctr-10
1790517476640088098|container|exec_start: /bin/sh -c true|bfdc6e4e66b1912c85531e0a222ee92ad1d6baeed8b3a91bb3289fb71d2185b0|t20-lat-ctr-10
1790517476641433570|container|health_status: unhealthy|bfdc6e4e66b1912c85531e0a222ee92ad1d6baeed8b3a91bb3289fb71d2185b0|t20-lat-ctr-10
1790517476764452830|network|disconnect|14dd0091cf68512f991ff07db68c60bcf87dff62b2e2f230898cca1efe8e62aa|bridge
1790517476773950709|container|stop|bfdc6e4e66b1912c85531e0a222ee92ad1d6baeed8b3a91bb3289fb71d2185b0|t20-lat-ctr-10
1790517476784508768|container|die|bfdc6e4e66b1912c85531e0a222ee92ad1d6baeed8b3a91bb3289fb71d2185b0|t20-lat-ctr-10
1790517476841116729|container|destroy|bfdc6e4e66b1912c85531e0a222ee92ad1d6baeed8b3a91bb3289fb71d2185b0|t20-lat-ctr-10
1790517476924369243|container|create|041fdf75b898bd26c2cd41ec56e52a9104bc24043e458dd94549f04021e6de1e|t20-lat-ctr-11
1790517477050507472|network|connect|14dd0091cf68512f991ff07db68c60bcf87dff62b2e2f230898cca1efe8e62aa|bridge
1790517477067461144|container|start|041fdf75b898bd26c2cd41ec56e52a9104bc24043e458dd94549f04021e6de1e|t20-lat-ctr-11
1790517478067928141|container|exec_create: /bin/sh -c true|041fdf75b898bd26c2cd41ec56e52a9104bc24043e458dd94549f04021e6de1e|t20-lat-ctr-11
1790517478067969804|container|exec_start: /bin/sh -c true|041fdf75b898bd26c2cd41ec56e52a9104bc24043e458dd94549f04021e6de1e|t20-lat-ctr-11
1790517478093611941|container|exec_die|041fdf75b898bd26c2cd41ec56e52a9104bc24043e458dd94549f04021e6de1e|t20-lat-ctr-11
1790517478093773255|container|health_status: healthy|041fdf75b898bd26c2cd41ec56e52a9104bc24043e458dd94549f04021e6de1e|t20-lat-ctr-11
1790517479094592450|container|exec_create: /bin/sh -c true|041fdf75b898bd26c2cd41ec56e52a9104bc24043e458dd94549f04021e6de1e|t20-lat-ctr-11
1790517479094628684|container|exec_start: /bin/sh -c true|041fdf75b898bd26c2cd41ec56e52a9104bc24043e458dd94549f04021e6de1e|t20-lat-ctr-11
1790517479120806367|container|exec_die|041fdf75b898bd26c2cd41ec56e52a9104bc24043e458dd94549f04021e6de1e|t20-lat-ctr-11
1790517479128110299|container|kill|041fdf75b898bd26c2cd41ec56e52a9104bc24043e458dd94549f04021e6de1e|t20-lat-ctr-11
1790517480128702219|container|exec_create: /bin/sh -c true|041fdf75b898bd26c2cd41ec56e52a9104bc24043e458dd94549f04021e6de1e|t20-lat-ctr-11
1790517480128742927|container|exec_start: /bin/sh -c true|041fdf75b898bd26c2cd41ec56e52a9104bc24043e458dd94549f04021e6de1e|t20-lat-ctr-11
1790517480152935670|container|exec_die|041fdf75b898bd26c2cd41ec56e52a9104bc24043e458dd94549f04021e6de1e|t20-lat-ctr-11
1790517481142666078|container|kill|041fdf75b898bd26c2cd41ec56e52a9104bc24043e458dd94549f04021e6de1e|t20-lat-ctr-11
1790517481246494530|network|disconnect|14dd0091cf68512f991ff07db68c60bcf87dff62b2e2f230898cca1efe8e62aa|bridge
1790517481256283541|container|stop|041fdf75b898bd26c2cd41ec56e52a9104bc24043e458dd94549f04021e6de1e|t20-lat-ctr-11
1790517481266515432|container|die|041fdf75b898bd26c2cd41ec56e52a9104bc24043e458dd94549f04021e6de1e|t20-lat-ctr-11
1790517481322253175|container|destroy|041fdf75b898bd26c2cd41ec56e52a9104bc24043e458dd94549f04021e6de1e|t20-lat-ctr-11
1790517481409602789|container|create|a5db1a3072d8e5fd3838bbd30f59a578b68600227e14af0c7a70068c29921957|t20-lat-ctr-12
1790517481542503328|network|connect|14dd0091cf68512f991ff07db68c60bcf87dff62b2e2f230898cca1efe8e62aa|bridge
1790517481559608453|container|start|a5db1a3072d8e5fd3838bbd30f59a578b68600227e14af0c7a70068c29921957|t20-lat-ctr-12
1790517482560741384|container|exec_create: /bin/sh -c true|a5db1a3072d8e5fd3838bbd30f59a578b68600227e14af0c7a70068c29921957|t20-lat-ctr-12
1790517482560768216|container|exec_start: /bin/sh -c true|a5db1a3072d8e5fd3838bbd30f59a578b68600227e14af0c7a70068c29921957|t20-lat-ctr-12
1790517482586892977|container|exec_die|a5db1a3072d8e5fd3838bbd30f59a578b68600227e14af0c7a70068c29921957|t20-lat-ctr-12
1790517482587045416|container|health_status: healthy|a5db1a3072d8e5fd3838bbd30f59a578b68600227e14af0c7a70068c29921957|t20-lat-ctr-12
1790517483587309966|container|exec_create: /bin/sh -c true|a5db1a3072d8e5fd3838bbd30f59a578b68600227e14af0c7a70068c29921957|t20-lat-ctr-12
1790517483587342112|container|exec_start: /bin/sh -c true|a5db1a3072d8e5fd3838bbd30f59a578b68600227e14af0c7a70068c29921957|t20-lat-ctr-12
1790517483612998700|container|exec_die|a5db1a3072d8e5fd3838bbd30f59a578b68600227e14af0c7a70068c29921957|t20-lat-ctr-12
1790517483623675797|container|kill|a5db1a3072d8e5fd3838bbd30f59a578b68600227e14af0c7a70068c29921957|t20-lat-ctr-12
1790517484624013674|container|exec_create: /bin/sh -c true|a5db1a3072d8e5fd3838bbd30f59a578b68600227e14af0c7a70068c29921957|t20-lat-ctr-12
1790517484624051361|container|exec_start: /bin/sh -c true|a5db1a3072d8e5fd3838bbd30f59a578b68600227e14af0c7a70068c29921957|t20-lat-ctr-12
1790517484648790986|container|exec_die|a5db1a3072d8e5fd3838bbd30f59a578b68600227e14af0c7a70068c29921957|t20-lat-ctr-12
1790517485638000848|container|kill|a5db1a3072d8e5fd3838bbd30f59a578b68600227e14af0c7a70068c29921957|t20-lat-ctr-12
1790517485790537874|network|disconnect|14dd0091cf68512f991ff07db68c60bcf87dff62b2e2f230898cca1efe8e62aa|bridge
1790517485799346631|container|stop|a5db1a3072d8e5fd3838bbd30f59a578b68600227e14af0c7a70068c29921957|t20-lat-ctr-12
1790517485807754183|container|die|a5db1a3072d8e5fd3838bbd30f59a578b68600227e14af0c7a70068c29921957|t20-lat-ctr-12
1790517485872357805|container|destroy|a5db1a3072d8e5fd3838bbd30f59a578b68600227e14af0c7a70068c29921957|t20-lat-ctr-12
1790517485960747941|container|create|6796a459f0b30e52c525c1ab90aecfe54d39b6e87cbb7eec999424dd4afe47b4|t20-lat-ctr-13
1790517486077580243|network|connect|14dd0091cf68512f991ff07db68c60bcf87dff62b2e2f230898cca1efe8e62aa|bridge
1790517486094695077|container|start|6796a459f0b30e52c525c1ab90aecfe54d39b6e87cbb7eec999424dd4afe47b4|t20-lat-ctr-13
1790517487094896698|container|exec_create: /bin/sh -c true|6796a459f0b30e52c525c1ab90aecfe54d39b6e87cbb7eec999424dd4afe47b4|t20-lat-ctr-13
1790517487094929815|container|exec_start: /bin/sh -c true|6796a459f0b30e52c525c1ab90aecfe54d39b6e87cbb7eec999424dd4afe47b4|t20-lat-ctr-13
1790517487120371344|container|exec_die|6796a459f0b30e52c525c1ab90aecfe54d39b6e87cbb7eec999424dd4afe47b4|t20-lat-ctr-13
1790517487120536514|container|health_status: healthy|6796a459f0b30e52c525c1ab90aecfe54d39b6e87cbb7eec999424dd4afe47b4|t20-lat-ctr-13
1790517488121637164|container|exec_create: /bin/sh -c true|6796a459f0b30e52c525c1ab90aecfe54d39b6e87cbb7eec999424dd4afe47b4|t20-lat-ctr-13
1790517488121661841|container|exec_start: /bin/sh -c true|6796a459f0b30e52c525c1ab90aecfe54d39b6e87cbb7eec999424dd4afe47b4|t20-lat-ctr-13
1790517488144891724|container|exec_die|6796a459f0b30e52c525c1ab90aecfe54d39b6e87cbb7eec999424dd4afe47b4|t20-lat-ctr-13
1790517488156305587|container|kill|6796a459f0b30e52c525c1ab90aecfe54d39b6e87cbb7eec999424dd4afe47b4|t20-lat-ctr-13
1790517489157396912|container|exec_create: /bin/sh -c true|6796a459f0b30e52c525c1ab90aecfe54d39b6e87cbb7eec999424dd4afe47b4|t20-lat-ctr-13
1790517489157421291|container|exec_start: /bin/sh -c true|6796a459f0b30e52c525c1ab90aecfe54d39b6e87cbb7eec999424dd4afe47b4|t20-lat-ctr-13
1790517489181888953|container|exec_die|6796a459f0b30e52c525c1ab90aecfe54d39b6e87cbb7eec999424dd4afe47b4|t20-lat-ctr-13
1790517490169839985|container|kill|6796a459f0b30e52c525c1ab90aecfe54d39b6e87cbb7eec999424dd4afe47b4|t20-lat-ctr-13
1790517490294806468|network|disconnect|14dd0091cf68512f991ff07db68c60bcf87dff62b2e2f230898cca1efe8e62aa|bridge
1790517490311236813|container|stop|6796a459f0b30e52c525c1ab90aecfe54d39b6e87cbb7eec999424dd4afe47b4|t20-lat-ctr-13
1790517490319795127|container|die|6796a459f0b30e52c525c1ab90aecfe54d39b6e87cbb7eec999424dd4afe47b4|t20-lat-ctr-13
1790517490375460791|container|destroy|6796a459f0b30e52c525c1ab90aecfe54d39b6e87cbb7eec999424dd4afe47b4|t20-lat-ctr-13
1790517490460833927|container|create|9ce48cf31300beb09f1426d0325282e3089544ad8c0c1480cd841554142f4c9c|t20-lat-ctr-14
1790517490574746800|network|connect|14dd0091cf68512f991ff07db68c60bcf87dff62b2e2f230898cca1efe8e62aa|bridge
1790517490591869498|container|start|9ce48cf31300beb09f1426d0325282e3089544ad8c0c1480cd841554142f4c9c|t20-lat-ctr-14
1790517491592844352|container|exec_create: /bin/sh -c true|9ce48cf31300beb09f1426d0325282e3089544ad8c0c1480cd841554142f4c9c|t20-lat-ctr-14
1790517491592873368|container|exec_start: /bin/sh -c true|9ce48cf31300beb09f1426d0325282e3089544ad8c0c1480cd841554142f4c9c|t20-lat-ctr-14
1790517491618205832|container|exec_die|9ce48cf31300beb09f1426d0325282e3089544ad8c0c1480cd841554142f4c9c|t20-lat-ctr-14
1790517491618419420|container|health_status: healthy|9ce48cf31300beb09f1426d0325282e3089544ad8c0c1480cd841554142f4c9c|t20-lat-ctr-14
1790517492619442194|container|exec_create: /bin/sh -c true|9ce48cf31300beb09f1426d0325282e3089544ad8c0c1480cd841554142f4c9c|t20-lat-ctr-14
1790517492619481918|container|exec_start: /bin/sh -c true|9ce48cf31300beb09f1426d0325282e3089544ad8c0c1480cd841554142f4c9c|t20-lat-ctr-14
1790517492645251850|container|exec_die|9ce48cf31300beb09f1426d0325282e3089544ad8c0c1480cd841554142f4c9c|t20-lat-ctr-14
1790517492656565109|container|kill|9ce48cf31300beb09f1426d0325282e3089544ad8c0c1480cd841554142f4c9c|t20-lat-ctr-14
1790517493657268285|container|exec_create: /bin/sh -c true|9ce48cf31300beb09f1426d0325282e3089544ad8c0c1480cd841554142f4c9c|t20-lat-ctr-14
1790517493657293325|container|exec_start: /bin/sh -c true|9ce48cf31300beb09f1426d0325282e3089544ad8c0c1480cd841554142f4c9c|t20-lat-ctr-14
1790517493681295195|container|exec_die|9ce48cf31300beb09f1426d0325282e3089544ad8c0c1480cd841554142f4c9c|t20-lat-ctr-14
1790517494670229238|container|kill|9ce48cf31300beb09f1426d0325282e3089544ad8c0c1480cd841554142f4c9c|t20-lat-ctr-14
1790517494681507900|container|exec_create: /bin/sh -c true|9ce48cf31300beb09f1426d0325282e3089544ad8c0c1480cd841554142f4c9c|t20-lat-ctr-14
1790517494681534887|container|exec_start: /bin/sh -c true|9ce48cf31300beb09f1426d0325282e3089544ad8c0c1480cd841554142f4c9c|t20-lat-ctr-14
1790517494683067990|container|health_status: unhealthy|9ce48cf31300beb09f1426d0325282e3089544ad8c0c1480cd841554142f4c9c|t20-lat-ctr-14
1790517494813024285|network|disconnect|14dd0091cf68512f991ff07db68c60bcf87dff62b2e2f230898cca1efe8e62aa|bridge
1790517494823788649|container|stop|9ce48cf31300beb09f1426d0325282e3089544ad8c0c1480cd841554142f4c9c|t20-lat-ctr-14
1790517494833070871|container|die|9ce48cf31300beb09f1426d0325282e3089544ad8c0c1480cd841554142f4c9c|t20-lat-ctr-14
1790517494889710924|container|destroy|9ce48cf31300beb09f1426d0325282e3089544ad8c0c1480cd841554142f4c9c|t20-lat-ctr-14
1790517494972015562|container|create|d97ec3ef0fede61e86914f145d7be7d7ea4475c046cd92c4149837293918ab84|t20-lat-ctr-15
1790517495083973745|network|connect|14dd0091cf68512f991ff07db68c60bcf87dff62b2e2f230898cca1efe8e62aa|bridge
1790517495102125653|container|start|d97ec3ef0fede61e86914f145d7be7d7ea4475c046cd92c4149837293918ab84|t20-lat-ctr-15
1790517496103292187|container|exec_create: /bin/sh -c true|d97ec3ef0fede61e86914f145d7be7d7ea4475c046cd92c4149837293918ab84|t20-lat-ctr-15
1790517496103324080|container|exec_start: /bin/sh -c true|d97ec3ef0fede61e86914f145d7be7d7ea4475c046cd92c4149837293918ab84|t20-lat-ctr-15
1790517496128150708|container|exec_die|d97ec3ef0fede61e86914f145d7be7d7ea4475c046cd92c4149837293918ab84|t20-lat-ctr-15
1790517496128313001|container|health_status: healthy|d97ec3ef0fede61e86914f145d7be7d7ea4475c046cd92c4149837293918ab84|t20-lat-ctr-15
1790517497128996404|container|exec_create: /bin/sh -c true|d97ec3ef0fede61e86914f145d7be7d7ea4475c046cd92c4149837293918ab84|t20-lat-ctr-15
1790517497129026837|container|exec_start: /bin/sh -c true|d97ec3ef0fede61e86914f145d7be7d7ea4475c046cd92c4149837293918ab84|t20-lat-ctr-15
1790517497154454660|container|exec_die|d97ec3ef0fede61e86914f145d7be7d7ea4475c046cd92c4149837293918ab84|t20-lat-ctr-15
1790517497164949542|container|kill|d97ec3ef0fede61e86914f145d7be7d7ea4475c046cd92c4149837293918ab84|t20-lat-ctr-15
1790517498165428403|container|exec_create: /bin/sh -c true|d97ec3ef0fede61e86914f145d7be7d7ea4475c046cd92c4149837293918ab84|t20-lat-ctr-15
1790517498165456260|container|exec_start: /bin/sh -c true|d97ec3ef0fede61e86914f145d7be7d7ea4475c046cd92c4149837293918ab84|t20-lat-ctr-15
1790517498189168226|container|exec_die|d97ec3ef0fede61e86914f145d7be7d7ea4475c046cd92c4149837293918ab84|t20-lat-ctr-15
1790517499179342981|container|kill|d97ec3ef0fede61e86914f145d7be7d7ea4475c046cd92c4149837293918ab84|t20-lat-ctr-15
1790517499189675269|container|exec_create: /bin/sh -c true|d97ec3ef0fede61e86914f145d7be7d7ea4475c046cd92c4149837293918ab84|t20-lat-ctr-15
1790517499189734368|container|exec_start: /bin/sh -c true|d97ec3ef0fede61e86914f145d7be7d7ea4475c046cd92c4149837293918ab84|t20-lat-ctr-15
1790517499191069317|container|health_status: unhealthy|d97ec3ef0fede61e86914f145d7be7d7ea4475c046cd92c4149837293918ab84|t20-lat-ctr-15
1790517499307065960|network|disconnect|14dd0091cf68512f991ff07db68c60bcf87dff62b2e2f230898cca1efe8e62aa|bridge
1790517499317447600|container|stop|d97ec3ef0fede61e86914f145d7be7d7ea4475c046cd92c4149837293918ab84|t20-lat-ctr-15
1790517499331143878|container|die|d97ec3ef0fede61e86914f145d7be7d7ea4475c046cd92c4149837293918ab84|t20-lat-ctr-15
1790517499386874045|container|destroy|d97ec3ef0fede61e86914f145d7be7d7ea4475c046cd92c4149837293918ab84|t20-lat-ctr-15
1790517499472169370|container|create|aaf7fabbf05a6d06f507fe31cd6416af5ca220cf8d908723bfec7a99b3d3a503|t20-lat-ctr-16
1790517499607093632|network|connect|14dd0091cf68512f991ff07db68c60bcf87dff62b2e2f230898cca1efe8e62aa|bridge
1790517499625299795|container|start|aaf7fabbf05a6d06f507fe31cd6416af5ca220cf8d908723bfec7a99b3d3a503|t20-lat-ctr-16
1790517500625564222|container|exec_create: /bin/sh -c true|aaf7fabbf05a6d06f507fe31cd6416af5ca220cf8d908723bfec7a99b3d3a503|t20-lat-ctr-16
1790517500625586116|container|exec_start: /bin/sh -c true|aaf7fabbf05a6d06f507fe31cd6416af5ca220cf8d908723bfec7a99b3d3a503|t20-lat-ctr-16
1790517500650723222|container|exec_die|aaf7fabbf05a6d06f507fe31cd6416af5ca220cf8d908723bfec7a99b3d3a503|t20-lat-ctr-16
1790517500650893323|container|health_status: healthy|aaf7fabbf05a6d06f507fe31cd6416af5ca220cf8d908723bfec7a99b3d3a503|t20-lat-ctr-16
1790517501651508104|container|exec_create: /bin/sh -c true|aaf7fabbf05a6d06f507fe31cd6416af5ca220cf8d908723bfec7a99b3d3a503|t20-lat-ctr-16
1790517501651551435|container|exec_start: /bin/sh -c true|aaf7fabbf05a6d06f507fe31cd6416af5ca220cf8d908723bfec7a99b3d3a503|t20-lat-ctr-16
1790517501676473920|container|exec_die|aaf7fabbf05a6d06f507fe31cd6416af5ca220cf8d908723bfec7a99b3d3a503|t20-lat-ctr-16
1790517501686871445|container|kill|aaf7fabbf05a6d06f507fe31cd6416af5ca220cf8d908723bfec7a99b3d3a503|t20-lat-ctr-16
1790517502686769273|container|exec_create: /bin/sh -c true|aaf7fabbf05a6d06f507fe31cd6416af5ca220cf8d908723bfec7a99b3d3a503|t20-lat-ctr-16
1790517502686806047|container|exec_start: /bin/sh -c true|aaf7fabbf05a6d06f507fe31cd6416af5ca220cf8d908723bfec7a99b3d3a503|t20-lat-ctr-16
1790517502711414496|container|exec_die|aaf7fabbf05a6d06f507fe31cd6416af5ca220cf8d908723bfec7a99b3d3a503|t20-lat-ctr-16
1790517503699652157|container|kill|aaf7fabbf05a6d06f507fe31cd6416af5ca220cf8d908723bfec7a99b3d3a503|t20-lat-ctr-16
1790517503712003244|container|exec_create: /bin/sh -c true|aaf7fabbf05a6d06f507fe31cd6416af5ca220cf8d908723bfec7a99b3d3a503|t20-lat-ctr-16
1790517503712052435|container|exec_start: /bin/sh -c true|aaf7fabbf05a6d06f507fe31cd6416af5ca220cf8d908723bfec7a99b3d3a503|t20-lat-ctr-16
1790517503713751754|container|health_status: unhealthy|aaf7fabbf05a6d06f507fe31cd6416af5ca220cf8d908723bfec7a99b3d3a503|t20-lat-ctr-16
1790517503842414591|network|disconnect|14dd0091cf68512f991ff07db68c60bcf87dff62b2e2f230898cca1efe8e62aa|bridge
1790517503852131038|container|stop|aaf7fabbf05a6d06f507fe31cd6416af5ca220cf8d908723bfec7a99b3d3a503|t20-lat-ctr-16
1790517503860425416|container|die|aaf7fabbf05a6d06f507fe31cd6416af5ca220cf8d908723bfec7a99b3d3a503|t20-lat-ctr-16
1790517503917129213|container|destroy|aaf7fabbf05a6d06f507fe31cd6416af5ca220cf8d908723bfec7a99b3d3a503|t20-lat-ctr-16
1790517504003413652|container|create|fcc8d60a6cb660bce2f2cfdf25ee64b69883f991549ca2e0341d36a1a555b3cb|t20-lat-ctr-17
1790517504119514066|network|connect|14dd0091cf68512f991ff07db68c60bcf87dff62b2e2f230898cca1efe8e62aa|bridge
1790517504136504734|container|start|fcc8d60a6cb660bce2f2cfdf25ee64b69883f991549ca2e0341d36a1a555b3cb|t20-lat-ctr-17
1790517505136825301|container|exec_create: /bin/sh -c true|fcc8d60a6cb660bce2f2cfdf25ee64b69883f991549ca2e0341d36a1a555b3cb|t20-lat-ctr-17
1790517505136860231|container|exec_start: /bin/sh -c true|fcc8d60a6cb660bce2f2cfdf25ee64b69883f991549ca2e0341d36a1a555b3cb|t20-lat-ctr-17
1790517505162290974|container|exec_die|fcc8d60a6cb660bce2f2cfdf25ee64b69883f991549ca2e0341d36a1a555b3cb|t20-lat-ctr-17
1790517505162470955|container|health_status: healthy|fcc8d60a6cb660bce2f2cfdf25ee64b69883f991549ca2e0341d36a1a555b3cb|t20-lat-ctr-17
1790517506163487997|container|exec_create: /bin/sh -c true|fcc8d60a6cb660bce2f2cfdf25ee64b69883f991549ca2e0341d36a1a555b3cb|t20-lat-ctr-17
1790517506163559440|container|exec_start: /bin/sh -c true|fcc8d60a6cb660bce2f2cfdf25ee64b69883f991549ca2e0341d36a1a555b3cb|t20-lat-ctr-17
1790517506188610317|container|exec_die|fcc8d60a6cb660bce2f2cfdf25ee64b69883f991549ca2e0341d36a1a555b3cb|t20-lat-ctr-17
1790517506200113781|container|kill|fcc8d60a6cb660bce2f2cfdf25ee64b69883f991549ca2e0341d36a1a555b3cb|t20-lat-ctr-17
1790517507201370132|container|exec_create: /bin/sh -c true|fcc8d60a6cb660bce2f2cfdf25ee64b69883f991549ca2e0341d36a1a555b3cb|t20-lat-ctr-17
1790517507201408128|container|exec_start: /bin/sh -c true|fcc8d60a6cb660bce2f2cfdf25ee64b69883f991549ca2e0341d36a1a555b3cb|t20-lat-ctr-17
1790517507226039838|container|exec_die|fcc8d60a6cb660bce2f2cfdf25ee64b69883f991549ca2e0341d36a1a555b3cb|t20-lat-ctr-17
1790517508214620372|container|kill|fcc8d60a6cb660bce2f2cfdf25ee64b69883f991549ca2e0341d36a1a555b3cb|t20-lat-ctr-17
1790517508338429017|network|disconnect|14dd0091cf68512f991ff07db68c60bcf87dff62b2e2f230898cca1efe8e62aa|bridge
1790517508349946513|container|stop|fcc8d60a6cb660bce2f2cfdf25ee64b69883f991549ca2e0341d36a1a555b3cb|t20-lat-ctr-17
1790517508362500872|container|die|fcc8d60a6cb660bce2f2cfdf25ee64b69883f991549ca2e0341d36a1a555b3cb|t20-lat-ctr-17
1790517508419064619|container|destroy|fcc8d60a6cb660bce2f2cfdf25ee64b69883f991549ca2e0341d36a1a555b3cb|t20-lat-ctr-17
1790517508503585645|container|create|fc2c1c1f606fb2ce6f40360377a640aa0b7231fec75268800a78c104a441e9e4|t20-lat-ctr-18
1790517508652559183|network|connect|14dd0091cf68512f991ff07db68c60bcf87dff62b2e2f230898cca1efe8e62aa|bridge
1790517508673662870|container|start|fc2c1c1f606fb2ce6f40360377a640aa0b7231fec75268800a78c104a441e9e4|t20-lat-ctr-18
1790517509674153820|container|exec_create: /bin/sh -c true|fc2c1c1f606fb2ce6f40360377a640aa0b7231fec75268800a78c104a441e9e4|t20-lat-ctr-18
1790517509674176001|container|exec_start: /bin/sh -c true|fc2c1c1f606fb2ce6f40360377a640aa0b7231fec75268800a78c104a441e9e4|t20-lat-ctr-18
1790517509698820869|container|exec_die|fc2c1c1f606fb2ce6f40360377a640aa0b7231fec75268800a78c104a441e9e4|t20-lat-ctr-18
1790517509698998000|container|health_status: healthy|fc2c1c1f606fb2ce6f40360377a640aa0b7231fec75268800a78c104a441e9e4|t20-lat-ctr-18
1790517510699521648|container|exec_create: /bin/sh -c true|fc2c1c1f606fb2ce6f40360377a640aa0b7231fec75268800a78c104a441e9e4|t20-lat-ctr-18
1790517510699571162|container|exec_start: /bin/sh -c true|fc2c1c1f606fb2ce6f40360377a640aa0b7231fec75268800a78c104a441e9e4|t20-lat-ctr-18
1790517510726002434|container|exec_die|fc2c1c1f606fb2ce6f40360377a640aa0b7231fec75268800a78c104a441e9e4|t20-lat-ctr-18
1790517510737351437|container|kill|fc2c1c1f606fb2ce6f40360377a640aa0b7231fec75268800a78c104a441e9e4|t20-lat-ctr-18
1790517511737636274|container|exec_create: /bin/sh -c true|fc2c1c1f606fb2ce6f40360377a640aa0b7231fec75268800a78c104a441e9e4|t20-lat-ctr-18
1790517511737661921|container|exec_start: /bin/sh -c true|fc2c1c1f606fb2ce6f40360377a640aa0b7231fec75268800a78c104a441e9e4|t20-lat-ctr-18
1790517511762945041|container|exec_die|fc2c1c1f606fb2ce6f40360377a640aa0b7231fec75268800a78c104a441e9e4|t20-lat-ctr-18
1790517512751964234|container|kill|fc2c1c1f606fb2ce6f40360377a640aa0b7231fec75268800a78c104a441e9e4|t20-lat-ctr-18
1790517512763297327|container|exec_create: /bin/sh -c true|fc2c1c1f606fb2ce6f40360377a640aa0b7231fec75268800a78c104a441e9e4|t20-lat-ctr-18
1790517512763334974|container|exec_start: /bin/sh -c true|fc2c1c1f606fb2ce6f40360377a640aa0b7231fec75268800a78c104a441e9e4|t20-lat-ctr-18
1790517512764798913|container|health_status: unhealthy|fc2c1c1f606fb2ce6f40360377a640aa0b7231fec75268800a78c104a441e9e4|t20-lat-ctr-18
1790517512913576161|network|disconnect|14dd0091cf68512f991ff07db68c60bcf87dff62b2e2f230898cca1efe8e62aa|bridge
1790517512923448322|container|stop|fc2c1c1f606fb2ce6f40360377a640aa0b7231fec75268800a78c104a441e9e4|t20-lat-ctr-18
1790517512931767487|container|die|fc2c1c1f606fb2ce6f40360377a640aa0b7231fec75268800a78c104a441e9e4|t20-lat-ctr-18
1790517512987328224|container|destroy|fc2c1c1f606fb2ce6f40360377a640aa0b7231fec75268800a78c104a441e9e4|t20-lat-ctr-18
1790517513071694432|container|create|d6f25d4223c7bf66c2543d64e4778d250f778ce18274ad23f1dff6f4a3e69fc2|t20-lat-ctr-19
1790517513211604140|network|connect|14dd0091cf68512f991ff07db68c60bcf87dff62b2e2f230898cca1efe8e62aa|bridge
1790517513228733699|container|start|d6f25d4223c7bf66c2543d64e4778d250f778ce18274ad23f1dff6f4a3e69fc2|t20-lat-ctr-19
1790517514229653822|container|exec_create: /bin/sh -c true|d6f25d4223c7bf66c2543d64e4778d250f778ce18274ad23f1dff6f4a3e69fc2|t20-lat-ctr-19
1790517514229678319|container|exec_start: /bin/sh -c true|d6f25d4223c7bf66c2543d64e4778d250f778ce18274ad23f1dff6f4a3e69fc2|t20-lat-ctr-19
1790517514254966960|container|exec_die|d6f25d4223c7bf66c2543d64e4778d250f778ce18274ad23f1dff6f4a3e69fc2|t20-lat-ctr-19
1790517514255145569|container|health_status: healthy|d6f25d4223c7bf66c2543d64e4778d250f778ce18274ad23f1dff6f4a3e69fc2|t20-lat-ctr-19
1790517515255656843|container|exec_create: /bin/sh -c true|d6f25d4223c7bf66c2543d64e4778d250f778ce18274ad23f1dff6f4a3e69fc2|t20-lat-ctr-19
1790517515255682982|container|exec_start: /bin/sh -c true|d6f25d4223c7bf66c2543d64e4778d250f778ce18274ad23f1dff6f4a3e69fc2|t20-lat-ctr-19
1790517515281149523|container|exec_die|d6f25d4223c7bf66c2543d64e4778d250f778ce18274ad23f1dff6f4a3e69fc2|t20-lat-ctr-19
1790517515292317224|container|kill|d6f25d4223c7bf66c2543d64e4778d250f778ce18274ad23f1dff6f4a3e69fc2|t20-lat-ctr-19
1790517516293362304|container|exec_create: /bin/sh -c true|d6f25d4223c7bf66c2543d64e4778d250f778ce18274ad23f1dff6f4a3e69fc2|t20-lat-ctr-19
1790517516293385792|container|exec_start: /bin/sh -c true|d6f25d4223c7bf66c2543d64e4778d250f778ce18274ad23f1dff6f4a3e69fc2|t20-lat-ctr-19
1790517516316990496|container|exec_die|d6f25d4223c7bf66c2543d64e4778d250f778ce18274ad23f1dff6f4a3e69fc2|t20-lat-ctr-19
1790517517306098762|container|kill|d6f25d4223c7bf66c2543d64e4778d250f778ce18274ad23f1dff6f4a3e69fc2|t20-lat-ctr-19
1790517517465683067|network|disconnect|14dd0091cf68512f991ff07db68c60bcf87dff62b2e2f230898cca1efe8e62aa|bridge
1790517517474452993|container|stop|d6f25d4223c7bf66c2543d64e4778d250f778ce18274ad23f1dff6f4a3e69fc2|t20-lat-ctr-19
1790517517482794717|container|die|d6f25d4223c7bf66c2543d64e4778d250f778ce18274ad23f1dff6f4a3e69fc2|t20-lat-ctr-19
1790517517538470153|container|destroy|d6f25d4223c7bf66c2543d64e4778d250f778ce18274ad23f1dff6f4a3e69fc2|t20-lat-ctr-19
1790517517624819018|container|create|ccda9e390daca603308296c2c0cad47969ffb72d1ba5d5cc00d6d85263f1fbff|t20-lat-ctr-20
1790517517746773383|network|connect|14dd0091cf68512f991ff07db68c60bcf87dff62b2e2f230898cca1efe8e62aa|bridge
1790517517765862208|container|start|ccda9e390daca603308296c2c0cad47969ffb72d1ba5d5cc00d6d85263f1fbff|t20-lat-ctr-20
1790517518767080605|container|exec_create: /bin/sh -c true|ccda9e390daca603308296c2c0cad47969ffb72d1ba5d5cc00d6d85263f1fbff|t20-lat-ctr-20
1790517518767122827|container|exec_start: /bin/sh -c true|ccda9e390daca603308296c2c0cad47969ffb72d1ba5d5cc00d6d85263f1fbff|t20-lat-ctr-20
1790517518792987394|container|exec_die|ccda9e390daca603308296c2c0cad47969ffb72d1ba5d5cc00d6d85263f1fbff|t20-lat-ctr-20
1790517518793194804|container|health_status: healthy|ccda9e390daca603308296c2c0cad47969ffb72d1ba5d5cc00d6d85263f1fbff|t20-lat-ctr-20
1790517519794092176|container|exec_create: /bin/sh -c true|ccda9e390daca603308296c2c0cad47969ffb72d1ba5d5cc00d6d85263f1fbff|t20-lat-ctr-20
1790517519794130739|container|exec_start: /bin/sh -c true|ccda9e390daca603308296c2c0cad47969ffb72d1ba5d5cc00d6d85263f1fbff|t20-lat-ctr-20
1790517519821148428|container|exec_die|ccda9e390daca603308296c2c0cad47969ffb72d1ba5d5cc00d6d85263f1fbff|t20-lat-ctr-20
1790517519827307969|container|kill|ccda9e390daca603308296c2c0cad47969ffb72d1ba5d5cc00d6d85263f1fbff|t20-lat-ctr-20
1790517520827986219|container|exec_create: /bin/sh -c true|ccda9e390daca603308296c2c0cad47969ffb72d1ba5d5cc00d6d85263f1fbff|t20-lat-ctr-20
1790517520828010348|container|exec_start: /bin/sh -c true|ccda9e390daca603308296c2c0cad47969ffb72d1ba5d5cc00d6d85263f1fbff|t20-lat-ctr-20
1790517520852919843|container|exec_die|ccda9e390daca603308296c2c0cad47969ffb72d1ba5d5cc00d6d85263f1fbff|t20-lat-ctr-20
1790517521841420406|container|kill|ccda9e390daca603308296c2c0cad47969ffb72d1ba5d5cc00d6d85263f1fbff|t20-lat-ctr-20
1790517521853768329|container|exec_create: /bin/sh -c true|ccda9e390daca603308296c2c0cad47969ffb72d1ba5d5cc00d6d85263f1fbff|t20-lat-ctr-20
1790517521853799226|container|exec_start: /bin/sh -c true|ccda9e390daca603308296c2c0cad47969ffb72d1ba5d5cc00d6d85263f1fbff|t20-lat-ctr-20
1790517521855334063|container|health_status: unhealthy|ccda9e390daca603308296c2c0cad47969ffb72d1ba5d5cc00d6d85263f1fbff|t20-lat-ctr-20
1790517522001868908|network|disconnect|14dd0091cf68512f991ff07db68c60bcf87dff62b2e2f230898cca1efe8e62aa|bridge
1790517522011525166|container|stop|ccda9e390daca603308296c2c0cad47969ffb72d1ba5d5cc00d6d85263f1fbff|t20-lat-ctr-20
1790517522019909002|container|die|ccda9e390daca603308296c2c0cad47969ffb72d1ba5d5cc00d6d85263f1fbff|t20-lat-ctr-20
1790517522074642592|container|destroy|ccda9e390daca603308296c2c0cad47969ffb72d1ba5d5cc00d6d85263f1fbff|t20-lat-ctr-20
1790517522161899939|container|create|c25e1f0e75c2d472afe88fc4e6a6e52f552df580cd149229034d60bc94821afa|t20-lat-ctr-21
1790517522283900070|network|connect|14dd0091cf68512f991ff07db68c60bcf87dff62b2e2f230898cca1efe8e62aa|bridge
1790517522303942995|container|start|c25e1f0e75c2d472afe88fc4e6a6e52f552df580cd149229034d60bc94821afa|t20-lat-ctr-21
1790517523304441297|container|exec_create: /bin/sh -c true|c25e1f0e75c2d472afe88fc4e6a6e52f552df580cd149229034d60bc94821afa|t20-lat-ctr-21
1790517523304479282|container|exec_start: /bin/sh -c true|c25e1f0e75c2d472afe88fc4e6a6e52f552df580cd149229034d60bc94821afa|t20-lat-ctr-21
1790517523329188049|container|exec_die|c25e1f0e75c2d472afe88fc4e6a6e52f552df580cd149229034d60bc94821afa|t20-lat-ctr-21
1790517523329365835|container|health_status: healthy|c25e1f0e75c2d472afe88fc4e6a6e52f552df580cd149229034d60bc94821afa|t20-lat-ctr-21
1790517523353080784|container|kill|c25e1f0e75c2d472afe88fc4e6a6e52f552df580cd149229034d60bc94821afa|t20-lat-ctr-21
1790517524330456263|container|exec_create: /bin/sh -c true|c25e1f0e75c2d472afe88fc4e6a6e52f552df580cd149229034d60bc94821afa|t20-lat-ctr-21
1790517524330490456|container|exec_start: /bin/sh -c true|c25e1f0e75c2d472afe88fc4e6a6e52f552df580cd149229034d60bc94821afa|t20-lat-ctr-21
1790517524356194970|container|exec_die|c25e1f0e75c2d472afe88fc4e6a6e52f552df580cd149229034d60bc94821afa|t20-lat-ctr-21
1790517525356602239|container|exec_create: /bin/sh -c true|c25e1f0e75c2d472afe88fc4e6a6e52f552df580cd149229034d60bc94821afa|t20-lat-ctr-21
1790517525366963600|container|kill|c25e1f0e75c2d472afe88fc4e6a6e52f552df580cd149229034d60bc94821afa|t20-lat-ctr-21
1790517525367038893|container|exec_start: /bin/sh -c true|c25e1f0e75c2d472afe88fc4e6a6e52f552df580cd149229034d60bc94821afa|t20-lat-ctr-21
1790517525501944324|network|disconnect|14dd0091cf68512f991ff07db68c60bcf87dff62b2e2f230898cca1efe8e62aa|bridge
1790517525510775529|container|stop|c25e1f0e75c2d472afe88fc4e6a6e52f552df580cd149229034d60bc94821afa|t20-lat-ctr-21
1790517525521131383|container|die|c25e1f0e75c2d472afe88fc4e6a6e52f552df580cd149229034d60bc94821afa|t20-lat-ctr-21
1790517525576735186|container|destroy|c25e1f0e75c2d472afe88fc4e6a6e52f552df580cd149229034d60bc94821afa|t20-lat-ctr-21
1790517525661017341|container|create|b6967d137b6fa0c964b0d890d0136a59f714437804ab32e817507c5524f60fb6|t20-lat-ctr-22
1790517525777000581|network|connect|14dd0091cf68512f991ff07db68c60bcf87dff62b2e2f230898cca1efe8e62aa|bridge
1790517525793951517|container|start|b6967d137b6fa0c964b0d890d0136a59f714437804ab32e817507c5524f60fb6|t20-lat-ctr-22
1790517526794900053|container|exec_create: /bin/sh -c true|b6967d137b6fa0c964b0d890d0136a59f714437804ab32e817507c5524f60fb6|t20-lat-ctr-22
1790517526794936545|container|exec_start: /bin/sh -c true|b6967d137b6fa0c964b0d890d0136a59f714437804ab32e817507c5524f60fb6|t20-lat-ctr-22
1790517526820324954|container|exec_die|b6967d137b6fa0c964b0d890d0136a59f714437804ab32e817507c5524f60fb6|t20-lat-ctr-22
1790517526820510285|container|health_status: healthy|b6967d137b6fa0c964b0d890d0136a59f714437804ab32e817507c5524f60fb6|t20-lat-ctr-22
1790517527821036697|container|exec_create: /bin/sh -c true|b6967d137b6fa0c964b0d890d0136a59f714437804ab32e817507c5524f60fb6|t20-lat-ctr-22
1790517527821070613|container|exec_start: /bin/sh -c true|b6967d137b6fa0c964b0d890d0136a59f714437804ab32e817507c5524f60fb6|t20-lat-ctr-22
1790517527845237274|container|exec_die|b6967d137b6fa0c964b0d890d0136a59f714437804ab32e817507c5524f60fb6|t20-lat-ctr-22
1790517527856538471|container|kill|b6967d137b6fa0c964b0d890d0136a59f714437804ab32e817507c5524f60fb6|t20-lat-ctr-22
1790517528856935589|container|exec_create: /bin/sh -c true|b6967d137b6fa0c964b0d890d0136a59f714437804ab32e817507c5524f60fb6|t20-lat-ctr-22
1790517528856962063|container|exec_start: /bin/sh -c true|b6967d137b6fa0c964b0d890d0136a59f714437804ab32e817507c5524f60fb6|t20-lat-ctr-22
1790517528882203984|container|exec_die|b6967d137b6fa0c964b0d890d0136a59f714437804ab32e817507c5524f60fb6|t20-lat-ctr-22
1790517529870177117|container|kill|b6967d137b6fa0c964b0d890d0136a59f714437804ab32e817507c5524f60fb6|t20-lat-ctr-22
1790517529882633802|container|exec_create: /bin/sh -c true|b6967d137b6fa0c964b0d890d0136a59f714437804ab32e817507c5524f60fb6|t20-lat-ctr-22
1790517529882689793|container|exec_start: /bin/sh -c true|b6967d137b6fa0c964b0d890d0136a59f714437804ab32e817507c5524f60fb6|t20-lat-ctr-22
1790517529884159336|container|health_status: unhealthy|b6967d137b6fa0c964b0d890d0136a59f714437804ab32e817507c5524f60fb6|t20-lat-ctr-22
1790517530022070999|network|disconnect|14dd0091cf68512f991ff07db68c60bcf87dff62b2e2f230898cca1efe8e62aa|bridge
1790517530031865170|container|stop|b6967d137b6fa0c964b0d890d0136a59f714437804ab32e817507c5524f60fb6|t20-lat-ctr-22
1790517530040165888|container|die|b6967d137b6fa0c964b0d890d0136a59f714437804ab32e817507c5524f60fb6|t20-lat-ctr-22
1790517530096759733|container|destroy|b6967d137b6fa0c964b0d890d0136a59f714437804ab32e817507c5524f60fb6|t20-lat-ctr-22
1790517530183215985|container|create|71cc40a870c58e789da0456eb6f9f242e3258d625b6aba7732d16f3cca93e7b8|t20-lat-ctr-23
1790517530291187365|network|connect|14dd0091cf68512f991ff07db68c60bcf87dff62b2e2f230898cca1efe8e62aa|bridge
1790517530309129682|container|start|71cc40a870c58e789da0456eb6f9f242e3258d625b6aba7732d16f3cca93e7b8|t20-lat-ctr-23
1790517531309610681|container|exec_create: /bin/sh -c true|71cc40a870c58e789da0456eb6f9f242e3258d625b6aba7732d16f3cca93e7b8|t20-lat-ctr-23
1790517531309633052|container|exec_start: /bin/sh -c true|71cc40a870c58e789da0456eb6f9f242e3258d625b6aba7732d16f3cca93e7b8|t20-lat-ctr-23
1790517531335789297|container|exec_die|71cc40a870c58e789da0456eb6f9f242e3258d625b6aba7732d16f3cca93e7b8|t20-lat-ctr-23
1790517531335987725|container|health_status: healthy|71cc40a870c58e789da0456eb6f9f242e3258d625b6aba7732d16f3cca93e7b8|t20-lat-ctr-23
1790517532336917221|container|exec_create: /bin/sh -c true|71cc40a870c58e789da0456eb6f9f242e3258d625b6aba7732d16f3cca93e7b8|t20-lat-ctr-23
1790517532336949576|container|exec_start: /bin/sh -c true|71cc40a870c58e789da0456eb6f9f242e3258d625b6aba7732d16f3cca93e7b8|t20-lat-ctr-23
1790517532361425841|container|exec_die|71cc40a870c58e789da0456eb6f9f242e3258d625b6aba7732d16f3cca93e7b8|t20-lat-ctr-23
1790517532371731320|container|kill|71cc40a870c58e789da0456eb6f9f242e3258d625b6aba7732d16f3cca93e7b8|t20-lat-ctr-23
1790517533372623037|container|exec_create: /bin/sh -c true|71cc40a870c58e789da0456eb6f9f242e3258d625b6aba7732d16f3cca93e7b8|t20-lat-ctr-23
1790517533372648057|container|exec_start: /bin/sh -c true|71cc40a870c58e789da0456eb6f9f242e3258d625b6aba7732d16f3cca93e7b8|t20-lat-ctr-23
1790517533399548481|container|exec_die|71cc40a870c58e789da0456eb6f9f242e3258d625b6aba7732d16f3cca93e7b8|t20-lat-ctr-23
1790517534386350479|container|kill|71cc40a870c58e789da0456eb6f9f242e3258d625b6aba7732d16f3cca93e7b8|t20-lat-ctr-23
1790517534400739923|container|exec_create: /bin/sh -c true|71cc40a870c58e789da0456eb6f9f242e3258d625b6aba7732d16f3cca93e7b8|t20-lat-ctr-23
1790517534400767573|container|exec_start: /bin/sh -c true|71cc40a870c58e789da0456eb6f9f242e3258d625b6aba7732d16f3cca93e7b8|t20-lat-ctr-23
1790517534545276261|network|disconnect|14dd0091cf68512f991ff07db68c60bcf87dff62b2e2f230898cca1efe8e62aa|bridge
1790517534554974922|container|stop|71cc40a870c58e789da0456eb6f9f242e3258d625b6aba7732d16f3cca93e7b8|t20-lat-ctr-23
1790517534563361240|container|die|71cc40a870c58e789da0456eb6f9f242e3258d625b6aba7732d16f3cca93e7b8|t20-lat-ctr-23
1790517534619009782|container|destroy|71cc40a870c58e789da0456eb6f9f242e3258d625b6aba7732d16f3cca93e7b8|t20-lat-ctr-23
1790517534707333273|container|create|66fb63a9ddb5a60e9a266237e7f4aa13c1b25f320ef9139212fb8c98bf78ad55|t20-lat-ctr-24
1790517534833210964|network|connect|14dd0091cf68512f991ff07db68c60bcf87dff62b2e2f230898cca1efe8e62aa|bridge
1790517534850366741|container|start|66fb63a9ddb5a60e9a266237e7f4aa13c1b25f320ef9139212fb8c98bf78ad55|t20-lat-ctr-24
1790517535851347221|container|exec_create: /bin/sh -c true|66fb63a9ddb5a60e9a266237e7f4aa13c1b25f320ef9139212fb8c98bf78ad55|t20-lat-ctr-24
1790517535851370865|container|exec_start: /bin/sh -c true|66fb63a9ddb5a60e9a266237e7f4aa13c1b25f320ef9139212fb8c98bf78ad55|t20-lat-ctr-24
1790517535876570061|container|exec_die|66fb63a9ddb5a60e9a266237e7f4aa13c1b25f320ef9139212fb8c98bf78ad55|t20-lat-ctr-24
1790517535876758253|container|health_status: healthy|66fb63a9ddb5a60e9a266237e7f4aa13c1b25f320ef9139212fb8c98bf78ad55|t20-lat-ctr-24
1790517536877641506|container|exec_create: /bin/sh -c true|66fb63a9ddb5a60e9a266237e7f4aa13c1b25f320ef9139212fb8c98bf78ad55|t20-lat-ctr-24
1790517536877693406|container|exec_start: /bin/sh -c true|66fb63a9ddb5a60e9a266237e7f4aa13c1b25f320ef9139212fb8c98bf78ad55|t20-lat-ctr-24
1790517536903570111|container|exec_die|66fb63a9ddb5a60e9a266237e7f4aa13c1b25f320ef9139212fb8c98bf78ad55|t20-lat-ctr-24
1790517536909981463|container|kill|66fb63a9ddb5a60e9a266237e7f4aa13c1b25f320ef9139212fb8c98bf78ad55|t20-lat-ctr-24
1790517537911277910|container|exec_create: /bin/sh -c true|66fb63a9ddb5a60e9a266237e7f4aa13c1b25f320ef9139212fb8c98bf78ad55|t20-lat-ctr-24
1790517537911307870|container|exec_start: /bin/sh -c true|66fb63a9ddb5a60e9a266237e7f4aa13c1b25f320ef9139212fb8c98bf78ad55|t20-lat-ctr-24
1790517537936752640|container|exec_die|66fb63a9ddb5a60e9a266237e7f4aa13c1b25f320ef9139212fb8c98bf78ad55|t20-lat-ctr-24
1790517538924552269|container|kill|66fb63a9ddb5a60e9a266237e7f4aa13c1b25f320ef9139212fb8c98bf78ad55|t20-lat-ctr-24
1790517539041303784|network|disconnect|14dd0091cf68512f991ff07db68c60bcf87dff62b2e2f230898cca1efe8e62aa|bridge
1790517539055856517|container|stop|66fb63a9ddb5a60e9a266237e7f4aa13c1b25f320ef9139212fb8c98bf78ad55|t20-lat-ctr-24
1790517539065444848|container|die|66fb63a9ddb5a60e9a266237e7f4aa13c1b25f320ef9139212fb8c98bf78ad55|t20-lat-ctr-24
1790517539120992046|container|destroy|66fb63a9ddb5a60e9a266237e7f4aa13c1b25f320ef9139212fb8c98bf78ad55|t20-lat-ctr-24
1790517539205441328|container|create|4c8cc502cc46dfa55d00c6aca72dd0f1e1c342d8416cb2fd37a073c56775bdc4|t20-lat-ctr-25
1790517539337314434|network|connect|14dd0091cf68512f991ff07db68c60bcf87dff62b2e2f230898cca1efe8e62aa|bridge
1790517539354488458|container|start|4c8cc502cc46dfa55d00c6aca72dd0f1e1c342d8416cb2fd37a073c56775bdc4|t20-lat-ctr-25
1790517540355347180|container|exec_create: /bin/sh -c true|4c8cc502cc46dfa55d00c6aca72dd0f1e1c342d8416cb2fd37a073c56775bdc4|t20-lat-ctr-25
1790517540355381259|container|exec_start: /bin/sh -c true|4c8cc502cc46dfa55d00c6aca72dd0f1e1c342d8416cb2fd37a073c56775bdc4|t20-lat-ctr-25
1790517540379433511|container|exec_die|4c8cc502cc46dfa55d00c6aca72dd0f1e1c342d8416cb2fd37a073c56775bdc4|t20-lat-ctr-25
1790517540379609903|container|health_status: healthy|4c8cc502cc46dfa55d00c6aca72dd0f1e1c342d8416cb2fd37a073c56775bdc4|t20-lat-ctr-25
1790517541380498675|container|exec_create: /bin/sh -c true|4c8cc502cc46dfa55d00c6aca72dd0f1e1c342d8416cb2fd37a073c56775bdc4|t20-lat-ctr-25
1790517541380525436|container|exec_start: /bin/sh -c true|4c8cc502cc46dfa55d00c6aca72dd0f1e1c342d8416cb2fd37a073c56775bdc4|t20-lat-ctr-25
1790517541406656158|container|exec_die|4c8cc502cc46dfa55d00c6aca72dd0f1e1c342d8416cb2fd37a073c56775bdc4|t20-lat-ctr-25
1790517541417245214|container|kill|4c8cc502cc46dfa55d00c6aca72dd0f1e1c342d8416cb2fd37a073c56775bdc4|t20-lat-ctr-25
1790517542417647974|container|exec_create: /bin/sh -c true|4c8cc502cc46dfa55d00c6aca72dd0f1e1c342d8416cb2fd37a073c56775bdc4|t20-lat-ctr-25
1790517542417681494|container|exec_start: /bin/sh -c true|4c8cc502cc46dfa55d00c6aca72dd0f1e1c342d8416cb2fd37a073c56775bdc4|t20-lat-ctr-25
1790517542442579019|container|exec_die|4c8cc502cc46dfa55d00c6aca72dd0f1e1c342d8416cb2fd37a073c56775bdc4|t20-lat-ctr-25
1790517543432777799|container|kill|4c8cc502cc46dfa55d00c6aca72dd0f1e1c342d8416cb2fd37a073c56775bdc4|t20-lat-ctr-25
1790517543443142882|container|exec_create: /bin/sh -c true|4c8cc502cc46dfa55d00c6aca72dd0f1e1c342d8416cb2fd37a073c56775bdc4|t20-lat-ctr-25
1790517543443162238|container|exec_start: /bin/sh -c true|4c8cc502cc46dfa55d00c6aca72dd0f1e1c342d8416cb2fd37a073c56775bdc4|t20-lat-ctr-25
1790517543444559430|container|health_status: unhealthy|4c8cc502cc46dfa55d00c6aca72dd0f1e1c342d8416cb2fd37a073c56775bdc4|t20-lat-ctr-25
1790517543576412229|network|disconnect|14dd0091cf68512f991ff07db68c60bcf87dff62b2e2f230898cca1efe8e62aa|bridge
1790517543585091497|container|stop|4c8cc502cc46dfa55d00c6aca72dd0f1e1c342d8416cb2fd37a073c56775bdc4|t20-lat-ctr-25
1790517543593449502|container|die|4c8cc502cc46dfa55d00c6aca72dd0f1e1c342d8416cb2fd37a073c56775bdc4|t20-lat-ctr-25
1790517543650091481|container|destroy|4c8cc502cc46dfa55d00c6aca72dd0f1e1c342d8416cb2fd37a073c56775bdc4|t20-lat-ctr-25
1790517543735474940|container|create|346260d829123821f633d16092d685d8f2cf542586b36baa67ae18956aed1b62|t20-lat-ctr-26
1790517543849518395|network|connect|14dd0091cf68512f991ff07db68c60bcf87dff62b2e2f230898cca1efe8e62aa|bridge
1790517543866587718|container|start|346260d829123821f633d16092d685d8f2cf542586b36baa67ae18956aed1b62|t20-lat-ctr-26
1790517544867659961|container|exec_create: /bin/sh -c true|346260d829123821f633d16092d685d8f2cf542586b36baa67ae18956aed1b62|t20-lat-ctr-26
1790517544867683789|container|exec_start: /bin/sh -c true|346260d829123821f633d16092d685d8f2cf542586b36baa67ae18956aed1b62|t20-lat-ctr-26
1790517544892684460|container|exec_die|346260d829123821f633d16092d685d8f2cf542586b36baa67ae18956aed1b62|t20-lat-ctr-26
1790517544892848698|container|health_status: healthy|346260d829123821f633d16092d685d8f2cf542586b36baa67ae18956aed1b62|t20-lat-ctr-26
1790517545893257307|container|exec_create: /bin/sh -c true|346260d829123821f633d16092d685d8f2cf542586b36baa67ae18956aed1b62|t20-lat-ctr-26
1790517545893287926|container|exec_start: /bin/sh -c true|346260d829123821f633d16092d685d8f2cf542586b36baa67ae18956aed1b62|t20-lat-ctr-26
1790517545922867749|container|exec_die|346260d829123821f633d16092d685d8f2cf542586b36baa67ae18956aed1b62|t20-lat-ctr-26
1790517545929650732|container|kill|346260d829123821f633d16092d685d8f2cf542586b36baa67ae18956aed1b62|t20-lat-ctr-26
1790517546930786378|container|exec_create: /bin/sh -c true|346260d829123821f633d16092d685d8f2cf542586b36baa67ae18956aed1b62|t20-lat-ctr-26
1790517546930810587|container|exec_start: /bin/sh -c true|346260d829123821f633d16092d685d8f2cf542586b36baa67ae18956aed1b62|t20-lat-ctr-26
1790517546955844802|container|exec_die|346260d829123821f633d16092d685d8f2cf542586b36baa67ae18956aed1b62|t20-lat-ctr-26
1790517547944017189|container|kill|346260d829123821f633d16092d685d8f2cf542586b36baa67ae18956aed1b62|t20-lat-ctr-26
1790517547956295074|container|exec_create: /bin/sh -c true|346260d829123821f633d16092d685d8f2cf542586b36baa67ae18956aed1b62|t20-lat-ctr-26
1790517547956322333|container|exec_start: /bin/sh -c true|346260d829123821f633d16092d685d8f2cf542586b36baa67ae18956aed1b62|t20-lat-ctr-26
1790517547957781147|container|health_status: unhealthy|346260d829123821f633d16092d685d8f2cf542586b36baa67ae18956aed1b62|t20-lat-ctr-26
1790517548073502238|network|disconnect|14dd0091cf68512f991ff07db68c60bcf87dff62b2e2f230898cca1efe8e62aa|bridge
1790517548088090646|container|stop|346260d829123821f633d16092d685d8f2cf542586b36baa67ae18956aed1b62|t20-lat-ctr-26
1790517548097738815|container|die|346260d829123821f633d16092d685d8f2cf542586b36baa67ae18956aed1b62|t20-lat-ctr-26
1790517548153271975|container|destroy|346260d829123821f633d16092d685d8f2cf542586b36baa67ae18956aed1b62|t20-lat-ctr-26
1790517548238600135|container|create|349570ae40c1578f1af0a07cad19aa989d59741a5d81478ff26e1c7d9b2b5a5d|t20-lat-ctr-27
1790517548372580193|network|connect|14dd0091cf68512f991ff07db68c60bcf87dff62b2e2f230898cca1efe8e62aa|bridge
1790517548390724750|container|start|349570ae40c1578f1af0a07cad19aa989d59741a5d81478ff26e1c7d9b2b5a5d|t20-lat-ctr-27
1790517549391216518|container|exec_create: /bin/sh -c true|349570ae40c1578f1af0a07cad19aa989d59741a5d81478ff26e1c7d9b2b5a5d|t20-lat-ctr-27
1790517549391283648|container|exec_start: /bin/sh -c true|349570ae40c1578f1af0a07cad19aa989d59741a5d81478ff26e1c7d9b2b5a5d|t20-lat-ctr-27
1790517549417306282|container|exec_die|349570ae40c1578f1af0a07cad19aa989d59741a5d81478ff26e1c7d9b2b5a5d|t20-lat-ctr-27
1790517549417471621|container|health_status: healthy|349570ae40c1578f1af0a07cad19aa989d59741a5d81478ff26e1c7d9b2b5a5d|t20-lat-ctr-27
1790517550418203045|container|exec_create: /bin/sh -c true|349570ae40c1578f1af0a07cad19aa989d59741a5d81478ff26e1c7d9b2b5a5d|t20-lat-ctr-27
1790517550418234278|container|exec_start: /bin/sh -c true|349570ae40c1578f1af0a07cad19aa989d59741a5d81478ff26e1c7d9b2b5a5d|t20-lat-ctr-27
1790517550442882814|container|exec_die|349570ae40c1578f1af0a07cad19aa989d59741a5d81478ff26e1c7d9b2b5a5d|t20-lat-ctr-27
1790517550453321359|container|kill|349570ae40c1578f1af0a07cad19aa989d59741a5d81478ff26e1c7d9b2b5a5d|t20-lat-ctr-27
1790517551453995891|container|exec_create: /bin/sh -c true|349570ae40c1578f1af0a07cad19aa989d59741a5d81478ff26e1c7d9b2b5a5d|t20-lat-ctr-27
1790517551454029798|container|exec_start: /bin/sh -c true|349570ae40c1578f1af0a07cad19aa989d59741a5d81478ff26e1c7d9b2b5a5d|t20-lat-ctr-27
1790517551478954399|container|exec_die|349570ae40c1578f1af0a07cad19aa989d59741a5d81478ff26e1c7d9b2b5a5d|t20-lat-ctr-27
1790517552466786494|container|kill|349570ae40c1578f1af0a07cad19aa989d59741a5d81478ff26e1c7d9b2b5a5d|t20-lat-ctr-27
1790517552479202811|container|exec_create: /bin/sh -c true|349570ae40c1578f1af0a07cad19aa989d59741a5d81478ff26e1c7d9b2b5a5d|t20-lat-ctr-27
1790517552479223682|container|exec_start: /bin/sh -c true|349570ae40c1578f1af0a07cad19aa989d59741a5d81478ff26e1c7d9b2b5a5d|t20-lat-ctr-27
1790517552480893279|container|health_status: unhealthy|349570ae40c1578f1af0a07cad19aa989d59741a5d81478ff26e1c7d9b2b5a5d|t20-lat-ctr-27
1790517552608625096|network|disconnect|14dd0091cf68512f991ff07db68c60bcf87dff62b2e2f230898cca1efe8e62aa|bridge
1790517552620367301|container|stop|349570ae40c1578f1af0a07cad19aa989d59741a5d81478ff26e1c7d9b2b5a5d|t20-lat-ctr-27
1790517552630770695|container|die|349570ae40c1578f1af0a07cad19aa989d59741a5d81478ff26e1c7d9b2b5a5d|t20-lat-ctr-27
1790517552688517064|container|destroy|349570ae40c1578f1af0a07cad19aa989d59741a5d81478ff26e1c7d9b2b5a5d|t20-lat-ctr-27
1790517552772746883|container|create|002eb5d4b0173ea3ae30702145dda77a4286fb3a279a9e31ebb081689dec0256|t20-lat-ctr-28
1790517552908742580|network|connect|14dd0091cf68512f991ff07db68c60bcf87dff62b2e2f230898cca1efe8e62aa|bridge
1790517552926831607|container|start|002eb5d4b0173ea3ae30702145dda77a4286fb3a279a9e31ebb081689dec0256|t20-lat-ctr-28
1790517553927270884|container|exec_create: /bin/sh -c true|002eb5d4b0173ea3ae30702145dda77a4286fb3a279a9e31ebb081689dec0256|t20-lat-ctr-28
1790517553927304633|container|exec_start: /bin/sh -c true|002eb5d4b0173ea3ae30702145dda77a4286fb3a279a9e31ebb081689dec0256|t20-lat-ctr-28
1790517553952113706|container|exec_die|002eb5d4b0173ea3ae30702145dda77a4286fb3a279a9e31ebb081689dec0256|t20-lat-ctr-28
1790517553952279708|container|health_status: healthy|002eb5d4b0173ea3ae30702145dda77a4286fb3a279a9e31ebb081689dec0256|t20-lat-ctr-28
1790517554952968192|container|exec_create: /bin/sh -c true|002eb5d4b0173ea3ae30702145dda77a4286fb3a279a9e31ebb081689dec0256|t20-lat-ctr-28
1790517554953015428|container|exec_start: /bin/sh -c true|002eb5d4b0173ea3ae30702145dda77a4286fb3a279a9e31ebb081689dec0256|t20-lat-ctr-28
1790517554978058402|container|exec_die|002eb5d4b0173ea3ae30702145dda77a4286fb3a279a9e31ebb081689dec0256|t20-lat-ctr-28
1790517554988400129|container|kill|002eb5d4b0173ea3ae30702145dda77a4286fb3a279a9e31ebb081689dec0256|t20-lat-ctr-28
1790517555988733749|container|exec_create: /bin/sh -c true|002eb5d4b0173ea3ae30702145dda77a4286fb3a279a9e31ebb081689dec0256|t20-lat-ctr-28
1790517555988766539|container|exec_start: /bin/sh -c true|002eb5d4b0173ea3ae30702145dda77a4286fb3a279a9e31ebb081689dec0256|t20-lat-ctr-28
1790517556012878241|container|exec_die|002eb5d4b0173ea3ae30702145dda77a4286fb3a279a9e31ebb081689dec0256|t20-lat-ctr-28
1790517557002968851|container|kill|002eb5d4b0173ea3ae30702145dda77a4286fb3a279a9e31ebb081689dec0256|t20-lat-ctr-28
1790517557013339078|container|exec_create: /bin/sh -c true|002eb5d4b0173ea3ae30702145dda77a4286fb3a279a9e31ebb081689dec0256|t20-lat-ctr-28
1790517557013369602|container|exec_start: /bin/sh -c true|002eb5d4b0173ea3ae30702145dda77a4286fb3a279a9e31ebb081689dec0256|t20-lat-ctr-28
1790517557015071653|container|health_status: unhealthy|002eb5d4b0173ea3ae30702145dda77a4286fb3a279a9e31ebb081689dec0256|t20-lat-ctr-28
1790517557185796448|network|disconnect|14dd0091cf68512f991ff07db68c60bcf87dff62b2e2f230898cca1efe8e62aa|bridge
1790517557193425136|container|stop|002eb5d4b0173ea3ae30702145dda77a4286fb3a279a9e31ebb081689dec0256|t20-lat-ctr-28
1790517557201915256|container|die|002eb5d4b0173ea3ae30702145dda77a4286fb3a279a9e31ebb081689dec0256|t20-lat-ctr-28
1790517557256516770|container|destroy|002eb5d4b0173ea3ae30702145dda77a4286fb3a279a9e31ebb081689dec0256|t20-lat-ctr-28
1790517557341974058|container|create|6420c2667d0022d948a3e16d4754a246ea111050b72d82d2daedf68773f0dde0|t20-lat-ctr-29
1790517557475767792|network|connect|14dd0091cf68512f991ff07db68c60bcf87dff62b2e2f230898cca1efe8e62aa|bridge
1790517557492878651|container|start|6420c2667d0022d948a3e16d4754a246ea111050b72d82d2daedf68773f0dde0|t20-lat-ctr-29
1790517558493753751|container|exec_create: /bin/sh -c true|6420c2667d0022d948a3e16d4754a246ea111050b72d82d2daedf68773f0dde0|t20-lat-ctr-29
1790517558493776942|container|exec_start: /bin/sh -c true|6420c2667d0022d948a3e16d4754a246ea111050b72d82d2daedf68773f0dde0|t20-lat-ctr-29
1790517558518362681|container|exec_die|6420c2667d0022d948a3e16d4754a246ea111050b72d82d2daedf68773f0dde0|t20-lat-ctr-29
1790517558518556784|container|health_status: healthy|6420c2667d0022d948a3e16d4754a246ea111050b72d82d2daedf68773f0dde0|t20-lat-ctr-29
1790517559518887459|container|exec_create: /bin/sh -c true|6420c2667d0022d948a3e16d4754a246ea111050b72d82d2daedf68773f0dde0|t20-lat-ctr-29
1790517559518966279|container|exec_start: /bin/sh -c true|6420c2667d0022d948a3e16d4754a246ea111050b72d82d2daedf68773f0dde0|t20-lat-ctr-29
1790517559545271246|container|exec_die|6420c2667d0022d948a3e16d4754a246ea111050b72d82d2daedf68773f0dde0|t20-lat-ctr-29
1790517559556165035|container|kill|6420c2667d0022d948a3e16d4754a246ea111050b72d82d2daedf68773f0dde0|t20-lat-ctr-29
1790517560556760505|container|exec_create: /bin/sh -c true|6420c2667d0022d948a3e16d4754a246ea111050b72d82d2daedf68773f0dde0|t20-lat-ctr-29
1790517560556787399|container|exec_start: /bin/sh -c true|6420c2667d0022d948a3e16d4754a246ea111050b72d82d2daedf68773f0dde0|t20-lat-ctr-29
1790517560581248838|container|exec_die|6420c2667d0022d948a3e16d4754a246ea111050b72d82d2daedf68773f0dde0|t20-lat-ctr-29
1790517561570136310|container|kill|6420c2667d0022d948a3e16d4754a246ea111050b72d82d2daedf68773f0dde0|t20-lat-ctr-29
1790517561581551700|container|exec_create: /bin/sh -c true|6420c2667d0022d948a3e16d4754a246ea111050b72d82d2daedf68773f0dde0|t20-lat-ctr-29
1790517561581581015|container|exec_start: /bin/sh -c true|6420c2667d0022d948a3e16d4754a246ea111050b72d82d2daedf68773f0dde0|t20-lat-ctr-29
1790517561583101261|container|health_status: unhealthy|6420c2667d0022d948a3e16d4754a246ea111050b72d82d2daedf68773f0dde0|t20-lat-ctr-29
1790517561700959657|network|disconnect|14dd0091cf68512f991ff07db68c60bcf87dff62b2e2f230898cca1efe8e62aa|bridge
1790517561710705060|container|stop|6420c2667d0022d948a3e16d4754a246ea111050b72d82d2daedf68773f0dde0|t20-lat-ctr-29
1790517561720884645|container|die|6420c2667d0022d948a3e16d4754a246ea111050b72d82d2daedf68773f0dde0|t20-lat-ctr-29
1790517561776699798|container|destroy|6420c2667d0022d948a3e16d4754a246ea111050b72d82d2daedf68773f0dde0|t20-lat-ctr-29
1790517561863045935|container|create|fb74b3b9578b6f2dbc64c4bd5f886a8ac3c4cda478a6563e16cfaccc6f5b96f4|t20-lat-ctr-30
1790517562009980046|network|connect|14dd0091cf68512f991ff07db68c60bcf87dff62b2e2f230898cca1efe8e62aa|bridge
1790517562035026079|container|start|fb74b3b9578b6f2dbc64c4bd5f886a8ac3c4cda478a6563e16cfaccc6f5b96f4|t20-lat-ctr-30
1790517563034431303|container|exec_create: /bin/sh -c true|fb74b3b9578b6f2dbc64c4bd5f886a8ac3c4cda478a6563e16cfaccc6f5b96f4|t20-lat-ctr-30
1790517563034455020|container|exec_start: /bin/sh -c true|fb74b3b9578b6f2dbc64c4bd5f886a8ac3c4cda478a6563e16cfaccc6f5b96f4|t20-lat-ctr-30
1790517563059724058|container|exec_die|fb74b3b9578b6f2dbc64c4bd5f886a8ac3c4cda478a6563e16cfaccc6f5b96f4|t20-lat-ctr-30
1790517563059883514|container|health_status: healthy|fb74b3b9578b6f2dbc64c4bd5f886a8ac3c4cda478a6563e16cfaccc6f5b96f4|t20-lat-ctr-30
1790517564059975286|container|exec_create: /bin/sh -c true|fb74b3b9578b6f2dbc64c4bd5f886a8ac3c4cda478a6563e16cfaccc6f5b96f4|t20-lat-ctr-30
1790517564060008271|container|exec_start: /bin/sh -c true|fb74b3b9578b6f2dbc64c4bd5f886a8ac3c4cda478a6563e16cfaccc6f5b96f4|t20-lat-ctr-30
1790517564085629180|container|exec_die|fb74b3b9578b6f2dbc64c4bd5f886a8ac3c4cda478a6563e16cfaccc6f5b96f4|t20-lat-ctr-30
1790517564097485806|container|kill|fb74b3b9578b6f2dbc64c4bd5f886a8ac3c4cda478a6563e16cfaccc6f5b96f4|t20-lat-ctr-30
1790517565098751446|container|exec_create: /bin/sh -c true|fb74b3b9578b6f2dbc64c4bd5f886a8ac3c4cda478a6563e16cfaccc6f5b96f4|t20-lat-ctr-30
1790517565098775748|container|exec_start: /bin/sh -c true|fb74b3b9578b6f2dbc64c4bd5f886a8ac3c4cda478a6563e16cfaccc6f5b96f4|t20-lat-ctr-30
1790517565122699292|container|exec_die|fb74b3b9578b6f2dbc64c4bd5f886a8ac3c4cda478a6563e16cfaccc6f5b96f4|t20-lat-ctr-30
1790517566111580442|container|kill|fb74b3b9578b6f2dbc64c4bd5f886a8ac3c4cda478a6563e16cfaccc6f5b96f4|t20-lat-ctr-30
1790517566123119071|container|exec_create: /bin/sh -c true|fb74b3b9578b6f2dbc64c4bd5f886a8ac3c4cda478a6563e16cfaccc6f5b96f4|t20-lat-ctr-30
1790517566123143665|container|exec_start: /bin/sh -c true|fb74b3b9578b6f2dbc64c4bd5f886a8ac3c4cda478a6563e16cfaccc6f5b96f4|t20-lat-ctr-30
1790517566124552480|container|health_status: unhealthy|fb74b3b9578b6f2dbc64c4bd5f886a8ac3c4cda478a6563e16cfaccc6f5b96f4|t20-lat-ctr-30
1790517566257384927|network|disconnect|14dd0091cf68512f991ff07db68c60bcf87dff62b2e2f230898cca1efe8e62aa|bridge
1790517566268232738|container|stop|fb74b3b9578b6f2dbc64c4bd5f886a8ac3c4cda478a6563e16cfaccc6f5b96f4|t20-lat-ctr-30
1790517566276532754|container|die|fb74b3b9578b6f2dbc64c4bd5f886a8ac3c4cda478a6563e16cfaccc6f5b96f4|t20-lat-ctr-30
1790517566333140121|container|destroy|fb74b3b9578b6f2dbc64c4bd5f886a8ac3c4cda478a6563e16cfaccc6f5b96f4|t20-lat-ctr-30
