1790514887088302795|container|exec_create: /bin/sh -c test -f /tmp/ready|3276846192cc59d8f25d723ddb2affeb78e70e15a6818489b5b137b962905638|fleetly-founder-default-ord1-mid.1.kkt4ias5124ugxs39vcdigyf9
1790514887088414558|container|exec_start: /bin/sh -c test -f /tmp/ready|3276846192cc59d8f25d723ddb2affeb78e70e15a6818489b5b137b962905638|fleetly-founder-default-ord1-mid.1.kkt4ias5124ugxs39vcdigyf9
1790514887114515837|container|exec_die|3276846192cc59d8f25d723ddb2affeb78e70e15a6818489b5b137b962905638|fleetly-founder-default-ord1-mid.1.kkt4ias5124ugxs39vcdigyf9
1790514887383353028|container|exec_create: /bin/sh -c test -f /tmp/ready|2c7e77cd64c4c3a267b991cf7444fff6aa42ec5e3e46d68fc590dbb324a07173|fleetly-founder-default-ord1-leaf.1.udtpu6pim4po9wq2ja077v8y1
1790514887383474069|container|exec_start: /bin/sh -c test -f /tmp/ready|2c7e77cd64c4c3a267b991cf7444fff6aa42ec5e3e46d68fc590dbb324a07173|fleetly-founder-default-ord1-leaf.1.udtpu6pim4po9wq2ja077v8y1
1790514887409659936|container|exec_die|2c7e77cd64c4c3a267b991cf7444fff6aa42ec5e3e46d68fc590dbb324a07173|fleetly-founder-default-ord1-leaf.1.udtpu6pim4po9wq2ja077v8y1
1790514887633254796|container|exec_create: /bin/sh -c test -f /tmp/ready|294b5c2a6ea8538cb70336da0ce8b6d0f9b1527f00cf8c890bad5957af4cd0d4|fleetly-founder-default-ord1-base.1.7mt9lzqfpukj5au1v1daz2zhb
1790514887633341094|container|exec_start: /bin/sh -c test -f /tmp/ready|294b5c2a6ea8538cb70336da0ce8b6d0f9b1527f00cf8c890bad5957af4cd0d4|fleetly-founder-default-ord1-base.1.7mt9lzqfpukj5au1v1daz2zhb
1790514887657113438|container|exec_die|294b5c2a6ea8538cb70336da0ce8b6d0f9b1527f00cf8c890bad5957af4cd0d4|fleetly-founder-default-ord1-base.1.7mt9lzqfpukj5au1v1daz2zhb
1790514888115099838|container|exec_create: /bin/sh -c test -f /tmp/ready|3276846192cc59d8f25d723ddb2affeb78e70e15a6818489b5b137b962905638|fleetly-founder-default-ord1-mid.1.kkt4ias5124ugxs39vcdigyf9
1790514888115190895|container|exec_start: /bin/sh -c test -f /tmp/ready|3276846192cc59d8f25d723ddb2affeb78e70e15a6818489b5b137b962905638|fleetly-founder-default-ord1-mid.1.kkt4ias5124ugxs39vcdigyf9
1790514888140547941|container|exec_die|3276846192cc59d8f25d723ddb2affeb78e70e15a6818489b5b137b962905638|fleetly-founder-default-ord1-mid.1.kkt4ias5124ugxs39vcdigyf9
1790514888410764451|container|exec_create: /bin/sh -c test -f /tmp/ready|2c7e77cd64c4c3a267b991cf7444fff6aa42ec5e3e46d68fc590dbb324a07173|fleetly-founder-default-ord1-leaf.1.udtpu6pim4po9wq2ja077v8y1
1790514888410881505|container|exec_start: /bin/sh -c test -f /tmp/ready|2c7e77cd64c4c3a267b991cf7444fff6aa42ec5e3e46d68fc590dbb324a07173|fleetly-founder-default-ord1-leaf.1.udtpu6pim4po9wq2ja077v8y1
1790514888435538962|container|exec_die|2c7e77cd64c4c3a267b991cf7444fff6aa42ec5e3e46d68fc590dbb324a07173|fleetly-founder-default-ord1-leaf.1.udtpu6pim4po9wq2ja077v8y1
1790514888657818774|container|exec_create: /bin/sh -c test -f /tmp/ready|294b5c2a6ea8538cb70336da0ce8b6d0f9b1527f00cf8c890bad5957af4cd0d4|fleetly-founder-default-ord1-base.1.7mt9lzqfpukj5au1v1daz2zhb
1790514888657889710|container|exec_start: /bin/sh -c test -f /tmp/ready|294b5c2a6ea8538cb70336da0ce8b6d0f9b1527f00cf8c890bad5957af4cd0d4|fleetly-founder-default-ord1-base.1.7mt9lzqfpukj5au1v1daz2zhb
1790514888682561017|container|exec_die|294b5c2a6ea8538cb70336da0ce8b6d0f9b1527f00cf8c890bad5957af4cd0d4|fleetly-founder-default-ord1-base.1.7mt9lzqfpukj5au1v1daz2zhb
1790514888713738624|network|create|kmlldqc9tbpo8v807ge0jx0fs|fleetly-founder-default-ord2-net
1790514888716650248|network|update|kmlldqc9tbpo8v807ge0jx0fs|fleetly-founder-default-ord2-net
1790514888719427442|service|create|o0jsosbgy4qe1vhz8hkf441ae|fleetly-founder-default-ord2-bad
1790514888721517683|service|update|o0jsosbgy4qe1vhz8hkf441ae|fleetly-founder-default-ord2-bad
1790514888728484172|service|create|hdqmtsk6vw95avdiv454uxdpg|fleetly-founder-default-ord2-good
1790514888737590341|service|update|hdqmtsk6vw95avdiv454uxdpg|fleetly-founder-default-ord2-good
1790514888797811695|node|update|z2gwuj5qk2dmubnl69q06q3qc|s4
1790514889051688358|network|create|kmlldqc9tbpo8v807ge0jx0fs|fleetly-founder-default-ord2-net
1790514889140875486|container|exec_create: /bin/sh -c test -f /tmp/ready|3276846192cc59d8f25d723ddb2affeb78e70e15a6818489b5b137b962905638|fleetly-founder-default-ord1-mid.1.kkt4ias5124ugxs39vcdigyf9
1790514889140948353|container|exec_start: /bin/sh -c test -f /tmp/ready|3276846192cc59d8f25d723ddb2affeb78e70e15a6818489b5b137b962905638|fleetly-founder-default-ord1-mid.1.kkt4ias5124ugxs39vcdigyf9
1790514889170606161|container|exec_die|3276846192cc59d8f25d723ddb2affeb78e70e15a6818489b5b137b962905638|fleetly-founder-default-ord1-mid.1.kkt4ias5124ugxs39vcdigyf9
1790514889175356886|container|create|7a2bffb05227f4ed9ba0a18e62c49cec22544109f36801a2629bde6382834424|fleetly-founder-default-ord2-good.1.uiolieoheg0okw5tfjqi7bb9y
1790514889187594140|container|create|3d2339f86eb696f73ad301fcd9faa2b193aa58aed333a8255200a1341dcdf51f|fleetly-founder-default-ord2-bad.1.4kmr586e75p8jzwxvxrfhse3l
1790514889436540467|container|exec_create: /bin/sh -c test -f /tmp/ready|2c7e77cd64c4c3a267b991cf7444fff6aa42ec5e3e46d68fc590dbb324a07173|fleetly-founder-default-ord1-leaf.1.udtpu6pim4po9wq2ja077v8y1
1790514889436658869|container|exec_start: /bin/sh -c test -f /tmp/ready|2c7e77cd64c4c3a267b991cf7444fff6aa42ec5e3e46d68fc590dbb324a07173|fleetly-founder-default-ord1-leaf.1.udtpu6pim4po9wq2ja077v8y1
1790514889464738515|container|exec_die|2c7e77cd64c4c3a267b991cf7444fff6aa42ec5e3e46d68fc590dbb324a07173|fleetly-founder-default-ord1-leaf.1.udtpu6pim4po9wq2ja077v8y1
1790514889522582675|network|connect|kmlldqc9tbpo8v807ge0jx0fs|fleetly-founder-default-ord2-net
1790514889540493723|container|start|7a2bffb05227f4ed9ba0a18e62c49cec22544109f36801a2629bde6382834424|fleetly-founder-default-ord2-good.1.uiolieoheg0okw5tfjqi7bb9y
1790514889579480464|network|connect|kmlldqc9tbpo8v807ge0jx0fs|fleetly-founder-default-ord2-net
1790514889597637194|container|start|3d2339f86eb696f73ad301fcd9faa2b193aa58aed333a8255200a1341dcdf51f|fleetly-founder-default-ord2-bad.1.4kmr586e75p8jzwxvxrfhse3l
1790514889683228363|container|exec_create: /bin/sh -c test -f /tmp/ready|294b5c2a6ea8538cb70336da0ce8b6d0f9b1527f00cf8c890bad5957af4cd0d4|fleetly-founder-default-ord1-base.1.7mt9lzqfpukj5au1v1daz2zhb
1790514889683312526|container|exec_start: /bin/sh -c test -f /tmp/ready|294b5c2a6ea8538cb70336da0ce8b6d0f9b1527f00cf8c890bad5957af4cd0d4|fleetly-founder-default-ord1-base.1.7mt9lzqfpukj5au1v1daz2zhb
1790514889708469460|container|exec_die|294b5c2a6ea8538cb70336da0ce8b6d0f9b1527f00cf8c890bad5957af4cd0d4|fleetly-founder-default-ord1-base.1.7mt9lzqfpukj5au1v1daz2zhb
1790514889870488833|network|disconnect|kmlldqc9tbpo8v807ge0jx0fs|fleetly-founder-default-ord2-net
1790514889888500087|container|die|3d2339f86eb696f73ad301fcd9faa2b193aa58aed333a8255200a1341dcdf51f|fleetly-founder-default-ord2-bad.1.4kmr586e75p8jzwxvxrfhse3l
1790514890171178368|container|exec_create: /bin/sh -c test -f /tmp/ready|3276846192cc59d8f25d723ddb2affeb78e70e15a6818489b5b137b962905638|fleetly-founder-default-ord1-mid.1.kkt4ias5124ugxs39vcdigyf9
1790514890171282589|container|exec_start: /bin/sh -c test -f /tmp/ready|3276846192cc59d8f25d723ddb2affeb78e70e15a6818489b5b137b962905638|fleetly-founder-default-ord1-mid.1.kkt4ias5124ugxs39vcdigyf9
1790514890194530326|container|create|780c2e516907fd63ead83c8397609459a3f14062eab53078d26bc245fa1d4669|fleetly-founder-default-ord2-bad.1.q3pc1miktgx7cmp21cwtc6ayk
1790514890201693208|container|exec_die|3276846192cc59d8f25d723ddb2affeb78e70e15a6818489b5b137b962905638|fleetly-founder-default-ord1-mid.1.kkt4ias5124ugxs39vcdigyf9
1790514890465573131|container|exec_create: /bin/sh -c test -f /tmp/ready|2c7e77cd64c4c3a267b991cf7444fff6aa42ec5e3e46d68fc590dbb324a07173|fleetly-founder-default-ord1-leaf.1.udtpu6pim4po9wq2ja077v8y1
1790514890465680246|container|exec_start: /bin/sh -c test -f /tmp/ready|2c7e77cd64c4c3a267b991cf7444fff6aa42ec5e3e46d68fc590dbb324a07173|fleetly-founder-default-ord1-leaf.1.udtpu6pim4po9wq2ja077v8y1
1790514890489887802|container|exec_die|2c7e77cd64c4c3a267b991cf7444fff6aa42ec5e3e46d68fc590dbb324a07173|fleetly-founder-default-ord1-leaf.1.udtpu6pim4po9wq2ja077v8y1
1790514890541392727|container|exec_create: /bin/sh -c test -f /tmp/ready|7a2bffb05227f4ed9ba0a18e62c49cec22544109f36801a2629bde6382834424|fleetly-founder-default-ord2-good.1.uiolieoheg0okw5tfjqi7bb9y
1790514890541493695|container|exec_start: /bin/sh -c test -f /tmp/ready|7a2bffb05227f4ed9ba0a18e62c49cec22544109f36801a2629bde6382834424|fleetly-founder-default-ord2-good.1.uiolieoheg0okw5tfjqi7bb9y
1790514890566996564|container|exec_die|7a2bffb05227f4ed9ba0a18e62c49cec22544109f36801a2629bde6382834424|fleetly-founder-default-ord2-good.1.uiolieoheg0okw5tfjqi7bb9y
1790514890567303184|container|health_status: healthy|7a2bffb05227f4ed9ba0a18e62c49cec22544109f36801a2629bde6382834424|fleetly-founder-default-ord2-good.1.uiolieoheg0okw5tfjqi7bb9y
1790514890709195857|container|exec_create: /bin/sh -c test -f /tmp/ready|294b5c2a6ea8538cb70336da0ce8b6d0f9b1527f00cf8c890bad5957af4cd0d4|fleetly-founder-default-ord1-base.1.7mt9lzqfpukj5au1v1daz2zhb
1790514890709261253|container|exec_start: /bin/sh -c test -f /tmp/ready|294b5c2a6ea8538cb70336da0ce8b6d0f9b1527f00cf8c890bad5957af4cd0d4|fleetly-founder-default-ord1-base.1.7mt9lzqfpukj5au1v1daz2zhb
1790514890733647134|container|exec_die|294b5c2a6ea8538cb70336da0ce8b6d0f9b1527f00cf8c890bad5957af4cd0d4|fleetly-founder-default-ord1-base.1.7mt9lzqfpukj5au1v1daz2zhb
1790514891202017999|container|exec_create: /bin/sh -c test -f /tmp/ready|3276846192cc59d8f25d723ddb2affeb78e70e15a6818489b5b137b962905638|fleetly-founder-default-ord1-mid.1.kkt4ias5124ugxs39vcdigyf9
1790514891202095236|container|exec_start: /bin/sh -c test -f /tmp/ready|3276846192cc59d8f25d723ddb2affeb78e70e15a6818489b5b137b962905638|fleetly-founder-default-ord1-mid.1.kkt4ias5124ugxs39vcdigyf9
1790514891227027490|container|exec_die|3276846192cc59d8f25d723ddb2affeb78e70e15a6818489b5b137b962905638|fleetly-founder-default-ord1-mid.1.kkt4ias5124ugxs39vcdigyf9
1790514891491163350|container|exec_create: /bin/sh -c test -f /tmp/ready|2c7e77cd64c4c3a267b991cf7444fff6aa42ec5e3e46d68fc590dbb324a07173|fleetly-founder-default-ord1-leaf.1.udtpu6pim4po9wq2ja077v8y1
1790514891491284825|container|exec_start: /bin/sh -c test -f /tmp/ready|2c7e77cd64c4c3a267b991cf7444fff6aa42ec5e3e46d68fc590dbb324a07173|fleetly-founder-default-ord1-leaf.1.udtpu6pim4po9wq2ja077v8y1
1790514891515849148|container|exec_die|2c7e77cd64c4c3a267b991cf7444fff6aa42ec5e3e46d68fc590dbb324a07173|fleetly-founder-default-ord1-leaf.1.udtpu6pim4po9wq2ja077v8y1
1790514891567976906|container|exec_create: /bin/sh -c test -f /tmp/ready|7a2bffb05227f4ed9ba0a18e62c49cec22544109f36801a2629bde6382834424|fleetly-founder-default-ord2-good.1.uiolieoheg0okw5tfjqi7bb9y
1790514891568061266|container|exec_start: /bin/sh -c test -f /tmp/ready|7a2bffb05227f4ed9ba0a18e62c49cec22544109f36801a2629bde6382834424|fleetly-founder-default-ord2-good.1.uiolieoheg0okw5tfjqi7bb9y
1790514891593035801|container|exec_die|7a2bffb05227f4ed9ba0a18e62c49cec22544109f36801a2629bde6382834424|fleetly-founder-default-ord2-good.1.uiolieoheg0okw5tfjqi7bb9y
1790514891734018919|container|exec_create: /bin/sh -c test -f /tmp/ready|294b5c2a6ea8538cb70336da0ce8b6d0f9b1527f00cf8c890bad5957af4cd0d4|fleetly-founder-default-ord1-base.1.7mt9lzqfpukj5au1v1daz2zhb
1790514891734125589|container|exec_start: /bin/sh -c test -f /tmp/ready|294b5c2a6ea8538cb70336da0ce8b6d0f9b1527f00cf8c890bad5957af4cd0d4|fleetly-founder-default-ord1-base.1.7mt9lzqfpukj5au1v1daz2zhb
1790514891757279048|container|exec_die|294b5c2a6ea8538cb70336da0ce8b6d0f9b1527f00cf8c890bad5957af4cd0d4|fleetly-founder-default-ord1-base.1.7mt9lzqfpukj5au1v1daz2zhb
1790514892228409966|container|exec_create: /bin/sh -c test -f /tmp/ready|3276846192cc59d8f25d723ddb2affeb78e70e15a6818489b5b137b962905638|fleetly-founder-default-ord1-mid.1.kkt4ias5124ugxs39vcdigyf9
1790514892228534340|container|exec_start: /bin/sh -c test -f /tmp/ready|3276846192cc59d8f25d723ddb2affeb78e70e15a6818489b5b137b962905638|fleetly-founder-default-ord1-mid.1.kkt4ias5124ugxs39vcdigyf9
1790514892253942922|container|exec_die|3276846192cc59d8f25d723ddb2affeb78e70e15a6818489b5b137b962905638|fleetly-founder-default-ord1-mid.1.kkt4ias5124ugxs39vcdigyf9
1790514892515686184|container|exec_create: /bin/sh -c test -f /tmp/ready|2c7e77cd64c4c3a267b991cf7444fff6aa42ec5e3e46d68fc590dbb324a07173|fleetly-founder-default-ord1-leaf.1.udtpu6pim4po9wq2ja077v8y1
1790514892515811662|container|exec_start: /bin/sh -c test -f /tmp/ready|2c7e77cd64c4c3a267b991cf7444fff6aa42ec5e3e46d68fc590dbb324a07173|fleetly-founder-default-ord1-leaf.1.udtpu6pim4po9wq2ja077v8y1
1790514892540261793|container|exec_die|2c7e77cd64c4c3a267b991cf7444fff6aa42ec5e3e46d68fc590dbb324a07173|fleetly-founder-default-ord1-leaf.1.udtpu6pim4po9wq2ja077v8y1
1790514892592781632|container|exec_create: /bin/sh -c test -f /tmp/ready|7a2bffb05227f4ed9ba0a18e62c49cec22544109f36801a2629bde6382834424|fleetly-founder-default-ord2-good.1.uiolieoheg0okw5tfjqi7bb9y
1790514892592882956|container|exec_start: /bin/sh -c test -f /tmp/ready|7a2bffb05227f4ed9ba0a18e62c49cec22544109f36801a2629bde6382834424|fleetly-founder-default-ord2-good.1.uiolieoheg0okw5tfjqi7bb9y
1790514892617434533|container|exec_die|7a2bffb05227f4ed9ba0a18e62c49cec22544109f36801a2629bde6382834424|fleetly-founder-default-ord2-good.1.uiolieoheg0okw5tfjqi7bb9y
1790514892756852943|container|exec_create: /bin/sh -c test -f /tmp/ready|294b5c2a6ea8538cb70336da0ce8b6d0f9b1527f00cf8c890bad5957af4cd0d4|fleetly-founder-default-ord1-base.1.7mt9lzqfpukj5au1v1daz2zhb
1790514892756964132|container|exec_start: /bin/sh -c test -f /tmp/ready|294b5c2a6ea8538cb70336da0ce8b6d0f9b1527f00cf8c890bad5957af4cd0d4|fleetly-founder-default-ord1-base.1.7mt9lzqfpukj5au1v1daz2zhb
1790514892781140627|container|exec_die|294b5c2a6ea8538cb70336da0ce8b6d0f9b1527f00cf8c890bad5957af4cd0d4|fleetly-founder-default-ord1-base.1.7mt9lzqfpukj5au1v1daz2zhb
1790514893252820613|container|exec_create: /bin/sh -c test -f /tmp/ready|3276846192cc59d8f25d723ddb2affeb78e70e15a6818489b5b137b962905638|fleetly-founder-default-ord1-mid.1.kkt4ias5124ugxs39vcdigyf9
1790514893252920536|container|exec_start: /bin/sh -c test -f /tmp/ready|3276846192cc59d8f25d723ddb2affeb78e70e15a6818489b5b137b962905638|fleetly-founder-default-ord1-mid.1.kkt4ias5124ugxs39vcdigyf9
1790514893277346468|container|exec_die|3276846192cc59d8f25d723ddb2affeb78e70e15a6818489b5b137b962905638|fleetly-founder-default-ord1-mid.1.kkt4ias5124ugxs39vcdigyf9
1790514893541006479|container|exec_create: /bin/sh -c test -f /tmp/ready|2c7e77cd64c4c3a267b991cf7444fff6aa42ec5e3e46d68fc590dbb324a07173|fleetly-founder-default-ord1-leaf.1.udtpu6pim4po9wq2ja077v8y1
1790514893541106344|container|exec_start: /bin/sh -c test -f /tmp/ready|2c7e77cd64c4c3a267b991cf7444fff6aa42ec5e3e46d68fc590dbb324a07173|fleetly-founder-default-ord1-leaf.1.udtpu6pim4po9wq2ja077v8y1
1790514893567266434|container|exec_die|2c7e77cd64c4c3a267b991cf7444fff6aa42ec5e3e46d68fc590dbb324a07173|fleetly-founder-default-ord1-leaf.1.udtpu6pim4po9wq2ja077v8y1
1790514893617990071|container|exec_create: /bin/sh -c test -f /tmp/ready|7a2bffb05227f4ed9ba0a18e62c49cec22544109f36801a2629bde6382834424|fleetly-founder-default-ord2-good.1.uiolieoheg0okw5tfjqi7bb9y
1790514893618073831|container|exec_start: /bin/sh -c test -f /tmp/ready|7a2bffb05227f4ed9ba0a18e62c49cec22544109f36801a2629bde6382834424|fleetly-founder-default-ord2-good.1.uiolieoheg0okw5tfjqi7bb9y
1790514893642254012|container|exec_die|7a2bffb05227f4ed9ba0a18e62c49cec22544109f36801a2629bde6382834424|fleetly-founder-default-ord2-good.1.uiolieoheg0okw5tfjqi7bb9y
1790514893782052477|container|exec_create: /bin/sh -c test -f /tmp/ready|294b5c2a6ea8538cb70336da0ce8b6d0f9b1527f00cf8c890bad5957af4cd0d4|fleetly-founder-default-ord1-base.1.7mt9lzqfpukj5au1v1daz2zhb
1790514893782143180|container|exec_start: /bin/sh -c test -f /tmp/ready|294b5c2a6ea8538cb70336da0ce8b6d0f9b1527f00cf8c890bad5957af4cd0d4|fleetly-founder-default-ord1-base.1.7mt9lzqfpukj5au1v1daz2zhb
1790514893806263499|container|exec_die|294b5c2a6ea8538cb70336da0ce8b6d0f9b1527f00cf8c890bad5957af4cd0d4|fleetly-founder-default-ord1-base.1.7mt9lzqfpukj5au1v1daz2zhb
1790514894278133993|container|exec_create: /bin/sh -c test -f /tmp/ready|3276846192cc59d8f25d723ddb2affeb78e70e15a6818489b5b137b962905638|fleetly-founder-default-ord1-mid.1.kkt4ias5124ugxs39vcdigyf9
1790514894278218097|container|exec_start: /bin/sh -c test -f /tmp/ready|3276846192cc59d8f25d723ddb2affeb78e70e15a6818489b5b137b962905638|fleetly-founder-default-ord1-mid.1.kkt4ias5124ugxs39vcdigyf9
1790514894302193321|container|exec_die|3276846192cc59d8f25d723ddb2affeb78e70e15a6818489b5b137b962905638|fleetly-founder-default-ord1-mid.1.kkt4ias5124ugxs39vcdigyf9
1790514894567593389|container|exec_create: /bin/sh -c test -f /tmp/ready|2c7e77cd64c4c3a267b991cf7444fff6aa42ec5e3e46d68fc590dbb324a07173|fleetly-founder-default-ord1-leaf.1.udtpu6pim4po9wq2ja077v8y1
1790514894567742538|container|exec_start: /bin/sh -c test -f /tmp/ready|2c7e77cd64c4c3a267b991cf7444fff6aa42ec5e3e46d68fc590dbb324a07173|fleetly-founder-default-ord1-leaf.1.udtpu6pim4po9wq2ja077v8y1
1790514894592366887|container|exec_die|2c7e77cd64c4c3a267b991cf7444fff6aa42ec5e3e46d68fc590dbb324a07173|fleetly-founder-default-ord1-leaf.1.udtpu6pim4po9wq2ja077v8y1
1790514894643137176|container|exec_create: /bin/sh -c test -f /tmp/ready|7a2bffb05227f4ed9ba0a18e62c49cec22544109f36801a2629bde6382834424|fleetly-founder-default-ord2-good.1.uiolieoheg0okw5tfjqi7bb9y
1790514894643242227|container|exec_start: /bin/sh -c test -f /tmp/ready|7a2bffb05227f4ed9ba0a18e62c49cec22544109f36801a2629bde6382834424|fleetly-founder-default-ord2-good.1.uiolieoheg0okw5tfjqi7bb9y
1790514894668554393|container|exec_die|7a2bffb05227f4ed9ba0a18e62c49cec22544109f36801a2629bde6382834424|fleetly-founder-default-ord2-good.1.uiolieoheg0okw5tfjqi7bb9y
1790514894807523083|container|exec_create: /bin/sh -c test -f /tmp/ready|294b5c2a6ea8538cb70336da0ce8b6d0f9b1527f00cf8c890bad5957af4cd0d4|fleetly-founder-default-ord1-base.1.7mt9lzqfpukj5au1v1daz2zhb
1790514894807609454|container|exec_start: /bin/sh -c test -f /tmp/ready|294b5c2a6ea8538cb70336da0ce8b6d0f9b1527f00cf8c890bad5957af4cd0d4|fleetly-founder-default-ord1-base.1.7mt9lzqfpukj5au1v1daz2zhb
1790514894832293927|container|exec_die|294b5c2a6ea8538cb70336da0ce8b6d0f9b1527f00cf8c890bad5957af4cd0d4|fleetly-founder-default-ord1-base.1.7mt9lzqfpukj5au1v1daz2zhb
1790514895297279877|network|connect|kmlldqc9tbpo8v807ge0jx0fs|fleetly-founder-default-ord2-net
1790514895302583339|container|exec_create: /bin/sh -c test -f /tmp/ready|3276846192cc59d8f25d723ddb2affeb78e70e15a6818489b5b137b962905638|fleetly-founder-default-ord1-mid.1.kkt4ias5124ugxs39vcdigyf9
1790514895302658316|container|exec_start: /bin/sh -c test -f /tmp/ready|3276846192cc59d8f25d723ddb2affeb78e70e15a6818489b5b137b962905638|fleetly-founder-default-ord1-mid.1.kkt4ias5124ugxs39vcdigyf9
1790514895316170566|container|start|780c2e516907fd63ead83c8397609459a3f14062eab53078d26bc245fa1d4669|fleetly-founder-default-ord2-bad.1.q3pc1miktgx7cmp21cwtc6ayk
1790514895327118958|container|exec_die|3276846192cc59d8f25d723ddb2affeb78e70e15a6818489b5b137b962905638|fleetly-founder-default-ord1-mid.1.kkt4ias5124ugxs39vcdigyf9
1790514895593468620|container|exec_create: /bin/sh -c test -f /tmp/ready|2c7e77cd64c4c3a267b991cf7444fff6aa42ec5e3e46d68fc590dbb324a07173|fleetly-founder-default-ord1-leaf.1.udtpu6pim4po9wq2ja077v8y1
1790514895593564102|container|exec_start: /bin/sh -c test -f /tmp/ready|2c7e77cd64c4c3a267b991cf7444fff6aa42ec5e3e46d68fc590dbb324a07173|fleetly-founder-default-ord1-leaf.1.udtpu6pim4po9wq2ja077v8y1
1790514895618572641|container|exec_die|2c7e77cd64c4c3a267b991cf7444fff6aa42ec5e3e46d68fc590dbb324a07173|fleetly-founder-default-ord1-leaf.1.udtpu6pim4po9wq2ja077v8y1
1790514895624104325|network|disconnect|kmlldqc9tbpo8v807ge0jx0fs|fleetly-founder-default-ord2-net
1790514895641223147|container|die|780c2e516907fd63ead83c8397609459a3f14062eab53078d26bc245fa1d4669|fleetly-founder-default-ord2-bad.1.q3pc1miktgx7cmp21cwtc6ayk
1790514895669668772|container|exec_create: /bin/sh -c test -f /tmp/ready|7a2bffb05227f4ed9ba0a18e62c49cec22544109f36801a2629bde6382834424|fleetly-founder-default-ord2-good.1.uiolieoheg0okw5tfjqi7bb9y
1790514895669740984|container|exec_start: /bin/sh -c test -f /tmp/ready|7a2bffb05227f4ed9ba0a18e62c49cec22544109f36801a2629bde6382834424|fleetly-founder-default-ord2-good.1.uiolieoheg0okw5tfjqi7bb9y
1790514895693212911|container|exec_die|7a2bffb05227f4ed9ba0a18e62c49cec22544109f36801a2629bde6382834424|fleetly-founder-default-ord2-good.1.uiolieoheg0okw5tfjqi7bb9y
1790514895833497743|container|exec_create: /bin/sh -c test -f /tmp/ready|294b5c2a6ea8538cb70336da0ce8b6d0f9b1527f00cf8c890bad5957af4cd0d4|fleetly-founder-default-ord1-base.1.7mt9lzqfpukj5au1v1daz2zhb
1790514895833619241|container|exec_start: /bin/sh -c test -f /tmp/ready|294b5c2a6ea8538cb70336da0ce8b6d0f9b1527f00cf8c890bad5957af4cd0d4|fleetly-founder-default-ord1-base.1.7mt9lzqfpukj5au1v1daz2zhb
1790514895845756823|container|exec_create: traefik healthcheck --ping|10f729bd3ecbe5d3b5bdca74a1a044b77292be9a58bfadfded0ed1001b265a80|fleetly-ingress.z2gwuj5qk2dmubnl69q06q3qc.x8xfprupx3rld4okk2mvocb92
1790514895845819058|container|exec_start: traefik healthcheck --ping|10f729bd3ecbe5d3b5bdca74a1a044b77292be9a58bfadfded0ed1001b265a80|fleetly-ingress.z2gwuj5qk2dmubnl69q06q3qc.x8xfprupx3rld4okk2mvocb92
1790514895863293893|container|exec_die|294b5c2a6ea8538cb70336da0ce8b6d0f9b1527f00cf8c890bad5957af4cd0d4|fleetly-founder-default-ord1-base.1.7mt9lzqfpukj5au1v1daz2zhb
1790514895881818510|container|exec_die|10f729bd3ecbe5d3b5bdca74a1a044b77292be9a58bfadfded0ed1001b265a80|fleetly-ingress.z2gwuj5qk2dmubnl69q06q3qc.x8xfprupx3rld4okk2mvocb92
1790514895958273877|container|create|3077f5bd22e3e9ca3320f750061d7e90fcaf16f35e5f0d010bd1364c001e9eb2|fleetly-founder-default-ord2-bad.1.pnozgfbdjm3cq8ue44wjbcskm
1790514896328195700|container|exec_create: /bin/sh -c test -f /tmp/ready|3276846192cc59d8f25d723ddb2affeb78e70e15a6818489b5b137b962905638|fleetly-founder-default-ord1-mid.1.kkt4ias5124ugxs39vcdigyf9
1790514896328317726|container|exec_start: /bin/sh -c test -f /tmp/ready|3276846192cc59d8f25d723ddb2affeb78e70e15a6818489b5b137b962905638|fleetly-founder-default-ord1-mid.1.kkt4ias5124ugxs39vcdigyf9
1790514896353322601|container|exec_die|3276846192cc59d8f25d723ddb2affeb78e70e15a6818489b5b137b962905638|fleetly-founder-default-ord1-mid.1.kkt4ias5124ugxs39vcdigyf9
1790514896619878597|container|exec_create: /bin/sh -c test -f /tmp/ready|2c7e77cd64c4c3a267b991cf7444fff6aa42ec5e3e46d68fc590dbb324a07173|fleetly-founder-default-ord1-leaf.1.udtpu6pim4po9wq2ja077v8y1
1790514896619998503|container|exec_start: /bin/sh -c test -f /tmp/ready|2c7e77cd64c4c3a267b991cf7444fff6aa42ec5e3e46d68fc590dbb324a07173|fleetly-founder-default-ord1-leaf.1.udtpu6pim4po9wq2ja077v8y1
1790514896644353954|container|exec_die|2c7e77cd64c4c3a267b991cf7444fff6aa42ec5e3e46d68fc590dbb324a07173|fleetly-founder-default-ord1-leaf.1.udtpu6pim4po9wq2ja077v8y1
1790514896693635870|container|exec_create: /bin/sh -c test -f /tmp/ready|7a2bffb05227f4ed9ba0a18e62c49cec22544109f36801a2629bde6382834424|fleetly-founder-default-ord2-good.1.uiolieoheg0okw5tfjqi7bb9y
1790514896693761464|container|exec_start: /bin/sh -c test -f /tmp/ready|7a2bffb05227f4ed9ba0a18e62c49cec22544109f36801a2629bde6382834424|fleetly-founder-default-ord2-good.1.uiolieoheg0okw5tfjqi7bb9y
1790514896719724735|container|exec_die|7a2bffb05227f4ed9ba0a18e62c49cec22544109f36801a2629bde6382834424|fleetly-founder-default-ord2-good.1.uiolieoheg0okw5tfjqi7bb9y
1790514896864328705|container|exec_create: /bin/sh -c test -f /tmp/ready|294b5c2a6ea8538cb70336da0ce8b6d0f9b1527f00cf8c890bad5957af4cd0d4|fleetly-founder-default-ord1-base.1.7mt9lzqfpukj5au1v1daz2zhb
1790514896864423291|container|exec_start: /bin/sh -c test -f /tmp/ready|294b5c2a6ea8538cb70336da0ce8b6d0f9b1527f00cf8c890bad5957af4cd0d4|fleetly-founder-default-ord1-base.1.7mt9lzqfpukj5au1v1daz2zhb
1790514896889281224|container|exec_die|294b5c2a6ea8538cb70336da0ce8b6d0f9b1527f00cf8c890bad5957af4cd0d4|fleetly-founder-default-ord1-base.1.7mt9lzqfpukj5au1v1daz2zhb
1790514897353959599|container|exec_create: /bin/sh -c test -f /tmp/ready|3276846192cc59d8f25d723ddb2affeb78e70e15a6818489b5b137b962905638|fleetly-founder-default-ord1-mid.1.kkt4ias5124ugxs39vcdigyf9
1790514897354063427|container|exec_start: /bin/sh -c test -f /tmp/ready|3276846192cc59d8f25d723ddb2affeb78e70e15a6818489b5b137b962905638|fleetly-founder-default-ord1-mid.1.kkt4ias5124ugxs39vcdigyf9
1790514897379434166|container|exec_die|3276846192cc59d8f25d723ddb2affeb78e70e15a6818489b5b137b962905638|fleetly-founder-default-ord1-mid.1.kkt4ias5124ugxs39vcdigyf9
1790514897645647423|container|exec_create: /bin/sh -c test -f /tmp/ready|2c7e77cd64c4c3a267b991cf7444fff6aa42ec5e3e46d68fc590dbb324a07173|fleetly-founder-default-ord1-leaf.1.udtpu6pim4po9wq2ja077v8y1
1790514897645730259|container|exec_start: /bin/sh -c test -f /tmp/ready|2c7e77cd64c4c3a267b991cf7444fff6aa42ec5e3e46d68fc590dbb324a07173|fleetly-founder-default-ord1-leaf.1.udtpu6pim4po9wq2ja077v8y1
1790514897670277430|container|exec_die|2c7e77cd64c4c3a267b991cf7444fff6aa42ec5e3e46d68fc590dbb324a07173|fleetly-founder-default-ord1-leaf.1.udtpu6pim4po9wq2ja077v8y1
1790514897720526367|container|exec_create: /bin/sh -c test -f /tmp/ready|7a2bffb05227f4ed9ba0a18e62c49cec22544109f36801a2629bde6382834424|fleetly-founder-default-ord2-good.1.uiolieoheg0okw5tfjqi7bb9y
1790514897720641606|container|exec_start: /bin/sh -c test -f /tmp/ready|7a2bffb05227f4ed9ba0a18e62c49cec22544109f36801a2629bde6382834424|fleetly-founder-default-ord2-good.1.uiolieoheg0okw5tfjqi7bb9y
1790514897745371346|container|exec_die|7a2bffb05227f4ed9ba0a18e62c49cec22544109f36801a2629bde6382834424|fleetly-founder-default-ord2-good.1.uiolieoheg0okw5tfjqi7bb9y
1790514897890553944|container|exec_create: /bin/sh -c test -f /tmp/ready|294b5c2a6ea8538cb70336da0ce8b6d0f9b1527f00cf8c890bad5957af4cd0d4|fleetly-founder-default-ord1-base.1.7mt9lzqfpukj5au1v1daz2zhb
1790514897890658681|container|exec_start: /bin/sh -c test -f /tmp/ready|294b5c2a6ea8538cb70336da0ce8b6d0f9b1527f00cf8c890bad5957af4cd0d4|fleetly-founder-default-ord1-base.1.7mt9lzqfpukj5au1v1daz2zhb
1790514897916738719|container|exec_die|294b5c2a6ea8538cb70336da0ce8b6d0f9b1527f00cf8c890bad5957af4cd0d4|fleetly-founder-default-ord1-base.1.7mt9lzqfpukj5au1v1daz2zhb
1790514898379786070|container|exec_create: /bin/sh -c test -f /tmp/ready|3276846192cc59d8f25d723ddb2affeb78e70e15a6818489b5b137b962905638|fleetly-founder-default-ord1-mid.1.kkt4ias5124ugxs39vcdigyf9
1790514898379898679|container|exec_start: /bin/sh -c test -f /tmp/ready|3276846192cc59d8f25d723ddb2affeb78e70e15a6818489b5b137b962905638|fleetly-founder-default-ord1-mid.1.kkt4ias5124ugxs39vcdigyf9
1790514898406335892|container|exec_die|3276846192cc59d8f25d723ddb2affeb78e70e15a6818489b5b137b962905638|fleetly-founder-default-ord1-mid.1.kkt4ias5124ugxs39vcdigyf9
1790514898671274333|container|exec_create: /bin/sh -c test -f /tmp/ready|2c7e77cd64c4c3a267b991cf7444fff6aa42ec5e3e46d68fc590dbb324a07173|fleetly-founder-default-ord1-leaf.1.udtpu6pim4po9wq2ja077v8y1
1790514898671377911|container|exec_start: /bin/sh -c test -f /tmp/ready|2c7e77cd64c4c3a267b991cf7444fff6aa42ec5e3e46d68fc590dbb324a07173|fleetly-founder-default-ord1-leaf.1.udtpu6pim4po9wq2ja077v8y1
1790514898695653074|container|exec_die|2c7e77cd64c4c3a267b991cf7444fff6aa42ec5e3e46d68fc590dbb324a07173|fleetly-founder-default-ord1-leaf.1.udtpu6pim4po9wq2ja077v8y1
1790514898746149331|container|exec_create: /bin/sh -c test -f /tmp/ready|7a2bffb05227f4ed9ba0a18e62c49cec22544109f36801a2629bde6382834424|fleetly-founder-default-ord2-good.1.uiolieoheg0okw5tfjqi7bb9y
1790514898746265963|container|exec_start: /bin/sh -c test -f /tmp/ready|7a2bffb05227f4ed9ba0a18e62c49cec22544109f36801a2629bde6382834424|fleetly-founder-default-ord2-good.1.uiolieoheg0okw5tfjqi7bb9y
1790514898770263640|container|exec_die|7a2bffb05227f4ed9ba0a18e62c49cec22544109f36801a2629bde6382834424|fleetly-founder-default-ord2-good.1.uiolieoheg0okw5tfjqi7bb9y
1790514898917487255|container|exec_create: /bin/sh -c test -f /tmp/ready|294b5c2a6ea8538cb70336da0ce8b6d0f9b1527f00cf8c890bad5957af4cd0d4|fleetly-founder-default-ord1-base.1.7mt9lzqfpukj5au1v1daz2zhb
1790514898917625642|container|exec_start: /bin/sh -c test -f /tmp/ready|294b5c2a6ea8538cb70336da0ce8b6d0f9b1527f00cf8c890bad5957af4cd0d4|fleetly-founder-default-ord1-base.1.7mt9lzqfpukj5au1v1daz2zhb
1790514898941208346|container|exec_die|294b5c2a6ea8538cb70336da0ce8b6d0f9b1527f00cf8c890bad5957af4cd0d4|fleetly-founder-default-ord1-base.1.7mt9lzqfpukj5au1v1daz2zhb
1790514899407462243|container|exec_create: /bin/sh -c test -f /tmp/ready|3276846192cc59d8f25d723ddb2affeb78e70e15a6818489b5b137b962905638|fleetly-founder-default-ord1-mid.1.kkt4ias5124ugxs39vcdigyf9
1790514899407577556|container|exec_start: /bin/sh -c test -f /tmp/ready|3276846192cc59d8f25d723ddb2affeb78e70e15a6818489b5b137b962905638|fleetly-founder-default-ord1-mid.1.kkt4ias5124ugxs39vcdigyf9
1790514899432486763|container|exec_die|3276846192cc59d8f25d723ddb2affeb78e70e15a6818489b5b137b962905638|fleetly-founder-default-ord1-mid.1.kkt4ias5124ugxs39vcdigyf9
1790514899696356990|container|exec_create: /bin/sh -c test -f /tmp/ready|2c7e77cd64c4c3a267b991cf7444fff6aa42ec5e3e46d68fc590dbb324a07173|fleetly-founder-default-ord1-leaf.1.udtpu6pim4po9wq2ja077v8y1
1790514899696473958|container|exec_start: /bin/sh -c test -f /tmp/ready|2c7e77cd64c4c3a267b991cf7444fff6aa42ec5e3e46d68fc590dbb324a07173|fleetly-founder-default-ord1-leaf.1.udtpu6pim4po9wq2ja077v8y1
1790514899720621250|container|exec_die|2c7e77cd64c4c3a267b991cf7444fff6aa42ec5e3e46d68fc590dbb324a07173|fleetly-founder-default-ord1-leaf.1.udtpu6pim4po9wq2ja077v8y1
1790514899770627142|container|exec_create: /bin/sh -c test -f /tmp/ready|7a2bffb05227f4ed9ba0a18e62c49cec22544109f36801a2629bde6382834424|fleetly-founder-default-ord2-good.1.uiolieoheg0okw5tfjqi7bb9y
1790514899770715794|container|exec_start: /bin/sh -c test -f /tmp/ready|7a2bffb05227f4ed9ba0a18e62c49cec22544109f36801a2629bde6382834424|fleetly-founder-default-ord2-good.1.uiolieoheg0okw5tfjqi7bb9y
1790514899794408614|container|exec_die|7a2bffb05227f4ed9ba0a18e62c49cec22544109f36801a2629bde6382834424|fleetly-founder-default-ord2-good.1.uiolieoheg0okw5tfjqi7bb9y
1790514899941807631|container|exec_create: /bin/sh -c test -f /tmp/ready|294b5c2a6ea8538cb70336da0ce8b6d0f9b1527f00cf8c890bad5957af4cd0d4|fleetly-founder-default-ord1-base.1.7mt9lzqfpukj5au1v1daz2zhb
1790514899941911241|container|exec_start: /bin/sh -c test -f /tmp/ready|294b5c2a6ea8538cb70336da0ce8b6d0f9b1527f00cf8c890bad5957af4cd0d4|fleetly-founder-default-ord1-base.1.7mt9lzqfpukj5au1v1daz2zhb
1790514899966295944|container|exec_die|294b5c2a6ea8538cb70336da0ce8b6d0f9b1527f00cf8c890bad5957af4cd0d4|fleetly-founder-default-ord1-base.1.7mt9lzqfpukj5au1v1daz2zhb
1790514900433872861|container|exec_create: /bin/sh -c test -f /tmp/ready|3276846192cc59d8f25d723ddb2affeb78e70e15a6818489b5b137b962905638|fleetly-founder-default-ord1-mid.1.kkt4ias5124ugxs39vcdigyf9
1790514900433994726|container|exec_start: /bin/sh -c test -f /tmp/ready|3276846192cc59d8f25d723ddb2affeb78e70e15a6818489b5b137b962905638|fleetly-founder-default-ord1-mid.1.kkt4ias5124ugxs39vcdigyf9
1790514900458486481|container|exec_die|3276846192cc59d8f25d723ddb2affeb78e70e15a6818489b5b137b962905638|fleetly-founder-default-ord1-mid.1.kkt4ias5124ugxs39vcdigyf9
1790514900721783322|container|exec_create: /bin/sh -c test -f /tmp/ready|2c7e77cd64c4c3a267b991cf7444fff6aa42ec5e3e46d68fc590dbb324a07173|fleetly-founder-default-ord1-leaf.1.udtpu6pim4po9wq2ja077v8y1
1790514900721864452|container|exec_start: /bin/sh -c test -f /tmp/ready|2c7e77cd64c4c3a267b991cf7444fff6aa42ec5e3e46d68fc590dbb324a07173|fleetly-founder-default-ord1-leaf.1.udtpu6pim4po9wq2ja077v8y1
1790514900746725041|container|exec_die|2c7e77cd64c4c3a267b991cf7444fff6aa42ec5e3e46d68fc590dbb324a07173|fleetly-founder-default-ord1-leaf.1.udtpu6pim4po9wq2ja077v8y1
1790514900794894593|container|exec_create: /bin/sh -c test -f /tmp/ready|7a2bffb05227f4ed9ba0a18e62c49cec22544109f36801a2629bde6382834424|fleetly-founder-default-ord2-good.1.uiolieoheg0okw5tfjqi7bb9y
1790514900794991021|container|exec_start: /bin/sh -c test -f /tmp/ready|7a2bffb05227f4ed9ba0a18e62c49cec22544109f36801a2629bde6382834424|fleetly-founder-default-ord2-good.1.uiolieoheg0okw5tfjqi7bb9y
1790514900820598786|container|exec_die|7a2bffb05227f4ed9ba0a18e62c49cec22544109f36801a2629bde6382834424|fleetly-founder-default-ord2-good.1.uiolieoheg0okw5tfjqi7bb9y
1790514900967579243|container|exec_create: /bin/sh -c test -f /tmp/ready|294b5c2a6ea8538cb70336da0ce8b6d0f9b1527f00cf8c890bad5957af4cd0d4|fleetly-founder-default-ord1-base.1.7mt9lzqfpukj5au1v1daz2zhb
1790514900967665835|container|exec_start: /bin/sh -c test -f /tmp/ready|294b5c2a6ea8538cb70336da0ce8b6d0f9b1527f00cf8c890bad5957af4cd0d4|fleetly-founder-default-ord1-base.1.7mt9lzqfpukj5au1v1daz2zhb
1790514900992807772|container|exec_die|294b5c2a6ea8538cb70336da0ce8b6d0f9b1527f00cf8c890bad5957af4cd0d4|fleetly-founder-default-ord1-base.1.7mt9lzqfpukj5au1v1daz2zhb
1790514901042378777|network|connect|kmlldqc9tbpo8v807ge0jx0fs|fleetly-founder-default-ord2-net
1790514901060323969|container|start|3077f5bd22e3e9ca3320f750061d7e90fcaf16f35e5f0d010bd1364c001e9eb2|fleetly-founder-default-ord2-bad.1.pnozgfbdjm3cq8ue44wjbcskm
1790514901325389536|network|disconnect|kmlldqc9tbpo8v807ge0jx0fs|fleetly-founder-default-ord2-net
1790514901346443683|container|die|3077f5bd22e3e9ca3320f750061d7e90fcaf16f35e5f0d010bd1364c001e9eb2|fleetly-founder-default-ord2-bad.1.pnozgfbdjm3cq8ue44wjbcskm
1790514901459385924|container|exec_create: /bin/sh -c test -f /tmp/ready|3276846192cc59d8f25d723ddb2affeb78e70e15a6818489b5b137b962905638|fleetly-founder-default-ord1-mid.1.kkt4ias5124ugxs39vcdigyf9
1790514901459496982|container|exec_start: /bin/sh -c test -f /tmp/ready|3276846192cc59d8f25d723ddb2affeb78e70e15a6818489b5b137b962905638|fleetly-founder-default-ord1-mid.1.kkt4ias5124ugxs39vcdigyf9
1790514901483275633|container|exec_die|3276846192cc59d8f25d723ddb2affeb78e70e15a6818489b5b137b962905638|fleetly-founder-default-ord1-mid.1.kkt4ias5124ugxs39vcdigyf9
1790514901698409091|container|create|aab8b8aa225076e7e1dc3939b1b740671ba86f5c80cec1fa73f0b0b514ba1fb7|fleetly-founder-default-ord2-bad.1.uma6ad8ic5znq1sxcqoowfsxs
1790514901747121976|container|exec_create: /bin/sh -c test -f /tmp/ready|2c7e77cd64c4c3a267b991cf7444fff6aa42ec5e3e46d68fc590dbb324a07173|fleetly-founder-default-ord1-leaf.1.udtpu6pim4po9wq2ja077v8y1
1790514901747213080|container|exec_start: /bin/sh -c test -f /tmp/ready|2c7e77cd64c4c3a267b991cf7444fff6aa42ec5e3e46d68fc590dbb324a07173|fleetly-founder-default-ord1-leaf.1.udtpu6pim4po9wq2ja077v8y1
1790514901771553665|container|exec_die|2c7e77cd64c4c3a267b991cf7444fff6aa42ec5e3e46d68fc590dbb324a07173|fleetly-founder-default-ord1-leaf.1.udtpu6pim4po9wq2ja077v8y1
1790514901821206063|container|exec_create: /bin/sh -c test -f /tmp/ready|7a2bffb05227f4ed9ba0a18e62c49cec22544109f36801a2629bde6382834424|fleetly-founder-default-ord2-good.1.uiolieoheg0okw5tfjqi7bb9y
1790514901821320698|container|exec_start: /bin/sh -c test -f /tmp/ready|7a2bffb05227f4ed9ba0a18e62c49cec22544109f36801a2629bde6382834424|fleetly-founder-default-ord2-good.1.uiolieoheg0okw5tfjqi7bb9y
1790514901845522699|container|exec_die|7a2bffb05227f4ed9ba0a18e62c49cec22544109f36801a2629bde6382834424|fleetly-founder-default-ord2-good.1.uiolieoheg0okw5tfjqi7bb9y
1790514901993491384|container|exec_create: /bin/sh -c test -f /tmp/ready|294b5c2a6ea8538cb70336da0ce8b6d0f9b1527f00cf8c890bad5957af4cd0d4|fleetly-founder-default-ord1-base.1.7mt9lzqfpukj5au1v1daz2zhb
1790514901993594315|container|exec_start: /bin/sh -c test -f /tmp/ready|294b5c2a6ea8538cb70336da0ce8b6d0f9b1527f00cf8c890bad5957af4cd0d4|fleetly-founder-default-ord1-base.1.7mt9lzqfpukj5au1v1daz2zhb
1790514902019826003|container|exec_die|294b5c2a6ea8538cb70336da0ce8b6d0f9b1527f00cf8c890bad5957af4cd0d4|fleetly-founder-default-ord1-base.1.7mt9lzqfpukj5au1v1daz2zhb
1790514902484403662|container|exec_create: /bin/sh -c test -f /tmp/ready|3276846192cc59d8f25d723ddb2affeb78e70e15a6818489b5b137b962905638|fleetly-founder-default-ord1-mid.1.kkt4ias5124ugxs39vcdigyf9
1790514902484516157|container|exec_start: /bin/sh -c test -f /tmp/ready|3276846192cc59d8f25d723ddb2affeb78e70e15a6818489b5b137b962905638|fleetly-founder-default-ord1-mid.1.kkt4ias5124ugxs39vcdigyf9
1790514902509589323|container|exec_die|3276846192cc59d8f25d723ddb2affeb78e70e15a6818489b5b137b962905638|fleetly-founder-default-ord1-mid.1.kkt4ias5124ugxs39vcdigyf9
1790514902772321695|container|exec_create: /bin/sh -c test -f /tmp/ready|2c7e77cd64c4c3a267b991cf7444fff6aa42ec5e3e46d68fc590dbb324a07173|fleetly-founder-default-ord1-leaf.1.udtpu6pim4po9wq2ja077v8y1
1790514902772419385|container|exec_start: /bin/sh -c test -f /tmp/ready|2c7e77cd64c4c3a267b991cf7444fff6aa42ec5e3e46d68fc590dbb324a07173|fleetly-founder-default-ord1-leaf.1.udtpu6pim4po9wq2ja077v8y1
1790514902796748972|container|exec_die|2c7e77cd64c4c3a267b991cf7444fff6aa42ec5e3e46d68fc590dbb324a07173|fleetly-founder-default-ord1-leaf.1.udtpu6pim4po9wq2ja077v8y1
1790514902846377952|container|exec_create: /bin/sh -c test -f /tmp/ready|7a2bffb05227f4ed9ba0a18e62c49cec22544109f36801a2629bde6382834424|fleetly-founder-default-ord2-good.1.uiolieoheg0okw5tfjqi7bb9y
1790514902846482007|container|exec_start: /bin/sh -c test -f /tmp/ready|7a2bffb05227f4ed9ba0a18e62c49cec22544109f36801a2629bde6382834424|fleetly-founder-default-ord2-good.1.uiolieoheg0okw5tfjqi7bb9y
1790514902870549642|container|exec_die|7a2bffb05227f4ed9ba0a18e62c49cec22544109f36801a2629bde6382834424|fleetly-founder-default-ord2-good.1.uiolieoheg0okw5tfjqi7bb9y
1790514903020943592|container|exec_create: /bin/sh -c test -f /tmp/ready|294b5c2a6ea8538cb70336da0ce8b6d0f9b1527f00cf8c890bad5957af4cd0d4|fleetly-founder-default-ord1-base.1.7mt9lzqfpukj5au1v1daz2zhb
1790514903020993262|container|exec_start: /bin/sh -c test -f /tmp/ready|294b5c2a6ea8538cb70336da0ce8b6d0f9b1527f00cf8c890bad5957af4cd0d4|fleetly-founder-default-ord1-base.1.7mt9lzqfpukj5au1v1daz2zhb
1790514903046860712|container|exec_die|294b5c2a6ea8538cb70336da0ce8b6d0f9b1527f00cf8c890bad5957af4cd0d4|fleetly-founder-default-ord1-base.1.7mt9lzqfpukj5au1v1daz2zhb
1790514903510649575|container|exec_create: /bin/sh -c test -f /tmp/ready|3276846192cc59d8f25d723ddb2affeb78e70e15a6818489b5b137b962905638|fleetly-founder-default-ord1-mid.1.kkt4ias5124ugxs39vcdigyf9
1790514903510770228|container|exec_start: /bin/sh -c test -f /tmp/ready|3276846192cc59d8f25d723ddb2affeb78e70e15a6818489b5b137b962905638|fleetly-founder-default-ord1-mid.1.kkt4ias5124ugxs39vcdigyf9
1790514903535803038|container|exec_die|3276846192cc59d8f25d723ddb2affeb78e70e15a6818489b5b137b962905638|fleetly-founder-default-ord1-mid.1.kkt4ias5124ugxs39vcdigyf9
1790514903797592906|container|exec_create: /bin/sh -c test -f /tmp/ready|2c7e77cd64c4c3a267b991cf7444fff6aa42ec5e3e46d68fc590dbb324a07173|fleetly-founder-default-ord1-leaf.1.udtpu6pim4po9wq2ja077v8y1
1790514903797717483|container|exec_start: /bin/sh -c test -f /tmp/ready|2c7e77cd64c4c3a267b991cf7444fff6aa42ec5e3e46d68fc590dbb324a07173|fleetly-founder-default-ord1-leaf.1.udtpu6pim4po9wq2ja077v8y1
1790514903821440687|container|exec_die|2c7e77cd64c4c3a267b991cf7444fff6aa42ec5e3e46d68fc590dbb324a07173|fleetly-founder-default-ord1-leaf.1.udtpu6pim4po9wq2ja077v8y1
1790514903871198047|container|exec_create: /bin/sh -c test -f /tmp/ready|7a2bffb05227f4ed9ba0a18e62c49cec22544109f36801a2629bde6382834424|fleetly-founder-default-ord2-good.1.uiolieoheg0okw5tfjqi7bb9y
1790514903871281920|container|exec_start: /bin/sh -c test -f /tmp/ready|7a2bffb05227f4ed9ba0a18e62c49cec22544109f36801a2629bde6382834424|fleetly-founder-default-ord2-good.1.uiolieoheg0okw5tfjqi7bb9y
1790514903895579046|container|exec_die|7a2bffb05227f4ed9ba0a18e62c49cec22544109f36801a2629bde6382834424|fleetly-founder-default-ord2-good.1.uiolieoheg0okw5tfjqi7bb9y
1790514904047997437|container|exec_create: /bin/sh -c test -f /tmp/ready|294b5c2a6ea8538cb70336da0ce8b6d0f9b1527f00cf8c890bad5957af4cd0d4|fleetly-founder-default-ord1-base.1.7mt9lzqfpukj5au1v1daz2zhb
1790514904048084619|container|exec_start: /bin/sh -c test -f /tmp/ready|294b5c2a6ea8538cb70336da0ce8b6d0f9b1527f00cf8c890bad5957af4cd0d4|fleetly-founder-default-ord1-base.1.7mt9lzqfpukj5au1v1daz2zhb
1790514904073648939|container|exec_die|294b5c2a6ea8538cb70336da0ce8b6d0f9b1527f00cf8c890bad5957af4cd0d4|fleetly-founder-default-ord1-base.1.7mt9lzqfpukj5au1v1daz2zhb
1790514904537333579|container|exec_create: /bin/sh -c test -f /tmp/ready|3276846192cc59d8f25d723ddb2affeb78e70e15a6818489b5b137b962905638|fleetly-founder-default-ord1-mid.1.kkt4ias5124ugxs39vcdigyf9
1790514904537430763|container|exec_start: /bin/sh -c test -f /tmp/ready|3276846192cc59d8f25d723ddb2affeb78e70e15a6818489b5b137b962905638|fleetly-founder-default-ord1-mid.1.kkt4ias5124ugxs39vcdigyf9
1790514904562004809|container|exec_die|3276846192cc59d8f25d723ddb2affeb78e70e15a6818489b5b137b962905638|fleetly-founder-default-ord1-mid.1.kkt4ias5124ugxs39vcdigyf9
1790514904822295098|container|exec_create: /bin/sh -c test -f /tmp/ready|2c7e77cd64c4c3a267b991cf7444fff6aa42ec5e3e46d68fc590dbb324a07173|fleetly-founder-default-ord1-leaf.1.udtpu6pim4po9wq2ja077v8y1
1790514904822443973|container|exec_start: /bin/sh -c test -f /tmp/ready|2c7e77cd64c4c3a267b991cf7444fff6aa42ec5e3e46d68fc590dbb324a07173|fleetly-founder-default-ord1-leaf.1.udtpu6pim4po9wq2ja077v8y1
1790514904847724678|container|exec_die|2c7e77cd64c4c3a267b991cf7444fff6aa42ec5e3e46d68fc590dbb324a07173|fleetly-founder-default-ord1-leaf.1.udtpu6pim4po9wq2ja077v8y1
1790514904896375113|container|exec_create: /bin/sh -c test -f /tmp/ready|7a2bffb05227f4ed9ba0a18e62c49cec22544109f36801a2629bde6382834424|fleetly-founder-default-ord2-good.1.uiolieoheg0okw5tfjqi7bb9y
1790514904896485863|container|exec_start: /bin/sh -c test -f /tmp/ready|7a2bffb05227f4ed9ba0a18e62c49cec22544109f36801a2629bde6382834424|fleetly-founder-default-ord2-good.1.uiolieoheg0okw5tfjqi7bb9y
1790514904921928019|container|exec_die|7a2bffb05227f4ed9ba0a18e62c49cec22544109f36801a2629bde6382834424|fleetly-founder-default-ord2-good.1.uiolieoheg0okw5tfjqi7bb9y
1790514905074370537|container|exec_create: /bin/sh -c test -f /tmp/ready|294b5c2a6ea8538cb70336da0ce8b6d0f9b1527f00cf8c890bad5957af4cd0d4|fleetly-founder-default-ord1-base.1.7mt9lzqfpukj5au1v1daz2zhb
1790514905074567892|container|exec_start: /bin/sh -c test -f /tmp/ready|294b5c2a6ea8538cb70336da0ce8b6d0f9b1527f00cf8c890bad5957af4cd0d4|fleetly-founder-default-ord1-base.1.7mt9lzqfpukj5au1v1daz2zhb
1790514905100686646|container|exec_die|294b5c2a6ea8538cb70336da0ce8b6d0f9b1527f00cf8c890bad5957af4cd0d4|fleetly-founder-default-ord1-base.1.7mt9lzqfpukj5au1v1daz2zhb
1790514905562674135|container|exec_create: /bin/sh -c test -f /tmp/ready|3276846192cc59d8f25d723ddb2affeb78e70e15a6818489b5b137b962905638|fleetly-founder-default-ord1-mid.1.kkt4ias5124ugxs39vcdigyf9
1790514905562763478|container|exec_start: /bin/sh -c test -f /tmp/ready|3276846192cc59d8f25d723ddb2affeb78e70e15a6818489b5b137b962905638|fleetly-founder-default-ord1-mid.1.kkt4ias5124ugxs39vcdigyf9
1790514905588728310|container|exec_die|3276846192cc59d8f25d723ddb2affeb78e70e15a6818489b5b137b962905638|fleetly-founder-default-ord1-mid.1.kkt4ias5124ugxs39vcdigyf9
1790514905848517687|container|exec_create: /bin/sh -c test -f /tmp/ready|2c7e77cd64c4c3a267b991cf7444fff6aa42ec5e3e46d68fc590dbb324a07173|fleetly-founder-default-ord1-leaf.1.udtpu6pim4po9wq2ja077v8y1
1790514905848616206|container|exec_start: /bin/sh -c test -f /tmp/ready|2c7e77cd64c4c3a267b991cf7444fff6aa42ec5e3e46d68fc590dbb324a07173|fleetly-founder-default-ord1-leaf.1.udtpu6pim4po9wq2ja077v8y1
1790514905873712764|container|exec_die|2c7e77cd64c4c3a267b991cf7444fff6aa42ec5e3e46d68fc590dbb324a07173|fleetly-founder-default-ord1-leaf.1.udtpu6pim4po9wq2ja077v8y1
1790514905883178334|container|exec_create: traefik healthcheck --ping|10f729bd3ecbe5d3b5bdca74a1a044b77292be9a58bfadfded0ed1001b265a80|fleetly-ingress.z2gwuj5qk2dmubnl69q06q3qc.x8xfprupx3rld4okk2mvocb92
1790514905883260824|container|exec_start: traefik healthcheck --ping|10f729bd3ecbe5d3b5bdca74a1a044b77292be9a58bfadfded0ed1001b265a80|fleetly-ingress.z2gwuj5qk2dmubnl69q06q3qc.x8xfprupx3rld4okk2mvocb92
1790514905918275262|container|exec_die|10f729bd3ecbe5d3b5bdca74a1a044b77292be9a58bfadfded0ed1001b265a80|fleetly-ingress.z2gwuj5qk2dmubnl69q06q3qc.x8xfprupx3rld4okk2mvocb92
1790514905922896852|container|exec_create: /bin/sh -c test -f /tmp/ready|7a2bffb05227f4ed9ba0a18e62c49cec22544109f36801a2629bde6382834424|fleetly-founder-default-ord2-good.1.uiolieoheg0okw5tfjqi7bb9y
1790514905922986502|container|exec_start: /bin/sh -c test -f /tmp/ready|7a2bffb05227f4ed9ba0a18e62c49cec22544109f36801a2629bde6382834424|fleetly-founder-default-ord2-good.1.uiolieoheg0okw5tfjqi7bb9y
1790514905946750005|container|exec_die|7a2bffb05227f4ed9ba0a18e62c49cec22544109f36801a2629bde6382834424|fleetly-founder-default-ord2-good.1.uiolieoheg0okw5tfjqi7bb9y
1790514906102123907|container|exec_create: /bin/sh -c test -f /tmp/ready|294b5c2a6ea8538cb70336da0ce8b6d0f9b1527f00cf8c890bad5957af4cd0d4|fleetly-founder-default-ord1-base.1.7mt9lzqfpukj5au1v1daz2zhb
1790514906102229986|container|exec_start: /bin/sh -c test -f /tmp/ready|294b5c2a6ea8538cb70336da0ce8b6d0f9b1527f00cf8c890bad5957af4cd0d4|fleetly-founder-default-ord1-base.1.7mt9lzqfpukj5au1v1daz2zhb
1790514906127095834|container|exec_die|294b5c2a6ea8538cb70336da0ce8b6d0f9b1527f00cf8c890bad5957af4cd0d4|fleetly-founder-default-ord1-base.1.7mt9lzqfpukj5au1v1daz2zhb
1790514906590038250|container|exec_create: /bin/sh -c test -f /tmp/ready|3276846192cc59d8f25d723ddb2affeb78e70e15a6818489b5b137b962905638|fleetly-founder-default-ord1-mid.1.kkt4ias5124ugxs39vcdigyf9
1790514906590136487|container|exec_start: /bin/sh -c test -f /tmp/ready|3276846192cc59d8f25d723ddb2affeb78e70e15a6818489b5b137b962905638|fleetly-founder-default-ord1-mid.1.kkt4ias5124ugxs39vcdigyf9
1790514906628115130|container|exec_die|3276846192cc59d8f25d723ddb2affeb78e70e15a6818489b5b137b962905638|fleetly-founder-default-ord1-mid.1.kkt4ias5124ugxs39vcdigyf9
1790514906766721202|network|connect|kmlldqc9tbpo8v807ge0jx0fs|fleetly-founder-default-ord2-net
1790514906784546004|container|start|aab8b8aa225076e7e1dc3939b1b740671ba86f5c80cec1fa73f0b0b514ba1fb7|fleetly-founder-default-ord2-bad.1.uma6ad8ic5znq1sxcqoowfsxs
1790514906875045755|container|exec_create: /bin/sh -c test -f /tmp/ready|2c7e77cd64c4c3a267b991cf7444fff6aa42ec5e3e46d68fc590dbb324a07173|fleetly-founder-default-ord1-leaf.1.udtpu6pim4po9wq2ja077v8y1
1790514906875192876|container|exec_start: /bin/sh -c test -f /tmp/ready|2c7e77cd64c4c3a267b991cf7444fff6aa42ec5e3e46d68fc590dbb324a07173|fleetly-founder-default-ord1-leaf.1.udtpu6pim4po9wq2ja077v8y1
1790514906899848592|container|exec_die|2c7e77cd64c4c3a267b991cf7444fff6aa42ec5e3e46d68fc590dbb324a07173|fleetly-founder-default-ord1-leaf.1.udtpu6pim4po9wq2ja077v8y1
1790514906947751158|container|exec_create: /bin/sh -c test -f /tmp/ready|7a2bffb05227f4ed9ba0a18e62c49cec22544109f36801a2629bde6382834424|fleetly-founder-default-ord2-good.1.uiolieoheg0okw5tfjqi7bb9y
1790514906947863754|container|exec_start: /bin/sh -c test -f /tmp/ready|7a2bffb05227f4ed9ba0a18e62c49cec22544109f36801a2629bde6382834424|fleetly-founder-default-ord2-good.1.uiolieoheg0okw5tfjqi7bb9y
1790514906971715517|container|exec_die|7a2bffb05227f4ed9ba0a18e62c49cec22544109f36801a2629bde6382834424|fleetly-founder-default-ord2-good.1.uiolieoheg0okw5tfjqi7bb9y
1790514907040595736|network|disconnect|kmlldqc9tbpo8v807ge0jx0fs|fleetly-founder-default-ord2-net
1790514907058693694|container|die|aab8b8aa225076e7e1dc3939b1b740671ba86f5c80cec1fa73f0b0b514ba1fb7|fleetly-founder-default-ord2-bad.1.uma6ad8ic5znq1sxcqoowfsxs
1790514907128425949|container|exec_create: /bin/sh -c test -f /tmp/ready|294b5c2a6ea8538cb70336da0ce8b6d0f9b1527f00cf8c890bad5957af4cd0d4|fleetly-founder-default-ord1-base.1.7mt9lzqfpukj5au1v1daz2zhb
1790514907128512304|container|exec_start: /bin/sh -c test -f /tmp/ready|294b5c2a6ea8538cb70336da0ce8b6d0f9b1527f00cf8c890bad5957af4cd0d4|fleetly-founder-default-ord1-base.1.7mt9lzqfpukj5au1v1daz2zhb
1790514907154846844|container|exec_die|294b5c2a6ea8538cb70336da0ce8b6d0f9b1527f00cf8c890bad5957af4cd0d4|fleetly-founder-default-ord1-base.1.7mt9lzqfpukj5au1v1daz2zhb
1790514907358650349|container|create|55b96792ef60fd4e69c3ec8ef3c1743649d87070aa4c47648d4d314a2037af97|fleetly-founder-default-ord2-bad.1.2etzamjluesre3a4pwo6vewce
1790514907629119037|container|exec_create: /bin/sh -c test -f /tmp/ready|3276846192cc59d8f25d723ddb2affeb78e70e15a6818489b5b137b962905638|fleetly-founder-default-ord1-mid.1.kkt4ias5124ugxs39vcdigyf9
1790514907629212093|container|exec_start: /bin/sh -c test -f /tmp/ready|3276846192cc59d8f25d723ddb2affeb78e70e15a6818489b5b137b962905638|fleetly-founder-default-ord1-mid.1.kkt4ias5124ugxs39vcdigyf9
1790514907652589601|container|exec_die|3276846192cc59d8f25d723ddb2affeb78e70e15a6818489b5b137b962905638|fleetly-founder-default-ord1-mid.1.kkt4ias5124ugxs39vcdigyf9
1790514907901134681|container|exec_create: /bin/sh -c test -f /tmp/ready|2c7e77cd64c4c3a267b991cf7444fff6aa42ec5e3e46d68fc590dbb324a07173|fleetly-founder-default-ord1-leaf.1.udtpu6pim4po9wq2ja077v8y1
1790514907901216563|container|exec_start: /bin/sh -c test -f /tmp/ready|2c7e77cd64c4c3a267b991cf7444fff6aa42ec5e3e46d68fc590dbb324a07173|fleetly-founder-default-ord1-leaf.1.udtpu6pim4po9wq2ja077v8y1
1790514907927820750|container|exec_die|2c7e77cd64c4c3a267b991cf7444fff6aa42ec5e3e46d68fc590dbb324a07173|fleetly-founder-default-ord1-leaf.1.udtpu6pim4po9wq2ja077v8y1
1790514907972656712|container|exec_create: /bin/sh -c test -f /tmp/ready|7a2bffb05227f4ed9ba0a18e62c49cec22544109f36801a2629bde6382834424|fleetly-founder-default-ord2-good.1.uiolieoheg0okw5tfjqi7bb9y
1790514907972740306|container|exec_start: /bin/sh -c test -f /tmp/ready|7a2bffb05227f4ed9ba0a18e62c49cec22544109f36801a2629bde6382834424|fleetly-founder-default-ord2-good.1.uiolieoheg0okw5tfjqi7bb9y
1790514907998030303|container|exec_die|7a2bffb05227f4ed9ba0a18e62c49cec22544109f36801a2629bde6382834424|fleetly-founder-default-ord2-good.1.uiolieoheg0okw5tfjqi7bb9y
1790514908155769583|container|exec_create: /bin/sh -c test -f /tmp/ready|294b5c2a6ea8538cb70336da0ce8b6d0f9b1527f00cf8c890bad5957af4cd0d4|fleetly-founder-default-ord1-base.1.7mt9lzqfpukj5au1v1daz2zhb
1790514908155843255|container|exec_start: /bin/sh -c test -f /tmp/ready|294b5c2a6ea8538cb70336da0ce8b6d0f9b1527f00cf8c890bad5957af4cd0d4|fleetly-founder-default-ord1-base.1.7mt9lzqfpukj5au1v1daz2zhb
1790514908180904145|container|exec_die|294b5c2a6ea8538cb70336da0ce8b6d0f9b1527f00cf8c890bad5957af4cd0d4|fleetly-founder-default-ord1-base.1.7mt9lzqfpukj5au1v1daz2zhb
1790514908652876228|container|exec_create: /bin/sh -c test -f /tmp/ready|3276846192cc59d8f25d723ddb2affeb78e70e15a6818489b5b137b962905638|fleetly-founder-default-ord1-mid.1.kkt4ias5124ugxs39vcdigyf9
1790514908652914940|container|exec_start: /bin/sh -c test -f /tmp/ready|3276846192cc59d8f25d723ddb2affeb78e70e15a6818489b5b137b962905638|fleetly-founder-default-ord1-mid.1.kkt4ias5124ugxs39vcdigyf9
1790514908679009610|container|exec_die|3276846192cc59d8f25d723ddb2affeb78e70e15a6818489b5b137b962905638|fleetly-founder-default-ord1-mid.1.kkt4ias5124ugxs39vcdigyf9
1790514908928276757|container|exec_create: /bin/sh -c test -f /tmp/ready|2c7e77cd64c4c3a267b991cf7444fff6aa42ec5e3e46d68fc590dbb324a07173|fleetly-founder-default-ord1-leaf.1.udtpu6pim4po9wq2ja077v8y1
1790514908928420313|container|exec_start: /bin/sh -c test -f /tmp/ready|2c7e77cd64c4c3a267b991cf7444fff6aa42ec5e3e46d68fc590dbb324a07173|fleetly-founder-default-ord1-leaf.1.udtpu6pim4po9wq2ja077v8y1
1790514908953898371|container|exec_die|2c7e77cd64c4c3a267b991cf7444fff6aa42ec5e3e46d68fc590dbb324a07173|fleetly-founder-default-ord1-leaf.1.udtpu6pim4po9wq2ja077v8y1
1790514908998701358|container|exec_create: /bin/sh -c test -f /tmp/ready|7a2bffb05227f4ed9ba0a18e62c49cec22544109f36801a2629bde6382834424|fleetly-founder-default-ord2-good.1.uiolieoheg0okw5tfjqi7bb9y
1790514908998853204|container|exec_start: /bin/sh -c test -f /tmp/ready|7a2bffb05227f4ed9ba0a18e62c49cec22544109f36801a2629bde6382834424|fleetly-founder-default-ord2-good.1.uiolieoheg0okw5tfjqi7bb9y
1790514909022783977|container|exec_die|7a2bffb05227f4ed9ba0a18e62c49cec22544109f36801a2629bde6382834424|fleetly-founder-default-ord2-good.1.uiolieoheg0okw5tfjqi7bb9y
1790514909182056921|container|exec_create: /bin/sh -c test -f /tmp/ready|294b5c2a6ea8538cb70336da0ce8b6d0f9b1527f00cf8c890bad5957af4cd0d4|fleetly-founder-default-ord1-base.1.7mt9lzqfpukj5au1v1daz2zhb
1790514909182149469|container|exec_start: /bin/sh -c test -f /tmp/ready|294b5c2a6ea8538cb70336da0ce8b6d0f9b1527f00cf8c890bad5957af4cd0d4|fleetly-founder-default-ord1-base.1.7mt9lzqfpukj5au1v1daz2zhb
1790514909206762567|container|exec_die|294b5c2a6ea8538cb70336da0ce8b6d0f9b1527f00cf8c890bad5957af4cd0d4|fleetly-founder-default-ord1-base.1.7mt9lzqfpukj5au1v1daz2zhb
1790514909679526871|container|exec_create: /bin/sh -c test -f /tmp/ready|3276846192cc59d8f25d723ddb2affeb78e70e15a6818489b5b137b962905638|fleetly-founder-default-ord1-mid.1.kkt4ias5124ugxs39vcdigyf9
1790514909679619839|container|exec_start: /bin/sh -c test -f /tmp/ready|3276846192cc59d8f25d723ddb2affeb78e70e15a6818489b5b137b962905638|fleetly-founder-default-ord1-mid.1.kkt4ias5124ugxs39vcdigyf9
1790514909704905271|container|exec_die|3276846192cc59d8f25d723ddb2affeb78e70e15a6818489b5b137b962905638|fleetly-founder-default-ord1-mid.1.kkt4ias5124ugxs39vcdigyf9
1790514909954815380|container|exec_create: /bin/sh -c test -f /tmp/ready|2c7e77cd64c4c3a267b991cf7444fff6aa42ec5e3e46d68fc590dbb324a07173|fleetly-founder-default-ord1-leaf.1.udtpu6pim4po9wq2ja077v8y1
1790514909954917603|container|exec_start: /bin/sh -c test -f /tmp/ready|2c7e77cd64c4c3a267b991cf7444fff6aa42ec5e3e46d68fc590dbb324a07173|fleetly-founder-default-ord1-leaf.1.udtpu6pim4po9wq2ja077v8y1
1790514909981171320|container|exec_die|2c7e77cd64c4c3a267b991cf7444fff6aa42ec5e3e46d68fc590dbb324a07173|fleetly-founder-default-ord1-leaf.1.udtpu6pim4po9wq2ja077v8y1
1790514910023973444|container|exec_create: /bin/sh -c test -f /tmp/ready|7a2bffb05227f4ed9ba0a18e62c49cec22544109f36801a2629bde6382834424|fleetly-founder-default-ord2-good.1.uiolieoheg0okw5tfjqi7bb9y
1790514910024089331|container|exec_start: /bin/sh -c test -f /tmp/ready|7a2bffb05227f4ed9ba0a18e62c49cec22544109f36801a2629bde6382834424|fleetly-founder-default-ord2-good.1.uiolieoheg0okw5tfjqi7bb9y
1790514910049049154|container|exec_die|7a2bffb05227f4ed9ba0a18e62c49cec22544109f36801a2629bde6382834424|fleetly-founder-default-ord2-good.1.uiolieoheg0okw5tfjqi7bb9y
1790514910207506306|container|exec_create: /bin/sh -c test -f /tmp/ready|294b5c2a6ea8538cb70336da0ce8b6d0f9b1527f00cf8c890bad5957af4cd0d4|fleetly-founder-default-ord1-base.1.7mt9lzqfpukj5au1v1daz2zhb
1790514910207663834|container|exec_start: /bin/sh -c test -f /tmp/ready|294b5c2a6ea8538cb70336da0ce8b6d0f9b1527f00cf8c890bad5957af4cd0d4|fleetly-founder-default-ord1-base.1.7mt9lzqfpukj5au1v1daz2zhb
1790514910232122622|container|exec_die|294b5c2a6ea8538cb70336da0ce8b6d0f9b1527f00cf8c890bad5957af4cd0d4|fleetly-founder-default-ord1-base.1.7mt9lzqfpukj5au1v1daz2zhb
1790514910705749455|container|exec_create: /bin/sh -c test -f /tmp/ready|3276846192cc59d8f25d723ddb2affeb78e70e15a6818489b5b137b962905638|fleetly-founder-default-ord1-mid.1.kkt4ias5124ugxs39vcdigyf9
1790514910705822513|container|exec_start: /bin/sh -c test -f /tmp/ready|3276846192cc59d8f25d723ddb2affeb78e70e15a6818489b5b137b962905638|fleetly-founder-default-ord1-mid.1.kkt4ias5124ugxs39vcdigyf9
1790514910729785493|container|exec_die|3276846192cc59d8f25d723ddb2affeb78e70e15a6818489b5b137b962905638|fleetly-founder-default-ord1-mid.1.kkt4ias5124ugxs39vcdigyf9
1790514910981800918|container|exec_create: /bin/sh -c test -f /tmp/ready|2c7e77cd64c4c3a267b991cf7444fff6aa42ec5e3e46d68fc590dbb324a07173|fleetly-founder-default-ord1-leaf.1.udtpu6pim4po9wq2ja077v8y1
1790514910981941662|container|exec_start: /bin/sh -c test -f /tmp/ready|2c7e77cd64c4c3a267b991cf7444fff6aa42ec5e3e46d68fc590dbb324a07173|fleetly-founder-default-ord1-leaf.1.udtpu6pim4po9wq2ja077v8y1
1790514911008020786|container|exec_die|2c7e77cd64c4c3a267b991cf7444fff6aa42ec5e3e46d68fc590dbb324a07173|fleetly-founder-default-ord1-leaf.1.udtpu6pim4po9wq2ja077v8y1
1790514911050318612|container|exec_create: /bin/sh -c test -f /tmp/ready|7a2bffb05227f4ed9ba0a18e62c49cec22544109f36801a2629bde6382834424|fleetly-founder-default-ord2-good.1.uiolieoheg0okw5tfjqi7bb9y
1790514911050411051|container|exec_start: /bin/sh -c test -f /tmp/ready|7a2bffb05227f4ed9ba0a18e62c49cec22544109f36801a2629bde6382834424|fleetly-founder-default-ord2-good.1.uiolieoheg0okw5tfjqi7bb9y
1790514911076028353|container|exec_die|7a2bffb05227f4ed9ba0a18e62c49cec22544109f36801a2629bde6382834424|fleetly-founder-default-ord2-good.1.uiolieoheg0okw5tfjqi7bb9y
1790514911232565788|container|exec_create: /bin/sh -c test -f /tmp/ready|294b5c2a6ea8538cb70336da0ce8b6d0f9b1527f00cf8c890bad5957af4cd0d4|fleetly-founder-default-ord1-base.1.7mt9lzqfpukj5au1v1daz2zhb
1790514911232673421|container|exec_start: /bin/sh -c test -f /tmp/ready|294b5c2a6ea8538cb70336da0ce8b6d0f9b1527f00cf8c890bad5957af4cd0d4|fleetly-founder-default-ord1-base.1.7mt9lzqfpukj5au1v1daz2zhb
1790514911257412785|container|exec_die|294b5c2a6ea8538cb70336da0ce8b6d0f9b1527f00cf8c890bad5957af4cd0d4|fleetly-founder-default-ord1-base.1.7mt9lzqfpukj5au1v1daz2zhb
1790514911730235519|container|exec_create: /bin/sh -c test -f /tmp/ready|3276846192cc59d8f25d723ddb2affeb78e70e15a6818489b5b137b962905638|fleetly-founder-default-ord1-mid.1.kkt4ias5124ugxs39vcdigyf9
1790514911730338749|container|exec_start: /bin/sh -c test -f /tmp/ready|3276846192cc59d8f25d723ddb2affeb78e70e15a6818489b5b137b962905638|fleetly-founder-default-ord1-mid.1.kkt4ias5124ugxs39vcdigyf9
1790514911755297051|container|exec_die|3276846192cc59d8f25d723ddb2affeb78e70e15a6818489b5b137b962905638|fleetly-founder-default-ord1-mid.1.kkt4ias5124ugxs39vcdigyf9
1790514912009194328|container|exec_create: /bin/sh -c test -f /tmp/ready|2c7e77cd64c4c3a267b991cf7444fff6aa42ec5e3e46d68fc590dbb324a07173|fleetly-founder-default-ord1-leaf.1.udtpu6pim4po9wq2ja077v8y1
1790514912009295661|container|exec_start: /bin/sh -c test -f /tmp/ready|2c7e77cd64c4c3a267b991cf7444fff6aa42ec5e3e46d68fc590dbb324a07173|fleetly-founder-default-ord1-leaf.1.udtpu6pim4po9wq2ja077v8y1
1790514912032724315|container|exec_die|2c7e77cd64c4c3a267b991cf7444fff6aa42ec5e3e46d68fc590dbb324a07173|fleetly-founder-default-ord1-leaf.1.udtpu6pim4po9wq2ja077v8y1
1790514912077286112|container|exec_create: /bin/sh -c test -f /tmp/ready|7a2bffb05227f4ed9ba0a18e62c49cec22544109f36801a2629bde6382834424|fleetly-founder-default-ord2-good.1.uiolieoheg0okw5tfjqi7bb9y
1790514912077372620|container|exec_start: /bin/sh -c test -f /tmp/ready|7a2bffb05227f4ed9ba0a18e62c49cec22544109f36801a2629bde6382834424|fleetly-founder-default-ord2-good.1.uiolieoheg0okw5tfjqi7bb9y
1790514912101972224|container|exec_die|7a2bffb05227f4ed9ba0a18e62c49cec22544109f36801a2629bde6382834424|fleetly-founder-default-ord2-good.1.uiolieoheg0okw5tfjqi7bb9y
1790514912258169588|container|exec_create: /bin/sh -c test -f /tmp/ready|294b5c2a6ea8538cb70336da0ce8b6d0f9b1527f00cf8c890bad5957af4cd0d4|fleetly-founder-default-ord1-base.1.7mt9lzqfpukj5au1v1daz2zhb
1790514912258271491|container|exec_start: /bin/sh -c test -f /tmp/ready|294b5c2a6ea8538cb70336da0ce8b6d0f9b1527f00cf8c890bad5957af4cd0d4|fleetly-founder-default-ord1-base.1.7mt9lzqfpukj5au1v1daz2zhb
1790514912285851606|container|exec_die|294b5c2a6ea8538cb70336da0ce8b6d0f9b1527f00cf8c890bad5957af4cd0d4|fleetly-founder-default-ord1-base.1.7mt9lzqfpukj5au1v1daz2zhb
1790514912420067698|network|connect|kmlldqc9tbpo8v807ge0jx0fs|fleetly-founder-default-ord2-net
1790514912438046425|container|start|55b96792ef60fd4e69c3ec8ef3c1743649d87070aa4c47648d4d314a2037af97|fleetly-founder-default-ord2-bad.1.2etzamjluesre3a4pwo6vewce
1790514912636855672|network|disconnect|kmlldqc9tbpo8v807ge0jx0fs|fleetly-founder-default-ord2-net
1790514912655897527|container|die|55b96792ef60fd4e69c3ec8ef3c1743649d87070aa4c47648d4d314a2037af97|fleetly-founder-default-ord2-bad.1.2etzamjluesre3a4pwo6vewce
1790514912755984511|container|exec_create: /bin/sh -c test -f /tmp/ready|3276846192cc59d8f25d723ddb2affeb78e70e15a6818489b5b137b962905638|fleetly-founder-default-ord1-mid.1.kkt4ias5124ugxs39vcdigyf9
1790514912756099791|container|exec_start: /bin/sh -c test -f /tmp/ready|3276846192cc59d8f25d723ddb2affeb78e70e15a6818489b5b137b962905638|fleetly-founder-default-ord1-mid.1.kkt4ias5124ugxs39vcdigyf9
1790514912780067287|container|exec_die|3276846192cc59d8f25d723ddb2affeb78e70e15a6818489b5b137b962905638|fleetly-founder-default-ord1-mid.1.kkt4ias5124ugxs39vcdigyf9
1790514913004927648|container|create|0b567061854e8c89ae81712607d062261326e768d7a37a91b365968b26d6de19|fleetly-founder-default-ord2-bad.1.g2uv0bkjesbacjfgt3i04i0ml
1790514913033583636|container|exec_create: /bin/sh -c test -f /tmp/ready|2c7e77cd64c4c3a267b991cf7444fff6aa42ec5e3e46d68fc590dbb324a07173|fleetly-founder-default-ord1-leaf.1.udtpu6pim4po9wq2ja077v8y1
1790514913033647117|container|exec_start: /bin/sh -c test -f /tmp/ready|2c7e77cd64c4c3a267b991cf7444fff6aa42ec5e3e46d68fc590dbb324a07173|fleetly-founder-default-ord1-leaf.1.udtpu6pim4po9wq2ja077v8y1
1790514913058003730|container|exec_die|2c7e77cd64c4c3a267b991cf7444fff6aa42ec5e3e46d68fc590dbb324a07173|fleetly-founder-default-ord1-leaf.1.udtpu6pim4po9wq2ja077v8y1
1790514913103078286|container|exec_create: /bin/sh -c test -f /tmp/ready|7a2bffb05227f4ed9ba0a18e62c49cec22544109f36801a2629bde6382834424|fleetly-founder-default-ord2-good.1.uiolieoheg0okw5tfjqi7bb9y
1790514913103168908|container|exec_start: /bin/sh -c test -f /tmp/ready|7a2bffb05227f4ed9ba0a18e62c49cec22544109f36801a2629bde6382834424|fleetly-founder-default-ord2-good.1.uiolieoheg0okw5tfjqi7bb9y
1790514913127444749|container|exec_die|7a2bffb05227f4ed9ba0a18e62c49cec22544109f36801a2629bde6382834424|fleetly-founder-default-ord2-good.1.uiolieoheg0okw5tfjqi7bb9y
1790514913286497012|container|exec_create: /bin/sh -c test -f /tmp/ready|294b5c2a6ea8538cb70336da0ce8b6d0f9b1527f00cf8c890bad5957af4cd0d4|fleetly-founder-default-ord1-base.1.7mt9lzqfpukj5au1v1daz2zhb
1790514913286658531|container|exec_start: /bin/sh -c test -f /tmp/ready|294b5c2a6ea8538cb70336da0ce8b6d0f9b1527f00cf8c890bad5957af4cd0d4|fleetly-founder-default-ord1-base.1.7mt9lzqfpukj5au1v1daz2zhb
1790514913310945231|container|exec_die|294b5c2a6ea8538cb70336da0ce8b6d0f9b1527f00cf8c890bad5957af4cd0d4|fleetly-founder-default-ord1-base.1.7mt9lzqfpukj5au1v1daz2zhb
1790514913780883051|container|exec_create: /bin/sh -c test -f /tmp/ready|3276846192cc59d8f25d723ddb2affeb78e70e15a6818489b5b137b962905638|fleetly-founder-default-ord1-mid.1.kkt4ias5124ugxs39vcdigyf9
1790514913780981030|container|exec_start: /bin/sh -c test -f /tmp/ready|3276846192cc59d8f25d723ddb2affeb78e70e15a6818489b5b137b962905638|fleetly-founder-default-ord1-mid.1.kkt4ias5124ugxs39vcdigyf9
1790514913806116740|container|exec_die|3276846192cc59d8f25d723ddb2affeb78e70e15a6818489b5b137b962905638|fleetly-founder-default-ord1-mid.1.kkt4ias5124ugxs39vcdigyf9
1790514914059256542|container|exec_create: /bin/sh -c test -f /tmp/ready|2c7e77cd64c4c3a267b991cf7444fff6aa42ec5e3e46d68fc590dbb324a07173|fleetly-founder-default-ord1-leaf.1.udtpu6pim4po9wq2ja077v8y1
1790514914059362701|container|exec_start: /bin/sh -c test -f /tmp/ready|2c7e77cd64c4c3a267b991cf7444fff6aa42ec5e3e46d68fc590dbb324a07173|fleetly-founder-default-ord1-leaf.1.udtpu6pim4po9wq2ja077v8y1
1790514914085309184|container|exec_die|2c7e77cd64c4c3a267b991cf7444fff6aa42ec5e3e46d68fc590dbb324a07173|fleetly-founder-default-ord1-leaf.1.udtpu6pim4po9wq2ja077v8y1
1790514914128023759|container|exec_create: /bin/sh -c test -f /tmp/ready|7a2bffb05227f4ed9ba0a18e62c49cec22544109f36801a2629bde6382834424|fleetly-founder-default-ord2-good.1.uiolieoheg0okw5tfjqi7bb9y
1790514914128114797|container|exec_start: /bin/sh -c test -f /tmp/ready|7a2bffb05227f4ed9ba0a18e62c49cec22544109f36801a2629bde6382834424|fleetly-founder-default-ord2-good.1.uiolieoheg0okw5tfjqi7bb9y
1790514914152191930|container|exec_die|7a2bffb05227f4ed9ba0a18e62c49cec22544109f36801a2629bde6382834424|fleetly-founder-default-ord2-good.1.uiolieoheg0okw5tfjqi7bb9y
1790514914312200528|container|exec_create: /bin/sh -c test -f /tmp/ready|294b5c2a6ea8538cb70336da0ce8b6d0f9b1527f00cf8c890bad5957af4cd0d4|fleetly-founder-default-ord1-base.1.7mt9lzqfpukj5au1v1daz2zhb
1790514914312284674|container|exec_start: /bin/sh -c test -f /tmp/ready|294b5c2a6ea8538cb70336da0ce8b6d0f9b1527f00cf8c890bad5957af4cd0d4|fleetly-founder-default-ord1-base.1.7mt9lzqfpukj5au1v1daz2zhb
1790514914337073182|container|exec_die|294b5c2a6ea8538cb70336da0ce8b6d0f9b1527f00cf8c890bad5957af4cd0d4|fleetly-founder-default-ord1-base.1.7mt9lzqfpukj5au1v1daz2zhb
1790514914807208586|container|exec_create: /bin/sh -c test -f /tmp/ready|3276846192cc59d8f25d723ddb2affeb78e70e15a6818489b5b137b962905638|fleetly-founder-default-ord1-mid.1.kkt4ias5124ugxs39vcdigyf9
1790514914807350859|container|exec_start: /bin/sh -c test -f /tmp/ready|3276846192cc59d8f25d723ddb2affeb78e70e15a6818489b5b137b962905638|fleetly-founder-default-ord1-mid.1.kkt4ias5124ugxs39vcdigyf9
1790514914832032422|container|exec_die|3276846192cc59d8f25d723ddb2affeb78e70e15a6818489b5b137b962905638|fleetly-founder-default-ord1-mid.1.kkt4ias5124ugxs39vcdigyf9
1790514915085926851|container|exec_create: /bin/sh -c test -f /tmp/ready|2c7e77cd64c4c3a267b991cf7444fff6aa42ec5e3e46d68fc590dbb324a07173|fleetly-founder-default-ord1-leaf.1.udtpu6pim4po9wq2ja077v8y1
1790514915086039358|container|exec_start: /bin/sh -c test -f /tmp/ready|2c7e77cd64c4c3a267b991cf7444fff6aa42ec5e3e46d68fc590dbb324a07173|fleetly-founder-default-ord1-leaf.1.udtpu6pim4po9wq2ja077v8y1
1790514915112161549|container|exec_die|2c7e77cd64c4c3a267b991cf7444fff6aa42ec5e3e46d68fc590dbb324a07173|fleetly-founder-default-ord1-leaf.1.udtpu6pim4po9wq2ja077v8y1
1790514915130840198|container|destroy|3d2339f86eb696f73ad301fcd9faa2b193aa58aed333a8255200a1341dcdf51f|fleetly-founder-default-ord2-bad.1.4kmr586e75p8jzwxvxrfhse3l
1790514915153378513|container|exec_create: /bin/sh -c test -f /tmp/ready|7a2bffb05227f4ed9ba0a18e62c49cec22544109f36801a2629bde6382834424|fleetly-founder-default-ord2-good.1.uiolieoheg0okw5tfjqi7bb9y
1790514915153476424|container|exec_start: /bin/sh -c test -f /tmp/ready|7a2bffb05227f4ed9ba0a18e62c49cec22544109f36801a2629bde6382834424|fleetly-founder-default-ord2-good.1.uiolieoheg0okw5tfjqi7bb9y
1790514915178470813|container|exec_die|7a2bffb05227f4ed9ba0a18e62c49cec22544109f36801a2629bde6382834424|fleetly-founder-default-ord2-good.1.uiolieoheg0okw5tfjqi7bb9y
1790514915338531831|container|exec_create: /bin/sh -c test -f /tmp/ready|294b5c2a6ea8538cb70336da0ce8b6d0f9b1527f00cf8c890bad5957af4cd0d4|fleetly-founder-default-ord1-base.1.7mt9lzqfpukj5au1v1daz2zhb
1790514915338625324|container|exec_start: /bin/sh -c test -f /tmp/ready|294b5c2a6ea8538cb70336da0ce8b6d0f9b1527f00cf8c890bad5957af4cd0d4|fleetly-founder-default-ord1-base.1.7mt9lzqfpukj5au1v1daz2zhb
1790514915363938136|container|exec_die|294b5c2a6ea8538cb70336da0ce8b6d0f9b1527f00cf8c890bad5957af4cd0d4|fleetly-founder-default-ord1-base.1.7mt9lzqfpukj5au1v1daz2zhb
1790514915832944165|container|exec_create: /bin/sh -c test -f /tmp/ready|3276846192cc59d8f25d723ddb2affeb78e70e15a6818489b5b137b962905638|fleetly-founder-default-ord1-mid.1.kkt4ias5124ugxs39vcdigyf9
1790514915833049662|container|exec_start: /bin/sh -c test -f /tmp/ready|3276846192cc59d8f25d723ddb2affeb78e70e15a6818489b5b137b962905638|fleetly-founder-default-ord1-mid.1.kkt4ias5124ugxs39vcdigyf9
1790514915858145096|container|exec_die|3276846192cc59d8f25d723ddb2affeb78e70e15a6818489b5b137b962905638|fleetly-founder-default-ord1-mid.1.kkt4ias5124ugxs39vcdigyf9
1790514915919783203|container|exec_create: traefik healthcheck --ping|10f729bd3ecbe5d3b5bdca74a1a044b77292be9a58bfadfded0ed1001b265a80|fleetly-ingress.z2gwuj5qk2dmubnl69q06q3qc.x8xfprupx3rld4okk2mvocb92
1790514915919889661|container|exec_start: traefik healthcheck --ping|10f729bd3ecbe5d3b5bdca74a1a044b77292be9a58bfadfded0ed1001b265a80|fleetly-ingress.z2gwuj5qk2dmubnl69q06q3qc.x8xfprupx3rld4okk2mvocb92
1790514915955327210|container|exec_die|10f729bd3ecbe5d3b5bdca74a1a044b77292be9a58bfadfded0ed1001b265a80|fleetly-ingress.z2gwuj5qk2dmubnl69q06q3qc.x8xfprupx3rld4okk2mvocb92
1790514916112892610|container|exec_create: /bin/sh -c test -f /tmp/ready|2c7e77cd64c4c3a267b991cf7444fff6aa42ec5e3e46d68fc590dbb324a07173|fleetly-founder-default-ord1-leaf.1.udtpu6pim4po9wq2ja077v8y1
1790514916113040908|container|exec_start: /bin/sh -c test -f /tmp/ready|2c7e77cd64c4c3a267b991cf7444fff6aa42ec5e3e46d68fc590dbb324a07173|fleetly-founder-default-ord1-leaf.1.udtpu6pim4po9wq2ja077v8y1
1790514916139482216|container|exec_die|2c7e77cd64c4c3a267b991cf7444fff6aa42ec5e3e46d68fc590dbb324a07173|fleetly-founder-default-ord1-leaf.1.udtpu6pim4po9wq2ja077v8y1
1790514916179580324|container|exec_create: /bin/sh -c test -f /tmp/ready|7a2bffb05227f4ed9ba0a18e62c49cec22544109f36801a2629bde6382834424|fleetly-founder-default-ord2-good.1.uiolieoheg0okw5tfjqi7bb9y
1790514916179658492|container|exec_start: /bin/sh -c test -f /tmp/ready|7a2bffb05227f4ed9ba0a18e62c49cec22544109f36801a2629bde6382834424|fleetly-founder-default-ord2-good.1.uiolieoheg0okw5tfjqi7bb9y
1790514916204197472|container|exec_die|7a2bffb05227f4ed9ba0a18e62c49cec22544109f36801a2629bde6382834424|fleetly-founder-default-ord2-good.1.uiolieoheg0okw5tfjqi7bb9y
1790514916365323560|container|exec_create: /bin/sh -c test -f /tmp/ready|294b5c2a6ea8538cb70336da0ce8b6d0f9b1527f00cf8c890bad5957af4cd0d4|fleetly-founder-default-ord1-base.1.7mt9lzqfpukj5au1v1daz2zhb
1790514916365445587|container|exec_start: /bin/sh -c test -f /tmp/ready|294b5c2a6ea8538cb70336da0ce8b6d0f9b1527f00cf8c890bad5957af4cd0d4|fleetly-founder-default-ord1-base.1.7mt9lzqfpukj5au1v1daz2zhb
1790514916390343482|container|exec_die|294b5c2a6ea8538cb70336da0ce8b6d0f9b1527f00cf8c890bad5957af4cd0d4|fleetly-founder-default-ord1-base.1.7mt9lzqfpukj5au1v1daz2zhb
1790514916859574027|container|exec_create: /bin/sh -c test -f /tmp/ready|3276846192cc59d8f25d723ddb2affeb78e70e15a6818489b5b137b962905638|fleetly-founder-default-ord1-mid.1.kkt4ias5124ugxs39vcdigyf9
1790514916859651308|container|exec_start: /bin/sh -c test -f /tmp/ready|3276846192cc59d8f25d723ddb2affeb78e70e15a6818489b5b137b962905638|fleetly-founder-default-ord1-mid.1.kkt4ias5124ugxs39vcdigyf9
1790514916884319026|container|exec_die|3276846192cc59d8f25d723ddb2affeb78e70e15a6818489b5b137b962905638|fleetly-founder-default-ord1-mid.1.kkt4ias5124ugxs39vcdigyf9
1790514917140836420|container|exec_create: /bin/sh -c test -f /tmp/ready|2c7e77cd64c4c3a267b991cf7444fff6aa42ec5e3e46d68fc590dbb324a07173|fleetly-founder-default-ord1-leaf.1.udtpu6pim4po9wq2ja077v8y1
1790514917141021866|container|exec_start: /bin/sh -c test -f /tmp/ready|2c7e77cd64c4c3a267b991cf7444fff6aa42ec5e3e46d68fc590dbb324a07173|fleetly-founder-default-ord1-leaf.1.udtpu6pim4po9wq2ja077v8y1
1790514917165265593|container|exec_die|2c7e77cd64c4c3a267b991cf7444fff6aa42ec5e3e46d68fc590dbb324a07173|fleetly-founder-default-ord1-leaf.1.udtpu6pim4po9wq2ja077v8y1
1790514917204967298|container|exec_create: /bin/sh -c test -f /tmp/ready|7a2bffb05227f4ed9ba0a18e62c49cec22544109f36801a2629bde6382834424|fleetly-founder-default-ord2-good.1.uiolieoheg0okw5tfjqi7bb9y
1790514917205117348|container|exec_start: /bin/sh -c test -f /tmp/ready|7a2bffb05227f4ed9ba0a18e62c49cec22544109f36801a2629bde6382834424|fleetly-founder-default-ord2-good.1.uiolieoheg0okw5tfjqi7bb9y
1790514917229430301|container|exec_die|7a2bffb05227f4ed9ba0a18e62c49cec22544109f36801a2629bde6382834424|fleetly-founder-default-ord2-good.1.uiolieoheg0okw5tfjqi7bb9y
1790514917390797484|container|exec_create: /bin/sh -c test -f /tmp/ready|294b5c2a6ea8538cb70336da0ce8b6d0f9b1527f00cf8c890bad5957af4cd0d4|fleetly-founder-default-ord1-base.1.7mt9lzqfpukj5au1v1daz2zhb
1790514917390915990|container|exec_start: /bin/sh -c test -f /tmp/ready|294b5c2a6ea8538cb70336da0ce8b6d0f9b1527f00cf8c890bad5957af4cd0d4|fleetly-founder-default-ord1-base.1.7mt9lzqfpukj5au1v1daz2zhb
1790514917419771516|container|exec_die|294b5c2a6ea8538cb70336da0ce8b6d0f9b1527f00cf8c890bad5957af4cd0d4|fleetly-founder-default-ord1-base.1.7mt9lzqfpukj5au1v1daz2zhb
1790514917885232792|container|exec_create: /bin/sh -c test -f /tmp/ready|3276846192cc59d8f25d723ddb2affeb78e70e15a6818489b5b137b962905638|fleetly-founder-default-ord1-mid.1.kkt4ias5124ugxs39vcdigyf9
1790514917885337476|container|exec_start: /bin/sh -c test -f /tmp/ready|3276846192cc59d8f25d723ddb2affeb78e70e15a6818489b5b137b962905638|fleetly-founder-default-ord1-mid.1.kkt4ias5124ugxs39vcdigyf9
1790514917948608651|container|exec_die|3276846192cc59d8f25d723ddb2affeb78e70e15a6818489b5b137b962905638|fleetly-founder-default-ord1-mid.1.kkt4ias5124ugxs39vcdigyf9
1790514918057148897|network|connect|kmlldqc9tbpo8v807ge0jx0fs|fleetly-founder-default-ord2-net
1790514918075195225|container|start|0b567061854e8c89ae81712607d062261326e768d7a37a91b365968b26d6de19|fleetly-founder-default-ord2-bad.1.g2uv0bkjesbacjfgt3i04i0ml
1790514918165858131|container|exec_create: /bin/sh -c test -f /tmp/ready|2c7e77cd64c4c3a267b991cf7444fff6aa42ec5e3e46d68fc590dbb324a07173|fleetly-founder-default-ord1-leaf.1.udtpu6pim4po9wq2ja077v8y1
1790514918165963131|container|exec_start: /bin/sh -c test -f /tmp/ready|2c7e77cd64c4c3a267b991cf7444fff6aa42ec5e3e46d68fc590dbb324a07173|fleetly-founder-default-ord1-leaf.1.udtpu6pim4po9wq2ja077v8y1
1790514918194337475|container|exec_die|2c7e77cd64c4c3a267b991cf7444fff6aa42ec5e3e46d68fc590dbb324a07173|fleetly-founder-default-ord1-leaf.1.udtpu6pim4po9wq2ja077v8y1
1790514918230452517|container|exec_create: /bin/sh -c test -f /tmp/ready|7a2bffb05227f4ed9ba0a18e62c49cec22544109f36801a2629bde6382834424|fleetly-founder-default-ord2-good.1.uiolieoheg0okw5tfjqi7bb9y
1790514918230554498|container|exec_start: /bin/sh -c test -f /tmp/ready|7a2bffb05227f4ed9ba0a18e62c49cec22544109f36801a2629bde6382834424|fleetly-founder-default-ord2-good.1.uiolieoheg0okw5tfjqi7bb9y
1790514918256447700|container|exec_die|7a2bffb05227f4ed9ba0a18e62c49cec22544109f36801a2629bde6382834424|fleetly-founder-default-ord2-good.1.uiolieoheg0okw5tfjqi7bb9y
1790514918353077614|network|disconnect|kmlldqc9tbpo8v807ge0jx0fs|fleetly-founder-default-ord2-net
1790514918371071208|container|die|0b567061854e8c89ae81712607d062261326e768d7a37a91b365968b26d6de19|fleetly-founder-default-ord2-bad.1.g2uv0bkjesbacjfgt3i04i0ml
1790514918420979276|container|exec_create: /bin/sh -c test -f /tmp/ready|294b5c2a6ea8538cb70336da0ce8b6d0f9b1527f00cf8c890bad5957af4cd0d4|fleetly-founder-default-ord1-base.1.7mt9lzqfpukj5au1v1daz2zhb
1790514918421056109|container|exec_start: /bin/sh -c test -f /tmp/ready|294b5c2a6ea8538cb70336da0ce8b6d0f9b1527f00cf8c890bad5957af4cd0d4|fleetly-founder-default-ord1-base.1.7mt9lzqfpukj5au1v1daz2zhb
1790514918446258004|container|exec_die|294b5c2a6ea8538cb70336da0ce8b6d0f9b1527f00cf8c890bad5957af4cd0d4|fleetly-founder-default-ord1-base.1.7mt9lzqfpukj5au1v1daz2zhb
1790514918691078315|container|create|e9fdb9b15659174908ff746b0a56b3913f47be4d9340cbfcd45602eafded739c|fleetly-founder-default-ord2-bad.1.hd6t47ioikuxn9febl3f9ky4s
1790514918950144060|container|exec_create: /bin/sh -c test -f /tmp/ready|3276846192cc59d8f25d723ddb2affeb78e70e15a6818489b5b137b962905638|fleetly-founder-default-ord1-mid.1.kkt4ias5124ugxs39vcdigyf9
1790514918950227244|container|exec_start: /bin/sh -c test -f /tmp/ready|3276846192cc59d8f25d723ddb2affeb78e70e15a6818489b5b137b962905638|fleetly-founder-default-ord1-mid.1.kkt4ias5124ugxs39vcdigyf9
1790514918976268164|container|exec_die|3276846192cc59d8f25d723ddb2affeb78e70e15a6818489b5b137b962905638|fleetly-founder-default-ord1-mid.1.kkt4ias5124ugxs39vcdigyf9
1790514919195375838|container|exec_create: /bin/sh -c test -f /tmp/ready|2c7e77cd64c4c3a267b991cf7444fff6aa42ec5e3e46d68fc590dbb324a07173|fleetly-founder-default-ord1-leaf.1.udtpu6pim4po9wq2ja077v8y1
1790514919195477922|container|exec_start: /bin/sh -c test -f /tmp/ready|2c7e77cd64c4c3a267b991cf7444fff6aa42ec5e3e46d68fc590dbb324a07173|fleetly-founder-default-ord1-leaf.1.udtpu6pim4po9wq2ja077v8y1
1790514919219371526|container|exec_die|2c7e77cd64c4c3a267b991cf7444fff6aa42ec5e3e46d68fc590dbb324a07173|fleetly-founder-default-ord1-leaf.1.udtpu6pim4po9wq2ja077v8y1
1790514919256962014|container|exec_create: /bin/sh -c test -f /tmp/ready|7a2bffb05227f4ed9ba0a18e62c49cec22544109f36801a2629bde6382834424|fleetly-founder-default-ord2-good.1.uiolieoheg0okw5tfjqi7bb9y
1790514919257071533|container|exec_start: /bin/sh -c test -f /tmp/ready|7a2bffb05227f4ed9ba0a18e62c49cec22544109f36801a2629bde6382834424|fleetly-founder-default-ord2-good.1.uiolieoheg0okw5tfjqi7bb9y
1790514919281439669|container|exec_die|7a2bffb05227f4ed9ba0a18e62c49cec22544109f36801a2629bde6382834424|fleetly-founder-default-ord2-good.1.uiolieoheg0okw5tfjqi7bb9y
1790514919446874771|container|exec_create: /bin/sh -c test -f /tmp/ready|294b5c2a6ea8538cb70336da0ce8b6d0f9b1527f00cf8c890bad5957af4cd0d4|fleetly-founder-default-ord1-base.1.7mt9lzqfpukj5au1v1daz2zhb
1790514919446981798|container|exec_start: /bin/sh -c test -f /tmp/ready|294b5c2a6ea8538cb70336da0ce8b6d0f9b1527f00cf8c890bad5957af4cd0d4|fleetly-founder-default-ord1-base.1.7mt9lzqfpukj5au1v1daz2zhb
1790514919472461974|container|exec_die|294b5c2a6ea8538cb70336da0ce8b6d0f9b1527f00cf8c890bad5957af4cd0d4|fleetly-founder-default-ord1-base.1.7mt9lzqfpukj5au1v1daz2zhb
1790514919977345462|container|exec_create: /bin/sh -c test -f /tmp/ready|3276846192cc59d8f25d723ddb2affeb78e70e15a6818489b5b137b962905638|fleetly-founder-default-ord1-mid.1.kkt4ias5124ugxs39vcdigyf9
1790514919977501100|container|exec_start: /bin/sh -c test -f /tmp/ready|3276846192cc59d8f25d723ddb2affeb78e70e15a6818489b5b137b962905638|fleetly-founder-default-ord1-mid.1.kkt4ias5124ugxs39vcdigyf9
1790514920002459714|container|exec_die|3276846192cc59d8f25d723ddb2affeb78e70e15a6818489b5b137b962905638|fleetly-founder-default-ord1-mid.1.kkt4ias5124ugxs39vcdigyf9
1790514920219829232|container|exec_create: /bin/sh -c test -f /tmp/ready|2c7e77cd64c4c3a267b991cf7444fff6aa42ec5e3e46d68fc590dbb324a07173|fleetly-founder-default-ord1-leaf.1.udtpu6pim4po9wq2ja077v8y1
1790514920219917058|container|exec_start: /bin/sh -c test -f /tmp/ready|2c7e77cd64c4c3a267b991cf7444fff6aa42ec5e3e46d68fc590dbb324a07173|fleetly-founder-default-ord1-leaf.1.udtpu6pim4po9wq2ja077v8y1
1790514920244661991|container|exec_die|2c7e77cd64c4c3a267b991cf7444fff6aa42ec5e3e46d68fc590dbb324a07173|fleetly-founder-default-ord1-leaf.1.udtpu6pim4po9wq2ja077v8y1
1790514920282139436|container|exec_create: /bin/sh -c test -f /tmp/ready|7a2bffb05227f4ed9ba0a18e62c49cec22544109f36801a2629bde6382834424|fleetly-founder-default-ord2-good.1.uiolieoheg0okw5tfjqi7bb9y
1790514920282266934|container|exec_start: /bin/sh -c test -f /tmp/ready|7a2bffb05227f4ed9ba0a18e62c49cec22544109f36801a2629bde6382834424|fleetly-founder-default-ord2-good.1.uiolieoheg0okw5tfjqi7bb9y
1790514920306642818|container|exec_die|7a2bffb05227f4ed9ba0a18e62c49cec22544109f36801a2629bde6382834424|fleetly-founder-default-ord2-good.1.uiolieoheg0okw5tfjqi7bb9y
1790514920473873307|container|exec_create: /bin/sh -c test -f /tmp/ready|294b5c2a6ea8538cb70336da0ce8b6d0f9b1527f00cf8c890bad5957af4cd0d4|fleetly-founder-default-ord1-base.1.7mt9lzqfpukj5au1v1daz2zhb
1790514920473973965|container|exec_start: /bin/sh -c test -f /tmp/ready|294b5c2a6ea8538cb70336da0ce8b6d0f9b1527f00cf8c890bad5957af4cd0d4|fleetly-founder-default-ord1-base.1.7mt9lzqfpukj5au1v1daz2zhb
1790514920498556336|container|exec_die|294b5c2a6ea8538cb70336da0ce8b6d0f9b1527f00cf8c890bad5957af4cd0d4|fleetly-founder-default-ord1-base.1.7mt9lzqfpukj5au1v1daz2zhb
1790514920623888023|container|destroy|780c2e516907fd63ead83c8397609459a3f14062eab53078d26bc245fa1d4669|fleetly-founder-default-ord2-bad.1.q3pc1miktgx7cmp21cwtc6ayk
1790514921003180240|container|exec_create: /bin/sh -c test -f /tmp/ready|3276846192cc59d8f25d723ddb2affeb78e70e15a6818489b5b137b962905638|fleetly-founder-default-ord1-mid.1.kkt4ias5124ugxs39vcdigyf9
1790514921003292597|container|exec_start: /bin/sh -c test -f /tmp/ready|3276846192cc59d8f25d723ddb2affeb78e70e15a6818489b5b137b962905638|fleetly-founder-default-ord1-mid.1.kkt4ias5124ugxs39vcdigyf9
1790514921028334983|container|exec_die|3276846192cc59d8f25d723ddb2affeb78e70e15a6818489b5b137b962905638|fleetly-founder-default-ord1-mid.1.kkt4ias5124ugxs39vcdigyf9
1790514921245135826|container|exec_create: /bin/sh -c test -f /tmp/ready|2c7e77cd64c4c3a267b991cf7444fff6aa42ec5e3e46d68fc590dbb324a07173|fleetly-founder-default-ord1-leaf.1.udtpu6pim4po9wq2ja077v8y1
1790514921245250091|container|exec_start: /bin/sh -c test -f /tmp/ready|2c7e77cd64c4c3a267b991cf7444fff6aa42ec5e3e46d68fc590dbb324a07173|fleetly-founder-default-ord1-leaf.1.udtpu6pim4po9wq2ja077v8y1
1790514921270665401|container|exec_die|2c7e77cd64c4c3a267b991cf7444fff6aa42ec5e3e46d68fc590dbb324a07173|fleetly-founder-default-ord1-leaf.1.udtpu6pim4po9wq2ja077v8y1
1790514921307257194|container|exec_create: /bin/sh -c test -f /tmp/ready|7a2bffb05227f4ed9ba0a18e62c49cec22544109f36801a2629bde6382834424|fleetly-founder-default-ord2-good.1.uiolieoheg0okw5tfjqi7bb9y
1790514921307364899|container|exec_start: /bin/sh -c test -f /tmp/ready|7a2bffb05227f4ed9ba0a18e62c49cec22544109f36801a2629bde6382834424|fleetly-founder-default-ord2-good.1.uiolieoheg0okw5tfjqi7bb9y
1790514921332588444|container|exec_die|7a2bffb05227f4ed9ba0a18e62c49cec22544109f36801a2629bde6382834424|fleetly-founder-default-ord2-good.1.uiolieoheg0okw5tfjqi7bb9y
1790514921499430177|container|exec_create: /bin/sh -c test -f /tmp/ready|294b5c2a6ea8538cb70336da0ce8b6d0f9b1527f00cf8c890bad5957af4cd0d4|fleetly-founder-default-ord1-base.1.7mt9lzqfpukj5au1v1daz2zhb
1790514921499569842|container|exec_start: /bin/sh -c test -f /tmp/ready|294b5c2a6ea8538cb70336da0ce8b6d0f9b1527f00cf8c890bad5957af4cd0d4|fleetly-founder-default-ord1-base.1.7mt9lzqfpukj5au1v1daz2zhb
1790514921524351497|container|exec_die|294b5c2a6ea8538cb70336da0ce8b6d0f9b1527f00cf8c890bad5957af4cd0d4|fleetly-founder-default-ord1-base.1.7mt9lzqfpukj5au1v1daz2zhb
1790514922028879163|container|exec_create: /bin/sh -c test -f /tmp/ready|3276846192cc59d8f25d723ddb2affeb78e70e15a6818489b5b137b962905638|fleetly-founder-default-ord1-mid.1.kkt4ias5124ugxs39vcdigyf9
1790514922029023221|container|exec_start: /bin/sh -c test -f /tmp/ready|3276846192cc59d8f25d723ddb2affeb78e70e15a6818489b5b137b962905638|fleetly-founder-default-ord1-mid.1.kkt4ias5124ugxs39vcdigyf9
1790514922053709140|container|exec_die|3276846192cc59d8f25d723ddb2affeb78e70e15a6818489b5b137b962905638|fleetly-founder-default-ord1-mid.1.kkt4ias5124ugxs39vcdigyf9
1790514922269030211|container|exec_create: /bin/sh -c test -f /tmp/ready|2c7e77cd64c4c3a267b991cf7444fff6aa42ec5e3e46d68fc590dbb324a07173|fleetly-founder-default-ord1-leaf.1.udtpu6pim4po9wq2ja077v8y1
1790514922269133003|container|exec_start: /bin/sh -c test -f /tmp/ready|2c7e77cd64c4c3a267b991cf7444fff6aa42ec5e3e46d68fc590dbb324a07173|fleetly-founder-default-ord1-leaf.1.udtpu6pim4po9wq2ja077v8y1
1790514922294251701|container|exec_die|2c7e77cd64c4c3a267b991cf7444fff6aa42ec5e3e46d68fc590dbb324a07173|fleetly-founder-default-ord1-leaf.1.udtpu6pim4po9wq2ja077v8y1
1790514922330802962|container|exec_create: /bin/sh -c test -f /tmp/ready|7a2bffb05227f4ed9ba0a18e62c49cec22544109f36801a2629bde6382834424|fleetly-founder-default-ord2-good.1.uiolieoheg0okw5tfjqi7bb9y
1790514922330932064|container|exec_start: /bin/sh -c test -f /tmp/ready|7a2bffb05227f4ed9ba0a18e62c49cec22544109f36801a2629bde6382834424|fleetly-founder-default-ord2-good.1.uiolieoheg0okw5tfjqi7bb9y
1790514922355245075|container|exec_die|7a2bffb05227f4ed9ba0a18e62c49cec22544109f36801a2629bde6382834424|fleetly-founder-default-ord2-good.1.uiolieoheg0okw5tfjqi7bb9y
1790514922522848834|container|exec_create: /bin/sh -c test -f /tmp/ready|294b5c2a6ea8538cb70336da0ce8b6d0f9b1527f00cf8c890bad5957af4cd0d4|fleetly-founder-default-ord1-base.1.7mt9lzqfpukj5au1v1daz2zhb
1790514922522917643|container|exec_start: /bin/sh -c test -f /tmp/ready|294b5c2a6ea8538cb70336da0ce8b6d0f9b1527f00cf8c890bad5957af4cd0d4|fleetly-founder-default-ord1-base.1.7mt9lzqfpukj5au1v1daz2zhb
1790514922548031593|container|exec_die|294b5c2a6ea8538cb70336da0ce8b6d0f9b1527f00cf8c890bad5957af4cd0d4|fleetly-founder-default-ord1-base.1.7mt9lzqfpukj5au1v1daz2zhb
1790514923051906177|container|exec_create: /bin/sh -c test -f /tmp/ready|3276846192cc59d8f25d723ddb2affeb78e70e15a6818489b5b137b962905638|fleetly-founder-default-ord1-mid.1.kkt4ias5124ugxs39vcdigyf9
1790514923052057109|container|exec_start: /bin/sh -c test -f /tmp/ready|3276846192cc59d8f25d723ddb2affeb78e70e15a6818489b5b137b962905638|fleetly-founder-default-ord1-mid.1.kkt4ias5124ugxs39vcdigyf9
1790514923078138245|container|exec_die|3276846192cc59d8f25d723ddb2affeb78e70e15a6818489b5b137b962905638|fleetly-founder-default-ord1-mid.1.kkt4ias5124ugxs39vcdigyf9
1790514923295620912|container|exec_create: /bin/sh -c test -f /tmp/ready|2c7e77cd64c4c3a267b991cf7444fff6aa42ec5e3e46d68fc590dbb324a07173|fleetly-founder-default-ord1-leaf.1.udtpu6pim4po9wq2ja077v8y1
1790514923295731491|container|exec_start: /bin/sh -c test -f /tmp/ready|2c7e77cd64c4c3a267b991cf7444fff6aa42ec5e3e46d68fc590dbb324a07173|fleetly-founder-default-ord1-leaf.1.udtpu6pim4po9wq2ja077v8y1
1790514923321267451|container|exec_die|2c7e77cd64c4c3a267b991cf7444fff6aa42ec5e3e46d68fc590dbb324a07173|fleetly-founder-default-ord1-leaf.1.udtpu6pim4po9wq2ja077v8y1
1790514923356231060|container|exec_create: /bin/sh -c test -f /tmp/ready|7a2bffb05227f4ed9ba0a18e62c49cec22544109f36801a2629bde6382834424|fleetly-founder-default-ord2-good.1.uiolieoheg0okw5tfjqi7bb9y
1790514923356368707|container|exec_start: /bin/sh -c test -f /tmp/ready|7a2bffb05227f4ed9ba0a18e62c49cec22544109f36801a2629bde6382834424|fleetly-founder-default-ord2-good.1.uiolieoheg0okw5tfjqi7bb9y
1790514923381272015|container|exec_die|7a2bffb05227f4ed9ba0a18e62c49cec22544109f36801a2629bde6382834424|fleetly-founder-default-ord2-good.1.uiolieoheg0okw5tfjqi7bb9y
1790514923549512994|container|exec_create: /bin/sh -c test -f /tmp/ready|294b5c2a6ea8538cb70336da0ce8b6d0f9b1527f00cf8c890bad5957af4cd0d4|fleetly-founder-default-ord1-base.1.7mt9lzqfpukj5au1v1daz2zhb
1790514923549578758|container|exec_start: /bin/sh -c test -f /tmp/ready|294b5c2a6ea8538cb70336da0ce8b6d0f9b1527f00cf8c890bad5957af4cd0d4|fleetly-founder-default-ord1-base.1.7mt9lzqfpukj5au1v1daz2zhb
1790514923581310002|container|exec_die|294b5c2a6ea8538cb70336da0ce8b6d0f9b1527f00cf8c890bad5957af4cd0d4|fleetly-founder-default-ord1-base.1.7mt9lzqfpukj5au1v1daz2zhb
1790514923741223026|network|connect|kmlldqc9tbpo8v807ge0jx0fs|fleetly-founder-default-ord2-net
1790514923759009408|container|start|e9fdb9b15659174908ff746b0a56b3913f47be4d9340cbfcd45602eafded739c|fleetly-founder-default-ord2-bad.1.hd6t47ioikuxn9febl3f9ky4s
1790514924011009646|network|disconnect|kmlldqc9tbpo8v807ge0jx0fs|fleetly-founder-default-ord2-net
1790514924029137171|container|die|e9fdb9b15659174908ff746b0a56b3913f47be4d9340cbfcd45602eafded739c|fleetly-founder-default-ord2-bad.1.hd6t47ioikuxn9febl3f9ky4s
1790514924079226883|container|exec_create: /bin/sh -c test -f /tmp/ready|3276846192cc59d8f25d723ddb2affeb78e70e15a6818489b5b137b962905638|fleetly-founder-default-ord1-mid.1.kkt4ias5124ugxs39vcdigyf9
1790514924079337912|container|exec_start: /bin/sh -c test -f /tmp/ready|3276846192cc59d8f25d723ddb2affeb78e70e15a6818489b5b137b962905638|fleetly-founder-default-ord1-mid.1.kkt4ias5124ugxs39vcdigyf9
1790514924104309440|container|exec_die|3276846192cc59d8f25d723ddb2affeb78e70e15a6818489b5b137b962905638|fleetly-founder-default-ord1-mid.1.kkt4ias5124ugxs39vcdigyf9
1790514924321773809|container|exec_create: /bin/sh -c test -f /tmp/ready|2c7e77cd64c4c3a267b991cf7444fff6aa42ec5e3e46d68fc590dbb324a07173|fleetly-founder-default-ord1-leaf.1.udtpu6pim4po9wq2ja077v8y1
1790514924321891324|container|exec_start: /bin/sh -c test -f /tmp/ready|2c7e77cd64c4c3a267b991cf7444fff6aa42ec5e3e46d68fc590dbb324a07173|fleetly-founder-default-ord1-leaf.1.udtpu6pim4po9wq2ja077v8y1
1790514924349252402|container|exec_die|2c7e77cd64c4c3a267b991cf7444fff6aa42ec5e3e46d68fc590dbb324a07173|fleetly-founder-default-ord1-leaf.1.udtpu6pim4po9wq2ja077v8y1
1790514924382152735|container|exec_create: /bin/sh -c test -f /tmp/ready|7a2bffb05227f4ed9ba0a18e62c49cec22544109f36801a2629bde6382834424|fleetly-founder-default-ord2-good.1.uiolieoheg0okw5tfjqi7bb9y
1790514924382236200|container|exec_start: /bin/sh -c test -f /tmp/ready|7a2bffb05227f4ed9ba0a18e62c49cec22544109f36801a2629bde6382834424|fleetly-founder-default-ord2-good.1.uiolieoheg0okw5tfjqi7bb9y
1790514924392009208|container|create|2124e7461902d35453e95b09381f29dfefa57037f90cd87afe8a5e16b103253d|fleetly-founder-default-ord2-bad.1.wxcn8jzmgcmxtwl8dz6k785mt
1790514924406281656|container|exec_die|7a2bffb05227f4ed9ba0a18e62c49cec22544109f36801a2629bde6382834424|fleetly-founder-default-ord2-good.1.uiolieoheg0okw5tfjqi7bb9y
1790514924581977716|container|exec_create: /bin/sh -c test -f /tmp/ready|294b5c2a6ea8538cb70336da0ce8b6d0f9b1527f00cf8c890bad5957af4cd0d4|fleetly-founder-default-ord1-base.1.7mt9lzqfpukj5au1v1daz2zhb
1790514924582067930|container|exec_start: /bin/sh -c test -f /tmp/ready|294b5c2a6ea8538cb70336da0ce8b6d0f9b1527f00cf8c890bad5957af4cd0d4|fleetly-founder-default-ord1-base.1.7mt9lzqfpukj5au1v1daz2zhb
1790514924606348591|container|exec_die|294b5c2a6ea8538cb70336da0ce8b6d0f9b1527f00cf8c890bad5957af4cd0d4|fleetly-founder-default-ord1-base.1.7mt9lzqfpukj5au1v1daz2zhb
1790514925105212463|container|exec_create: /bin/sh -c test -f /tmp/ready|3276846192cc59d8f25d723ddb2affeb78e70e15a6818489b5b137b962905638|fleetly-founder-default-ord1-mid.1.kkt4ias5124ugxs39vcdigyf9
1790514925105317635|container|exec_start: /bin/sh -c test -f /tmp/ready|3276846192cc59d8f25d723ddb2affeb78e70e15a6818489b5b137b962905638|fleetly-founder-default-ord1-mid.1.kkt4ias5124ugxs39vcdigyf9
1790514925131259702|container|exec_die|3276846192cc59d8f25d723ddb2affeb78e70e15a6818489b5b137b962905638|fleetly-founder-default-ord1-mid.1.kkt4ias5124ugxs39vcdigyf9
1790514925350059013|container|exec_create: /bin/sh -c test -f /tmp/ready|2c7e77cd64c4c3a267b991cf7444fff6aa42ec5e3e46d68fc590dbb324a07173|fleetly-founder-default-ord1-leaf.1.udtpu6pim4po9wq2ja077v8y1
1790514925350161637|container|exec_start: /bin/sh -c test -f /tmp/ready|2c7e77cd64c4c3a267b991cf7444fff6aa42ec5e3e46d68fc590dbb324a07173|fleetly-founder-default-ord1-leaf.1.udtpu6pim4po9wq2ja077v8y1
1790514925374317809|container|exec_die|2c7e77cd64c4c3a267b991cf7444fff6aa42ec5e3e46d68fc590dbb324a07173|fleetly-founder-default-ord1-leaf.1.udtpu6pim4po9wq2ja077v8y1
1790514925406602606|container|exec_create: /bin/sh -c test -f /tmp/ready|7a2bffb05227f4ed9ba0a18e62c49cec22544109f36801a2629bde6382834424|fleetly-founder-default-ord2-good.1.uiolieoheg0okw5tfjqi7bb9y
1790514925406693612|container|exec_start: /bin/sh -c test -f /tmp/ready|7a2bffb05227f4ed9ba0a18e62c49cec22544109f36801a2629bde6382834424|fleetly-founder-default-ord2-good.1.uiolieoheg0okw5tfjqi7bb9y
1790514925431268730|container|exec_die|7a2bffb05227f4ed9ba0a18e62c49cec22544109f36801a2629bde6382834424|fleetly-founder-default-ord2-good.1.uiolieoheg0okw5tfjqi7bb9y
1790514925606966971|container|exec_create: /bin/sh -c test -f /tmp/ready|294b5c2a6ea8538cb70336da0ce8b6d0f9b1527f00cf8c890bad5957af4cd0d4|fleetly-founder-default-ord1-base.1.7mt9lzqfpukj5au1v1daz2zhb
1790514925607046837|container|exec_start: /bin/sh -c test -f /tmp/ready|294b5c2a6ea8538cb70336da0ce8b6d0f9b1527f00cf8c890bad5957af4cd0d4|fleetly-founder-default-ord1-base.1.7mt9lzqfpukj5au1v1daz2zhb
1790514925631470345|container|exec_die|294b5c2a6ea8538cb70336da0ce8b6d0f9b1527f00cf8c890bad5957af4cd0d4|fleetly-founder-default-ord1-base.1.7mt9lzqfpukj5au1v1daz2zhb
1790514925954370874|container|exec_create: traefik healthcheck --ping|10f729bd3ecbe5d3b5bdca74a1a044b77292be9a58bfadfded0ed1001b265a80|fleetly-ingress.z2gwuj5qk2dmubnl69q06q3qc.x8xfprupx3rld4okk2mvocb92
1790514925954478519|container|exec_start: traefik healthcheck --ping|10f729bd3ecbe5d3b5bdca74a1a044b77292be9a58bfadfded0ed1001b265a80|fleetly-ingress.z2gwuj5qk2dmubnl69q06q3qc.x8xfprupx3rld4okk2mvocb92
1790514925991441307|container|exec_die|10f729bd3ecbe5d3b5bdca74a1a044b77292be9a58bfadfded0ed1001b265a80|fleetly-ingress.z2gwuj5qk2dmubnl69q06q3qc.x8xfprupx3rld4okk2mvocb92
1790514926131699989|container|exec_create: /bin/sh -c test -f /tmp/ready|3276846192cc59d8f25d723ddb2affeb78e70e15a6818489b5b137b962905638|fleetly-founder-default-ord1-mid.1.kkt4ias5124ugxs39vcdigyf9
1790514926131835363|container|exec_start: /bin/sh -c test -f /tmp/ready|3276846192cc59d8f25d723ddb2affeb78e70e15a6818489b5b137b962905638|fleetly-founder-default-ord1-mid.1.kkt4ias5124ugxs39vcdigyf9
1790514926156389857|container|exec_die|3276846192cc59d8f25d723ddb2affeb78e70e15a6818489b5b137b962905638|fleetly-founder-default-ord1-mid.1.kkt4ias5124ugxs39vcdigyf9
1790514926374758257|container|exec_create: /bin/sh -c test -f /tmp/ready|2c7e77cd64c4c3a267b991cf7444fff6aa42ec5e3e46d68fc590dbb324a07173|fleetly-founder-default-ord1-leaf.1.udtpu6pim4po9wq2ja077v8y1
1790514926374880271|container|exec_start: /bin/sh -c test -f /tmp/ready|2c7e77cd64c4c3a267b991cf7444fff6aa42ec5e3e46d68fc590dbb324a07173|fleetly-founder-default-ord1-leaf.1.udtpu6pim4po9wq2ja077v8y1
1790514926399200204|container|exec_die|2c7e77cd64c4c3a267b991cf7444fff6aa42ec5e3e46d68fc590dbb324a07173|fleetly-founder-default-ord1-leaf.1.udtpu6pim4po9wq2ja077v8y1
1790514926432684421|container|exec_create: /bin/sh -c test -f /tmp/ready|7a2bffb05227f4ed9ba0a18e62c49cec22544109f36801a2629bde6382834424|fleetly-founder-default-ord2-good.1.uiolieoheg0okw5tfjqi7bb9y
1790514926432785857|container|exec_start: /bin/sh -c test -f /tmp/ready|7a2bffb05227f4ed9ba0a18e62c49cec22544109f36801a2629bde6382834424|fleetly-founder-default-ord2-good.1.uiolieoheg0okw5tfjqi7bb9y
1790514926458200570|container|exec_die|7a2bffb05227f4ed9ba0a18e62c49cec22544109f36801a2629bde6382834424|fleetly-founder-default-ord2-good.1.uiolieoheg0okw5tfjqi7bb9y
1790514926521918614|container|destroy|3077f5bd22e3e9ca3320f750061d7e90fcaf16f35e5f0d010bd1364c001e9eb2|fleetly-founder-default-ord2-bad.1.pnozgfbdjm3cq8ue44wjbcskm
1790514926632061158|container|exec_create: /bin/sh -c test -f /tmp/ready|294b5c2a6ea8538cb70336da0ce8b6d0f9b1527f00cf8c890bad5957af4cd0d4|fleetly-founder-default-ord1-base.1.7mt9lzqfpukj5au1v1daz2zhb
1790514926632164478|container|exec_start: /bin/sh -c test -f /tmp/ready|294b5c2a6ea8538cb70336da0ce8b6d0f9b1527f00cf8c890bad5957af4cd0d4|fleetly-founder-default-ord1-base.1.7mt9lzqfpukj5au1v1daz2zhb
1790514926657318831|container|exec_die|294b5c2a6ea8538cb70336da0ce8b6d0f9b1527f00cf8c890bad5957af4cd0d4|fleetly-founder-default-ord1-base.1.7mt9lzqfpukj5au1v1daz2zhb
1790514927157266300|container|exec_create: /bin/sh -c test -f /tmp/ready|3276846192cc59d8f25d723ddb2affeb78e70e15a6818489b5b137b962905638|fleetly-founder-default-ord1-mid.1.kkt4ias5124ugxs39vcdigyf9
1790514927157413262|container|exec_start: /bin/sh -c test -f /tmp/ready|3276846192cc59d8f25d723ddb2affeb78e70e15a6818489b5b137b962905638|fleetly-founder-default-ord1-mid.1.kkt4ias5124ugxs39vcdigyf9
1790514927182422734|container|exec_die|3276846192cc59d8f25d723ddb2affeb78e70e15a6818489b5b137b962905638|fleetly-founder-default-ord1-mid.1.kkt4ias5124ugxs39vcdigyf9
1790514927400204031|container|exec_create: /bin/sh -c test -f /tmp/ready|2c7e77cd64c4c3a267b991cf7444fff6aa42ec5e3e46d68fc590dbb324a07173|fleetly-founder-default-ord1-leaf.1.udtpu6pim4po9wq2ja077v8y1
1790514927400343460|container|exec_start: /bin/sh -c test -f /tmp/ready|2c7e77cd64c4c3a267b991cf7444fff6aa42ec5e3e46d68fc590dbb324a07173|fleetly-founder-default-ord1-leaf.1.udtpu6pim4po9wq2ja077v8y1
1790514927425384047|container|exec_die|2c7e77cd64c4c3a267b991cf7444fff6aa42ec5e3e46d68fc590dbb324a07173|fleetly-founder-default-ord1-leaf.1.udtpu6pim4po9wq2ja077v8y1
1790514927459304455|container|exec_create: /bin/sh -c test -f /tmp/ready|7a2bffb05227f4ed9ba0a18e62c49cec22544109f36801a2629bde6382834424|fleetly-founder-default-ord2-good.1.uiolieoheg0okw5tfjqi7bb9y
1790514927459399560|container|exec_start: /bin/sh -c test -f /tmp/ready|7a2bffb05227f4ed9ba0a18e62c49cec22544109f36801a2629bde6382834424|fleetly-founder-default-ord2-good.1.uiolieoheg0okw5tfjqi7bb9y
1790514927484296980|container|exec_die|7a2bffb05227f4ed9ba0a18e62c49cec22544109f36801a2629bde6382834424|fleetly-founder-default-ord2-good.1.uiolieoheg0okw5tfjqi7bb9y
1790514927658362607|container|exec_create: /bin/sh -c test -f /tmp/ready|294b5c2a6ea8538cb70336da0ce8b6d0f9b1527f00cf8c890bad5957af4cd0d4|fleetly-founder-default-ord1-base.1.7mt9lzqfpukj5au1v1daz2zhb
1790514927658433016|container|exec_start: /bin/sh -c test -f /tmp/ready|294b5c2a6ea8538cb70336da0ce8b6d0f9b1527f00cf8c890bad5957af4cd0d4|fleetly-founder-default-ord1-base.1.7mt9lzqfpukj5au1v1daz2zhb
1790514927683645779|container|exec_die|294b5c2a6ea8538cb70336da0ce8b6d0f9b1527f00cf8c890bad5957af4cd0d4|fleetly-founder-default-ord1-base.1.7mt9lzqfpukj5au1v1daz2zhb
1790514928183426915|container|exec_create: /bin/sh -c test -f /tmp/ready|3276846192cc59d8f25d723ddb2affeb78e70e15a6818489b5b137b962905638|fleetly-founder-default-ord1-mid.1.kkt4ias5124ugxs39vcdigyf9
1790514928183573224|container|exec_start: /bin/sh -c test -f /tmp/ready|3276846192cc59d8f25d723ddb2affeb78e70e15a6818489b5b137b962905638|fleetly-founder-default-ord1-mid.1.kkt4ias5124ugxs39vcdigyf9
1790514928208434784|container|exec_die|3276846192cc59d8f25d723ddb2affeb78e70e15a6818489b5b137b962905638|fleetly-founder-default-ord1-mid.1.kkt4ias5124ugxs39vcdigyf9
1790514928425968504|container|exec_create: /bin/sh -c test -f /tmp/ready|2c7e77cd64c4c3a267b991cf7444fff6aa42ec5e3e46d68fc590dbb324a07173|fleetly-founder-default-ord1-leaf.1.udtpu6pim4po9wq2ja077v8y1
1790514928426067410|container|exec_start: /bin/sh -c test -f /tmp/ready|2c7e77cd64c4c3a267b991cf7444fff6aa42ec5e3e46d68fc590dbb324a07173|fleetly-founder-default-ord1-leaf.1.udtpu6pim4po9wq2ja077v8y1
1790514928451310233|container|exec_die|2c7e77cd64c4c3a267b991cf7444fff6aa42ec5e3e46d68fc590dbb324a07173|fleetly-founder-default-ord1-leaf.1.udtpu6pim4po9wq2ja077v8y1
1790514928484999472|container|exec_create: /bin/sh -c test -f /tmp/ready|7a2bffb05227f4ed9ba0a18e62c49cec22544109f36801a2629bde6382834424|fleetly-founder-default-ord2-good.1.uiolieoheg0okw5tfjqi7bb9y
1790514928485128403|container|exec_start: /bin/sh -c test -f /tmp/ready|7a2bffb05227f4ed9ba0a18e62c49cec22544109f36801a2629bde6382834424|fleetly-founder-default-ord2-good.1.uiolieoheg0okw5tfjqi7bb9y
1790514928509374007|container|exec_die|7a2bffb05227f4ed9ba0a18e62c49cec22544109f36801a2629bde6382834424|fleetly-founder-default-ord2-good.1.uiolieoheg0okw5tfjqi7bb9y
1790514928684230240|container|exec_create: /bin/sh -c test -f /tmp/ready|294b5c2a6ea8538cb70336da0ce8b6d0f9b1527f00cf8c890bad5957af4cd0d4|fleetly-founder-default-ord1-base.1.7mt9lzqfpukj5au1v1daz2zhb
1790514928684329623|container|exec_start: /bin/sh -c test -f /tmp/ready|294b5c2a6ea8538cb70336da0ce8b6d0f9b1527f00cf8c890bad5957af4cd0d4|fleetly-founder-default-ord1-base.1.7mt9lzqfpukj5au1v1daz2zhb
1790514928709348623|container|exec_die|294b5c2a6ea8538cb70336da0ce8b6d0f9b1527f00cf8c890bad5957af4cd0d4|fleetly-founder-default-ord1-base.1.7mt9lzqfpukj5au1v1daz2zhb
1790514929209759316|container|exec_create: /bin/sh -c test -f /tmp/ready|3276846192cc59d8f25d723ddb2affeb78e70e15a6818489b5b137b962905638|fleetly-founder-default-ord1-mid.1.kkt4ias5124ugxs39vcdigyf9
1790514929209853850|container|exec_start: /bin/sh -c test -f /tmp/ready|3276846192cc59d8f25d723ddb2affeb78e70e15a6818489b5b137b962905638|fleetly-founder-default-ord1-mid.1.kkt4ias5124ugxs39vcdigyf9
1790514929234441146|container|exec_die|3276846192cc59d8f25d723ddb2affeb78e70e15a6818489b5b137b962905638|fleetly-founder-default-ord1-mid.1.kkt4ias5124ugxs39vcdigyf9
1790514929451895544|container|exec_create: /bin/sh -c test -f /tmp/ready|2c7e77cd64c4c3a267b991cf7444fff6aa42ec5e3e46d68fc590dbb324a07173|fleetly-founder-default-ord1-leaf.1.udtpu6pim4po9wq2ja077v8y1
1790514929452056581|container|exec_start: /bin/sh -c test -f /tmp/ready|2c7e77cd64c4c3a267b991cf7444fff6aa42ec5e3e46d68fc590dbb324a07173|fleetly-founder-default-ord1-leaf.1.udtpu6pim4po9wq2ja077v8y1
1790514929479413149|container|exec_die|2c7e77cd64c4c3a267b991cf7444fff6aa42ec5e3e46d68fc590dbb324a07173|fleetly-founder-default-ord1-leaf.1.udtpu6pim4po9wq2ja077v8y1
1790514929505344451|network|connect|kmlldqc9tbpo8v807ge0jx0fs|fleetly-founder-default-ord2-net
1790514929510362934|container|exec_create: /bin/sh -c test -f /tmp/ready|7a2bffb05227f4ed9ba0a18e62c49cec22544109f36801a2629bde6382834424|fleetly-founder-default-ord2-good.1.uiolieoheg0okw5tfjqi7bb9y
1790514929510440432|container|exec_start: /bin/sh -c test -f /tmp/ready|7a2bffb05227f4ed9ba0a18e62c49cec22544109f36801a2629bde6382834424|fleetly-founder-default-ord2-good.1.uiolieoheg0okw5tfjqi7bb9y
1790514929524243149|container|start|2124e7461902d35453e95b09381f29dfefa57037f90cd87afe8a5e16b103253d|fleetly-founder-default-ord2-bad.1.wxcn8jzmgcmxtwl8dz6k785mt
1790514929536402718|container|exec_die|7a2bffb05227f4ed9ba0a18e62c49cec22544109f36801a2629bde6382834424|fleetly-founder-default-ord2-good.1.uiolieoheg0okw5tfjqi7bb9y
1790514929710373553|container|exec_create: /bin/sh -c test -f /tmp/ready|294b5c2a6ea8538cb70336da0ce8b6d0f9b1527f00cf8c890bad5957af4cd0d4|fleetly-founder-default-ord1-base.1.7mt9lzqfpukj5au1v1daz2zhb
1790514929710446144|container|exec_start: /bin/sh -c test -f /tmp/ready|294b5c2a6ea8538cb70336da0ce8b6d0f9b1527f00cf8c890bad5957af4cd0d4|fleetly-founder-default-ord1-base.1.7mt9lzqfpukj5au1v1daz2zhb
1790514929722219582|network|disconnect|kmlldqc9tbpo8v807ge0jx0fs|fleetly-founder-default-ord2-net
1790514929744052407|container|exec_die|294b5c2a6ea8538cb70336da0ce8b6d0f9b1527f00cf8c890bad5957af4cd0d4|fleetly-founder-default-ord1-base.1.7mt9lzqfpukj5au1v1daz2zhb
1790514929750286146|container|die|2124e7461902d35453e95b09381f29dfefa57037f90cd87afe8a5e16b103253d|fleetly-founder-default-ord2-bad.1.wxcn8jzmgcmxtwl8dz6k785mt
1790514930040247849|container|create|2443a075fbee068d6db3629ce4f66d91cfdd01b40a8d5deedb8a09625269f9d9|fleetly-founder-default-ord2-bad.1.x1x7p6vxig80bjt7n9fkvrbst
1790514930234808807|container|exec_create: /bin/sh -c test -f /tmp/ready|3276846192cc59d8f25d723ddb2affeb78e70e15a6818489b5b137b962905638|fleetly-founder-default-ord1-mid.1.kkt4ias5124ugxs39vcdigyf9
1790514930234918102|container|exec_start: /bin/sh -c test -f /tmp/ready|3276846192cc59d8f25d723ddb2affeb78e70e15a6818489b5b137b962905638|fleetly-founder-default-ord1-mid.1.kkt4ias5124ugxs39vcdigyf9
1790514930259426665|container|exec_die|3276846192cc59d8f25d723ddb2affeb78e70e15a6818489b5b137b962905638|fleetly-founder-default-ord1-mid.1.kkt4ias5124ugxs39vcdigyf9
1790514930480315460|container|exec_create: /bin/sh -c test -f /tmp/ready|2c7e77cd64c4c3a267b991cf7444fff6aa42ec5e3e46d68fc590dbb324a07173|fleetly-founder-default-ord1-leaf.1.udtpu6pim4po9wq2ja077v8y1
1790514930480403354|container|exec_start: /bin/sh -c test -f /tmp/ready|2c7e77cd64c4c3a267b991cf7444fff6aa42ec5e3e46d68fc590dbb324a07173|fleetly-founder-default-ord1-leaf.1.udtpu6pim4po9wq2ja077v8y1
1790514930505425138|container|exec_die|2c7e77cd64c4c3a267b991cf7444fff6aa42ec5e3e46d68fc590dbb324a07173|fleetly-founder-default-ord1-leaf.1.udtpu6pim4po9wq2ja077v8y1
1790514930536825579|container|exec_create: /bin/sh -c test -f /tmp/ready|7a2bffb05227f4ed9ba0a18e62c49cec22544109f36801a2629bde6382834424|fleetly-founder-default-ord2-good.1.uiolieoheg0okw5tfjqi7bb9y
1790514930536912588|container|exec_start: /bin/sh -c test -f /tmp/ready|7a2bffb05227f4ed9ba0a18e62c49cec22544109f36801a2629bde6382834424|fleetly-founder-default-ord2-good.1.uiolieoheg0okw5tfjqi7bb9y
1790514930561533904|container|exec_die|7a2bffb05227f4ed9ba0a18e62c49cec22544109f36801a2629bde6382834424|fleetly-founder-default-ord2-good.1.uiolieoheg0okw5tfjqi7bb9y
1790514930744954496|container|exec_create: /bin/sh -c test -f /tmp/ready|294b5c2a6ea8538cb70336da0ce8b6d0f9b1527f00cf8c890bad5957af4cd0d4|fleetly-founder-default-ord1-base.1.7mt9lzqfpukj5au1v1daz2zhb
1790514930745049931|container|exec_start: /bin/sh -c test -f /tmp/ready|294b5c2a6ea8538cb70336da0ce8b6d0f9b1527f00cf8c890bad5957af4cd0d4|fleetly-founder-default-ord1-base.1.7mt9lzqfpukj5au1v1daz2zhb
1790514930770374108|container|exec_die|294b5c2a6ea8538cb70336da0ce8b6d0f9b1527f00cf8c890bad5957af4cd0d4|fleetly-founder-default-ord1-base.1.7mt9lzqfpukj5au1v1daz2zhb
1790514931260750266|container|exec_create: /bin/sh -c test -f /tmp/ready|3276846192cc59d8f25d723ddb2affeb78e70e15a6818489b5b137b962905638|fleetly-founder-default-ord1-mid.1.kkt4ias5124ugxs39vcdigyf9
1790514931260867568|container|exec_start: /bin/sh -c test -f /tmp/ready|3276846192cc59d8f25d723ddb2affeb78e70e15a6818489b5b137b962905638|fleetly-founder-default-ord1-mid.1.kkt4ias5124ugxs39vcdigyf9
1790514931285412542|container|exec_die|3276846192cc59d8f25d723ddb2affeb78e70e15a6818489b5b137b962905638|fleetly-founder-default-ord1-mid.1.kkt4ias5124ugxs39vcdigyf9
1790514931506088376|container|exec_create: /bin/sh -c test -f /tmp/ready|2c7e77cd64c4c3a267b991cf7444fff6aa42ec5e3e46d68fc590dbb324a07173|fleetly-founder-default-ord1-leaf.1.udtpu6pim4po9wq2ja077v8y1
1790514931506173057|container|exec_start: /bin/sh -c test -f /tmp/ready|2c7e77cd64c4c3a267b991cf7444fff6aa42ec5e3e46d68fc590dbb324a07173|fleetly-founder-default-ord1-leaf.1.udtpu6pim4po9wq2ja077v8y1
1790514931530433379|container|exec_die|2c7e77cd64c4c3a267b991cf7444fff6aa42ec5e3e46d68fc590dbb324a07173|fleetly-founder-default-ord1-leaf.1.udtpu6pim4po9wq2ja077v8y1
1790514931562212275|container|exec_create: /bin/sh -c test -f /tmp/ready|7a2bffb05227f4ed9ba0a18e62c49cec22544109f36801a2629bde6382834424|fleetly-founder-default-ord2-good.1.uiolieoheg0okw5tfjqi7bb9y
1790514931562306288|container|exec_start: /bin/sh -c test -f /tmp/ready|7a2bffb05227f4ed9ba0a18e62c49cec22544109f36801a2629bde6382834424|fleetly-founder-default-ord2-good.1.uiolieoheg0okw5tfjqi7bb9y
1790514931586732560|container|exec_die|7a2bffb05227f4ed9ba0a18e62c49cec22544109f36801a2629bde6382834424|fleetly-founder-default-ord2-good.1.uiolieoheg0okw5tfjqi7bb9y
1790514931771534893|container|exec_create: /bin/sh -c test -f /tmp/ready|294b5c2a6ea8538cb70336da0ce8b6d0f9b1527f00cf8c890bad5957af4cd0d4|fleetly-founder-default-ord1-base.1.7mt9lzqfpukj5au1v1daz2zhb
1790514931771675680|container|exec_start: /bin/sh -c test -f /tmp/ready|294b5c2a6ea8538cb70336da0ce8b6d0f9b1527f00cf8c890bad5957af4cd0d4|fleetly-founder-default-ord1-base.1.7mt9lzqfpukj5au1v1daz2zhb
1790514931795511811|container|exec_die|294b5c2a6ea8538cb70336da0ce8b6d0f9b1527f00cf8c890bad5957af4cd0d4|fleetly-founder-default-ord1-base.1.7mt9lzqfpukj5au1v1daz2zhb
1790514932172198901|container|destroy|aab8b8aa225076e7e1dc3939b1b740671ba86f5c80cec1fa73f0b0b514ba1fb7|fleetly-founder-default-ord2-bad.1.uma6ad8ic5znq1sxcqoowfsxs
1790514932286784439|container|exec_create: /bin/sh -c test -f /tmp/ready|3276846192cc59d8f25d723ddb2affeb78e70e15a6818489b5b137b962905638|fleetly-founder-default-ord1-mid.1.kkt4ias5124ugxs39vcdigyf9
1790514932286896307|container|exec_start: /bin/sh -c test -f /tmp/ready|3276846192cc59d8f25d723ddb2affeb78e70e15a6818489b5b137b962905638|fleetly-founder-default-ord1-mid.1.kkt4ias5124ugxs39vcdigyf9
1790514932311656661|container|exec_die|3276846192cc59d8f25d723ddb2affeb78e70e15a6818489b5b137b962905638|fleetly-founder-default-ord1-mid.1.kkt4ias5124ugxs39vcdigyf9
1790514932531475963|container|exec_create: /bin/sh -c test -f /tmp/ready|2c7e77cd64c4c3a267b991cf7444fff6aa42ec5e3e46d68fc590dbb324a07173|fleetly-founder-default-ord1-leaf.1.udtpu6pim4po9wq2ja077v8y1
1790514932531599494|container|exec_start: /bin/sh -c test -f /tmp/ready|2c7e77cd64c4c3a267b991cf7444fff6aa42ec5e3e46d68fc590dbb324a07173|fleetly-founder-default-ord1-leaf.1.udtpu6pim4po9wq2ja077v8y1
1790514932556785288|container|exec_die|2c7e77cd64c4c3a267b991cf7444fff6aa42ec5e3e46d68fc590dbb324a07173|fleetly-founder-default-ord1-leaf.1.udtpu6pim4po9wq2ja077v8y1
1790514932587959375|container|exec_create: /bin/sh -c test -f /tmp/ready|7a2bffb05227f4ed9ba0a18e62c49cec22544109f36801a2629bde6382834424|fleetly-founder-default-ord2-good.1.uiolieoheg0okw5tfjqi7bb9y
1790514932588047318|container|exec_start: /bin/sh -c test -f /tmp/ready|7a2bffb05227f4ed9ba0a18e62c49cec22544109f36801a2629bde6382834424|fleetly-founder-default-ord2-good.1.uiolieoheg0okw5tfjqi7bb9y
1790514932612532084|container|exec_die|7a2bffb05227f4ed9ba0a18e62c49cec22544109f36801a2629bde6382834424|fleetly-founder-default-ord2-good.1.uiolieoheg0okw5tfjqi7bb9y
1790514932796505140|container|exec_create: /bin/sh -c test -f /tmp/ready|294b5c2a6ea8538cb70336da0ce8b6d0f9b1527f00cf8c890bad5957af4cd0d4|fleetly-founder-default-ord1-base.1.7mt9lzqfpukj5au1v1daz2zhb
1790514932796642709|container|exec_start: /bin/sh -c test -f /tmp/ready|294b5c2a6ea8538cb70336da0ce8b6d0f9b1527f00cf8c890bad5957af4cd0d4|fleetly-founder-default-ord1-base.1.7mt9lzqfpukj5au1v1daz2zhb
1790514932821710238|container|exec_die|294b5c2a6ea8538cb70336da0ce8b6d0f9b1527f00cf8c890bad5957af4cd0d4|fleetly-founder-default-ord1-base.1.7mt9lzqfpukj5au1v1daz2zhb
1790514933312422162|container|exec_create: /bin/sh -c test -f /tmp/ready|3276846192cc59d8f25d723ddb2affeb78e70e15a6818489b5b137b962905638|fleetly-founder-default-ord1-mid.1.kkt4ias5124ugxs39vcdigyf9
1790514933312522322|container|exec_start: /bin/sh -c test -f /tmp/ready|3276846192cc59d8f25d723ddb2affeb78e70e15a6818489b5b137b962905638|fleetly-founder-default-ord1-mid.1.kkt4ias5124ugxs39vcdigyf9
1790514933337506768|container|exec_die|3276846192cc59d8f25d723ddb2affeb78e70e15a6818489b5b137b962905638|fleetly-founder-default-ord1-mid.1.kkt4ias5124ugxs39vcdigyf9
1790514933557567853|container|exec_create: /bin/sh -c test -f /tmp/ready|2c7e77cd64c4c3a267b991cf7444fff6aa42ec5e3e46d68fc590dbb324a07173|fleetly-founder-default-ord1-leaf.1.udtpu6pim4po9wq2ja077v8y1
1790514933557711193|container|exec_start: /bin/sh -c test -f /tmp/ready|2c7e77cd64c4c3a267b991cf7444fff6aa42ec5e3e46d68fc590dbb324a07173|fleetly-founder-default-ord1-leaf.1.udtpu6pim4po9wq2ja077v8y1
1790514933581466318|container|exec_die|2c7e77cd64c4c3a267b991cf7444fff6aa42ec5e3e46d68fc590dbb324a07173|fleetly-founder-default-ord1-leaf.1.udtpu6pim4po9wq2ja077v8y1
1790514933613247551|container|exec_create: /bin/sh -c test -f /tmp/ready|7a2bffb05227f4ed9ba0a18e62c49cec22544109f36801a2629bde6382834424|fleetly-founder-default-ord2-good.1.uiolieoheg0okw5tfjqi7bb9y
1790514933613326725|container|exec_start: /bin/sh -c test -f /tmp/ready|7a2bffb05227f4ed9ba0a18e62c49cec22544109f36801a2629bde6382834424|fleetly-founder-default-ord2-good.1.uiolieoheg0okw5tfjqi7bb9y
1790514933637535332|container|exec_die|7a2bffb05227f4ed9ba0a18e62c49cec22544109f36801a2629bde6382834424|fleetly-founder-default-ord2-good.1.uiolieoheg0okw5tfjqi7bb9y
1790514933822122894|container|exec_create: /bin/sh -c test -f /tmp/ready|294b5c2a6ea8538cb70336da0ce8b6d0f9b1527f00cf8c890bad5957af4cd0d4|fleetly-founder-default-ord1-base.1.7mt9lzqfpukj5au1v1daz2zhb
1790514933822263278|container|exec_start: /bin/sh -c test -f /tmp/ready|294b5c2a6ea8538cb70336da0ce8b6d0f9b1527f00cf8c890bad5957af4cd0d4|fleetly-founder-default-ord1-base.1.7mt9lzqfpukj5au1v1daz2zhb
1790514933846440047|container|exec_die|294b5c2a6ea8538cb70336da0ce8b6d0f9b1527f00cf8c890bad5957af4cd0d4|fleetly-founder-default-ord1-base.1.7mt9lzqfpukj5au1v1daz2zhb
1790514934337884989|container|exec_create: /bin/sh -c test -f /tmp/ready|3276846192cc59d8f25d723ddb2affeb78e70e15a6818489b5b137b962905638|fleetly-founder-default-ord1-mid.1.kkt4ias5124ugxs39vcdigyf9
1790514934337968982|container|exec_start: /bin/sh -c test -f /tmp/ready|3276846192cc59d8f25d723ddb2affeb78e70e15a6818489b5b137b962905638|fleetly-founder-default-ord1-mid.1.kkt4ias5124ugxs39vcdigyf9
1790514934362636729|container|exec_die|3276846192cc59d8f25d723ddb2affeb78e70e15a6818489b5b137b962905638|fleetly-founder-default-ord1-mid.1.kkt4ias5124ugxs39vcdigyf9
1790514934582250635|container|exec_create: /bin/sh -c test -f /tmp/ready|2c7e77cd64c4c3a267b991cf7444fff6aa42ec5e3e46d68fc590dbb324a07173|fleetly-founder-default-ord1-leaf.1.udtpu6pim4po9wq2ja077v8y1
1790514934582350691|container|exec_start: /bin/sh -c test -f /tmp/ready|2c7e77cd64c4c3a267b991cf7444fff6aa42ec5e3e46d68fc590dbb324a07173|fleetly-founder-default-ord1-leaf.1.udtpu6pim4po9wq2ja077v8y1
1790514934607673433|container|exec_die|2c7e77cd64c4c3a267b991cf7444fff6aa42ec5e3e46d68fc590dbb324a07173|fleetly-founder-default-ord1-leaf.1.udtpu6pim4po9wq2ja077v8y1
1790514934638078992|container|exec_create: /bin/sh -c test -f /tmp/ready|7a2bffb05227f4ed9ba0a18e62c49cec22544109f36801a2629bde6382834424|fleetly-founder-default-ord2-good.1.uiolieoheg0okw5tfjqi7bb9y
1790514934638228469|container|exec_start: /bin/sh -c test -f /tmp/ready|7a2bffb05227f4ed9ba0a18e62c49cec22544109f36801a2629bde6382834424|fleetly-founder-default-ord2-good.1.uiolieoheg0okw5tfjqi7bb9y
1790514934662718907|container|exec_die|7a2bffb05227f4ed9ba0a18e62c49cec22544109f36801a2629bde6382834424|fleetly-founder-default-ord2-good.1.uiolieoheg0okw5tfjqi7bb9y
1790514934847522931|container|exec_create: /bin/sh -c test -f /tmp/ready|294b5c2a6ea8538cb70336da0ce8b6d0f9b1527f00cf8c890bad5957af4cd0d4|fleetly-founder-default-ord1-base.1.7mt9lzqfpukj5au1v1daz2zhb
1790514934847670179|container|exec_start: /bin/sh -c test -f /tmp/ready|294b5c2a6ea8538cb70336da0ce8b6d0f9b1527f00cf8c890bad5957af4cd0d4|fleetly-founder-default-ord1-base.1.7mt9lzqfpukj5au1v1daz2zhb
1790514934872642008|container|exec_die|294b5c2a6ea8538cb70336da0ce8b6d0f9b1527f00cf8c890bad5957af4cd0d4|fleetly-founder-default-ord1-base.1.7mt9lzqfpukj5au1v1daz2zhb
1790514935108595700|network|connect|kmlldqc9tbpo8v807ge0jx0fs|fleetly-founder-default-ord2-net
1790514935132548123|container|start|2443a075fbee068d6db3629ce4f66d91cfdd01b40a8d5deedb8a09625269f9d9|fleetly-founder-default-ord2-bad.1.x1x7p6vxig80bjt7n9fkvrbst
1790514935363626519|container|exec_create: /bin/sh -c test -f /tmp/ready|3276846192cc59d8f25d723ddb2affeb78e70e15a6818489b5b137b962905638|fleetly-founder-default-ord1-mid.1.kkt4ias5124ugxs39vcdigyf9
1790514935363723789|container|exec_start: /bin/sh -c test -f /tmp/ready|3276846192cc59d8f25d723ddb2affeb78e70e15a6818489b5b137b962905638|fleetly-founder-default-ord1-mid.1.kkt4ias5124ugxs39vcdigyf9
1790514935382386179|network|disconnect|kmlldqc9tbpo8v807ge0jx0fs|fleetly-founder-default-ord2-net
1790514935391679924|container|exec_die|3276846192cc59d8f25d723ddb2affeb78e70e15a6818489b5b137b962905638|fleetly-founder-default-ord1-mid.1.kkt4ias5124ugxs39vcdigyf9
1790514935411616282|container|die|2443a075fbee068d6db3629ce4f66d91cfdd01b40a8d5deedb8a09625269f9d9|fleetly-founder-default-ord2-bad.1.x1x7p6vxig80bjt7n9fkvrbst
1790514935609146179|container|exec_create: /bin/sh -c test -f /tmp/ready|2c7e77cd64c4c3a267b991cf7444fff6aa42ec5e3e46d68fc590dbb324a07173|fleetly-founder-default-ord1-leaf.1.udtpu6pim4po9wq2ja077v8y1
1790514935609262271|container|exec_start: /bin/sh -c test -f /tmp/ready|2c7e77cd64c4c3a267b991cf7444fff6aa42ec5e3e46d68fc590dbb324a07173|fleetly-founder-default-ord1-leaf.1.udtpu6pim4po9wq2ja077v8y1
1790514935633772259|container|exec_die|2c7e77cd64c4c3a267b991cf7444fff6aa42ec5e3e46d68fc590dbb324a07173|fleetly-founder-default-ord1-leaf.1.udtpu6pim4po9wq2ja077v8y1
1790514935664222904|container|exec_create: /bin/sh -c test -f /tmp/ready|7a2bffb05227f4ed9ba0a18e62c49cec22544109f36801a2629bde6382834424|fleetly-founder-default-ord2-good.1.uiolieoheg0okw5tfjqi7bb9y
1790514935664341525|container|exec_start: /bin/sh -c test -f /tmp/ready|7a2bffb05227f4ed9ba0a18e62c49cec22544109f36801a2629bde6382834424|fleetly-founder-default-ord2-good.1.uiolieoheg0okw5tfjqi7bb9y
1790514935693687070|container|exec_die|7a2bffb05227f4ed9ba0a18e62c49cec22544109f36801a2629bde6382834424|fleetly-founder-default-ord2-good.1.uiolieoheg0okw5tfjqi7bb9y
1790514935809573413|container|create|5ff12fa3e564ea6578af89a74343eef4f9b04d012e2d069cd49ebdcaa47342a6|fleetly-founder-default-ord2-bad.1.u49bdhqd0ak1oa1igg5ga81j2
1790514935873525745|container|exec_create: /bin/sh -c test -f /tmp/ready|294b5c2a6ea8538cb70336da0ce8b6d0f9b1527f00cf8c890bad5957af4cd0d4|fleetly-founder-default-ord1-base.1.7mt9lzqfpukj5au1v1daz2zhb
1790514935873631139|container|exec_start: /bin/sh -c test -f /tmp/ready|294b5c2a6ea8538cb70336da0ce8b6d0f9b1527f00cf8c890bad5957af4cd0d4|fleetly-founder-default-ord1-base.1.7mt9lzqfpukj5au1v1daz2zhb
1790514935897804721|container|exec_die|294b5c2a6ea8538cb70336da0ce8b6d0f9b1527f00cf8c890bad5957af4cd0d4|fleetly-founder-default-ord1-base.1.7mt9lzqfpukj5au1v1daz2zhb
1790514935991940950|container|exec_create: traefik healthcheck --ping|10f729bd3ecbe5d3b5bdca74a1a044b77292be9a58bfadfded0ed1001b265a80|fleetly-ingress.z2gwuj5qk2dmubnl69q06q3qc.x8xfprupx3rld4okk2mvocb92
1790514935992083652|container|exec_start: traefik healthcheck --ping|10f729bd3ecbe5d3b5bdca74a1a044b77292be9a58bfadfded0ed1001b265a80|fleetly-ingress.z2gwuj5qk2dmubnl69q06q3qc.x8xfprupx3rld4okk2mvocb92
1790514936028875011|container|exec_die|10f729bd3ecbe5d3b5bdca74a1a044b77292be9a58bfadfded0ed1001b265a80|fleetly-ingress.z2gwuj5qk2dmubnl69q06q3qc.x8xfprupx3rld4okk2mvocb92
1790514936393012085|container|exec_create: /bin/sh -c test -f /tmp/ready|3276846192cc59d8f25d723ddb2affeb78e70e15a6818489b5b137b962905638|fleetly-founder-default-ord1-mid.1.kkt4ias5124ugxs39vcdigyf9
1790514936393143337|container|exec_start: /bin/sh -c test -f /tmp/ready|3276846192cc59d8f25d723ddb2affeb78e70e15a6818489b5b137b962905638|fleetly-founder-default-ord1-mid.1.kkt4ias5124ugxs39vcdigyf9
1790514936417583108|container|exec_die|3276846192cc59d8f25d723ddb2affeb78e70e15a6818489b5b137b962905638|fleetly-founder-default-ord1-mid.1.kkt4ias5124ugxs39vcdigyf9
1790514936634508349|container|exec_create: /bin/sh -c test -f /tmp/ready|2c7e77cd64c4c3a267b991cf7444fff6aa42ec5e3e46d68fc590dbb324a07173|fleetly-founder-default-ord1-leaf.1.udtpu6pim4po9wq2ja077v8y1
1790514936634597287|container|exec_start: /bin/sh -c test -f /tmp/ready|2c7e77cd64c4c3a267b991cf7444fff6aa42ec5e3e46d68fc590dbb324a07173|fleetly-founder-default-ord1-leaf.1.udtpu6pim4po9wq2ja077v8y1
1790514936659632727|container|exec_die|2c7e77cd64c4c3a267b991cf7444fff6aa42ec5e3e46d68fc590dbb324a07173|fleetly-founder-default-ord1-leaf.1.udtpu6pim4po9wq2ja077v8y1
1790514936694650211|container|exec_create: /bin/sh -c test -f /tmp/ready|7a2bffb05227f4ed9ba0a18e62c49cec22544109f36801a2629bde6382834424|fleetly-founder-default-ord2-good.1.uiolieoheg0okw5tfjqi7bb9y
1790514936694771470|container|exec_start: /bin/sh -c test -f /tmp/ready|7a2bffb05227f4ed9ba0a18e62c49cec22544109f36801a2629bde6382834424|fleetly-founder-default-ord2-good.1.uiolieoheg0okw5tfjqi7bb9y
1790514936720780244|container|exec_die|7a2bffb05227f4ed9ba0a18e62c49cec22544109f36801a2629bde6382834424|fleetly-founder-default-ord2-good.1.uiolieoheg0okw5tfjqi7bb9y
1790514936898712921|container|exec_create: /bin/sh -c test -f /tmp/ready|294b5c2a6ea8538cb70336da0ce8b6d0f9b1527f00cf8c890bad5957af4cd0d4|fleetly-founder-default-ord1-base.1.7mt9lzqfpukj5au1v1daz2zhb
1790514936898859625|container|exec_start: /bin/sh -c test -f /tmp/ready|294b5c2a6ea8538cb70336da0ce8b6d0f9b1527f00cf8c890bad5957af4cd0d4|fleetly-founder-default-ord1-base.1.7mt9lzqfpukj5au1v1daz2zhb
1790514936923677579|container|exec_die|294b5c2a6ea8538cb70336da0ce8b6d0f9b1527f00cf8c890bad5957af4cd0d4|fleetly-founder-default-ord1-base.1.7mt9lzqfpukj5au1v1daz2zhb
1790514937418477424|container|exec_create: /bin/sh -c test -f /tmp/ready|3276846192cc59d8f25d723ddb2affeb78e70e15a6818489b5b137b962905638|fleetly-founder-default-ord1-mid.1.kkt4ias5124ugxs39vcdigyf9
1790514937418579347|container|exec_start: /bin/sh -c test -f /tmp/ready|3276846192cc59d8f25d723ddb2affeb78e70e15a6818489b5b137b962905638|fleetly-founder-default-ord1-mid.1.kkt4ias5124ugxs39vcdigyf9
1790514937444127617|container|exec_die|3276846192cc59d8f25d723ddb2affeb78e70e15a6818489b5b137b962905638|fleetly-founder-default-ord1-mid.1.kkt4ias5124ugxs39vcdigyf9
1790514937660539228|container|exec_create: /bin/sh -c test -f /tmp/ready|2c7e77cd64c4c3a267b991cf7444fff6aa42ec5e3e46d68fc590dbb324a07173|fleetly-founder-default-ord1-leaf.1.udtpu6pim4po9wq2ja077v8y1
1790514937660635484|container|exec_start: /bin/sh -c test -f /tmp/ready|2c7e77cd64c4c3a267b991cf7444fff6aa42ec5e3e46d68fc590dbb324a07173|fleetly-founder-default-ord1-leaf.1.udtpu6pim4po9wq2ja077v8y1
1790514937685721962|container|exec_die|2c7e77cd64c4c3a267b991cf7444fff6aa42ec5e3e46d68fc590dbb324a07173|fleetly-founder-default-ord1-leaf.1.udtpu6pim4po9wq2ja077v8y1
1790514937721402911|container|exec_create: /bin/sh -c test -f /tmp/ready|7a2bffb05227f4ed9ba0a18e62c49cec22544109f36801a2629bde6382834424|fleetly-founder-default-ord2-good.1.uiolieoheg0okw5tfjqi7bb9y
1790514937721529820|container|exec_start: /bin/sh -c test -f /tmp/ready|7a2bffb05227f4ed9ba0a18e62c49cec22544109f36801a2629bde6382834424|fleetly-founder-default-ord2-good.1.uiolieoheg0okw5tfjqi7bb9y
1790514937745837569|container|exec_die|7a2bffb05227f4ed9ba0a18e62c49cec22544109f36801a2629bde6382834424|fleetly-founder-default-ord2-good.1.uiolieoheg0okw5tfjqi7bb9y
1790514937911440490|container|destroy|55b96792ef60fd4e69c3ec8ef3c1743649d87070aa4c47648d4d314a2037af97|fleetly-founder-default-ord2-bad.1.2etzamjluesre3a4pwo6vewce
1790514937924750916|container|exec_create: /bin/sh -c test -f /tmp/ready|294b5c2a6ea8538cb70336da0ce8b6d0f9b1527f00cf8c890bad5957af4cd0d4|fleetly-founder-default-ord1-base.1.7mt9lzqfpukj5au1v1daz2zhb
1790514937924854290|container|exec_start: /bin/sh -c test -f /tmp/ready|294b5c2a6ea8538cb70336da0ce8b6d0f9b1527f00cf8c890bad5957af4cd0d4|fleetly-founder-default-ord1-base.1.7mt9lzqfpukj5au1v1daz2zhb
1790514937949932300|container|exec_die|294b5c2a6ea8538cb70336da0ce8b6d0f9b1527f00cf8c890bad5957af4cd0d4|fleetly-founder-default-ord1-base.1.7mt9lzqfpukj5au1v1daz2zhb
1790514938445323303|container|exec_create: /bin/sh -c test -f /tmp/ready|3276846192cc59d8f25d723ddb2affeb78e70e15a6818489b5b137b962905638|fleetly-founder-default-ord1-mid.1.kkt4ias5124ugxs39vcdigyf9
1790514938445415683|container|exec_start: /bin/sh -c test -f /tmp/ready|3276846192cc59d8f25d723ddb2affeb78e70e15a6818489b5b137b962905638|fleetly-founder-default-ord1-mid.1.kkt4ias5124ugxs39vcdigyf9
1790514938469616332|container|exec_die|3276846192cc59d8f25d723ddb2affeb78e70e15a6818489b5b137b962905638|fleetly-founder-default-ord1-mid.1.kkt4ias5124ugxs39vcdigyf9
1790514938687278677|container|exec_create: /bin/sh -c test -f /tmp/ready|2c7e77cd64c4c3a267b991cf7444fff6aa42ec5e3e46d68fc590dbb324a07173|fleetly-founder-default-ord1-leaf.1.udtpu6pim4po9wq2ja077v8y1
1790514938687352242|container|exec_start: /bin/sh -c test -f /tmp/ready|2c7e77cd64c4c3a267b991cf7444fff6aa42ec5e3e46d68fc590dbb324a07173|fleetly-founder-default-ord1-leaf.1.udtpu6pim4po9wq2ja077v8y1
1790514938712113302|container|exec_die|2c7e77cd64c4c3a267b991cf7444fff6aa42ec5e3e46d68fc590dbb324a07173|fleetly-founder-default-ord1-leaf.1.udtpu6pim4po9wq2ja077v8y1
1790514938746814280|container|exec_create: /bin/sh -c test -f /tmp/ready|7a2bffb05227f4ed9ba0a18e62c49cec22544109f36801a2629bde6382834424|fleetly-founder-default-ord2-good.1.uiolieoheg0okw5tfjqi7bb9y
1790514938746922832|container|exec_start: /bin/sh -c test -f /tmp/ready|7a2bffb05227f4ed9ba0a18e62c49cec22544109f36801a2629bde6382834424|fleetly-founder-default-ord2-good.1.uiolieoheg0okw5tfjqi7bb9y
1790514938771750197|container|exec_die|7a2bffb05227f4ed9ba0a18e62c49cec22544109f36801a2629bde6382834424|fleetly-founder-default-ord2-good.1.uiolieoheg0okw5tfjqi7bb9y
1790514938951072552|container|exec_create: /bin/sh -c test -f /tmp/ready|294b5c2a6ea8538cb70336da0ce8b6d0f9b1527f00cf8c890bad5957af4cd0d4|fleetly-founder-default-ord1-base.1.7mt9lzqfpukj5au1v1daz2zhb
1790514938951183389|container|exec_start: /bin/sh -c test -f /tmp/ready|294b5c2a6ea8538cb70336da0ce8b6d0f9b1527f00cf8c890bad5957af4cd0d4|fleetly-founder-default-ord1-base.1.7mt9lzqfpukj5au1v1daz2zhb
1790514938976796892|container|exec_die|294b5c2a6ea8538cb70336da0ce8b6d0f9b1527f00cf8c890bad5957af4cd0d4|fleetly-founder-default-ord1-base.1.7mt9lzqfpukj5au1v1daz2zhb
1790514939470946251|container|exec_create: /bin/sh -c test -f /tmp/ready|3276846192cc59d8f25d723ddb2affeb78e70e15a6818489b5b137b962905638|fleetly-founder-default-ord1-mid.1.kkt4ias5124ugxs39vcdigyf9
1790514939471047141|container|exec_start: /bin/sh -c test -f /tmp/ready|3276846192cc59d8f25d723ddb2affeb78e70e15a6818489b5b137b962905638|fleetly-founder-default-ord1-mid.1.kkt4ias5124ugxs39vcdigyf9
1790514939495793818|container|exec_die|3276846192cc59d8f25d723ddb2affeb78e70e15a6818489b5b137b962905638|fleetly-founder-default-ord1-mid.1.kkt4ias5124ugxs39vcdigyf9
1790514939712810854|container|exec_create: /bin/sh -c test -f /tmp/ready|2c7e77cd64c4c3a267b991cf7444fff6aa42ec5e3e46d68fc590dbb324a07173|fleetly-founder-default-ord1-leaf.1.udtpu6pim4po9wq2ja077v8y1
1790514939712902306|container|exec_start: /bin/sh -c test -f /tmp/ready|2c7e77cd64c4c3a267b991cf7444fff6aa42ec5e3e46d68fc590dbb324a07173|fleetly-founder-default-ord1-leaf.1.udtpu6pim4po9wq2ja077v8y1
1790514939737958762|container|exec_die|2c7e77cd64c4c3a267b991cf7444fff6aa42ec5e3e46d68fc590dbb324a07173|fleetly-founder-default-ord1-leaf.1.udtpu6pim4po9wq2ja077v8y1
1790514939772925037|container|exec_create: /bin/sh -c test -f /tmp/ready|7a2bffb05227f4ed9ba0a18e62c49cec22544109f36801a2629bde6382834424|fleetly-founder-default-ord2-good.1.uiolieoheg0okw5tfjqi7bb9y
1790514939773016907|container|exec_start: /bin/sh -c test -f /tmp/ready|7a2bffb05227f4ed9ba0a18e62c49cec22544109f36801a2629bde6382834424|fleetly-founder-default-ord2-good.1.uiolieoheg0okw5tfjqi7bb9y
1790514939797040642|container|exec_die|7a2bffb05227f4ed9ba0a18e62c49cec22544109f36801a2629bde6382834424|fleetly-founder-default-ord2-good.1.uiolieoheg0okw5tfjqi7bb9y
1790514939977800036|container|exec_create: /bin/sh -c test -f /tmp/ready|294b5c2a6ea8538cb70336da0ce8b6d0f9b1527f00cf8c890bad5957af4cd0d4|fleetly-founder-default-ord1-base.1.7mt9lzqfpukj5au1v1daz2zhb
1790514939977923346|container|exec_start: /bin/sh -c test -f /tmp/ready|294b5c2a6ea8538cb70336da0ce8b6d0f9b1527f00cf8c890bad5957af4cd0d4|fleetly-founder-default-ord1-base.1.7mt9lzqfpukj5au1v1daz2zhb
1790514940004902164|container|exec_die|294b5c2a6ea8538cb70336da0ce8b6d0f9b1527f00cf8c890bad5957af4cd0d4|fleetly-founder-default-ord1-base.1.7mt9lzqfpukj5au1v1daz2zhb
1790514940496464285|container|exec_create: /bin/sh -c test -f /tmp/ready|3276846192cc59d8f25d723ddb2affeb78e70e15a6818489b5b137b962905638|fleetly-founder-default-ord1-mid.1.kkt4ias5124ugxs39vcdigyf9
1790514940496637096|container|exec_start: /bin/sh -c test -f /tmp/ready|3276846192cc59d8f25d723ddb2affeb78e70e15a6818489b5b137b962905638|fleetly-founder-default-ord1-mid.1.kkt4ias5124ugxs39vcdigyf9
1790514940520946332|container|exec_die|3276846192cc59d8f25d723ddb2affeb78e70e15a6818489b5b137b962905638|fleetly-founder-default-ord1-mid.1.kkt4ias5124ugxs39vcdigyf9
1790514940738884817|container|exec_create: /bin/sh -c test -f /tmp/ready|2c7e77cd64c4c3a267b991cf7444fff6aa42ec5e3e46d68fc590dbb324a07173|fleetly-founder-default-ord1-leaf.1.udtpu6pim4po9wq2ja077v8y1
1790514940738971347|container|exec_start: /bin/sh -c test -f /tmp/ready|2c7e77cd64c4c3a267b991cf7444fff6aa42ec5e3e46d68fc590dbb324a07173|fleetly-founder-default-ord1-leaf.1.udtpu6pim4po9wq2ja077v8y1
1790514940763721340|container|exec_die|2c7e77cd64c4c3a267b991cf7444fff6aa42ec5e3e46d68fc590dbb324a07173|fleetly-founder-default-ord1-leaf.1.udtpu6pim4po9wq2ja077v8y1
1790514940797407373|container|exec_create: /bin/sh -c test -f /tmp/ready|7a2bffb05227f4ed9ba0a18e62c49cec22544109f36801a2629bde6382834424|fleetly-founder-default-ord2-good.1.uiolieoheg0okw5tfjqi7bb9y
1790514940797497079|container|exec_start: /bin/sh -c test -f /tmp/ready|7a2bffb05227f4ed9ba0a18e62c49cec22544109f36801a2629bde6382834424|fleetly-founder-default-ord2-good.1.uiolieoheg0okw5tfjqi7bb9y
1790514940825976759|container|exec_die|7a2bffb05227f4ed9ba0a18e62c49cec22544109f36801a2629bde6382834424|fleetly-founder-default-ord2-good.1.uiolieoheg0okw5tfjqi7bb9y
1790514940884804195|network|connect|kmlldqc9tbpo8v807ge0jx0fs|fleetly-founder-default-ord2-net
1790514940902693439|container|start|5ff12fa3e564ea6578af89a74343eef4f9b04d012e2d069cd49ebdcaa47342a6|fleetly-founder-default-ord2-bad.1.u49bdhqd0ak1oa1igg5ga81j2
1790514941006333676|container|exec_create: /bin/sh -c test -f /tmp/ready|294b5c2a6ea8538cb70336da0ce8b6d0f9b1527f00cf8c890bad5957af4cd0d4|fleetly-founder-default-ord1-base.1.7mt9lzqfpukj5au1v1daz2zhb
1790514941006437097|container|exec_start: /bin/sh -c test -f /tmp/ready|294b5c2a6ea8538cb70336da0ce8b6d0f9b1527f00cf8c890bad5957af4cd0d4|fleetly-founder-default-ord1-base.1.7mt9lzqfpukj5au1v1daz2zhb
1790514941032096205|container|exec_die|294b5c2a6ea8538cb70336da0ce8b6d0f9b1527f00cf8c890bad5957af4cd0d4|fleetly-founder-default-ord1-base.1.7mt9lzqfpukj5au1v1daz2zhb
1790514941138668055|network|disconnect|kmlldqc9tbpo8v807ge0jx0fs|fleetly-founder-default-ord2-net
1790514941156753871|container|die|5ff12fa3e564ea6578af89a74343eef4f9b04d012e2d069cd49ebdcaa47342a6|fleetly-founder-default-ord2-bad.1.u49bdhqd0ak1oa1igg5ga81j2
1790514941482710815|container|create|ee903616c6a91d2974cf2d8a1fdfedf6bb38c137f7c98d80f4015a143f6bdcda|fleetly-founder-default-ord2-bad.1.tgc19urtxktz3c3bmothuomg6
1790514941521304792|container|exec_create: /bin/sh -c test -f /tmp/ready|3276846192cc59d8f25d723ddb2affeb78e70e15a6818489b5b137b962905638|fleetly-founder-default-ord1-mid.1.kkt4ias5124ugxs39vcdigyf9
1790514941521430693|container|exec_start: /bin/sh -c test -f /tmp/ready|3276846192cc59d8f25d723ddb2affeb78e70e15a6818489b5b137b962905638|fleetly-founder-default-ord1-mid.1.kkt4ias5124ugxs39vcdigyf9
1790514941544860471|container|exec_die|3276846192cc59d8f25d723ddb2affeb78e70e15a6818489b5b137b962905638|fleetly-founder-default-ord1-mid.1.kkt4ias5124ugxs39vcdigyf9
1790514941764472751|container|exec_create: /bin/sh -c test -f /tmp/ready|2c7e77cd64c4c3a267b991cf7444fff6aa42ec5e3e46d68fc590dbb324a07173|fleetly-founder-default-ord1-leaf.1.udtpu6pim4po9wq2ja077v8y1
1790514941764588732|container|exec_start: /bin/sh -c test -f /tmp/ready|2c7e77cd64c4c3a267b991cf7444fff6aa42ec5e3e46d68fc590dbb324a07173|fleetly-founder-default-ord1-leaf.1.udtpu6pim4po9wq2ja077v8y1
1790514941790065592|container|exec_die|2c7e77cd64c4c3a267b991cf7444fff6aa42ec5e3e46d68fc590dbb324a07173|fleetly-founder-default-ord1-leaf.1.udtpu6pim4po9wq2ja077v8y1
1790514941826730951|container|exec_create: /bin/sh -c test -f /tmp/ready|7a2bffb05227f4ed9ba0a18e62c49cec22544109f36801a2629bde6382834424|fleetly-founder-default-ord2-good.1.uiolieoheg0okw5tfjqi7bb9y
1790514941826837971|container|exec_start: /bin/sh -c test -f /tmp/ready|7a2bffb05227f4ed9ba0a18e62c49cec22544109f36801a2629bde6382834424|fleetly-founder-default-ord2-good.1.uiolieoheg0okw5tfjqi7bb9y
1790514941852067060|container|exec_die|7a2bffb05227f4ed9ba0a18e62c49cec22544109f36801a2629bde6382834424|fleetly-founder-default-ord2-good.1.uiolieoheg0okw5tfjqi7bb9y
1790514942033492989|container|exec_create: /bin/sh -c test -f /tmp/ready|294b5c2a6ea8538cb70336da0ce8b6d0f9b1527f00cf8c890bad5957af4cd0d4|fleetly-founder-default-ord1-base.1.7mt9lzqfpukj5au1v1daz2zhb
1790514942033574919|container|exec_start: /bin/sh -c test -f /tmp/ready|294b5c2a6ea8538cb70336da0ce8b6d0f9b1527f00cf8c890bad5957af4cd0d4|fleetly-founder-default-ord1-base.1.7mt9lzqfpukj5au1v1daz2zhb
1790514942058893859|container|exec_die|294b5c2a6ea8538cb70336da0ce8b6d0f9b1527f00cf8c890bad5957af4cd0d4|fleetly-founder-default-ord1-base.1.7mt9lzqfpukj5au1v1daz2zhb
1790514942545198241|container|exec_create: /bin/sh -c test -f /tmp/ready|3276846192cc59d8f25d723ddb2affeb78e70e15a6818489b5b137b962905638|fleetly-founder-default-ord1-mid.1.kkt4ias5124ugxs39vcdigyf9
1790514942545313836|container|exec_start: /bin/sh -c test -f /tmp/ready|3276846192cc59d8f25d723ddb2affeb78e70e15a6818489b5b137b962905638|fleetly-founder-default-ord1-mid.1.kkt4ias5124ugxs39vcdigyf9
1790514942570170438|container|exec_die|3276846192cc59d8f25d723ddb2affeb78e70e15a6818489b5b137b962905638|fleetly-founder-default-ord1-mid.1.kkt4ias5124ugxs39vcdigyf9
1790514942790866011|container|exec_create: /bin/sh -c test -f /tmp/ready|2c7e77cd64c4c3a267b991cf7444fff6aa42ec5e3e46d68fc590dbb324a07173|fleetly-founder-default-ord1-leaf.1.udtpu6pim4po9wq2ja077v8y1
1790514942790956096|container|exec_start: /bin/sh -c test -f /tmp/ready|2c7e77cd64c4c3a267b991cf7444fff6aa42ec5e3e46d68fc590dbb324a07173|fleetly-founder-default-ord1-leaf.1.udtpu6pim4po9wq2ja077v8y1
1790514942816107667|container|exec_die|2c7e77cd64c4c3a267b991cf7444fff6aa42ec5e3e46d68fc590dbb324a07173|fleetly-founder-default-ord1-leaf.1.udtpu6pim4po9wq2ja077v8y1
1790514942852679123|container|exec_create: /bin/sh -c test -f /tmp/ready|7a2bffb05227f4ed9ba0a18e62c49cec22544109f36801a2629bde6382834424|fleetly-founder-default-ord2-good.1.uiolieoheg0okw5tfjqi7bb9y
1790514942852778125|container|exec_start: /bin/sh -c test -f /tmp/ready|7a2bffb05227f4ed9ba0a18e62c49cec22544109f36801a2629bde6382834424|fleetly-founder-default-ord2-good.1.uiolieoheg0okw5tfjqi7bb9y
1790514942877971891|container|exec_die|7a2bffb05227f4ed9ba0a18e62c49cec22544109f36801a2629bde6382834424|fleetly-founder-default-ord2-good.1.uiolieoheg0okw5tfjqi7bb9y
1790514943059959421|container|exec_create: /bin/sh -c test -f /tmp/ready|294b5c2a6ea8538cb70336da0ce8b6d0f9b1527f00cf8c890bad5957af4cd0d4|fleetly-founder-default-ord1-base.1.7mt9lzqfpukj5au1v1daz2zhb
1790514943060091695|container|exec_start: /bin/sh -c test -f /tmp/ready|294b5c2a6ea8538cb70336da0ce8b6d0f9b1527f00cf8c890bad5957af4cd0d4|fleetly-founder-default-ord1-base.1.7mt9lzqfpukj5au1v1daz2zhb
1790514943084779102|container|exec_die|294b5c2a6ea8538cb70336da0ce8b6d0f9b1527f00cf8c890bad5957af4cd0d4|fleetly-founder-default-ord1-base.1.7mt9lzqfpukj5au1v1daz2zhb
1790514943404581015|container|destroy|0b567061854e8c89ae81712607d062261326e768d7a37a91b365968b26d6de19|fleetly-founder-default-ord2-bad.1.g2uv0bkjesbacjfgt3i04i0ml
1790514943571233129|container|exec_create: /bin/sh -c test -f /tmp/ready|3276846192cc59d8f25d723ddb2affeb78e70e15a6818489b5b137b962905638|fleetly-founder-default-ord1-mid.1.kkt4ias5124ugxs39vcdigyf9
1790514943571388549|container|exec_start: /bin/sh -c test -f /tmp/ready|3276846192cc59d8f25d723ddb2affeb78e70e15a6818489b5b137b962905638|fleetly-founder-default-ord1-mid.1.kkt4ias5124ugxs39vcdigyf9
1790514943596088311|container|exec_die|3276846192cc59d8f25d723ddb2affeb78e70e15a6818489b5b137b962905638|fleetly-founder-default-ord1-mid.1.kkt4ias5124ugxs39vcdigyf9
1790514943817196870|container|exec_create: /bin/sh -c test -f /tmp/ready|2c7e77cd64c4c3a267b991cf7444fff6aa42ec5e3e46d68fc590dbb324a07173|fleetly-founder-default-ord1-leaf.1.udtpu6pim4po9wq2ja077v8y1
1790514943817325009|container|exec_start: /bin/sh -c test -f /tmp/ready|2c7e77cd64c4c3a267b991cf7444fff6aa42ec5e3e46d68fc590dbb324a07173|fleetly-founder-default-ord1-leaf.1.udtpu6pim4po9wq2ja077v8y1
1790514943841903582|container|exec_die|2c7e77cd64c4c3a267b991cf7444fff6aa42ec5e3e46d68fc590dbb324a07173|fleetly-founder-default-ord1-leaf.1.udtpu6pim4po9wq2ja077v8y1
1790514943879363054|container|exec_create: /bin/sh -c test -f /tmp/ready|7a2bffb05227f4ed9ba0a18e62c49cec22544109f36801a2629bde6382834424|fleetly-founder-default-ord2-good.1.uiolieoheg0okw5tfjqi7bb9y
1790514943879449686|container|exec_start: /bin/sh -c test -f /tmp/ready|7a2bffb05227f4ed9ba0a18e62c49cec22544109f36801a2629bde6382834424|fleetly-founder-default-ord2-good.1.uiolieoheg0okw5tfjqi7bb9y
1790514943903978856|container|exec_die|7a2bffb05227f4ed9ba0a18e62c49cec22544109f36801a2629bde6382834424|fleetly-founder-default-ord2-good.1.uiolieoheg0okw5tfjqi7bb9y
1790514944085745139|container|exec_create: /bin/sh -c test -f /tmp/ready|294b5c2a6ea8538cb70336da0ce8b6d0f9b1527f00cf8c890bad5957af4cd0d4|fleetly-founder-default-ord1-base.1.7mt9lzqfpukj5au1v1daz2zhb
1790514944085843437|container|exec_start: /bin/sh -c test -f /tmp/ready|294b5c2a6ea8538cb70336da0ce8b6d0f9b1527f00cf8c890bad5957af4cd0d4|fleetly-founder-default-ord1-base.1.7mt9lzqfpukj5au1v1daz2zhb
1790514944110168211|container|exec_die|294b5c2a6ea8538cb70336da0ce8b6d0f9b1527f00cf8c890bad5957af4cd0d4|fleetly-founder-default-ord1-base.1.7mt9lzqfpukj5au1v1daz2zhb
1790514944597554947|container|exec_create: /bin/sh -c test -f /tmp/ready|3276846192cc59d8f25d723ddb2affeb78e70e15a6818489b5b137b962905638|fleetly-founder-default-ord1-mid.1.kkt4ias5124ugxs39vcdigyf9
1790514944597702645|container|exec_start: /bin/sh -c test -f /tmp/ready|3276846192cc59d8f25d723ddb2affeb78e70e15a6818489b5b137b962905638|fleetly-founder-default-ord1-mid.1.kkt4ias5124ugxs39vcdigyf9
1790514944622177620|container|exec_die|3276846192cc59d8f25d723ddb2affeb78e70e15a6818489b5b137b962905638|fleetly-founder-default-ord1-mid.1.kkt4ias5124ugxs39vcdigyf9
1790514944842880212|container|exec_create: /bin/sh -c test -f /tmp/ready|2c7e77cd64c4c3a267b991cf7444fff6aa42ec5e3e46d68fc590dbb324a07173|fleetly-founder-default-ord1-leaf.1.udtpu6pim4po9wq2ja077v8y1
1790514944843042398|container|exec_start: /bin/sh -c test -f /tmp/ready|2c7e77cd64c4c3a267b991cf7444fff6aa42ec5e3e46d68fc590dbb324a07173|fleetly-founder-default-ord1-leaf.1.udtpu6pim4po9wq2ja077v8y1
1790514944868237946|container|exec_die|2c7e77cd64c4c3a267b991cf7444fff6aa42ec5e3e46d68fc590dbb324a07173|fleetly-founder-default-ord1-leaf.1.udtpu6pim4po9wq2ja077v8y1
1790514944904988196|container|exec_create: /bin/sh -c test -f /tmp/ready|7a2bffb05227f4ed9ba0a18e62c49cec22544109f36801a2629bde6382834424|fleetly-founder-default-ord2-good.1.uiolieoheg0okw5tfjqi7bb9y
1790514944905079491|container|exec_start: /bin/sh -c test -f /tmp/ready|7a2bffb05227f4ed9ba0a18e62c49cec22544109f36801a2629bde6382834424|fleetly-founder-default-ord2-good.1.uiolieoheg0okw5tfjqi7bb9y
1790514944930066773|container|exec_die|7a2bffb05227f4ed9ba0a18e62c49cec22544109f36801a2629bde6382834424|fleetly-founder-default-ord2-good.1.uiolieoheg0okw5tfjqi7bb9y
1790514945110867676|container|exec_create: /bin/sh -c test -f /tmp/ready|294b5c2a6ea8538cb70336da0ce8b6d0f9b1527f00cf8c890bad5957af4cd0d4|fleetly-founder-default-ord1-base.1.7mt9lzqfpukj5au1v1daz2zhb
1790514945110976859|container|exec_start: /bin/sh -c test -f /tmp/ready|294b5c2a6ea8538cb70336da0ce8b6d0f9b1527f00cf8c890bad5957af4cd0d4|fleetly-founder-default-ord1-base.1.7mt9lzqfpukj5au1v1daz2zhb
1790514945135980968|container|exec_die|294b5c2a6ea8538cb70336da0ce8b6d0f9b1527f00cf8c890bad5957af4cd0d4|fleetly-founder-default-ord1-base.1.7mt9lzqfpukj5au1v1daz2zhb
1790514945622554844|container|exec_create: /bin/sh -c test -f /tmp/ready|3276846192cc59d8f25d723ddb2affeb78e70e15a6818489b5b137b962905638|fleetly-founder-default-ord1-mid.1.kkt4ias5124ugxs39vcdigyf9
1790514945622677640|container|exec_start: /bin/sh -c test -f /tmp/ready|3276846192cc59d8f25d723ddb2affeb78e70e15a6818489b5b137b962905638|fleetly-founder-default-ord1-mid.1.kkt4ias5124ugxs39vcdigyf9
1790514945646999692|container|exec_die|3276846192cc59d8f25d723ddb2affeb78e70e15a6818489b5b137b962905638|fleetly-founder-default-ord1-mid.1.kkt4ias5124ugxs39vcdigyf9
1790514945869197506|container|exec_create: /bin/sh -c test -f /tmp/ready|2c7e77cd64c4c3a267b991cf7444fff6aa42ec5e3e46d68fc590dbb324a07173|fleetly-founder-default-ord1-leaf.1.udtpu6pim4po9wq2ja077v8y1
1790514945869295369|container|exec_start: /bin/sh -c test -f /tmp/ready|2c7e77cd64c4c3a267b991cf7444fff6aa42ec5e3e46d68fc590dbb324a07173|fleetly-founder-default-ord1-leaf.1.udtpu6pim4po9wq2ja077v8y1
1790514945897105356|container|exec_die|2c7e77cd64c4c3a267b991cf7444fff6aa42ec5e3e46d68fc590dbb324a07173|fleetly-founder-default-ord1-leaf.1.udtpu6pim4po9wq2ja077v8y1
1790514945930843532|container|exec_create: /bin/sh -c test -f /tmp/ready|7a2bffb05227f4ed9ba0a18e62c49cec22544109f36801a2629bde6382834424|fleetly-founder-default-ord2-good.1.uiolieoheg0okw5tfjqi7bb9y
1790514945930936374|container|exec_start: /bin/sh -c test -f /tmp/ready|7a2bffb05227f4ed9ba0a18e62c49cec22544109f36801a2629bde6382834424|fleetly-founder-default-ord2-good.1.uiolieoheg0okw5tfjqi7bb9y
1790514945956073708|container|exec_die|7a2bffb05227f4ed9ba0a18e62c49cec22544109f36801a2629bde6382834424|fleetly-founder-default-ord2-good.1.uiolieoheg0okw5tfjqi7bb9y
1790514946029871514|container|exec_create: traefik healthcheck --ping|10f729bd3ecbe5d3b5bdca74a1a044b77292be9a58bfadfded0ed1001b265a80|fleetly-ingress.z2gwuj5qk2dmubnl69q06q3qc.x8xfprupx3rld4okk2mvocb92
1790514946029993285|container|exec_start: traefik healthcheck --ping|10f729bd3ecbe5d3b5bdca74a1a044b77292be9a58bfadfded0ed1001b265a80|fleetly-ingress.z2gwuj5qk2dmubnl69q06q3qc.x8xfprupx3rld4okk2mvocb92
1790514946066105364|container|exec_die|10f729bd3ecbe5d3b5bdca74a1a044b77292be9a58bfadfded0ed1001b265a80|fleetly-ingress.z2gwuj5qk2dmubnl69q06q3qc.x8xfprupx3rld4okk2mvocb92
1790514946137147617|container|exec_create: /bin/sh -c test -f /tmp/ready|294b5c2a6ea8538cb70336da0ce8b6d0f9b1527f00cf8c890bad5957af4cd0d4|fleetly-founder-default-ord1-base.1.7mt9lzqfpukj5au1v1daz2zhb
1790514946137259877|container|exec_start: /bin/sh -c test -f /tmp/ready|294b5c2a6ea8538cb70336da0ce8b6d0f9b1527f00cf8c890bad5957af4cd0d4|fleetly-founder-default-ord1-base.1.7mt9lzqfpukj5au1v1daz2zhb
1790514946160972994|container|exec_die|294b5c2a6ea8538cb70336da0ce8b6d0f9b1527f00cf8c890bad5957af4cd0d4|fleetly-founder-default-ord1-base.1.7mt9lzqfpukj5au1v1daz2zhb
1790514946495914338|network|connect|kmlldqc9tbpo8v807ge0jx0fs|fleetly-founder-default-ord2-net
1790514946513961673|container|start|ee903616c6a91d2974cf2d8a1fdfedf6bb38c137f7c98d80f4015a143f6bdcda|fleetly-founder-default-ord2-bad.1.tgc19urtxktz3c3bmothuomg6
1790514946647276132|container|exec_create: /bin/sh -c test -f /tmp/ready|3276846192cc59d8f25d723ddb2affeb78e70e15a6818489b5b137b962905638|fleetly-founder-default-ord1-mid.1.kkt4ias5124ugxs39vcdigyf9
1790514946647345804|container|exec_start: /bin/sh -c test -f /tmp/ready|3276846192cc59d8f25d723ddb2affeb78e70e15a6818489b5b137b962905638|fleetly-founder-default-ord1-mid.1.kkt4ias5124ugxs39vcdigyf9
1790514946672086743|container|exec_die|3276846192cc59d8f25d723ddb2affeb78e70e15a6818489b5b137b962905638|fleetly-founder-default-ord1-mid.1.kkt4ias5124ugxs39vcdigyf9
1790514946782974048|network|disconnect|kmlldqc9tbpo8v807ge0jx0fs|fleetly-founder-default-ord2-net
1790514946801005960|container|die|ee903616c6a91d2974cf2d8a1fdfedf6bb38c137f7c98d80f4015a143f6bdcda|fleetly-founder-default-ord2-bad.1.tgc19urtxktz3c3bmothuomg6
1790514946897903323|container|exec_create: /bin/sh -c test -f /tmp/ready|2c7e77cd64c4c3a267b991cf7444fff6aa42ec5e3e46d68fc590dbb324a07173|fleetly-founder-default-ord1-leaf.1.udtpu6pim4po9wq2ja077v8y1
1790514946898002450|container|exec_start: /bin/sh -c test -f /tmp/ready|2c7e77cd64c4c3a267b991cf7444fff6aa42ec5e3e46d68fc590dbb324a07173|fleetly-founder-default-ord1-leaf.1.udtpu6pim4po9wq2ja077v8y1
1790514946922447574|container|exec_die|2c7e77cd64c4c3a267b991cf7444fff6aa42ec5e3e46d68fc590dbb324a07173|fleetly-founder-default-ord1-leaf.1.udtpu6pim4po9wq2ja077v8y1
1790514946957159450|container|exec_create: /bin/sh -c test -f /tmp/ready|7a2bffb05227f4ed9ba0a18e62c49cec22544109f36801a2629bde6382834424|fleetly-founder-default-ord2-good.1.uiolieoheg0okw5tfjqi7bb9y
1790514946957267210|container|exec_start: /bin/sh -c test -f /tmp/ready|7a2bffb05227f4ed9ba0a18e62c49cec22544109f36801a2629bde6382834424|fleetly-founder-default-ord2-good.1.uiolieoheg0okw5tfjqi7bb9y
1790514946981019658|container|exec_die|7a2bffb05227f4ed9ba0a18e62c49cec22544109f36801a2629bde6382834424|fleetly-founder-default-ord2-good.1.uiolieoheg0okw5tfjqi7bb9y
1790514947128009556|container|create|1843ff878ed8f87c017855d88c17fbbac53b54158f703a958417d678b58b4491|fleetly-founder-default-ord2-bad.1.e7jniref8s5hhkag5pdxqg7y3
1790514947161716025|container|exec_create: /bin/sh -c test -f /tmp/ready|294b5c2a6ea8538cb70336da0ce8b6d0f9b1527f00cf8c890bad5957af4cd0d4|fleetly-founder-default-ord1-base.1.7mt9lzqfpukj5au1v1daz2zhb
1790514947161824404|container|exec_start: /bin/sh -c test -f /tmp/ready|294b5c2a6ea8538cb70336da0ce8b6d0f9b1527f00cf8c890bad5957af4cd0d4|fleetly-founder-default-ord1-base.1.7mt9lzqfpukj5au1v1daz2zhb
1790514947187068735|container|exec_die|294b5c2a6ea8538cb70336da0ce8b6d0f9b1527f00cf8c890bad5957af4cd0d4|fleetly-founder-default-ord1-base.1.7mt9lzqfpukj5au1v1daz2zhb
1790514947673087206|container|exec_create: /bin/sh -c test -f /tmp/ready|3276846192cc59d8f25d723ddb2affeb78e70e15a6818489b5b137b962905638|fleetly-founder-default-ord1-mid.1.kkt4ias5124ugxs39vcdigyf9
1790514947673170778|container|exec_start: /bin/sh -c test -f /tmp/ready|3276846192cc59d8f25d723ddb2affeb78e70e15a6818489b5b137b962905638|fleetly-founder-default-ord1-mid.1.kkt4ias5124ugxs39vcdigyf9
1790514947698124092|container|exec_die|3276846192cc59d8f25d723ddb2affeb78e70e15a6818489b5b137b962905638|fleetly-founder-default-ord1-mid.1.kkt4ias5124ugxs39vcdigyf9
1790514947923076403|container|exec_create: /bin/sh -c test -f /tmp/ready|2c7e77cd64c4c3a267b991cf7444fff6aa42ec5e3e46d68fc590dbb324a07173|fleetly-founder-default-ord1-leaf.1.udtpu6pim4po9wq2ja077v8y1
1790514947923193209|container|exec_start: /bin/sh -c test -f /tmp/ready|2c7e77cd64c4c3a267b991cf7444fff6aa42ec5e3e46d68fc590dbb324a07173|fleetly-founder-default-ord1-leaf.1.udtpu6pim4po9wq2ja077v8y1
1790514947948098497|container|exec_die|2c7e77cd64c4c3a267b991cf7444fff6aa42ec5e3e46d68fc590dbb324a07173|fleetly-founder-default-ord1-leaf.1.udtpu6pim4po9wq2ja077v8y1
1790514947981956733|container|exec_create: /bin/sh -c test -f /tmp/ready|7a2bffb05227f4ed9ba0a18e62c49cec22544109f36801a2629bde6382834424|fleetly-founder-default-ord2-good.1.uiolieoheg0okw5tfjqi7bb9y
1790514947982066378|container|exec_start: /bin/sh -c test -f /tmp/ready|7a2bffb05227f4ed9ba0a18e62c49cec22544109f36801a2629bde6382834424|fleetly-founder-default-ord2-good.1.uiolieoheg0okw5tfjqi7bb9y
1790514948007216670|container|exec_die|7a2bffb05227f4ed9ba0a18e62c49cec22544109f36801a2629bde6382834424|fleetly-founder-default-ord2-good.1.uiolieoheg0okw5tfjqi7bb9y
1790514948188336860|container|exec_create: /bin/sh -c test -f /tmp/ready|294b5c2a6ea8538cb70336da0ce8b6d0f9b1527f00cf8c890bad5957af4cd0d4|fleetly-founder-default-ord1-base.1.7mt9lzqfpukj5au1v1daz2zhb
1790514948188458385|container|exec_start: /bin/sh -c test -f /tmp/ready|294b5c2a6ea8538cb70336da0ce8b6d0f9b1527f00cf8c890bad5957af4cd0d4|fleetly-founder-default-ord1-base.1.7mt9lzqfpukj5au1v1daz2zhb
1790514948213468303|container|exec_die|294b5c2a6ea8538cb70336da0ce8b6d0f9b1527f00cf8c890bad5957af4cd0d4|fleetly-founder-default-ord1-base.1.7mt9lzqfpukj5au1v1daz2zhb
1790514948698400897|container|exec_create: /bin/sh -c test -f /tmp/ready|3276846192cc59d8f25d723ddb2affeb78e70e15a6818489b5b137b962905638|fleetly-founder-default-ord1-mid.1.kkt4ias5124ugxs39vcdigyf9
1790514948698452005|container|exec_start: /bin/sh -c test -f /tmp/ready|3276846192cc59d8f25d723ddb2affeb78e70e15a6818489b5b137b962905638|fleetly-founder-default-ord1-mid.1.kkt4ias5124ugxs39vcdigyf9
1790514948722291967|container|exec_die|3276846192cc59d8f25d723ddb2affeb78e70e15a6818489b5b137b962905638|fleetly-founder-default-ord1-mid.1.kkt4ias5124ugxs39vcdigyf9
1790514948949245475|container|exec_create: /bin/sh -c test -f /tmp/ready|2c7e77cd64c4c3a267b991cf7444fff6aa42ec5e3e46d68fc590dbb324a07173|fleetly-founder-default-ord1-leaf.1.udtpu6pim4po9wq2ja077v8y1
1790514948949363632|container|exec_start: /bin/sh -c test -f /tmp/ready|2c7e77cd64c4c3a267b991cf7444fff6aa42ec5e3e46d68fc590dbb324a07173|fleetly-founder-default-ord1-leaf.1.udtpu6pim4po9wq2ja077v8y1
1790514948974433271|container|exec_die|2c7e77cd64c4c3a267b991cf7444fff6aa42ec5e3e46d68fc590dbb324a07173|fleetly-founder-default-ord1-leaf.1.udtpu6pim4po9wq2ja077v8y1
1790514949008084759|container|exec_create: /bin/sh -c test -f /tmp/ready|7a2bffb05227f4ed9ba0a18e62c49cec22544109f36801a2629bde6382834424|fleetly-founder-default-ord2-good.1.uiolieoheg0okw5tfjqi7bb9y
1790514949008181375|container|exec_start: /bin/sh -c test -f /tmp/ready|7a2bffb05227f4ed9ba0a18e62c49cec22544109f36801a2629bde6382834424|fleetly-founder-default-ord2-good.1.uiolieoheg0okw5tfjqi7bb9y
1790514949032095515|container|exec_die|7a2bffb05227f4ed9ba0a18e62c49cec22544109f36801a2629bde6382834424|fleetly-founder-default-ord2-good.1.uiolieoheg0okw5tfjqi7bb9y
1790514949065763388|container|destroy|e9fdb9b15659174908ff746b0a56b3913f47be4d9340cbfcd45602eafded739c|fleetly-founder-default-ord2-bad.1.hd6t47ioikuxn9febl3f9ky4s
1790514949214765017|container|exec_create: /bin/sh -c test -f /tmp/ready|294b5c2a6ea8538cb70336da0ce8b6d0f9b1527f00cf8c890bad5957af4cd0d4|fleetly-founder-default-ord1-base.1.7mt9lzqfpukj5au1v1daz2zhb
1790514949214867150|container|exec_start: /bin/sh -c test -f /tmp/ready|294b5c2a6ea8538cb70336da0ce8b6d0f9b1527f00cf8c890bad5957af4cd0d4|fleetly-founder-default-ord1-base.1.7mt9lzqfpukj5au1v1daz2zhb
1790514949239243075|container|exec_die|294b5c2a6ea8538cb70336da0ce8b6d0f9b1527f00cf8c890bad5957af4cd0d4|fleetly-founder-default-ord1-base.1.7mt9lzqfpukj5au1v1daz2zhb
1790514949723650698|container|exec_create: /bin/sh -c test -f /tmp/ready|3276846192cc59d8f25d723ddb2affeb78e70e15a6818489b5b137b962905638|fleetly-founder-default-ord1-mid.1.kkt4ias5124ugxs39vcdigyf9
1790514949723736407|container|exec_start: /bin/sh -c test -f /tmp/ready|3276846192cc59d8f25d723ddb2affeb78e70e15a6818489b5b137b962905638|fleetly-founder-default-ord1-mid.1.kkt4ias5124ugxs39vcdigyf9
1790514949748342333|container|exec_die|3276846192cc59d8f25d723ddb2affeb78e70e15a6818489b5b137b962905638|fleetly-founder-default-ord1-mid.1.kkt4ias5124ugxs39vcdigyf9
1790514949975563580|container|exec_create: /bin/sh -c test -f /tmp/ready|2c7e77cd64c4c3a267b991cf7444fff6aa42ec5e3e46d68fc590dbb324a07173|fleetly-founder-default-ord1-leaf.1.udtpu6pim4po9wq2ja077v8y1
1790514949975699924|container|exec_start: /bin/sh -c test -f /tmp/ready|2c7e77cd64c4c3a267b991cf7444fff6aa42ec5e3e46d68fc590dbb324a07173|fleetly-founder-default-ord1-leaf.1.udtpu6pim4po9wq2ja077v8y1
1790514950001330875|container|exec_die|2c7e77cd64c4c3a267b991cf7444fff6aa42ec5e3e46d68fc590dbb324a07173|fleetly-founder-default-ord1-leaf.1.udtpu6pim4po9wq2ja077v8y1
1790514950033028561|container|exec_create: /bin/sh -c test -f /tmp/ready|7a2bffb05227f4ed9ba0a18e62c49cec22544109f36801a2629bde6382834424|fleetly-founder-default-ord2-good.1.uiolieoheg0okw5tfjqi7bb9y
1790514950033128116|container|exec_start: /bin/sh -c test -f /tmp/ready|7a2bffb05227f4ed9ba0a18e62c49cec22544109f36801a2629bde6382834424|fleetly-founder-default-ord2-good.1.uiolieoheg0okw5tfjqi7bb9y
1790514950058252416|container|exec_die|7a2bffb05227f4ed9ba0a18e62c49cec22544109f36801a2629bde6382834424|fleetly-founder-default-ord2-good.1.uiolieoheg0okw5tfjqi7bb9y
1790514950240165279|container|exec_create: /bin/sh -c test -f /tmp/ready|294b5c2a6ea8538cb70336da0ce8b6d0f9b1527f00cf8c890bad5957af4cd0d4|fleetly-founder-default-ord1-base.1.7mt9lzqfpukj5au1v1daz2zhb
1790514950240292047|container|exec_start: /bin/sh -c test -f /tmp/ready|294b5c2a6ea8538cb70336da0ce8b6d0f9b1527f00cf8c890bad5957af4cd0d4|fleetly-founder-default-ord1-base.1.7mt9lzqfpukj5au1v1daz2zhb
1790514950265514067|container|exec_die|294b5c2a6ea8538cb70336da0ce8b6d0f9b1527f00cf8c890bad5957af4cd0d4|fleetly-founder-default-ord1-base.1.7mt9lzqfpukj5au1v1daz2zhb
1790514950749196510|container|exec_create: /bin/sh -c test -f /tmp/ready|3276846192cc59d8f25d723ddb2affeb78e70e15a6818489b5b137b962905638|fleetly-founder-default-ord1-mid.1.kkt4ias5124ugxs39vcdigyf9
1790514950749324486|container|exec_start: /bin/sh -c test -f /tmp/ready|3276846192cc59d8f25d723ddb2affeb78e70e15a6818489b5b137b962905638|fleetly-founder-default-ord1-mid.1.kkt4ias5124ugxs39vcdigyf9
1790514950773188409|container|exec_die|3276846192cc59d8f25d723ddb2affeb78e70e15a6818489b5b137b962905638|fleetly-founder-default-ord1-mid.1.kkt4ias5124ugxs39vcdigyf9
1790514951001826675|container|exec_create: /bin/sh -c test -f /tmp/ready|2c7e77cd64c4c3a267b991cf7444fff6aa42ec5e3e46d68fc590dbb324a07173|fleetly-founder-default-ord1-leaf.1.udtpu6pim4po9wq2ja077v8y1
1790514951001970672|container|exec_start: /bin/sh -c test -f /tmp/ready|2c7e77cd64c4c3a267b991cf7444fff6aa42ec5e3e46d68fc590dbb324a07173|fleetly-founder-default-ord1-leaf.1.udtpu6pim4po9wq2ja077v8y1
1790514951027221998|container|exec_die|2c7e77cd64c4c3a267b991cf7444fff6aa42ec5e3e46d68fc590dbb324a07173|fleetly-founder-default-ord1-leaf.1.udtpu6pim4po9wq2ja077v8y1
1790514951058843105|container|exec_create: /bin/sh -c test -f /tmp/ready|7a2bffb05227f4ed9ba0a18e62c49cec22544109f36801a2629bde6382834424|fleetly-founder-default-ord2-good.1.uiolieoheg0okw5tfjqi7bb9y
1790514951058952472|container|exec_start: /bin/sh -c test -f /tmp/ready|7a2bffb05227f4ed9ba0a18e62c49cec22544109f36801a2629bde6382834424|fleetly-founder-default-ord2-good.1.uiolieoheg0okw5tfjqi7bb9y
1790514951083107565|container|exec_die|7a2bffb05227f4ed9ba0a18e62c49cec22544109f36801a2629bde6382834424|fleetly-founder-default-ord2-good.1.uiolieoheg0okw5tfjqi7bb9y
1790514951266342328|container|exec_create: /bin/sh -c test -f /tmp/ready|294b5c2a6ea8538cb70336da0ce8b6d0f9b1527f00cf8c890bad5957af4cd0d4|fleetly-founder-default-ord1-base.1.7mt9lzqfpukj5au1v1daz2zhb
1790514951266467355|container|exec_start: /bin/sh -c test -f /tmp/ready|294b5c2a6ea8538cb70336da0ce8b6d0f9b1527f00cf8c890bad5957af4cd0d4|fleetly-founder-default-ord1-base.1.7mt9lzqfpukj5au1v1daz2zhb
1790514951290233114|container|exec_die|294b5c2a6ea8538cb70336da0ce8b6d0f9b1527f00cf8c890bad5957af4cd0d4|fleetly-founder-default-ord1-base.1.7mt9lzqfpukj5au1v1daz2zhb
1790514951773562596|container|exec_create: /bin/sh -c test -f /tmp/ready|3276846192cc59d8f25d723ddb2affeb78e70e15a6818489b5b137b962905638|fleetly-founder-default-ord1-mid.1.kkt4ias5124ugxs39vcdigyf9
1790514951773661471|container|exec_start: /bin/sh -c test -f /tmp/ready|3276846192cc59d8f25d723ddb2affeb78e70e15a6818489b5b137b962905638|fleetly-founder-default-ord1-mid.1.kkt4ias5124ugxs39vcdigyf9
1790514951798492792|container|exec_die|3276846192cc59d8f25d723ddb2affeb78e70e15a6818489b5b137b962905638|fleetly-founder-default-ord1-mid.1.kkt4ias5124ugxs39vcdigyf9
1790514952028080247|container|exec_create: /bin/sh -c test -f /tmp/ready|2c7e77cd64c4c3a267b991cf7444fff6aa42ec5e3e46d68fc590dbb324a07173|fleetly-founder-default-ord1-leaf.1.udtpu6pim4po9wq2ja077v8y1
1790514952028146495|container|exec_start: /bin/sh -c test -f /tmp/ready|2c7e77cd64c4c3a267b991cf7444fff6aa42ec5e3e46d68fc590dbb324a07173|fleetly-founder-default-ord1-leaf.1.udtpu6pim4po9wq2ja077v8y1
1790514952053397800|container|exec_die|2c7e77cd64c4c3a267b991cf7444fff6aa42ec5e3e46d68fc590dbb324a07173|fleetly-founder-default-ord1-leaf.1.udtpu6pim4po9wq2ja077v8y1
1790514952083607114|container|exec_create: /bin/sh -c test -f /tmp/ready|7a2bffb05227f4ed9ba0a18e62c49cec22544109f36801a2629bde6382834424|fleetly-founder-default-ord2-good.1.uiolieoheg0okw5tfjqi7bb9y
1790514952083688130|container|exec_start: /bin/sh -c test -f /tmp/ready|7a2bffb05227f4ed9ba0a18e62c49cec22544109f36801a2629bde6382834424|fleetly-founder-default-ord2-good.1.uiolieoheg0okw5tfjqi7bb9y
1790514952108665303|container|exec_die|7a2bffb05227f4ed9ba0a18e62c49cec22544109f36801a2629bde6382834424|fleetly-founder-default-ord2-good.1.uiolieoheg0okw5tfjqi7bb9y
1790514952136196456|network|connect|kmlldqc9tbpo8v807ge0jx0fs|fleetly-founder-default-ord2-net
1790514952154263282|container|start|1843ff878ed8f87c017855d88c17fbbac53b54158f703a958417d678b58b4491|fleetly-founder-default-ord2-bad.1.e7jniref8s5hhkag5pdxqg7y3
1790514952290818603|container|exec_create: /bin/sh -c test -f /tmp/ready|294b5c2a6ea8538cb70336da0ce8b6d0f9b1527f00cf8c890bad5957af4cd0d4|fleetly-founder-default-ord1-base.1.7mt9lzqfpukj5au1v1daz2zhb
1790514952290928530|container|exec_start: /bin/sh -c test -f /tmp/ready|294b5c2a6ea8538cb70336da0ce8b6d0f9b1527f00cf8c890bad5957af4cd0d4|fleetly-founder-default-ord1-base.1.7mt9lzqfpukj5au1v1daz2zhb
1790514952316880443|container|exec_die|294b5c2a6ea8538cb70336da0ce8b6d0f9b1527f00cf8c890bad5957af4cd0d4|fleetly-founder-default-ord1-base.1.7mt9lzqfpukj5au1v1daz2zhb
1790514952405350347|network|disconnect|kmlldqc9tbpo8v807ge0jx0fs|fleetly-founder-default-ord2-net
1790514952423440227|container|die|1843ff878ed8f87c017855d88c17fbbac53b54158f703a958417d678b58b4491|fleetly-founder-default-ord2-bad.1.e7jniref8s5hhkag5pdxqg7y3
1790514952738407974|container|create|020247e1b9f4f3cdf87429a185a7cab7ee100db753c3a90767ff97053473615d|fleetly-founder-default-ord2-bad.1.l1inwo0xs96c59i48flj67elj
1790514952798602920|container|exec_create: /bin/sh -c test -f /tmp/ready|3276846192cc59d8f25d723ddb2affeb78e70e15a6818489b5b137b962905638|fleetly-founder-default-ord1-mid.1.kkt4ias5124ugxs39vcdigyf9
1790514952798764991|container|exec_start: /bin/sh -c test -f /tmp/ready|3276846192cc59d8f25d723ddb2affeb78e70e15a6818489b5b137b962905638|fleetly-founder-default-ord1-mid.1.kkt4ias5124ugxs39vcdigyf9
1790514952823553063|container|exec_die|3276846192cc59d8f25d723ddb2affeb78e70e15a6818489b5b137b962905638|fleetly-founder-default-ord1-mid.1.kkt4ias5124ugxs39vcdigyf9
1790514953053807487|container|exec_create: /bin/sh -c test -f /tmp/ready|2c7e77cd64c4c3a267b991cf7444fff6aa42ec5e3e46d68fc590dbb324a07173|fleetly-founder-default-ord1-leaf.1.udtpu6pim4po9wq2ja077v8y1
1790514953053893525|container|exec_start: /bin/sh -c test -f /tmp/ready|2c7e77cd64c4c3a267b991cf7444fff6aa42ec5e3e46d68fc590dbb324a07173|fleetly-founder-default-ord1-leaf.1.udtpu6pim4po9wq2ja077v8y1
1790514953078709907|container|exec_die|2c7e77cd64c4c3a267b991cf7444fff6aa42ec5e3e46d68fc590dbb324a07173|fleetly-founder-default-ord1-leaf.1.udtpu6pim4po9wq2ja077v8y1
1790514953109170232|container|exec_create: /bin/sh -c test -f /tmp/ready|7a2bffb05227f4ed9ba0a18e62c49cec22544109f36801a2629bde6382834424|fleetly-founder-default-ord2-good.1.uiolieoheg0okw5tfjqi7bb9y
1790514953109269327|container|exec_start: /bin/sh -c test -f /tmp/ready|7a2bffb05227f4ed9ba0a18e62c49cec22544109f36801a2629bde6382834424|fleetly-founder-default-ord2-good.1.uiolieoheg0okw5tfjqi7bb9y
1790514953133502077|container|exec_die|7a2bffb05227f4ed9ba0a18e62c49cec22544109f36801a2629bde6382834424|fleetly-founder-default-ord2-good.1.uiolieoheg0okw5tfjqi7bb9y
1790514953317948388|container|exec_create: /bin/sh -c test -f /tmp/ready|294b5c2a6ea8538cb70336da0ce8b6d0f9b1527f00cf8c890bad5957af4cd0d4|fleetly-founder-default-ord1-base.1.7mt9lzqfpukj5au1v1daz2zhb
1790514953318029054|container|exec_start: /bin/sh -c test -f /tmp/ready|294b5c2a6ea8538cb70336da0ce8b6d0f9b1527f00cf8c890bad5957af4cd0d4|fleetly-founder-default-ord1-base.1.7mt9lzqfpukj5au1v1daz2zhb
1790514953342563608|container|exec_die|294b5c2a6ea8538cb70336da0ce8b6d0f9b1527f00cf8c890bad5957af4cd0d4|fleetly-founder-default-ord1-base.1.7mt9lzqfpukj5au1v1daz2zhb
1790514953824177101|container|exec_create: /bin/sh -c test -f /tmp/ready|3276846192cc59d8f25d723ddb2affeb78e70e15a6818489b5b137b962905638|fleetly-founder-default-ord1-mid.1.kkt4ias5124ugxs39vcdigyf9
1790514953824309242|container|exec_start: /bin/sh -c test -f /tmp/ready|3276846192cc59d8f25d723ddb2affeb78e70e15a6818489b5b137b962905638|fleetly-founder-default-ord1-mid.1.kkt4ias5124ugxs39vcdigyf9
1790514953849603422|container|exec_die|3276846192cc59d8f25d723ddb2affeb78e70e15a6818489b5b137b962905638|fleetly-founder-default-ord1-mid.1.kkt4ias5124ugxs39vcdigyf9
1790514954080198515|container|exec_create: /bin/sh -c test -f /tmp/ready|2c7e77cd64c4c3a267b991cf7444fff6aa42ec5e3e46d68fc590dbb324a07173|fleetly-founder-default-ord1-leaf.1.udtpu6pim4po9wq2ja077v8y1
1790514954080283783|container|exec_start: /bin/sh -c test -f /tmp/ready|2c7e77cd64c4c3a267b991cf7444fff6aa42ec5e3e46d68fc590dbb324a07173|fleetly-founder-default-ord1-leaf.1.udtpu6pim4po9wq2ja077v8y1
1790514954104724223|container|exec_die|2c7e77cd64c4c3a267b991cf7444fff6aa42ec5e3e46d68fc590dbb324a07173|fleetly-founder-default-ord1-leaf.1.udtpu6pim4po9wq2ja077v8y1
1790514954134573019|container|exec_create: /bin/sh -c test -f /tmp/ready|7a2bffb05227f4ed9ba0a18e62c49cec22544109f36801a2629bde6382834424|fleetly-founder-default-ord2-good.1.uiolieoheg0okw5tfjqi7bb9y
1790514954134662235|container|exec_start: /bin/sh -c test -f /tmp/ready|7a2bffb05227f4ed9ba0a18e62c49cec22544109f36801a2629bde6382834424|fleetly-founder-default-ord2-good.1.uiolieoheg0okw5tfjqi7bb9y
1790514954158434756|container|exec_die|7a2bffb05227f4ed9ba0a18e62c49cec22544109f36801a2629bde6382834424|fleetly-founder-default-ord2-good.1.uiolieoheg0okw5tfjqi7bb9y
1790514954343139111|container|exec_create: /bin/sh -c test -f /tmp/ready|294b5c2a6ea8538cb70336da0ce8b6d0f9b1527f00cf8c890bad5957af4cd0d4|fleetly-founder-default-ord1-base.1.7mt9lzqfpukj5au1v1daz2zhb
1790514954343210903|container|exec_start: /bin/sh -c test -f /tmp/ready|294b5c2a6ea8538cb70336da0ce8b6d0f9b1527f00cf8c890bad5957af4cd0d4|fleetly-founder-default-ord1-base.1.7mt9lzqfpukj5au1v1daz2zhb
1790514954368818296|container|exec_die|294b5c2a6ea8538cb70336da0ce8b6d0f9b1527f00cf8c890bad5957af4cd0d4|fleetly-founder-default-ord1-base.1.7mt9lzqfpukj5au1v1daz2zhb
1790514954851000884|container|exec_create: /bin/sh -c test -f /tmp/ready|3276846192cc59d8f25d723ddb2affeb78e70e15a6818489b5b137b962905638|fleetly-founder-default-ord1-mid.1.kkt4ias5124ugxs39vcdigyf9
1790514954851107131|container|exec_start: /bin/sh -c test -f /tmp/ready|3276846192cc59d8f25d723ddb2affeb78e70e15a6818489b5b137b962905638|fleetly-founder-default-ord1-mid.1.kkt4ias5124ugxs39vcdigyf9
1790514954869270201|container|destroy|2124e7461902d35453e95b09381f29dfefa57037f90cd87afe8a5e16b103253d|fleetly-founder-default-ord2-bad.1.wxcn8jzmgcmxtwl8dz6k785mt
1790514954876075978|container|exec_die|3276846192cc59d8f25d723ddb2affeb78e70e15a6818489b5b137b962905638|fleetly-founder-default-ord1-mid.1.kkt4ias5124ugxs39vcdigyf9
1790514955105305414|container|exec_create: /bin/sh -c test -f /tmp/ready|2c7e77cd64c4c3a267b991cf7444fff6aa42ec5e3e46d68fc590dbb324a07173|fleetly-founder-default-ord1-leaf.1.udtpu6pim4po9wq2ja077v8y1
1790514955105413790|container|exec_start: /bin/sh -c test -f /tmp/ready|2c7e77cd64c4c3a267b991cf7444fff6aa42ec5e3e46d68fc590dbb324a07173|fleetly-founder-default-ord1-leaf.1.udtpu6pim4po9wq2ja077v8y1
1790514955129609680|container|exec_die|2c7e77cd64c4c3a267b991cf7444fff6aa42ec5e3e46d68fc590dbb324a07173|fleetly-founder-default-ord1-leaf.1.udtpu6pim4po9wq2ja077v8y1
1790514955159226852|container|exec_create: /bin/sh -c test -f /tmp/ready|7a2bffb05227f4ed9ba0a18e62c49cec22544109f36801a2629bde6382834424|fleetly-founder-default-ord2-good.1.uiolieoheg0okw5tfjqi7bb9y
1790514955159321362|container|exec_start: /bin/sh -c test -f /tmp/ready|7a2bffb05227f4ed9ba0a18e62c49cec22544109f36801a2629bde6382834424|fleetly-founder-default-ord2-good.1.uiolieoheg0okw5tfjqi7bb9y
1790514955183528709|container|exec_die|7a2bffb05227f4ed9ba0a18e62c49cec22544109f36801a2629bde6382834424|fleetly-founder-default-ord2-good.1.uiolieoheg0okw5tfjqi7bb9y
1790514955369252657|container|exec_create: /bin/sh -c test -f /tmp/ready|294b5c2a6ea8538cb70336da0ce8b6d0f9b1527f00cf8c890bad5957af4cd0d4|fleetly-founder-default-ord1-base.1.7mt9lzqfpukj5au1v1daz2zhb
1790514955369335356|container|exec_start: /bin/sh -c test -f /tmp/ready|294b5c2a6ea8538cb70336da0ce8b6d0f9b1527f00cf8c890bad5957af4cd0d4|fleetly-founder-default-ord1-base.1.7mt9lzqfpukj5au1v1daz2zhb
1790514955394562947|container|exec_die|294b5c2a6ea8538cb70336da0ce8b6d0f9b1527f00cf8c890bad5957af4cd0d4|fleetly-founder-default-ord1-base.1.7mt9lzqfpukj5au1v1daz2zhb
