1790510643881390499|service|create|plg21s92fgkfr9ungck4i1eh5|t20-lat-svc-1
1790510644164111508|container|create|9e0ce240a6df58fb1cb05eb9428ebd281f8b867aaae8e001a2634f62b7f76337|t20-lat-svc-1.1.hswawurbvw3ppvi9fd7xr4fit
1790510644297061774|network|connect|8db233da865a21ce3b3588d2a3425a428c76c745e4117af1e843d46e5c384ac5|bridge
1790510644316026885|container|start|9e0ce240a6df58fb1cb05eb9428ebd281f8b867aaae8e001a2634f62b7f76337|t20-lat-svc-1.1.hswawurbvw3ppvi9fd7xr4fit
1790510645317254731|container|exec_create: /bin/sh -c true|9e0ce240a6df58fb1cb05eb9428ebd281f8b867aaae8e001a2634f62b7f76337|t20-lat-svc-1.1.hswawurbvw3ppvi9fd7xr4fit
1790510645317291123|container|exec_start: /bin/sh -c true|9e0ce240a6df58fb1cb05eb9428ebd281f8b867aaae8e001a2634f62b7f76337|t20-lat-svc-1.1.hswawurbvw3ppvi9fd7xr4fit
1790510645342247090|container|exec_die|9e0ce240a6df58fb1cb05eb9428ebd281f8b867aaae8e001a2634f62b7f76337|t20-lat-svc-1.1.hswawurbvw3ppvi9fd7xr4fit
1790510645342485536|container|health_status: healthy|9e0ce240a6df58fb1cb05eb9428ebd281f8b867aaae8e001a2634f62b7f76337|t20-lat-svc-1.1.hswawurbvw3ppvi9fd7xr4fit
1790510645948984755|service|update|plg21s92fgkfr9ungck4i1eh5|t20-lat-svc-1
1790510645951380362|service|update|plg21s92fgkfr9ungck4i1eh5|t20-lat-svc-1
1790510646224126515|container|create|7ea61d100b61b958213bb9727171a4d3ccbf5de1beca9487c711230666269d00|t20-lat-svc-1.1.rkpq4tiqnsasftulez4y4py5b
1790510646343653323|container|exec_create: /bin/sh -c true|9e0ce240a6df58fb1cb05eb9428ebd281f8b867aaae8e001a2634f62b7f76337|t20-lat-svc-1.1.hswawurbvw3ppvi9fd7xr4fit
1790510646343672855|container|exec_start: /bin/sh -c true|9e0ce240a6df58fb1cb05eb9428ebd281f8b867aaae8e001a2634f62b7f76337|t20-lat-svc-1.1.hswawurbvw3ppvi9fd7xr4fit
1790510646368558573|container|exec_die|9e0ce240a6df58fb1cb05eb9428ebd281f8b867aaae8e001a2634f62b7f76337|t20-lat-svc-1.1.hswawurbvw3ppvi9fd7xr4fit
1790510647135382783|container|kill|9e0ce240a6df58fb1cb05eb9428ebd281f8b867aaae8e001a2634f62b7f76337|t20-lat-svc-1.1.hswawurbvw3ppvi9fd7xr4fit
1790510647369201414|container|exec_create: /bin/sh -c true|9e0ce240a6df58fb1cb05eb9428ebd281f8b867aaae8e001a2634f62b7f76337|t20-lat-svc-1.1.hswawurbvw3ppvi9fd7xr4fit
1790510647369240171|container|exec_start: /bin/sh -c true|9e0ce240a6df58fb1cb05eb9428ebd281f8b867aaae8e001a2634f62b7f76337|t20-lat-svc-1.1.hswawurbvw3ppvi9fd7xr4fit
1790510647399318477|container|exec_die|9e0ce240a6df58fb1cb05eb9428ebd281f8b867aaae8e001a2634f62b7f76337|t20-lat-svc-1.1.hswawurbvw3ppvi9fd7xr4fit
1790510648400047104|container|exec_create: /bin/sh -c true|9e0ce240a6df58fb1cb05eb9428ebd281f8b867aaae8e001a2634f62b7f76337|t20-lat-svc-1.1.hswawurbvw3ppvi9fd7xr4fit
1790510648400068849|container|exec_start: /bin/sh -c true|9e0ce240a6df58fb1cb05eb9428ebd281f8b867aaae8e001a2634f62b7f76337|t20-lat-svc-1.1.hswawurbvw3ppvi9fd7xr4fit
1790510648425430277|container|exec_die|9e0ce240a6df58fb1cb05eb9428ebd281f8b867aaae8e001a2634f62b7f76337|t20-lat-svc-1.1.hswawurbvw3ppvi9fd7xr4fit
1790510649149397858|container|kill|9e0ce240a6df58fb1cb05eb9428ebd281f8b867aaae8e001a2634f62b7f76337|t20-lat-svc-1.1.hswawurbvw3ppvi9fd7xr4fit
1790510649274087884|network|disconnect|8db233da865a21ce3b3588d2a3425a428c76c745e4117af1e843d46e5c384ac5|bridge
1790510649283760883|container|stop|9e0ce240a6df58fb1cb05eb9428ebd281f8b867aaae8e001a2634f62b7f76337|t20-lat-svc-1.1.hswawurbvw3ppvi9fd7xr4fit
1790510649292188996|container|die|9e0ce240a6df58fb1cb05eb9428ebd281f8b867aaae8e001a2634f62b7f76337|t20-lat-svc-1.1.hswawurbvw3ppvi9fd7xr4fit
1790510649576080048|network|connect|8db233da865a21ce3b3588d2a3425a428c76c745e4117af1e843d46e5c384ac5|bridge
1790510649594143355|container|start|7ea61d100b61b958213bb9727171a4d3ccbf5de1beca9487c711230666269d00|t20-lat-svc-1.1.rkpq4tiqnsasftulez4y4py5b
1790510650594809326|container|exec_create: /bin/sh -c true|7ea61d100b61b958213bb9727171a4d3ccbf5de1beca9487c711230666269d00|t20-lat-svc-1.1.rkpq4tiqnsasftulez4y4py5b
1790510650594887641|container|exec_start: /bin/sh -c true|7ea61d100b61b958213bb9727171a4d3ccbf5de1beca9487c711230666269d00|t20-lat-svc-1.1.rkpq4tiqnsasftulez4y4py5b
1790510650620455799|container|exec_die|7ea61d100b61b958213bb9727171a4d3ccbf5de1beca9487c711230666269d00|t20-lat-svc-1.1.rkpq4tiqnsasftulez4y4py5b
1790510650620668961|container|health_status: healthy|7ea61d100b61b958213bb9727171a4d3ccbf5de1beca9487c711230666269d00|t20-lat-svc-1.1.rkpq4tiqnsasftulez4y4py5b
1790510651097601712|service|remove|plg21s92fgkfr9ungck4i1eh5|t20-lat-svc-1
1790510651495948347|container|destroy|9e0ce240a6df58fb1cb05eb9428ebd281f8b867aaae8e001a2634f62b7f76337|t20-lat-svc-1.1.hswawurbvw3ppvi9fd7xr4fit
1790510651621421500|container|exec_create: /bin/sh -c true|7ea61d100b61b958213bb9727171a4d3ccbf5de1beca9487c711230666269d00|t20-lat-svc-1.1.rkpq4tiqnsasftulez4y4py5b
1790510651621454792|container|exec_start: /bin/sh -c true|7ea61d100b61b958213bb9727171a4d3ccbf5de1beca9487c711230666269d00|t20-lat-svc-1.1.rkpq4tiqnsasftulez4y4py5b
1790510651646390929|container|exec_die|7ea61d100b61b958213bb9727171a4d3ccbf5de1beca9487c711230666269d00|t20-lat-svc-1.1.rkpq4tiqnsasftulez4y4py5b
1790510652228109148|container|kill|7ea61d100b61b958213bb9727171a4d3ccbf5de1beca9487c711230666269d00|t20-lat-svc-1.1.rkpq4tiqnsasftulez4y4py5b
1790510652647755156|container|exec_create: /bin/sh -c true|7ea61d100b61b958213bb9727171a4d3ccbf5de1beca9487c711230666269d00|t20-lat-svc-1.1.rkpq4tiqnsasftulez4y4py5b
1790510652647794129|container|exec_start: /bin/sh -c true|7ea61d100b61b958213bb9727171a4d3ccbf5de1beca9487c711230666269d00|t20-lat-svc-1.1.rkpq4tiqnsasftulez4y4py5b
1790510652672545046|container|exec_die|7ea61d100b61b958213bb9727171a4d3ccbf5de1beca9487c711230666269d00|t20-lat-svc-1.1.rkpq4tiqnsasftulez4y4py5b
1790510653673773020|container|exec_create: /bin/sh -c true|7ea61d100b61b958213bb9727171a4d3ccbf5de1beca9487c711230666269d00|t20-lat-svc-1.1.rkpq4tiqnsasftulez4y4py5b
1790510653673807256|container|exec_start: /bin/sh -c true|7ea61d100b61b958213bb9727171a4d3ccbf5de1beca9487c711230666269d00|t20-lat-svc-1.1.rkpq4tiqnsasftulez4y4py5b
1790510653698638182|container|exec_die|7ea61d100b61b958213bb9727171a4d3ccbf5de1beca9487c711230666269d00|t20-lat-svc-1.1.rkpq4tiqnsasftulez4y4py5b
1790510654241150605|container|kill|7ea61d100b61b958213bb9727171a4d3ccbf5de1beca9487c711230666269d00|t20-lat-svc-1.1.rkpq4tiqnsasftulez4y4py5b
1790510654378183089|network|disconnect|8db233da865a21ce3b3588d2a3425a428c76c745e4117af1e843d46e5c384ac5|bridge
1790510654386868373|container|stop|7ea61d100b61b958213bb9727171a4d3ccbf5de1beca9487c711230666269d00|t20-lat-svc-1.1.rkpq4tiqnsasftulez4y4py5b
1790510654395364715|container|die|7ea61d100b61b958213bb9727171a4d3ccbf5de1beca9487c711230666269d00|t20-lat-svc-1.1.rkpq4tiqnsasftulez4y4py5b
1790510654880128087|container|destroy|7ea61d100b61b958213bb9727171a4d3ccbf5de1beca9487c711230666269d00|t20-lat-svc-1.1.rkpq4tiqnsasftulez4y4py5b
1790510658886063377|service|create|q8q4pnp1k2t1z14uj1eh74lrg|t20-lat-svc-2
1790510659144460408|container|create|c4ee47b8385845092fb99c58044023e2b722785a5cae479a8ba65de6e10ac976|t20-lat-svc-2.1.mz11zqychr58lju45b4ygqjtx
1790510659287486192|network|connect|8db233da865a21ce3b3588d2a3425a428c76c745e4117af1e843d46e5c384ac5|bridge
1790510659311536661|container|start|c4ee47b8385845092fb99c58044023e2b722785a5cae479a8ba65de6e10ac976|t20-lat-svc-2.1.mz11zqychr58lju45b4ygqjtx
1790510660312314779|container|exec_create: /bin/sh -c true|c4ee47b8385845092fb99c58044023e2b722785a5cae479a8ba65de6e10ac976|t20-lat-svc-2.1.mz11zqychr58lju45b4ygqjtx
1790510660312385752|container|exec_start: /bin/sh -c true|c4ee47b8385845092fb99c58044023e2b722785a5cae479a8ba65de6e10ac976|t20-lat-svc-2.1.mz11zqychr58lju45b4ygqjtx
1790510660336751386|container|exec_die|c4ee47b8385845092fb99c58044023e2b722785a5cae479a8ba65de6e10ac976|t20-lat-svc-2.1.mz11zqychr58lju45b4ygqjtx
1790510660336932069|container|health_status: healthy|c4ee47b8385845092fb99c58044023e2b722785a5cae479a8ba65de6e10ac976|t20-lat-svc-2.1.mz11zqychr58lju45b4ygqjtx
1790510660953409740|service|update|q8q4pnp1k2t1z14uj1eh74lrg|t20-lat-svc-2
1790510660955583331|service|update|q8q4pnp1k2t1z14uj1eh74lrg|t20-lat-svc-2
1790510661218582296|container|create|d576b2bd8d164291cfd5b54c1b18d47cfc3766fdcd94ab508e94d6e7fe17dd2b|t20-lat-svc-2.1.up654p8rzj18d7t01gbduvg2g
1790510661337249324|container|exec_create: /bin/sh -c true|c4ee47b8385845092fb99c58044023e2b722785a5cae479a8ba65de6e10ac976|t20-lat-svc-2.1.mz11zqychr58lju45b4ygqjtx
1790510661337286183|container|exec_start: /bin/sh -c true|c4ee47b8385845092fb99c58044023e2b722785a5cae479a8ba65de6e10ac976|t20-lat-svc-2.1.mz11zqychr58lju45b4ygqjtx
1790510661361607119|container|exec_die|c4ee47b8385845092fb99c58044023e2b722785a5cae479a8ba65de6e10ac976|t20-lat-svc-2.1.mz11zqychr58lju45b4ygqjtx
1790510662140838744|container|kill|c4ee47b8385845092fb99c58044023e2b722785a5cae479a8ba65de6e10ac976|t20-lat-svc-2.1.mz11zqychr58lju45b4ygqjtx
1790510662362139694|container|exec_create: /bin/sh -c true|c4ee47b8385845092fb99c58044023e2b722785a5cae479a8ba65de6e10ac976|t20-lat-svc-2.1.mz11zqychr58lju45b4ygqjtx
1790510662362171122|container|exec_start: /bin/sh -c true|c4ee47b8385845092fb99c58044023e2b722785a5cae479a8ba65de6e10ac976|t20-lat-svc-2.1.mz11zqychr58lju45b4ygqjtx
1790510662387735970|container|exec_die|c4ee47b8385845092fb99c58044023e2b722785a5cae479a8ba65de6e10ac976|t20-lat-svc-2.1.mz11zqychr58lju45b4ygqjtx
1790510663388364359|container|exec_create: /bin/sh -c true|c4ee47b8385845092fb99c58044023e2b722785a5cae479a8ba65de6e10ac976|t20-lat-svc-2.1.mz11zqychr58lju45b4ygqjtx
1790510663388388681|container|exec_start: /bin/sh -c true|c4ee47b8385845092fb99c58044023e2b722785a5cae479a8ba65de6e10ac976|t20-lat-svc-2.1.mz11zqychr58lju45b4ygqjtx
1790510663412774079|container|exec_die|c4ee47b8385845092fb99c58044023e2b722785a5cae479a8ba65de6e10ac976|t20-lat-svc-2.1.mz11zqychr58lju45b4ygqjtx
1790510664155703404|container|kill|c4ee47b8385845092fb99c58044023e2b722785a5cae479a8ba65de6e10ac976|t20-lat-svc-2.1.mz11zqychr58lju45b4ygqjtx
1790510664318784521|network|disconnect|8db233da865a21ce3b3588d2a3425a428c76c745e4117af1e843d46e5c384ac5|bridge
1790510664328640921|container|stop|c4ee47b8385845092fb99c58044023e2b722785a5cae479a8ba65de6e10ac976|t20-lat-svc-2.1.mz11zqychr58lju45b4ygqjtx
1790510664337821685|container|die|c4ee47b8385845092fb99c58044023e2b722785a5cae479a8ba65de6e10ac976|t20-lat-svc-2.1.mz11zqychr58lju45b4ygqjtx
1790510664599722582|network|connect|8db233da865a21ce3b3588d2a3425a428c76c745e4117af1e843d46e5c384ac5|bridge
1790510664617697894|container|start|d576b2bd8d164291cfd5b54c1b18d47cfc3766fdcd94ab508e94d6e7fe17dd2b|t20-lat-svc-2.1.up654p8rzj18d7t01gbduvg2g
1790510665618368368|container|exec_create: /bin/sh -c true|d576b2bd8d164291cfd5b54c1b18d47cfc3766fdcd94ab508e94d6e7fe17dd2b|t20-lat-svc-2.1.up654p8rzj18d7t01gbduvg2g
1790510665618404904|container|exec_start: /bin/sh -c true|d576b2bd8d164291cfd5b54c1b18d47cfc3766fdcd94ab508e94d6e7fe17dd2b|t20-lat-svc-2.1.up654p8rzj18d7t01gbduvg2g
1790510665642974281|container|exec_die|d576b2bd8d164291cfd5b54c1b18d47cfc3766fdcd94ab508e94d6e7fe17dd2b|t20-lat-svc-2.1.up654p8rzj18d7t01gbduvg2g
1790510665643181950|container|health_status: healthy|d576b2bd8d164291cfd5b54c1b18d47cfc3766fdcd94ab508e94d6e7fe17dd2b|t20-lat-svc-2.1.up654p8rzj18d7t01gbduvg2g
1790510666097961197|service|remove|q8q4pnp1k2t1z14uj1eh74lrg|t20-lat-svc-2
1790510666490354361|container|destroy|c4ee47b8385845092fb99c58044023e2b722785a5cae479a8ba65de6e10ac976|t20-lat-svc-2.1.mz11zqychr58lju45b4ygqjtx
1790510666644164755|container|exec_create: /bin/sh -c true|d576b2bd8d164291cfd5b54c1b18d47cfc3766fdcd94ab508e94d6e7fe17dd2b|t20-lat-svc-2.1.up654p8rzj18d7t01gbduvg2g
1790510666644196919|container|exec_start: /bin/sh -c true|d576b2bd8d164291cfd5b54c1b18d47cfc3766fdcd94ab508e94d6e7fe17dd2b|t20-lat-svc-2.1.up654p8rzj18d7t01gbduvg2g
1790510666668868468|container|exec_die|d576b2bd8d164291cfd5b54c1b18d47cfc3766fdcd94ab508e94d6e7fe17dd2b|t20-lat-svc-2.1.up654p8rzj18d7t01gbduvg2g
1790510667226866681|container|kill|d576b2bd8d164291cfd5b54c1b18d47cfc3766fdcd94ab508e94d6e7fe17dd2b|t20-lat-svc-2.1.up654p8rzj18d7t01gbduvg2g
1790510667669854568|container|exec_create: /bin/sh -c true|d576b2bd8d164291cfd5b54c1b18d47cfc3766fdcd94ab508e94d6e7fe17dd2b|t20-lat-svc-2.1.up654p8rzj18d7t01gbduvg2g
1790510667669878975|container|exec_start: /bin/sh -c true|d576b2bd8d164291cfd5b54c1b18d47cfc3766fdcd94ab508e94d6e7fe17dd2b|t20-lat-svc-2.1.up654p8rzj18d7t01gbduvg2g
1790510667695366370|container|exec_die|d576b2bd8d164291cfd5b54c1b18d47cfc3766fdcd94ab508e94d6e7fe17dd2b|t20-lat-svc-2.1.up654p8rzj18d7t01gbduvg2g
1790510668696568221|container|exec_create: /bin/sh -c true|d576b2bd8d164291cfd5b54c1b18d47cfc3766fdcd94ab508e94d6e7fe17dd2b|t20-lat-svc-2.1.up654p8rzj18d7t01gbduvg2g
1790510668696592610|container|exec_start: /bin/sh -c true|d576b2bd8d164291cfd5b54c1b18d47cfc3766fdcd94ab508e94d6e7fe17dd2b|t20-lat-svc-2.1.up654p8rzj18d7t01gbduvg2g
1790510668721247314|container|exec_die|d576b2bd8d164291cfd5b54c1b18d47cfc3766fdcd94ab508e94d6e7fe17dd2b|t20-lat-svc-2.1.up654p8rzj18d7t01gbduvg2g
1790510669240138397|container|kill|d576b2bd8d164291cfd5b54c1b18d47cfc3766fdcd94ab508e94d6e7fe17dd2b|t20-lat-svc-2.1.up654p8rzj18d7t01gbduvg2g
1790510669359887674|network|disconnect|8db233da865a21ce3b3588d2a3425a428c76c745e4117af1e843d46e5c384ac5|bridge
1790510669369481516|container|stop|d576b2bd8d164291cfd5b54c1b18d47cfc3766fdcd94ab508e94d6e7fe17dd2b|t20-lat-svc-2.1.up654p8rzj18d7t01gbduvg2g
1790510669377926261|container|die|d576b2bd8d164291cfd5b54c1b18d47cfc3766fdcd94ab508e94d6e7fe17dd2b|t20-lat-svc-2.1.up654p8rzj18d7t01gbduvg2g
1790510669796549585|container|destroy|d576b2bd8d164291cfd5b54c1b18d47cfc3766fdcd94ab508e94d6e7fe17dd2b|t20-lat-svc-2.1.up654p8rzj18d7t01gbduvg2g
1790510674747629070|service|create|ft5bxxebkchgjz3zl8853dkdj|t20-lat-svc-3
1790510675002980932|container|create|523167cf033f0bfb70fb7dab61dae1bc468f645cd4d08c1df627ccfa2ce3df7d|t20-lat-svc-3.1.rz669q6m0nsu3up74q9fxx2wo
1790510675130026164|network|connect|8db233da865a21ce3b3588d2a3425a428c76c745e4117af1e843d46e5c384ac5|bridge
1790510675148105125|container|start|523167cf033f0bfb70fb7dab61dae1bc468f645cd4d08c1df627ccfa2ce3df7d|t20-lat-svc-3.1.rz669q6m0nsu3up74q9fxx2wo
1790510676148442962|container|exec_create: /bin/sh -c true|523167cf033f0bfb70fb7dab61dae1bc468f645cd4d08c1df627ccfa2ce3df7d|t20-lat-svc-3.1.rz669q6m0nsu3up74q9fxx2wo
1790510676148505662|container|exec_start: /bin/sh -c true|523167cf033f0bfb70fb7dab61dae1bc468f645cd4d08c1df627ccfa2ce3df7d|t20-lat-svc-3.1.rz669q6m0nsu3up74q9fxx2wo
1790510676174598059|container|exec_die|523167cf033f0bfb70fb7dab61dae1bc468f645cd4d08c1df627ccfa2ce3df7d|t20-lat-svc-3.1.rz669q6m0nsu3up74q9fxx2wo
1790510676174796804|container|health_status: healthy|523167cf033f0bfb70fb7dab61dae1bc468f645cd4d08c1df627ccfa2ce3df7d|t20-lat-svc-3.1.rz669q6m0nsu3up74q9fxx2wo
1790510676811495806|service|update|ft5bxxebkchgjz3zl8853dkdj|t20-lat-svc-3
1790510676812660665|service|update|ft5bxxebkchgjz3zl8853dkdj|t20-lat-svc-3
1790510677079079555|container|create|5d67b201cf8652cf7b70417b4edaf7cedfc7f01ff4d36387c030fc377689e7a3|t20-lat-svc-3.1.jyzx1jc2phnoko9i7xkbi7ikv
1790510677174998402|container|exec_create: /bin/sh -c true|523167cf033f0bfb70fb7dab61dae1bc468f645cd4d08c1df627ccfa2ce3df7d|t20-lat-svc-3.1.rz669q6m0nsu3up74q9fxx2wo
1790510677175035106|container|exec_start: /bin/sh -c true|523167cf033f0bfb70fb7dab61dae1bc468f645cd4d08c1df627ccfa2ce3df7d|t20-lat-svc-3.1.rz669q6m0nsu3up74q9fxx2wo
1790510677200539602|container|exec_die|523167cf033f0bfb70fb7dab61dae1bc468f645cd4d08c1df627ccfa2ce3df7d|t20-lat-svc-3.1.rz669q6m0nsu3up74q9fxx2wo
1790510678000195058|container|kill|523167cf033f0bfb70fb7dab61dae1bc468f645cd4d08c1df627ccfa2ce3df7d|t20-lat-svc-3.1.rz669q6m0nsu3up74q9fxx2wo
1790510678201356028|container|exec_create: /bin/sh -c true|523167cf033f0bfb70fb7dab61dae1bc468f645cd4d08c1df627ccfa2ce3df7d|t20-lat-svc-3.1.rz669q6m0nsu3up74q9fxx2wo
1790510678201381241|container|exec_start: /bin/sh -c true|523167cf033f0bfb70fb7dab61dae1bc468f645cd4d08c1df627ccfa2ce3df7d|t20-lat-svc-3.1.rz669q6m0nsu3up74q9fxx2wo
1790510678226218587|container|exec_die|523167cf033f0bfb70fb7dab61dae1bc468f645cd4d08c1df627ccfa2ce3df7d|t20-lat-svc-3.1.rz669q6m0nsu3up74q9fxx2wo
1790510679227493650|container|exec_create: /bin/sh -c true|523167cf033f0bfb70fb7dab61dae1bc468f645cd4d08c1df627ccfa2ce3df7d|t20-lat-svc-3.1.rz669q6m0nsu3up74q9fxx2wo
1790510679227517615|container|exec_start: /bin/sh -c true|523167cf033f0bfb70fb7dab61dae1bc468f645cd4d08c1df627ccfa2ce3df7d|t20-lat-svc-3.1.rz669q6m0nsu3up74q9fxx2wo
1790510679252235825|container|exec_die|523167cf033f0bfb70fb7dab61dae1bc468f645cd4d08c1df627ccfa2ce3df7d|t20-lat-svc-3.1.rz669q6m0nsu3up74q9fxx2wo
1790510680012419879|container|kill|523167cf033f0bfb70fb7dab61dae1bc468f645cd4d08c1df627ccfa2ce3df7d|t20-lat-svc-3.1.rz669q6m0nsu3up74q9fxx2wo
1790510680178084160|network|disconnect|8db233da865a21ce3b3588d2a3425a428c76c745e4117af1e843d46e5c384ac5|bridge
1790510680182699801|container|stop|523167cf033f0bfb70fb7dab61dae1bc468f645cd4d08c1df627ccfa2ce3df7d|t20-lat-svc-3.1.rz669q6m0nsu3up74q9fxx2wo
1790510680191162089|container|die|523167cf033f0bfb70fb7dab61dae1bc468f645cd4d08c1df627ccfa2ce3df7d|t20-lat-svc-3.1.rz669q6m0nsu3up74q9fxx2wo
1790510680526125965|network|connect|8db233da865a21ce3b3588d2a3425a428c76c745e4117af1e843d46e5c384ac5|bridge
1790510680543093808|container|start|5d67b201cf8652cf7b70417b4edaf7cedfc7f01ff4d36387c030fc377689e7a3|t20-lat-svc-3.1.jyzx1jc2phnoko9i7xkbi7ikv
1790510681543801872|container|exec_create: /bin/sh -c true|5d67b201cf8652cf7b70417b4edaf7cedfc7f01ff4d36387c030fc377689e7a3|t20-lat-svc-3.1.jyzx1jc2phnoko9i7xkbi7ikv
1790510681543900524|container|exec_start: /bin/sh -c true|5d67b201cf8652cf7b70417b4edaf7cedfc7f01ff4d36387c030fc377689e7a3|t20-lat-svc-3.1.jyzx1jc2phnoko9i7xkbi7ikv
1790510681569447257|container|exec_die|5d67b201cf8652cf7b70417b4edaf7cedfc7f01ff4d36387c030fc377689e7a3|t20-lat-svc-3.1.jyzx1jc2phnoko9i7xkbi7ikv
1790510681569639081|container|health_status: healthy|5d67b201cf8652cf7b70417b4edaf7cedfc7f01ff4d36387c030fc377689e7a3|t20-lat-svc-3.1.jyzx1jc2phnoko9i7xkbi7ikv
1790510681955416982|service|remove|ft5bxxebkchgjz3zl8853dkdj|t20-lat-svc-3
1790510682353068770|container|destroy|523167cf033f0bfb70fb7dab61dae1bc468f645cd4d08c1df627ccfa2ce3df7d|t20-lat-svc-3.1.rz669q6m0nsu3up74q9fxx2wo
1790510682570296110|container|exec_create: /bin/sh -c true|5d67b201cf8652cf7b70417b4edaf7cedfc7f01ff4d36387c030fc377689e7a3|t20-lat-svc-3.1.jyzx1jc2phnoko9i7xkbi7ikv
1790510682570332319|container|exec_start: /bin/sh -c true|5d67b201cf8652cf7b70417b4edaf7cedfc7f01ff4d36387c030fc377689e7a3|t20-lat-svc-3.1.jyzx1jc2phnoko9i7xkbi7ikv
1790510682594582130|container|exec_die|5d67b201cf8652cf7b70417b4edaf7cedfc7f01ff4d36387c030fc377689e7a3|t20-lat-svc-3.1.jyzx1jc2phnoko9i7xkbi7ikv
1790510683087342358|container|kill|5d67b201cf8652cf7b70417b4edaf7cedfc7f01ff4d36387c030fc377689e7a3|t20-lat-svc-3.1.jyzx1jc2phnoko9i7xkbi7ikv
1790510683595637469|container|exec_create: /bin/sh -c true|5d67b201cf8652cf7b70417b4edaf7cedfc7f01ff4d36387c030fc377689e7a3|t20-lat-svc-3.1.jyzx1jc2phnoko9i7xkbi7ikv
1790510683595669224|container|exec_start: /bin/sh -c true|5d67b201cf8652cf7b70417b4edaf7cedfc7f01ff4d36387c030fc377689e7a3|t20-lat-svc-3.1.jyzx1jc2phnoko9i7xkbi7ikv
1790510683619372659|container|exec_die|5d67b201cf8652cf7b70417b4edaf7cedfc7f01ff4d36387c030fc377689e7a3|t20-lat-svc-3.1.jyzx1jc2phnoko9i7xkbi7ikv
1790510684620475536|container|exec_create: /bin/sh -c true|5d67b201cf8652cf7b70417b4edaf7cedfc7f01ff4d36387c030fc377689e7a3|t20-lat-svc-3.1.jyzx1jc2phnoko9i7xkbi7ikv
1790510684620527104|container|exec_start: /bin/sh -c true|5d67b201cf8652cf7b70417b4edaf7cedfc7f01ff4d36387c030fc377689e7a3|t20-lat-svc-3.1.jyzx1jc2phnoko9i7xkbi7ikv
1790510684646328807|container|exec_die|5d67b201cf8652cf7b70417b4edaf7cedfc7f01ff4d36387c030fc377689e7a3|t20-lat-svc-3.1.jyzx1jc2phnoko9i7xkbi7ikv
1790510685101497258|container|kill|5d67b201cf8652cf7b70417b4edaf7cedfc7f01ff4d36387c030fc377689e7a3|t20-lat-svc-3.1.jyzx1jc2phnoko9i7xkbi7ikv
1790510685253279777|network|disconnect|8db233da865a21ce3b3588d2a3425a428c76c745e4117af1e843d46e5c384ac5|bridge
1790510685262017902|container|stop|5d67b201cf8652cf7b70417b4edaf7cedfc7f01ff4d36387c030fc377689e7a3|t20-lat-svc-3.1.jyzx1jc2phnoko9i7xkbi7ikv
1790510685270339795|container|die|5d67b201cf8652cf7b70417b4edaf7cedfc7f01ff4d36387c030fc377689e7a3|t20-lat-svc-3.1.jyzx1jc2phnoko9i7xkbi7ikv
1790510685728942746|container|destroy|5d67b201cf8652cf7b70417b4edaf7cedfc7f01ff4d36387c030fc377689e7a3|t20-lat-svc-3.1.jyzx1jc2phnoko9i7xkbi7ikv
1790510693695561916|service|create|tvajpwynaymolfg0q3tm23v06|t20-lat-svc-4
1790510693949065128|container|create|f8986bd8f422111c1f43b73f0cfe9f09164f10956567c2762c7677878dfce222|t20-lat-svc-4.1.pstycuv0t8ignwkkf7esjt8ee
1790510694072975793|network|connect|8db233da865a21ce3b3588d2a3425a428c76c745e4117af1e843d46e5c384ac5|bridge
1790510694097211245|container|start|f8986bd8f422111c1f43b73f0cfe9f09164f10956567c2762c7677878dfce222|t20-lat-svc-4.1.pstycuv0t8ignwkkf7esjt8ee
1790510695098113470|container|exec_create: /bin/sh -c true|f8986bd8f422111c1f43b73f0cfe9f09164f10956567c2762c7677878dfce222|t20-lat-svc-4.1.pstycuv0t8ignwkkf7esjt8ee
1790510695098173499|container|exec_start: /bin/sh -c true|f8986bd8f422111c1f43b73f0cfe9f09164f10956567c2762c7677878dfce222|t20-lat-svc-4.1.pstycuv0t8ignwkkf7esjt8ee
1790510695123813035|container|exec_die|f8986bd8f422111c1f43b73f0cfe9f09164f10956567c2762c7677878dfce222|t20-lat-svc-4.1.pstycuv0t8ignwkkf7esjt8ee
1790510695123999022|container|health_status: healthy|f8986bd8f422111c1f43b73f0cfe9f09164f10956567c2762c7677878dfce222|t20-lat-svc-4.1.pstycuv0t8ignwkkf7esjt8ee
1790510695761747220|service|update|tvajpwynaymolfg0q3tm23v06|t20-lat-svc-4
1790510695764285748|service|update|tvajpwynaymolfg0q3tm23v06|t20-lat-svc-4
1790510696033073106|container|create|d55c5427f4650fe67b4b057747097d79cd27e9511be482ed73e5d3d8b818841d|t20-lat-svc-4.1.ud76tcu4lu7f81woeb6xz5bnv
1790510696124569741|container|exec_create: /bin/sh -c true|f8986bd8f422111c1f43b73f0cfe9f09164f10956567c2762c7677878dfce222|t20-lat-svc-4.1.pstycuv0t8ignwkkf7esjt8ee
1790510696124593061|container|exec_start: /bin/sh -c true|f8986bd8f422111c1f43b73f0cfe9f09164f10956567c2762c7677878dfce222|t20-lat-svc-4.1.pstycuv0t8ignwkkf7esjt8ee
1790510696148349489|container|exec_die|f8986bd8f422111c1f43b73f0cfe9f09164f10956567c2762c7677878dfce222|t20-lat-svc-4.1.pstycuv0t8ignwkkf7esjt8ee
1790510696952277554|container|kill|f8986bd8f422111c1f43b73f0cfe9f09164f10956567c2762c7677878dfce222|t20-lat-svc-4.1.pstycuv0t8ignwkkf7esjt8ee
1790510697148956556|container|exec_create: /bin/sh -c true|f8986bd8f422111c1f43b73f0cfe9f09164f10956567c2762c7677878dfce222|t20-lat-svc-4.1.pstycuv0t8ignwkkf7esjt8ee
1790510697148980397|container|exec_start: /bin/sh -c true|f8986bd8f422111c1f43b73f0cfe9f09164f10956567c2762c7677878dfce222|t20-lat-svc-4.1.pstycuv0t8ignwkkf7esjt8ee
1790510697174859325|container|exec_die|f8986bd8f422111c1f43b73f0cfe9f09164f10956567c2762c7677878dfce222|t20-lat-svc-4.1.pstycuv0t8ignwkkf7esjt8ee
1790510698175817692|container|exec_create: /bin/sh -c true|f8986bd8f422111c1f43b73f0cfe9f09164f10956567c2762c7677878dfce222|t20-lat-svc-4.1.pstycuv0t8ignwkkf7esjt8ee
1790510698175890632|container|exec_start: /bin/sh -c true|f8986bd8f422111c1f43b73f0cfe9f09164f10956567c2762c7677878dfce222|t20-lat-svc-4.1.pstycuv0t8ignwkkf7esjt8ee
1790510698200410343|container|exec_die|f8986bd8f422111c1f43b73f0cfe9f09164f10956567c2762c7677878dfce222|t20-lat-svc-4.1.pstycuv0t8ignwkkf7esjt8ee
1790510698967279338|container|kill|f8986bd8f422111c1f43b73f0cfe9f09164f10956567c2762c7677878dfce222|t20-lat-svc-4.1.pstycuv0t8ignwkkf7esjt8ee
1790510699092181563|network|disconnect|8db233da865a21ce3b3588d2a3425a428c76c745e4117af1e843d46e5c384ac5|bridge
1790510699097824782|container|stop|f8986bd8f422111c1f43b73f0cfe9f09164f10956567c2762c7677878dfce222|t20-lat-svc-4.1.pstycuv0t8ignwkkf7esjt8ee
1790510699107329312|container|die|f8986bd8f422111c1f43b73f0cfe9f09164f10956567c2762c7677878dfce222|t20-lat-svc-4.1.pstycuv0t8ignwkkf7esjt8ee
1790510699374108768|network|connect|8db233da865a21ce3b3588d2a3425a428c76c745e4117af1e843d46e5c384ac5|bridge
1790510699392220661|container|start|d55c5427f4650fe67b4b057747097d79cd27e9511be482ed73e5d3d8b818841d|t20-lat-svc-4.1.ud76tcu4lu7f81woeb6xz5bnv
1790510700392434446|container|exec_create: /bin/sh -c true|d55c5427f4650fe67b4b057747097d79cd27e9511be482ed73e5d3d8b818841d|t20-lat-svc-4.1.ud76tcu4lu7f81woeb6xz5bnv
1790510700392496608|container|exec_start: /bin/sh -c true|d55c5427f4650fe67b4b057747097d79cd27e9511be482ed73e5d3d8b818841d|t20-lat-svc-4.1.ud76tcu4lu7f81woeb6xz5bnv
1790510700417542891|container|exec_die|d55c5427f4650fe67b4b057747097d79cd27e9511be482ed73e5d3d8b818841d|t20-lat-svc-4.1.ud76tcu4lu7f81woeb6xz5bnv
1790510700417737850|container|health_status: healthy|d55c5427f4650fe67b4b057747097d79cd27e9511be482ed73e5d3d8b818841d|t20-lat-svc-4.1.ud76tcu4lu7f81woeb6xz5bnv
1790510700906374906|service|remove|tvajpwynaymolfg0q3tm23v06|t20-lat-svc-4
1790510701305020316|container|destroy|f8986bd8f422111c1f43b73f0cfe9f09164f10956567c2762c7677878dfce222|t20-lat-svc-4.1.pstycuv0t8ignwkkf7esjt8ee
1790510701418201187|container|exec_create: /bin/sh -c true|d55c5427f4650fe67b4b057747097d79cd27e9511be482ed73e5d3d8b818841d|t20-lat-svc-4.1.ud76tcu4lu7f81woeb6xz5bnv
1790510701418224145|container|exec_start: /bin/sh -c true|d55c5427f4650fe67b4b057747097d79cd27e9511be482ed73e5d3d8b818841d|t20-lat-svc-4.1.ud76tcu4lu7f81woeb6xz5bnv
1790510701443464471|container|exec_die|d55c5427f4650fe67b4b057747097d79cd27e9511be482ed73e5d3d8b818841d|t20-lat-svc-4.1.ud76tcu4lu7f81woeb6xz5bnv
1790510702032252110|container|kill|d55c5427f4650fe67b4b057747097d79cd27e9511be482ed73e5d3d8b818841d|t20-lat-svc-4.1.ud76tcu4lu7f81woeb6xz5bnv
1790510702444858976|container|exec_create: /bin/sh -c true|d55c5427f4650fe67b4b057747097d79cd27e9511be482ed73e5d3d8b818841d|t20-lat-svc-4.1.ud76tcu4lu7f81woeb6xz5bnv
1790510702444883346|container|exec_start: /bin/sh -c true|d55c5427f4650fe67b4b057747097d79cd27e9511be482ed73e5d3d8b818841d|t20-lat-svc-4.1.ud76tcu4lu7f81woeb6xz5bnv
1790510702469328318|container|exec_die|d55c5427f4650fe67b4b057747097d79cd27e9511be482ed73e5d3d8b818841d|t20-lat-svc-4.1.ud76tcu4lu7f81woeb6xz5bnv
1790510703470533608|container|exec_create: /bin/sh -c true|d55c5427f4650fe67b4b057747097d79cd27e9511be482ed73e5d3d8b818841d|t20-lat-svc-4.1.ud76tcu4lu7f81woeb6xz5bnv
1790510703470571057|container|exec_start: /bin/sh -c true|d55c5427f4650fe67b4b057747097d79cd27e9511be482ed73e5d3d8b818841d|t20-lat-svc-4.1.ud76tcu4lu7f81woeb6xz5bnv
1790510703494419616|container|exec_die|d55c5427f4650fe67b4b057747097d79cd27e9511be482ed73e5d3d8b818841d|t20-lat-svc-4.1.ud76tcu4lu7f81woeb6xz5bnv
1790510704047094957|container|kill|d55c5427f4650fe67b4b057747097d79cd27e9511be482ed73e5d3d8b818841d|t20-lat-svc-4.1.ud76tcu4lu7f81woeb6xz5bnv
1790510704220241223|network|disconnect|8db233da865a21ce3b3588d2a3425a428c76c745e4117af1e843d46e5c384ac5|bridge
1790510704229958425|container|stop|d55c5427f4650fe67b4b057747097d79cd27e9511be482ed73e5d3d8b818841d|t20-lat-svc-4.1.ud76tcu4lu7f81woeb6xz5bnv
1790510704238309345|container|die|d55c5427f4650fe67b4b057747097d79cd27e9511be482ed73e5d3d8b818841d|t20-lat-svc-4.1.ud76tcu4lu7f81woeb6xz5bnv
1790510704668209137|container|destroy|d55c5427f4650fe67b4b057747097d79cd27e9511be482ed73e5d3d8b818841d|t20-lat-svc-4.1.ud76tcu4lu7f81woeb6xz5bnv
1790510712338990325|service|create|wvkl9a72inam2qa6gleetak8o|t20-lat-svc-5
1790510712591584334|container|create|989c71b6e5827e16519b3992fdf21c76a3802e50154ab38e9c90efaba3a87457|t20-lat-svc-5.1.hh8y7n14x96spdk9yif025j19
1790510712707577234|network|connect|8db233da865a21ce3b3588d2a3425a428c76c745e4117af1e843d46e5c384ac5|bridge
1790510712726519325|container|start|989c71b6e5827e16519b3992fdf21c76a3802e50154ab38e9c90efaba3a87457|t20-lat-svc-5.1.hh8y7n14x96spdk9yif025j19
1790510713726677645|container|exec_create: /bin/sh -c true|989c71b6e5827e16519b3992fdf21c76a3802e50154ab38e9c90efaba3a87457|t20-lat-svc-5.1.hh8y7n14x96spdk9yif025j19
1790510713726775428|container|exec_start: /bin/sh -c true|989c71b6e5827e16519b3992fdf21c76a3802e50154ab38e9c90efaba3a87457|t20-lat-svc-5.1.hh8y7n14x96spdk9yif025j19
1790510713751805312|container|exec_die|989c71b6e5827e16519b3992fdf21c76a3802e50154ab38e9c90efaba3a87457|t20-lat-svc-5.1.hh8y7n14x96spdk9yif025j19
1790510713752081864|container|health_status: healthy|989c71b6e5827e16519b3992fdf21c76a3802e50154ab38e9c90efaba3a87457|t20-lat-svc-5.1.hh8y7n14x96spdk9yif025j19
1790510714406511792|service|update|wvkl9a72inam2qa6gleetak8o|t20-lat-svc-5
1790510714408801505|service|update|wvkl9a72inam2qa6gleetak8o|t20-lat-svc-5
1790510714678660637|container|create|0e80c4c7c9492a632ad8e0f9a0be52588ae0e2811a653b34d17ae6acc61ce0aa|t20-lat-svc-5.1.n2kqpqr9ct2l2c1mu4z1posew
1790510714752980865|container|exec_create: /bin/sh -c true|989c71b6e5827e16519b3992fdf21c76a3802e50154ab38e9c90efaba3a87457|t20-lat-svc-5.1.hh8y7n14x96spdk9yif025j19
1790510714753000421|container|exec_start: /bin/sh -c true|989c71b6e5827e16519b3992fdf21c76a3802e50154ab38e9c90efaba3a87457|t20-lat-svc-5.1.hh8y7n14x96spdk9yif025j19
1790510714777756478|container|exec_die|989c71b6e5827e16519b3992fdf21c76a3802e50154ab38e9c90efaba3a87457|t20-lat-svc-5.1.hh8y7n14x96spdk9yif025j19
1790510715596807467|container|kill|989c71b6e5827e16519b3992fdf21c76a3802e50154ab38e9c90efaba3a87457|t20-lat-svc-5.1.hh8y7n14x96spdk9yif025j19
1790510715778528912|container|exec_create: /bin/sh -c true|989c71b6e5827e16519b3992fdf21c76a3802e50154ab38e9c90efaba3a87457|t20-lat-svc-5.1.hh8y7n14x96spdk9yif025j19
1790510715778551380|container|exec_start: /bin/sh -c true|989c71b6e5827e16519b3992fdf21c76a3802e50154ab38e9c90efaba3a87457|t20-lat-svc-5.1.hh8y7n14x96spdk9yif025j19
1790510715802859341|container|exec_die|989c71b6e5827e16519b3992fdf21c76a3802e50154ab38e9c90efaba3a87457|t20-lat-svc-5.1.hh8y7n14x96spdk9yif025j19
1790510716803275610|container|exec_create: /bin/sh -c true|989c71b6e5827e16519b3992fdf21c76a3802e50154ab38e9c90efaba3a87457|t20-lat-svc-5.1.hh8y7n14x96spdk9yif025j19
1790510716803301142|container|exec_start: /bin/sh -c true|989c71b6e5827e16519b3992fdf21c76a3802e50154ab38e9c90efaba3a87457|t20-lat-svc-5.1.hh8y7n14x96spdk9yif025j19
1790510716828263303|container|exec_die|989c71b6e5827e16519b3992fdf21c76a3802e50154ab38e9c90efaba3a87457|t20-lat-svc-5.1.hh8y7n14x96spdk9yif025j19
1790510717611125427|container|kill|989c71b6e5827e16519b3992fdf21c76a3802e50154ab38e9c90efaba3a87457|t20-lat-svc-5.1.hh8y7n14x96spdk9yif025j19
1790510717777695071|network|disconnect|8db233da865a21ce3b3588d2a3425a428c76c745e4117af1e843d46e5c384ac5|bridge
1790510717783500162|container|stop|989c71b6e5827e16519b3992fdf21c76a3802e50154ab38e9c90efaba3a87457|t20-lat-svc-5.1.hh8y7n14x96spdk9yif025j19
1790510717792773166|container|die|989c71b6e5827e16519b3992fdf21c76a3802e50154ab38e9c90efaba3a87457|t20-lat-svc-5.1.hh8y7n14x96spdk9yif025j19
1790510718109669387|network|connect|8db233da865a21ce3b3588d2a3425a428c76c745e4117af1e843d46e5c384ac5|bridge
1790510718127666312|container|start|0e80c4c7c9492a632ad8e0f9a0be52588ae0e2811a653b34d17ae6acc61ce0aa|t20-lat-svc-5.1.n2kqpqr9ct2l2c1mu4z1posew
1790510719128241655|container|exec_create: /bin/sh -c true|0e80c4c7c9492a632ad8e0f9a0be52588ae0e2811a653b34d17ae6acc61ce0aa|t20-lat-svc-5.1.n2kqpqr9ct2l2c1mu4z1posew
1790510719128303620|container|exec_start: /bin/sh -c true|0e80c4c7c9492a632ad8e0f9a0be52588ae0e2811a653b34d17ae6acc61ce0aa|t20-lat-svc-5.1.n2kqpqr9ct2l2c1mu4z1posew
1790510719152123409|container|exec_die|0e80c4c7c9492a632ad8e0f9a0be52588ae0e2811a653b34d17ae6acc61ce0aa|t20-lat-svc-5.1.n2kqpqr9ct2l2c1mu4z1posew
1790510719152377876|container|health_status: healthy|0e80c4c7c9492a632ad8e0f9a0be52588ae0e2811a653b34d17ae6acc61ce0aa|t20-lat-svc-5.1.n2kqpqr9ct2l2c1mu4z1posew
1790510719550913175|service|remove|wvkl9a72inam2qa6gleetak8o|t20-lat-svc-5
1790510719946444345|container|destroy|989c71b6e5827e16519b3992fdf21c76a3802e50154ab38e9c90efaba3a87457|t20-lat-svc-5.1.hh8y7n14x96spdk9yif025j19
1790510720153139295|container|exec_create: /bin/sh -c true|0e80c4c7c9492a632ad8e0f9a0be52588ae0e2811a653b34d17ae6acc61ce0aa|t20-lat-svc-5.1.n2kqpqr9ct2l2c1mu4z1posew
1790510720153173332|container|exec_start: /bin/sh -c true|0e80c4c7c9492a632ad8e0f9a0be52588ae0e2811a653b34d17ae6acc61ce0aa|t20-lat-svc-5.1.n2kqpqr9ct2l2c1mu4z1posew
1790510720177954221|container|exec_die|0e80c4c7c9492a632ad8e0f9a0be52588ae0e2811a653b34d17ae6acc61ce0aa|t20-lat-svc-5.1.n2kqpqr9ct2l2c1mu4z1posew
1790510720676071044|container|kill|0e80c4c7c9492a632ad8e0f9a0be52588ae0e2811a653b34d17ae6acc61ce0aa|t20-lat-svc-5.1.n2kqpqr9ct2l2c1mu4z1posew
1790510721178245069|container|exec_create: /bin/sh -c true|0e80c4c7c9492a632ad8e0f9a0be52588ae0e2811a653b34d17ae6acc61ce0aa|t20-lat-svc-5.1.n2kqpqr9ct2l2c1mu4z1posew
1790510721178292599|container|exec_start: /bin/sh -c true|0e80c4c7c9492a632ad8e0f9a0be52588ae0e2811a653b34d17ae6acc61ce0aa|t20-lat-svc-5.1.n2kqpqr9ct2l2c1mu4z1posew
1790510721203083929|container|exec_die|0e80c4c7c9492a632ad8e0f9a0be52588ae0e2811a653b34d17ae6acc61ce0aa|t20-lat-svc-5.1.n2kqpqr9ct2l2c1mu4z1posew
1790510722203219700|container|exec_create: /bin/sh -c true|0e80c4c7c9492a632ad8e0f9a0be52588ae0e2811a653b34d17ae6acc61ce0aa|t20-lat-svc-5.1.n2kqpqr9ct2l2c1mu4z1posew
1790510722203250741|container|exec_start: /bin/sh -c true|0e80c4c7c9492a632ad8e0f9a0be52588ae0e2811a653b34d17ae6acc61ce0aa|t20-lat-svc-5.1.n2kqpqr9ct2l2c1mu4z1posew
1790510722228023089|container|exec_die|0e80c4c7c9492a632ad8e0f9a0be52588ae0e2811a653b34d17ae6acc61ce0aa|t20-lat-svc-5.1.n2kqpqr9ct2l2c1mu4z1posew
1790510722690281777|container|kill|0e80c4c7c9492a632ad8e0f9a0be52588ae0e2811a653b34d17ae6acc61ce0aa|t20-lat-svc-5.1.n2kqpqr9ct2l2c1mu4z1posew
1790510722838887356|network|disconnect|8db233da865a21ce3b3588d2a3425a428c76c745e4117af1e843d46e5c384ac5|bridge
1790510722848554512|container|stop|0e80c4c7c9492a632ad8e0f9a0be52588ae0e2811a653b34d17ae6acc61ce0aa|t20-lat-svc-5.1.n2kqpqr9ct2l2c1mu4z1posew
1790510722858935606|container|die|0e80c4c7c9492a632ad8e0f9a0be52588ae0e2811a653b34d17ae6acc61ce0aa|t20-lat-svc-5.1.n2kqpqr9ct2l2c1mu4z1posew
1790510723311621668|container|destroy|0e80c4c7c9492a632ad8e0f9a0be52588ae0e2811a653b34d17ae6acc61ce0aa|t20-lat-svc-5.1.n2kqpqr9ct2l2c1mu4z1posew
1790510728873038330|service|create|ug3ficwct63fbcck4ad1yjckk|t20-lat-svc-6
1790510729133128263|container|create|df822e1c73370cd0d393e3cd6d4f546685f2c35474ebecdd55fceabdcc3595b4|t20-lat-svc-6.1.ru7ii6j20hfcmxv3yxa4ypt9g
1790510729271034857|network|connect|8db233da865a21ce3b3588d2a3425a428c76c745e4117af1e843d46e5c384ac5|bridge
1790510729288181846|container|start|df822e1c73370cd0d393e3cd6d4f546685f2c35474ebecdd55fceabdcc3595b4|t20-lat-svc-6.1.ru7ii6j20hfcmxv3yxa4ypt9g
1790510730289189357|container|exec_create: /bin/sh -c true|df822e1c73370cd0d393e3cd6d4f546685f2c35474ebecdd55fceabdcc3595b4|t20-lat-svc-6.1.ru7ii6j20hfcmxv3yxa4ypt9g
1790510730289263442|container|exec_start: /bin/sh -c true|df822e1c73370cd0d393e3cd6d4f546685f2c35474ebecdd55fceabdcc3595b4|t20-lat-svc-6.1.ru7ii6j20hfcmxv3yxa4ypt9g
1790510730314314484|container|exec_die|df822e1c73370cd0d393e3cd6d4f546685f2c35474ebecdd55fceabdcc3595b4|t20-lat-svc-6.1.ru7ii6j20hfcmxv3yxa4ypt9g
1790510730314510029|container|health_status: healthy|df822e1c73370cd0d393e3cd6d4f546685f2c35474ebecdd55fceabdcc3595b4|t20-lat-svc-6.1.ru7ii6j20hfcmxv3yxa4ypt9g
1790510730938385069|service|update|ug3ficwct63fbcck4ad1yjckk|t20-lat-svc-6
1790510730943260104|service|update|ug3ficwct63fbcck4ad1yjckk|t20-lat-svc-6
1790510731213160521|container|create|40c1945d338a3544e6eea5d4ca10f03f1ff4caa12919cc97856db114b01f7599|t20-lat-svc-6.1.wvb4wdko0sx2377l2ek2ar2qd
1790510731314704044|container|exec_create: /bin/sh -c true|df822e1c73370cd0d393e3cd6d4f546685f2c35474ebecdd55fceabdcc3595b4|t20-lat-svc-6.1.ru7ii6j20hfcmxv3yxa4ypt9g
1790510731314748054|container|exec_start: /bin/sh -c true|df822e1c73370cd0d393e3cd6d4f546685f2c35474ebecdd55fceabdcc3595b4|t20-lat-svc-6.1.ru7ii6j20hfcmxv3yxa4ypt9g
1790510731339342161|container|exec_die|df822e1c73370cd0d393e3cd6d4f546685f2c35474ebecdd55fceabdcc3595b4|t20-lat-svc-6.1.ru7ii6j20hfcmxv3yxa4ypt9g
1790510732127235510|container|kill|df822e1c73370cd0d393e3cd6d4f546685f2c35474ebecdd55fceabdcc3595b4|t20-lat-svc-6.1.ru7ii6j20hfcmxv3yxa4ypt9g
1790510732339781440|container|exec_create: /bin/sh -c true|df822e1c73370cd0d393e3cd6d4f546685f2c35474ebecdd55fceabdcc3595b4|t20-lat-svc-6.1.ru7ii6j20hfcmxv3yxa4ypt9g
1790510732339817749|container|exec_start: /bin/sh -c true|df822e1c73370cd0d393e3cd6d4f546685f2c35474ebecdd55fceabdcc3595b4|t20-lat-svc-6.1.ru7ii6j20hfcmxv3yxa4ypt9g
1790510732364594008|container|exec_die|df822e1c73370cd0d393e3cd6d4f546685f2c35474ebecdd55fceabdcc3595b4|t20-lat-svc-6.1.ru7ii6j20hfcmxv3yxa4ypt9g
1790510733365891450|container|exec_create: /bin/sh -c true|df822e1c73370cd0d393e3cd6d4f546685f2c35474ebecdd55fceabdcc3595b4|t20-lat-svc-6.1.ru7ii6j20hfcmxv3yxa4ypt9g
1790510733365929047|container|exec_start: /bin/sh -c true|df822e1c73370cd0d393e3cd6d4f546685f2c35474ebecdd55fceabdcc3595b4|t20-lat-svc-6.1.ru7ii6j20hfcmxv3yxa4ypt9g
1790510733390368756|container|exec_die|df822e1c73370cd0d393e3cd6d4f546685f2c35474ebecdd55fceabdcc3595b4|t20-lat-svc-6.1.ru7ii6j20hfcmxv3yxa4ypt9g
1790510734140735168|container|kill|df822e1c73370cd0d393e3cd6d4f546685f2c35474ebecdd55fceabdcc3595b4|t20-lat-svc-6.1.ru7ii6j20hfcmxv3yxa4ypt9g
1790510734275238776|network|disconnect|8db233da865a21ce3b3588d2a3425a428c76c745e4117af1e843d46e5c384ac5|bridge
1790510734280850963|container|stop|df822e1c73370cd0d393e3cd6d4f546685f2c35474ebecdd55fceabdcc3595b4|t20-lat-svc-6.1.ru7ii6j20hfcmxv3yxa4ypt9g
1790510734289279619|container|die|df822e1c73370cd0d393e3cd6d4f546685f2c35474ebecdd55fceabdcc3595b4|t20-lat-svc-6.1.ru7ii6j20hfcmxv3yxa4ypt9g
1790510734538136020|network|connect|8db233da865a21ce3b3588d2a3425a428c76c745e4117af1e843d46e5c384ac5|bridge
1790510734555253991|container|start|40c1945d338a3544e6eea5d4ca10f03f1ff4caa12919cc97856db114b01f7599|t20-lat-svc-6.1.wvb4wdko0sx2377l2ek2ar2qd
1790510735556432123|container|exec_create: /bin/sh -c true|40c1945d338a3544e6eea5d4ca10f03f1ff4caa12919cc97856db114b01f7599|t20-lat-svc-6.1.wvb4wdko0sx2377l2ek2ar2qd
1790510735556484771|container|exec_start: /bin/sh -c true|40c1945d338a3544e6eea5d4ca10f03f1ff4caa12919cc97856db114b01f7599|t20-lat-svc-6.1.wvb4wdko0sx2377l2ek2ar2qd
1790510735582560570|container|exec_die|40c1945d338a3544e6eea5d4ca10f03f1ff4caa12919cc97856db114b01f7599|t20-lat-svc-6.1.wvb4wdko0sx2377l2ek2ar2qd
1790510735582910710|container|health_status: healthy|40c1945d338a3544e6eea5d4ca10f03f1ff4caa12919cc97856db114b01f7599|t20-lat-svc-6.1.wvb4wdko0sx2377l2ek2ar2qd
1790510736088608223|service|remove|ug3ficwct63fbcck4ad1yjckk|t20-lat-svc-6
1790510736488004034|container|destroy|df822e1c73370cd0d393e3cd6d4f546685f2c35474ebecdd55fceabdcc3595b4|t20-lat-svc-6.1.ru7ii6j20hfcmxv3yxa4ypt9g
1790510736583973697|container|exec_create: /bin/sh -c true|40c1945d338a3544e6eea5d4ca10f03f1ff4caa12919cc97856db114b01f7599|t20-lat-svc-6.1.wvb4wdko0sx2377l2ek2ar2qd
1790510736584003669|container|exec_start: /bin/sh -c true|40c1945d338a3544e6eea5d4ca10f03f1ff4caa12919cc97856db114b01f7599|t20-lat-svc-6.1.wvb4wdko0sx2377l2ek2ar2qd
1790510736608821252|container|exec_die|40c1945d338a3544e6eea5d4ca10f03f1ff4caa12919cc97856db114b01f7599|t20-lat-svc-6.1.wvb4wdko0sx2377l2ek2ar2qd
1790510737215479231|container|kill|40c1945d338a3544e6eea5d4ca10f03f1ff4caa12919cc97856db114b01f7599|t20-lat-svc-6.1.wvb4wdko0sx2377l2ek2ar2qd
1790510737609901413|container|exec_create: /bin/sh -c true|40c1945d338a3544e6eea5d4ca10f03f1ff4caa12919cc97856db114b01f7599|t20-lat-svc-6.1.wvb4wdko0sx2377l2ek2ar2qd
1790510737609925396|container|exec_start: /bin/sh -c true|40c1945d338a3544e6eea5d4ca10f03f1ff4caa12919cc97856db114b01f7599|t20-lat-svc-6.1.wvb4wdko0sx2377l2ek2ar2qd
1790510737634470484|container|exec_die|40c1945d338a3544e6eea5d4ca10f03f1ff4caa12919cc97856db114b01f7599|t20-lat-svc-6.1.wvb4wdko0sx2377l2ek2ar2qd
1790510738635314974|container|exec_create: /bin/sh -c true|40c1945d338a3544e6eea5d4ca10f03f1ff4caa12919cc97856db114b01f7599|t20-lat-svc-6.1.wvb4wdko0sx2377l2ek2ar2qd
1790510738635353232|container|exec_start: /bin/sh -c true|40c1945d338a3544e6eea5d4ca10f03f1ff4caa12919cc97856db114b01f7599|t20-lat-svc-6.1.wvb4wdko0sx2377l2ek2ar2qd
1790510738660742917|container|exec_die|40c1945d338a3544e6eea5d4ca10f03f1ff4caa12919cc97856db114b01f7599|t20-lat-svc-6.1.wvb4wdko0sx2377l2ek2ar2qd
1790510739228453955|container|kill|40c1945d338a3544e6eea5d4ca10f03f1ff4caa12919cc97856db114b01f7599|t20-lat-svc-6.1.wvb4wdko0sx2377l2ek2ar2qd
1790510739395281515|network|disconnect|8db233da865a21ce3b3588d2a3425a428c76c745e4117af1e843d46e5c384ac5|bridge
1790510739405014592|container|stop|40c1945d338a3544e6eea5d4ca10f03f1ff4caa12919cc97856db114b01f7599|t20-lat-svc-6.1.wvb4wdko0sx2377l2ek2ar2qd
1790510739413437087|container|die|40c1945d338a3544e6eea5d4ca10f03f1ff4caa12919cc97856db114b01f7599|t20-lat-svc-6.1.wvb4wdko0sx2377l2ek2ar2qd
1790510739841040816|container|destroy|40c1945d338a3544e6eea5d4ca10f03f1ff4caa12919cc97856db114b01f7599|t20-lat-svc-6.1.wvb4wdko0sx2377l2ek2ar2qd
1790510743074159793|service|create|cl05aya9jjjvrrzcjv1s9us7i|t20-lat-svc-7
1790510743329541192|container|create|9bacf008bf4a5b365bedbd3ddbb65b8f7e3c91c081a1fdf5af54d7943444056d|t20-lat-svc-7.1.ji8pooi6o3ldszfjmkh602w8x
1790510743455420795|network|connect|8db233da865a21ce3b3588d2a3425a428c76c745e4117af1e843d46e5c384ac5|bridge
1790510743473647574|container|start|9bacf008bf4a5b365bedbd3ddbb65b8f7e3c91c081a1fdf5af54d7943444056d|t20-lat-svc-7.1.ji8pooi6o3ldszfjmkh602w8x
1790510744474302399|container|exec_create: /bin/sh -c true|9bacf008bf4a5b365bedbd3ddbb65b8f7e3c91c081a1fdf5af54d7943444056d|t20-lat-svc-7.1.ji8pooi6o3ldszfjmkh602w8x
1790510744474349169|container|exec_start: /bin/sh -c true|9bacf008bf4a5b365bedbd3ddbb65b8f7e3c91c081a1fdf5af54d7943444056d|t20-lat-svc-7.1.ji8pooi6o3ldszfjmkh602w8x
1790510744499860271|container|exec_die|9bacf008bf4a5b365bedbd3ddbb65b8f7e3c91c081a1fdf5af54d7943444056d|t20-lat-svc-7.1.ji8pooi6o3ldszfjmkh602w8x
1790510744500070856|container|health_status: healthy|9bacf008bf4a5b365bedbd3ddbb65b8f7e3c91c081a1fdf5af54d7943444056d|t20-lat-svc-7.1.ji8pooi6o3ldszfjmkh602w8x
1790510745142908537|service|update|cl05aya9jjjvrrzcjv1s9us7i|t20-lat-svc-7
1790510745145834610|service|update|cl05aya9jjjvrrzcjv1s9us7i|t20-lat-svc-7
1790510745414506867|container|create|563088607dfd349ebd282ab4e675acbc34356d95cdcee466fe6ddee2d6dcf8cb|t20-lat-svc-7.1.mclwolh68ykde45pzduz6hjy1
1790510745500226826|container|exec_create: /bin/sh -c true|9bacf008bf4a5b365bedbd3ddbb65b8f7e3c91c081a1fdf5af54d7943444056d|t20-lat-svc-7.1.ji8pooi6o3ldszfjmkh602w8x
1790510745500254433|container|exec_start: /bin/sh -c true|9bacf008bf4a5b365bedbd3ddbb65b8f7e3c91c081a1fdf5af54d7943444056d|t20-lat-svc-7.1.ji8pooi6o3ldszfjmkh602w8x
1790510745524691671|container|exec_die|9bacf008bf4a5b365bedbd3ddbb65b8f7e3c91c081a1fdf5af54d7943444056d|t20-lat-svc-7.1.ji8pooi6o3ldszfjmkh602w8x
1790510746333706907|container|kill|9bacf008bf4a5b365bedbd3ddbb65b8f7e3c91c081a1fdf5af54d7943444056d|t20-lat-svc-7.1.ji8pooi6o3ldszfjmkh602w8x
1790510746525540262|container|exec_create: /bin/sh -c true|9bacf008bf4a5b365bedbd3ddbb65b8f7e3c91c081a1fdf5af54d7943444056d|t20-lat-svc-7.1.ji8pooi6o3ldszfjmkh602w8x
1790510746525572196|container|exec_start: /bin/sh -c true|9bacf008bf4a5b365bedbd3ddbb65b8f7e3c91c081a1fdf5af54d7943444056d|t20-lat-svc-7.1.ji8pooi6o3ldszfjmkh602w8x
1790510746549853905|container|exec_die|9bacf008bf4a5b365bedbd3ddbb65b8f7e3c91c081a1fdf5af54d7943444056d|t20-lat-svc-7.1.ji8pooi6o3ldszfjmkh602w8x
1790510747551138424|container|exec_create: /bin/sh -c true|9bacf008bf4a5b365bedbd3ddbb65b8f7e3c91c081a1fdf5af54d7943444056d|t20-lat-svc-7.1.ji8pooi6o3ldszfjmkh602w8x
1790510747551178680|container|exec_start: /bin/sh -c true|9bacf008bf4a5b365bedbd3ddbb65b8f7e3c91c081a1fdf5af54d7943444056d|t20-lat-svc-7.1.ji8pooi6o3ldszfjmkh602w8x
1790510747576668845|container|exec_die|9bacf008bf4a5b365bedbd3ddbb65b8f7e3c91c081a1fdf5af54d7943444056d|t20-lat-svc-7.1.ji8pooi6o3ldszfjmkh602w8x
1790510748346752445|container|kill|9bacf008bf4a5b365bedbd3ddbb65b8f7e3c91c081a1fdf5af54d7943444056d|t20-lat-svc-7.1.ji8pooi6o3ldszfjmkh602w8x
1790510748487640742|network|disconnect|8db233da865a21ce3b3588d2a3425a428c76c745e4117af1e843d46e5c384ac5|bridge
1790510748493302599|container|stop|9bacf008bf4a5b365bedbd3ddbb65b8f7e3c91c081a1fdf5af54d7943444056d|t20-lat-svc-7.1.ji8pooi6o3ldszfjmkh602w8x
1790510748501687441|container|die|9bacf008bf4a5b365bedbd3ddbb65b8f7e3c91c081a1fdf5af54d7943444056d|t20-lat-svc-7.1.ji8pooi6o3ldszfjmkh602w8x
1790510748741623291|network|connect|8db233da865a21ce3b3588d2a3425a428c76c745e4117af1e843d46e5c384ac5|bridge
1790510748758648604|container|start|563088607dfd349ebd282ab4e675acbc34356d95cdcee466fe6ddee2d6dcf8cb|t20-lat-svc-7.1.mclwolh68ykde45pzduz6hjy1
1790510749759939969|container|exec_create: /bin/sh -c true|563088607dfd349ebd282ab4e675acbc34356d95cdcee466fe6ddee2d6dcf8cb|t20-lat-svc-7.1.mclwolh68ykde45pzduz6hjy1
1790510749759977758|container|exec_start: /bin/sh -c true|563088607dfd349ebd282ab4e675acbc34356d95cdcee466fe6ddee2d6dcf8cb|t20-lat-svc-7.1.mclwolh68ykde45pzduz6hjy1
1790510749784744448|container|exec_die|563088607dfd349ebd282ab4e675acbc34356d95cdcee466fe6ddee2d6dcf8cb|t20-lat-svc-7.1.mclwolh68ykde45pzduz6hjy1
1790510749784950821|container|health_status: healthy|563088607dfd349ebd282ab4e675acbc34356d95cdcee466fe6ddee2d6dcf8cb|t20-lat-svc-7.1.mclwolh68ykde45pzduz6hjy1
1790510750288035555|service|remove|cl05aya9jjjvrrzcjv1s9us7i|t20-lat-svc-7
1790510750685385028|container|destroy|9bacf008bf4a5b365bedbd3ddbb65b8f7e3c91c081a1fdf5af54d7943444056d|t20-lat-svc-7.1.ji8pooi6o3ldszfjmkh602w8x
1790510750785249723|container|exec_create: /bin/sh -c true|563088607dfd349ebd282ab4e675acbc34356d95cdcee466fe6ddee2d6dcf8cb|t20-lat-svc-7.1.mclwolh68ykde45pzduz6hjy1
1790510750785286703|container|exec_start: /bin/sh -c true|563088607dfd349ebd282ab4e675acbc34356d95cdcee466fe6ddee2d6dcf8cb|t20-lat-svc-7.1.mclwolh68ykde45pzduz6hjy1
1790510750811178619|container|exec_die|563088607dfd349ebd282ab4e675acbc34356d95cdcee466fe6ddee2d6dcf8cb|t20-lat-svc-7.1.mclwolh68ykde45pzduz6hjy1
1790510751421639440|container|kill|563088607dfd349ebd282ab4e675acbc34356d95cdcee466fe6ddee2d6dcf8cb|t20-lat-svc-7.1.mclwolh68ykde45pzduz6hjy1
1790510751811832507|container|exec_create: /bin/sh -c true|563088607dfd349ebd282ab4e675acbc34356d95cdcee466fe6ddee2d6dcf8cb|t20-lat-svc-7.1.mclwolh68ykde45pzduz6hjy1
1790510751811858362|container|exec_start: /bin/sh -c true|563088607dfd349ebd282ab4e675acbc34356d95cdcee466fe6ddee2d6dcf8cb|t20-lat-svc-7.1.mclwolh68ykde45pzduz6hjy1
1790510751836824286|container|exec_die|563088607dfd349ebd282ab4e675acbc34356d95cdcee466fe6ddee2d6dcf8cb|t20-lat-svc-7.1.mclwolh68ykde45pzduz6hjy1
1790510752836792984|container|exec_create: /bin/sh -c true|563088607dfd349ebd282ab4e675acbc34356d95cdcee466fe6ddee2d6dcf8cb|t20-lat-svc-7.1.mclwolh68ykde45pzduz6hjy1
1790510752836821722|container|exec_start: /bin/sh -c true|563088607dfd349ebd282ab4e675acbc34356d95cdcee466fe6ddee2d6dcf8cb|t20-lat-svc-7.1.mclwolh68ykde45pzduz6hjy1
1790510752862061799|container|exec_die|563088607dfd349ebd282ab4e675acbc34356d95cdcee466fe6ddee2d6dcf8cb|t20-lat-svc-7.1.mclwolh68ykde45pzduz6hjy1
1790510753434013607|container|kill|563088607dfd349ebd282ab4e675acbc34356d95cdcee466fe6ddee2d6dcf8cb|t20-lat-svc-7.1.mclwolh68ykde45pzduz6hjy1
1790510753577639321|network|disconnect|8db233da865a21ce3b3588d2a3425a428c76c745e4117af1e843d46e5c384ac5|bridge
1790510753587298163|container|stop|563088607dfd349ebd282ab4e675acbc34356d95cdcee466fe6ddee2d6dcf8cb|t20-lat-svc-7.1.mclwolh68ykde45pzduz6hjy1
1790510753595628960|container|die|563088607dfd349ebd282ab4e675acbc34356d95cdcee466fe6ddee2d6dcf8cb|t20-lat-svc-7.1.mclwolh68ykde45pzduz6hjy1
1790510754050394637|container|destroy|563088607dfd349ebd282ab4e675acbc34356d95cdcee466fe6ddee2d6dcf8cb|t20-lat-svc-7.1.mclwolh68ykde45pzduz6hjy1
1790510757124177086|service|create|kfnp7rn3kkpg6g2izu6hehy0v|t20-lat-svc-8
1790510757378848052|container|create|4b57e35633bb8ff524effa230ab8d723d0833fd7f445de71e91db5a70afdb148|t20-lat-svc-8.1.mi4pslvfnu9mtg296em1fbp40
1790510757509773306|network|connect|8db233da865a21ce3b3588d2a3425a428c76c745e4117af1e843d46e5c384ac5|bridge
1790510757527768240|container|start|4b57e35633bb8ff524effa230ab8d723d0833fd7f445de71e91db5a70afdb148|t20-lat-svc-8.1.mi4pslvfnu9mtg296em1fbp40
1790510758528420128|container|exec_create: /bin/sh -c true|4b57e35633bb8ff524effa230ab8d723d0833fd7f445de71e91db5a70afdb148|t20-lat-svc-8.1.mi4pslvfnu9mtg296em1fbp40
1790510758528497797|container|exec_start: /bin/sh -c true|4b57e35633bb8ff524effa230ab8d723d0833fd7f445de71e91db5a70afdb148|t20-lat-svc-8.1.mi4pslvfnu9mtg296em1fbp40
1790510758552941976|container|exec_die|4b57e35633bb8ff524effa230ab8d723d0833fd7f445de71e91db5a70afdb148|t20-lat-svc-8.1.mi4pslvfnu9mtg296em1fbp40
1790510758553136943|container|health_status: healthy|4b57e35633bb8ff524effa230ab8d723d0833fd7f445de71e91db5a70afdb148|t20-lat-svc-8.1.mi4pslvfnu9mtg296em1fbp40
1790510759191537365|service|update|kfnp7rn3kkpg6g2izu6hehy0v|t20-lat-svc-8
1790510759194916725|service|update|kfnp7rn3kkpg6g2izu6hehy0v|t20-lat-svc-8
1790510759461696004|container|create|ed1a662f8246af64fdde2fb59dc6e4c63df63a77eb32be42cb4491482adcb3f7|t20-lat-svc-8.1.bges4yn3ce1uaecjsjg8wcxy8
1790510759554230621|container|exec_create: /bin/sh -c true|4b57e35633bb8ff524effa230ab8d723d0833fd7f445de71e91db5a70afdb148|t20-lat-svc-8.1.mi4pslvfnu9mtg296em1fbp40
1790510759554266977|container|exec_start: /bin/sh -c true|4b57e35633bb8ff524effa230ab8d723d0833fd7f445de71e91db5a70afdb148|t20-lat-svc-8.1.mi4pslvfnu9mtg296em1fbp40
1790510759578946263|container|exec_die|4b57e35633bb8ff524effa230ab8d723d0833fd7f445de71e91db5a70afdb148|t20-lat-svc-8.1.mi4pslvfnu9mtg296em1fbp40
1790510760382188475|container|kill|4b57e35633bb8ff524effa230ab8d723d0833fd7f445de71e91db5a70afdb148|t20-lat-svc-8.1.mi4pslvfnu9mtg296em1fbp40
1790510760580097536|container|exec_create: /bin/sh -c true|4b57e35633bb8ff524effa230ab8d723d0833fd7f445de71e91db5a70afdb148|t20-lat-svc-8.1.mi4pslvfnu9mtg296em1fbp40
1790510760580138726|container|exec_start: /bin/sh -c true|4b57e35633bb8ff524effa230ab8d723d0833fd7f445de71e91db5a70afdb148|t20-lat-svc-8.1.mi4pslvfnu9mtg296em1fbp40
1790510760604923869|container|exec_die|4b57e35633bb8ff524effa230ab8d723d0833fd7f445de71e91db5a70afdb148|t20-lat-svc-8.1.mi4pslvfnu9mtg296em1fbp40
1790510761605978322|container|exec_create: /bin/sh -c true|4b57e35633bb8ff524effa230ab8d723d0833fd7f445de71e91db5a70afdb148|t20-lat-svc-8.1.mi4pslvfnu9mtg296em1fbp40
1790510761606017540|container|exec_start: /bin/sh -c true|4b57e35633bb8ff524effa230ab8d723d0833fd7f445de71e91db5a70afdb148|t20-lat-svc-8.1.mi4pslvfnu9mtg296em1fbp40
1790510761630178110|container|exec_die|4b57e35633bb8ff524effa230ab8d723d0833fd7f445de71e91db5a70afdb148|t20-lat-svc-8.1.mi4pslvfnu9mtg296em1fbp40
1790510762395996387|container|kill|4b57e35633bb8ff524effa230ab8d723d0833fd7f445de71e91db5a70afdb148|t20-lat-svc-8.1.mi4pslvfnu9mtg296em1fbp40
1790510762541771801|network|disconnect|8db233da865a21ce3b3588d2a3425a428c76c745e4117af1e843d46e5c384ac5|bridge
1790510762547509457|container|stop|4b57e35633bb8ff524effa230ab8d723d0833fd7f445de71e91db5a70afdb148|t20-lat-svc-8.1.mi4pslvfnu9mtg296em1fbp40
1790510762555833033|container|die|4b57e35633bb8ff524effa230ab8d723d0833fd7f445de71e91db5a70afdb148|t20-lat-svc-8.1.mi4pslvfnu9mtg296em1fbp40
1790510762855902398|network|connect|8db233da865a21ce3b3588d2a3425a428c76c745e4117af1e843d46e5c384ac5|bridge
1790510762873843762|container|start|ed1a662f8246af64fdde2fb59dc6e4c63df63a77eb32be42cb4491482adcb3f7|t20-lat-svc-8.1.bges4yn3ce1uaecjsjg8wcxy8
1790510763874849432|container|exec_create: /bin/sh -c true|ed1a662f8246af64fdde2fb59dc6e4c63df63a77eb32be42cb4491482adcb3f7|t20-lat-svc-8.1.bges4yn3ce1uaecjsjg8wcxy8
1790510763874885528|container|exec_start: /bin/sh -c true|ed1a662f8246af64fdde2fb59dc6e4c63df63a77eb32be42cb4491482adcb3f7|t20-lat-svc-8.1.bges4yn3ce1uaecjsjg8wcxy8
1790510763900636640|container|exec_die|ed1a662f8246af64fdde2fb59dc6e4c63df63a77eb32be42cb4491482adcb3f7|t20-lat-svc-8.1.bges4yn3ce1uaecjsjg8wcxy8
1790510763900833248|container|health_status: healthy|ed1a662f8246af64fdde2fb59dc6e4c63df63a77eb32be42cb4491482adcb3f7|t20-lat-svc-8.1.bges4yn3ce1uaecjsjg8wcxy8
1790510764336089584|service|remove|kfnp7rn3kkpg6g2izu6hehy0v|t20-lat-svc-8
1790510764732650839|container|destroy|4b57e35633bb8ff524effa230ab8d723d0833fd7f445de71e91db5a70afdb148|t20-lat-svc-8.1.mi4pslvfnu9mtg296em1fbp40
1790510764901564604|container|exec_create: /bin/sh -c true|ed1a662f8246af64fdde2fb59dc6e4c63df63a77eb32be42cb4491482adcb3f7|t20-lat-svc-8.1.bges4yn3ce1uaecjsjg8wcxy8
1790510764901609936|container|exec_start: /bin/sh -c true|ed1a662f8246af64fdde2fb59dc6e4c63df63a77eb32be42cb4491482adcb3f7|t20-lat-svc-8.1.bges4yn3ce1uaecjsjg8wcxy8
1790510764927078078|container|exec_die|ed1a662f8246af64fdde2fb59dc6e4c63df63a77eb32be42cb4491482adcb3f7|t20-lat-svc-8.1.bges4yn3ce1uaecjsjg8wcxy8
1790510765470107037|container|kill|ed1a662f8246af64fdde2fb59dc6e4c63df63a77eb32be42cb4491482adcb3f7|t20-lat-svc-8.1.bges4yn3ce1uaecjsjg8wcxy8
1790510765927861475|container|exec_create: /bin/sh -c true|ed1a662f8246af64fdde2fb59dc6e4c63df63a77eb32be42cb4491482adcb3f7|t20-lat-svc-8.1.bges4yn3ce1uaecjsjg8wcxy8
1790510765927885617|container|exec_start: /bin/sh -c true|ed1a662f8246af64fdde2fb59dc6e4c63df63a77eb32be42cb4491482adcb3f7|t20-lat-svc-8.1.bges4yn3ce1uaecjsjg8wcxy8
1790510765953235769|container|exec_die|ed1a662f8246af64fdde2fb59dc6e4c63df63a77eb32be42cb4491482adcb3f7|t20-lat-svc-8.1.bges4yn3ce1uaecjsjg8wcxy8
1790510766954605597|container|exec_create: /bin/sh -c true|ed1a662f8246af64fdde2fb59dc6e4c63df63a77eb32be42cb4491482adcb3f7|t20-lat-svc-8.1.bges4yn3ce1uaecjsjg8wcxy8
1790510766954642918|container|exec_start: /bin/sh -c true|ed1a662f8246af64fdde2fb59dc6e4c63df63a77eb32be42cb4491482adcb3f7|t20-lat-svc-8.1.bges4yn3ce1uaecjsjg8wcxy8
1790510766977967616|container|exec_die|ed1a662f8246af64fdde2fb59dc6e4c63df63a77eb32be42cb4491482adcb3f7|t20-lat-svc-8.1.bges4yn3ce1uaecjsjg8wcxy8
1790510767483172979|container|kill|ed1a662f8246af64fdde2fb59dc6e4c63df63a77eb32be42cb4491482adcb3f7|t20-lat-svc-8.1.bges4yn3ce1uaecjsjg8wcxy8
1790510767643926861|network|disconnect|8db233da865a21ce3b3588d2a3425a428c76c745e4117af1e843d46e5c384ac5|bridge
1790510767653761898|container|stop|ed1a662f8246af64fdde2fb59dc6e4c63df63a77eb32be42cb4491482adcb3f7|t20-lat-svc-8.1.bges4yn3ce1uaecjsjg8wcxy8
1790510767662014462|container|die|ed1a662f8246af64fdde2fb59dc6e4c63df63a77eb32be42cb4491482adcb3f7|t20-lat-svc-8.1.bges4yn3ce1uaecjsjg8wcxy8
1790510768077709462|container|destroy|ed1a662f8246af64fdde2fb59dc6e4c63df63a77eb32be42cb4491482adcb3f7|t20-lat-svc-8.1.bges4yn3ce1uaecjsjg8wcxy8
1790510772480715610|service|create|0fc26hdkg9y6wzmbvkk5uvhxi|t20-lat-svc-9
1790510772738169714|container|create|5fa29f82837321db0dd9fa1fd4ad2cf4787d69b53c474ea58dec8951279a0cb7|t20-lat-svc-9.1.tqum3qj9a6i59955w26b1ymdv
1790510772865160088|network|connect|8db233da865a21ce3b3588d2a3425a428c76c745e4117af1e843d46e5c384ac5|bridge
1790510772883101748|container|start|5fa29f82837321db0dd9fa1fd4ad2cf4787d69b53c474ea58dec8951279a0cb7|t20-lat-svc-9.1.tqum3qj9a6i59955w26b1ymdv
1790510773883514828|container|exec_create: /bin/sh -c true|5fa29f82837321db0dd9fa1fd4ad2cf4787d69b53c474ea58dec8951279a0cb7|t20-lat-svc-9.1.tqum3qj9a6i59955w26b1ymdv
1790510773883581294|container|exec_start: /bin/sh -c true|5fa29f82837321db0dd9fa1fd4ad2cf4787d69b53c474ea58dec8951279a0cb7|t20-lat-svc-9.1.tqum3qj9a6i59955w26b1ymdv
1790510773908479533|container|exec_die|5fa29f82837321db0dd9fa1fd4ad2cf4787d69b53c474ea58dec8951279a0cb7|t20-lat-svc-9.1.tqum3qj9a6i59955w26b1ymdv
1790510773908697455|container|health_status: healthy|5fa29f82837321db0dd9fa1fd4ad2cf4787d69b53c474ea58dec8951279a0cb7|t20-lat-svc-9.1.tqum3qj9a6i59955w26b1ymdv
1790510774546426380|service|update|0fc26hdkg9y6wzmbvkk5uvhxi|t20-lat-svc-9
1790510774549332944|service|update|0fc26hdkg9y6wzmbvkk5uvhxi|t20-lat-svc-9
1790510774812277270|container|create|a86ee655bf6c15eddb8f2aeabbb5a15db16425e722830a4c47996097ac99d593|t20-lat-svc-9.1.sp4vifccbgw9jg1gkhbrbq6yx
1790510774909707107|container|exec_create: /bin/sh -c true|5fa29f82837321db0dd9fa1fd4ad2cf4787d69b53c474ea58dec8951279a0cb7|t20-lat-svc-9.1.tqum3qj9a6i59955w26b1ymdv
1790510774909741098|container|exec_start: /bin/sh -c true|5fa29f82837321db0dd9fa1fd4ad2cf4787d69b53c474ea58dec8951279a0cb7|t20-lat-svc-9.1.tqum3qj9a6i59955w26b1ymdv
1790510774934279922|container|exec_die|5fa29f82837321db0dd9fa1fd4ad2cf4787d69b53c474ea58dec8951279a0cb7|t20-lat-svc-9.1.tqum3qj9a6i59955w26b1ymdv
1790510775738226919|container|kill|5fa29f82837321db0dd9fa1fd4ad2cf4787d69b53c474ea58dec8951279a0cb7|t20-lat-svc-9.1.tqum3qj9a6i59955w26b1ymdv
1790510775935051510|container|exec_create: /bin/sh -c true|5fa29f82837321db0dd9fa1fd4ad2cf4787d69b53c474ea58dec8951279a0cb7|t20-lat-svc-9.1.tqum3qj9a6i59955w26b1ymdv
1790510775935126714|container|exec_start: /bin/sh -c true|5fa29f82837321db0dd9fa1fd4ad2cf4787d69b53c474ea58dec8951279a0cb7|t20-lat-svc-9.1.tqum3qj9a6i59955w26b1ymdv
1790510775960401840|container|exec_die|5fa29f82837321db0dd9fa1fd4ad2cf4787d69b53c474ea58dec8951279a0cb7|t20-lat-svc-9.1.tqum3qj9a6i59955w26b1ymdv
1790510776961083440|container|exec_create: /bin/sh -c true|5fa29f82837321db0dd9fa1fd4ad2cf4787d69b53c474ea58dec8951279a0cb7|t20-lat-svc-9.1.tqum3qj9a6i59955w26b1ymdv
1790510776961109936|container|exec_start: /bin/sh -c true|5fa29f82837321db0dd9fa1fd4ad2cf4787d69b53c474ea58dec8951279a0cb7|t20-lat-svc-9.1.tqum3qj9a6i59955w26b1ymdv
1790510776985386206|container|exec_die|5fa29f82837321db0dd9fa1fd4ad2cf4787d69b53c474ea58dec8951279a0cb7|t20-lat-svc-9.1.tqum3qj9a6i59955w26b1ymdv
1790510777754407155|container|kill|5fa29f82837321db0dd9fa1fd4ad2cf4787d69b53c474ea58dec8951279a0cb7|t20-lat-svc-9.1.tqum3qj9a6i59955w26b1ymdv
1790510777930247093|network|disconnect|8db233da865a21ce3b3588d2a3425a428c76c745e4117af1e843d46e5c384ac5|bridge
1790510777936017926|container|stop|5fa29f82837321db0dd9fa1fd4ad2cf4787d69b53c474ea58dec8951279a0cb7|t20-lat-svc-9.1.tqum3qj9a6i59955w26b1ymdv
1790510777944302994|container|die|5fa29f82837321db0dd9fa1fd4ad2cf4787d69b53c474ea58dec8951279a0cb7|t20-lat-svc-9.1.tqum3qj9a6i59955w26b1ymdv
1790510778199351019|network|connect|8db233da865a21ce3b3588d2a3425a428c76c745e4117af1e843d46e5c384ac5|bridge
1790510778217290346|container|start|a86ee655bf6c15eddb8f2aeabbb5a15db16425e722830a4c47996097ac99d593|t20-lat-svc-9.1.sp4vifccbgw9jg1gkhbrbq6yx
1790510779218004533|container|exec_create: /bin/sh -c true|a86ee655bf6c15eddb8f2aeabbb5a15db16425e722830a4c47996097ac99d593|t20-lat-svc-9.1.sp4vifccbgw9jg1gkhbrbq6yx
1790510779218040607|container|exec_start: /bin/sh -c true|a86ee655bf6c15eddb8f2aeabbb5a15db16425e722830a4c47996097ac99d593|t20-lat-svc-9.1.sp4vifccbgw9jg1gkhbrbq6yx
1790510779243810779|container|exec_die|a86ee655bf6c15eddb8f2aeabbb5a15db16425e722830a4c47996097ac99d593|t20-lat-svc-9.1.sp4vifccbgw9jg1gkhbrbq6yx
1790510779244039960|container|health_status: healthy|a86ee655bf6c15eddb8f2aeabbb5a15db16425e722830a4c47996097ac99d593|t20-lat-svc-9.1.sp4vifccbgw9jg1gkhbrbq6yx
1790510779690442178|service|remove|0fc26hdkg9y6wzmbvkk5uvhxi|t20-lat-svc-9
1790510780087914979|container|destroy|5fa29f82837321db0dd9fa1fd4ad2cf4787d69b53c474ea58dec8951279a0cb7|t20-lat-svc-9.1.tqum3qj9a6i59955w26b1ymdv
1790510780245138914|container|exec_create: /bin/sh -c true|a86ee655bf6c15eddb8f2aeabbb5a15db16425e722830a4c47996097ac99d593|t20-lat-svc-9.1.sp4vifccbgw9jg1gkhbrbq6yx
1790510780245164912|container|exec_start: /bin/sh -c true|a86ee655bf6c15eddb8f2aeabbb5a15db16425e722830a4c47996097ac99d593|t20-lat-svc-9.1.sp4vifccbgw9jg1gkhbrbq6yx
1790510780269361921|container|exec_die|a86ee655bf6c15eddb8f2aeabbb5a15db16425e722830a4c47996097ac99d593|t20-lat-svc-9.1.sp4vifccbgw9jg1gkhbrbq6yx
1790510780820523461|container|kill|a86ee655bf6c15eddb8f2aeabbb5a15db16425e722830a4c47996097ac99d593|t20-lat-svc-9.1.sp4vifccbgw9jg1gkhbrbq6yx
1790510781270816895|container|exec_create: /bin/sh -c true|a86ee655bf6c15eddb8f2aeabbb5a15db16425e722830a4c47996097ac99d593|t20-lat-svc-9.1.sp4vifccbgw9jg1gkhbrbq6yx
1790510781270857470|container|exec_start: /bin/sh -c true|a86ee655bf6c15eddb8f2aeabbb5a15db16425e722830a4c47996097ac99d593|t20-lat-svc-9.1.sp4vifccbgw9jg1gkhbrbq6yx
1790510781295372305|container|exec_die|a86ee655bf6c15eddb8f2aeabbb5a15db16425e722830a4c47996097ac99d593|t20-lat-svc-9.1.sp4vifccbgw9jg1gkhbrbq6yx
1790510782294572681|container|exec_create: /bin/sh -c true|a86ee655bf6c15eddb8f2aeabbb5a15db16425e722830a4c47996097ac99d593|t20-lat-svc-9.1.sp4vifccbgw9jg1gkhbrbq6yx
1790510782294598389|container|exec_start: /bin/sh -c true|a86ee655bf6c15eddb8f2aeabbb5a15db16425e722830a4c47996097ac99d593|t20-lat-svc-9.1.sp4vifccbgw9jg1gkhbrbq6yx
1790510782319311295|container|exec_die|a86ee655bf6c15eddb8f2aeabbb5a15db16425e722830a4c47996097ac99d593|t20-lat-svc-9.1.sp4vifccbgw9jg1gkhbrbq6yx
1790510782832575532|container|kill|a86ee655bf6c15eddb8f2aeabbb5a15db16425e722830a4c47996097ac99d593|t20-lat-svc-9.1.sp4vifccbgw9jg1gkhbrbq6yx
1790510782953178583|network|disconnect|8db233da865a21ce3b3588d2a3425a428c76c745e4117af1e843d46e5c384ac5|bridge
1790510782962991121|container|stop|a86ee655bf6c15eddb8f2aeabbb5a15db16425e722830a4c47996097ac99d593|t20-lat-svc-9.1.sp4vifccbgw9jg1gkhbrbq6yx
1790510782971235491|container|die|a86ee655bf6c15eddb8f2aeabbb5a15db16425e722830a4c47996097ac99d593|t20-lat-svc-9.1.sp4vifccbgw9jg1gkhbrbq6yx
1790510783390919379|container|destroy|a86ee655bf6c15eddb8f2aeabbb5a15db16425e722830a4c47996097ac99d593|t20-lat-svc-9.1.sp4vifccbgw9jg1gkhbrbq6yx
1790510788544305936|service|create|jrx4gcd9rdrg49z1cw16v8nny|t20-lat-svc-10
1790510788804448703|container|create|d076563606c7a14f9a39c217f3b9d0f8e5ef146cb1ebafd059b7bbfe4c1233d1|t20-lat-svc-10.1.v7z0036vzaf1znumnaygve1ti
1790510788947444577|network|connect|8db233da865a21ce3b3588d2a3425a428c76c745e4117af1e843d46e5c384ac5|bridge
1790510788965413609|container|start|d076563606c7a14f9a39c217f3b9d0f8e5ef146cb1ebafd059b7bbfe4c1233d1|t20-lat-svc-10.1.v7z0036vzaf1znumnaygve1ti
1790510789966746262|container|exec_create: /bin/sh -c true|d076563606c7a14f9a39c217f3b9d0f8e5ef146cb1ebafd059b7bbfe4c1233d1|t20-lat-svc-10.1.v7z0036vzaf1znumnaygve1ti
1790510789966782949|container|exec_start: /bin/sh -c true|d076563606c7a14f9a39c217f3b9d0f8e5ef146cb1ebafd059b7bbfe4c1233d1|t20-lat-svc-10.1.v7z0036vzaf1znumnaygve1ti
1790510789991969355|container|exec_die|d076563606c7a14f9a39c217f3b9d0f8e5ef146cb1ebafd059b7bbfe4c1233d1|t20-lat-svc-10.1.v7z0036vzaf1znumnaygve1ti
1790510789992262654|container|health_status: healthy|d076563606c7a14f9a39c217f3b9d0f8e5ef146cb1ebafd059b7bbfe4c1233d1|t20-lat-svc-10.1.v7z0036vzaf1znumnaygve1ti
1790510790612169120|service|update|jrx4gcd9rdrg49z1cw16v8nny|t20-lat-svc-10
1790510790614650627|service|update|jrx4gcd9rdrg49z1cw16v8nny|t20-lat-svc-10
1790510790879484757|container|create|f770777846394379cd167b82c9ae69726a8cc27c7c342954b22c6efe57267c81|t20-lat-svc-10.1.x4a34np54stly15znils77a6f
1790510790993109095|container|exec_create: /bin/sh -c true|d076563606c7a14f9a39c217f3b9d0f8e5ef146cb1ebafd059b7bbfe4c1233d1|t20-lat-svc-10.1.v7z0036vzaf1znumnaygve1ti
1790510790993143984|container|exec_start: /bin/sh -c true|d076563606c7a14f9a39c217f3b9d0f8e5ef146cb1ebafd059b7bbfe4c1233d1|t20-lat-svc-10.1.v7z0036vzaf1znumnaygve1ti
1790510791017562599|container|exec_die|d076563606c7a14f9a39c217f3b9d0f8e5ef146cb1ebafd059b7bbfe4c1233d1|t20-lat-svc-10.1.v7z0036vzaf1znumnaygve1ti
1790510791800468268|container|kill|d076563606c7a14f9a39c217f3b9d0f8e5ef146cb1ebafd059b7bbfe4c1233d1|t20-lat-svc-10.1.v7z0036vzaf1znumnaygve1ti
1790510792018097441|container|exec_create: /bin/sh -c true|d076563606c7a14f9a39c217f3b9d0f8e5ef146cb1ebafd059b7bbfe4c1233d1|t20-lat-svc-10.1.v7z0036vzaf1znumnaygve1ti
1790510792018134518|container|exec_start: /bin/sh -c true|d076563606c7a14f9a39c217f3b9d0f8e5ef146cb1ebafd059b7bbfe4c1233d1|t20-lat-svc-10.1.v7z0036vzaf1znumnaygve1ti
1790510792043592034|container|exec_die|d076563606c7a14f9a39c217f3b9d0f8e5ef146cb1ebafd059b7bbfe4c1233d1|t20-lat-svc-10.1.v7z0036vzaf1znumnaygve1ti
1790510793044829957|container|exec_create: /bin/sh -c true|d076563606c7a14f9a39c217f3b9d0f8e5ef146cb1ebafd059b7bbfe4c1233d1|t20-lat-svc-10.1.v7z0036vzaf1znumnaygve1ti
1790510793044874399|container|exec_start: /bin/sh -c true|d076563606c7a14f9a39c217f3b9d0f8e5ef146cb1ebafd059b7bbfe4c1233d1|t20-lat-svc-10.1.v7z0036vzaf1znumnaygve1ti
1790510793070905918|container|exec_die|d076563606c7a14f9a39c217f3b9d0f8e5ef146cb1ebafd059b7bbfe4c1233d1|t20-lat-svc-10.1.v7z0036vzaf1znumnaygve1ti
1790510793814545236|container|kill|d076563606c7a14f9a39c217f3b9d0f8e5ef146cb1ebafd059b7bbfe4c1233d1|t20-lat-svc-10.1.v7z0036vzaf1znumnaygve1ti
1790510793976446389|network|disconnect|8db233da865a21ce3b3588d2a3425a428c76c745e4117af1e843d46e5c384ac5|bridge
1790510793981063918|container|stop|d076563606c7a14f9a39c217f3b9d0f8e5ef146cb1ebafd059b7bbfe4c1233d1|t20-lat-svc-10.1.v7z0036vzaf1znumnaygve1ti
1790510793989483444|container|die|d076563606c7a14f9a39c217f3b9d0f8e5ef146cb1ebafd059b7bbfe4c1233d1|t20-lat-svc-10.1.v7z0036vzaf1znumnaygve1ti
1790510794324549783|network|connect|8db233da865a21ce3b3588d2a3425a428c76c745e4117af1e843d46e5c384ac5|bridge
1790510794341531729|container|start|f770777846394379cd167b82c9ae69726a8cc27c7c342954b22c6efe57267c81|t20-lat-svc-10.1.x4a34np54stly15znils77a6f
1790510795341855164|container|exec_create: /bin/sh -c true|f770777846394379cd167b82c9ae69726a8cc27c7c342954b22c6efe57267c81|t20-lat-svc-10.1.x4a34np54stly15znils77a6f
1790510795341940298|container|exec_start: /bin/sh -c true|f770777846394379cd167b82c9ae69726a8cc27c7c342954b22c6efe57267c81|t20-lat-svc-10.1.x4a34np54stly15znils77a6f
1790510795365620947|container|exec_die|f770777846394379cd167b82c9ae69726a8cc27c7c342954b22c6efe57267c81|t20-lat-svc-10.1.x4a34np54stly15znils77a6f
1790510795365816475|container|health_status: healthy|f770777846394379cd167b82c9ae69726a8cc27c7c342954b22c6efe57267c81|t20-lat-svc-10.1.x4a34np54stly15znils77a6f
1790510795755729873|service|remove|jrx4gcd9rdrg49z1cw16v8nny|t20-lat-svc-10
1790510796154320247|container|destroy|d076563606c7a14f9a39c217f3b9d0f8e5ef146cb1ebafd059b7bbfe4c1233d1|t20-lat-svc-10.1.v7z0036vzaf1znumnaygve1ti
1790510796366052412|container|exec_create: /bin/sh -c true|f770777846394379cd167b82c9ae69726a8cc27c7c342954b22c6efe57267c81|t20-lat-svc-10.1.x4a34np54stly15znils77a6f
1790510796366078154|container|exec_start: /bin/sh -c true|f770777846394379cd167b82c9ae69726a8cc27c7c342954b22c6efe57267c81|t20-lat-svc-10.1.x4a34np54stly15znils77a6f
1790510796390721033|container|exec_die|f770777846394379cd167b82c9ae69726a8cc27c7c342954b22c6efe57267c81|t20-lat-svc-10.1.x4a34np54stly15znils77a6f
1790510796891566322|container|kill|f770777846394379cd167b82c9ae69726a8cc27c7c342954b22c6efe57267c81|t20-lat-svc-10.1.x4a34np54stly15znils77a6f
1790510797391495205|container|exec_create: /bin/sh -c true|f770777846394379cd167b82c9ae69726a8cc27c7c342954b22c6efe57267c81|t20-lat-svc-10.1.x4a34np54stly15znils77a6f
1790510797391530728|container|exec_start: /bin/sh -c true|f770777846394379cd167b82c9ae69726a8cc27c7c342954b22c6efe57267c81|t20-lat-svc-10.1.x4a34np54stly15znils77a6f
1790510797416002425|container|exec_die|f770777846394379cd167b82c9ae69726a8cc27c7c342954b22c6efe57267c81|t20-lat-svc-10.1.x4a34np54stly15znils77a6f
1790510798417159136|container|exec_create: /bin/sh -c true|f770777846394379cd167b82c9ae69726a8cc27c7c342954b22c6efe57267c81|t20-lat-svc-10.1.x4a34np54stly15znils77a6f
1790510798417187467|container|exec_start: /bin/sh -c true|f770777846394379cd167b82c9ae69726a8cc27c7c342954b22c6efe57267c81|t20-lat-svc-10.1.x4a34np54stly15znils77a6f
1790510798443855327|container|exec_die|f770777846394379cd167b82c9ae69726a8cc27c7c342954b22c6efe57267c81|t20-lat-svc-10.1.x4a34np54stly15znils77a6f
1790510798904870497|container|kill|f770777846394379cd167b82c9ae69726a8cc27c7c342954b22c6efe57267c81|t20-lat-svc-10.1.x4a34np54stly15znils77a6f
1790510799053699153|network|disconnect|8db233da865a21ce3b3588d2a3425a428c76c745e4117af1e843d46e5c384ac5|bridge
1790510799063535311|container|stop|f770777846394379cd167b82c9ae69726a8cc27c7c342954b22c6efe57267c81|t20-lat-svc-10.1.x4a34np54stly15znils77a6f
1790510799072673504|container|die|f770777846394379cd167b82c9ae69726a8cc27c7c342954b22c6efe57267c81|t20-lat-svc-10.1.x4a34np54stly15znils77a6f
1790510799518456417|container|destroy|f770777846394379cd167b82c9ae69726a8cc27c7c342954b22c6efe57267c81|t20-lat-svc-10.1.x4a34np54stly15znils77a6f
1790510803930832666|service|create|a0gs7njetdbd8u4kp2iiti665|t20-lat-svc-11
1790510804196774180|container|create|0b29f320488dc02d87f58cbc4fe32f89ab8724bf0846256302dc95d235e933c5|t20-lat-svc-11.1.d11czj5siwwsr207nvcdepq2w
1790510804325817147|network|connect|8db233da865a21ce3b3588d2a3425a428c76c745e4117af1e843d46e5c384ac5|bridge
1790510804344813892|container|start|0b29f320488dc02d87f58cbc4fe32f89ab8724bf0846256302dc95d235e933c5|t20-lat-svc-11.1.d11czj5siwwsr207nvcdepq2w
1790510805345436549|container|exec_create: /bin/sh -c true|0b29f320488dc02d87f58cbc4fe32f89ab8724bf0846256302dc95d235e933c5|t20-lat-svc-11.1.d11czj5siwwsr207nvcdepq2w
1790510805345508521|container|exec_start: /bin/sh -c true|0b29f320488dc02d87f58cbc4fe32f89ab8724bf0846256302dc95d235e933c5|t20-lat-svc-11.1.d11czj5siwwsr207nvcdepq2w
1790510805371003435|container|exec_die|0b29f320488dc02d87f58cbc4fe32f89ab8724bf0846256302dc95d235e933c5|t20-lat-svc-11.1.d11czj5siwwsr207nvcdepq2w
1790510805371192334|container|health_status: healthy|0b29f320488dc02d87f58cbc4fe32f89ab8724bf0846256302dc95d235e933c5|t20-lat-svc-11.1.d11czj5siwwsr207nvcdepq2w
1790510805997764732|service|update|a0gs7njetdbd8u4kp2iiti665|t20-lat-svc-11
1790510806003137469|service|update|a0gs7njetdbd8u4kp2iiti665|t20-lat-svc-11
1790510806269925892|container|create|9c34c34c773b6288ab074e5f8af40be786d2d934086fe51e2a4ee0c87e16a1c6|t20-lat-svc-11.1.xcif7run2w3djqbqcr6usz3mo
1790510806371470788|container|exec_create: /bin/sh -c true|0b29f320488dc02d87f58cbc4fe32f89ab8724bf0846256302dc95d235e933c5|t20-lat-svc-11.1.d11czj5siwwsr207nvcdepq2w
1790510806371502071|container|exec_start: /bin/sh -c true|0b29f320488dc02d87f58cbc4fe32f89ab8724bf0846256302dc95d235e933c5|t20-lat-svc-11.1.d11czj5siwwsr207nvcdepq2w
1790510806397077767|container|exec_die|0b29f320488dc02d87f58cbc4fe32f89ab8724bf0846256302dc95d235e933c5|t20-lat-svc-11.1.d11czj5siwwsr207nvcdepq2w
1790510807188094295|container|kill|0b29f320488dc02d87f58cbc4fe32f89ab8724bf0846256302dc95d235e933c5|t20-lat-svc-11.1.d11czj5siwwsr207nvcdepq2w
1790510807397358840|container|exec_create: /bin/sh -c true|0b29f320488dc02d87f58cbc4fe32f89ab8724bf0846256302dc95d235e933c5|t20-lat-svc-11.1.d11czj5siwwsr207nvcdepq2w
1790510807397393761|container|exec_start: /bin/sh -c true|0b29f320488dc02d87f58cbc4fe32f89ab8724bf0846256302dc95d235e933c5|t20-lat-svc-11.1.d11czj5siwwsr207nvcdepq2w
1790510807422016385|container|exec_die|0b29f320488dc02d87f58cbc4fe32f89ab8724bf0846256302dc95d235e933c5|t20-lat-svc-11.1.d11czj5siwwsr207nvcdepq2w
1790510808423255064|container|exec_create: /bin/sh -c true|0b29f320488dc02d87f58cbc4fe32f89ab8724bf0846256302dc95d235e933c5|t20-lat-svc-11.1.d11czj5siwwsr207nvcdepq2w
1790510808423295681|container|exec_start: /bin/sh -c true|0b29f320488dc02d87f58cbc4fe32f89ab8724bf0846256302dc95d235e933c5|t20-lat-svc-11.1.d11czj5siwwsr207nvcdepq2w
1790510808448316431|container|exec_die|0b29f320488dc02d87f58cbc4fe32f89ab8724bf0846256302dc95d235e933c5|t20-lat-svc-11.1.d11czj5siwwsr207nvcdepq2w
1790510809203174234|container|kill|0b29f320488dc02d87f58cbc4fe32f89ab8724bf0846256302dc95d235e933c5|t20-lat-svc-11.1.d11czj5siwwsr207nvcdepq2w
1790510809364887372|network|disconnect|8db233da865a21ce3b3588d2a3425a428c76c745e4117af1e843d46e5c384ac5|bridge
1790510809370655922|container|stop|0b29f320488dc02d87f58cbc4fe32f89ab8724bf0846256302dc95d235e933c5|t20-lat-svc-11.1.d11czj5siwwsr207nvcdepq2w
1790510809378961384|container|die|0b29f320488dc02d87f58cbc4fe32f89ab8724bf0846256302dc95d235e933c5|t20-lat-svc-11.1.d11czj5siwwsr207nvcdepq2w
1790510809660888022|network|connect|8db233da865a21ce3b3588d2a3425a428c76c745e4117af1e843d46e5c384ac5|bridge
1790510809677887949|container|start|9c34c34c773b6288ab074e5f8af40be786d2d934086fe51e2a4ee0c87e16a1c6|t20-lat-svc-11.1.xcif7run2w3djqbqcr6usz3mo
1790510810678770084|container|exec_create: /bin/sh -c true|9c34c34c773b6288ab074e5f8af40be786d2d934086fe51e2a4ee0c87e16a1c6|t20-lat-svc-11.1.xcif7run2w3djqbqcr6usz3mo
1790510810678833023|container|exec_start: /bin/sh -c true|9c34c34c773b6288ab074e5f8af40be786d2d934086fe51e2a4ee0c87e16a1c6|t20-lat-svc-11.1.xcif7run2w3djqbqcr6usz3mo
1790510810705518287|container|exec_die|9c34c34c773b6288ab074e5f8af40be786d2d934086fe51e2a4ee0c87e16a1c6|t20-lat-svc-11.1.xcif7run2w3djqbqcr6usz3mo
1790510810705734202|container|health_status: healthy|9c34c34c773b6288ab074e5f8af40be786d2d934086fe51e2a4ee0c87e16a1c6|t20-lat-svc-11.1.xcif7run2w3djqbqcr6usz3mo
1790510811152268264|service|remove|a0gs7njetdbd8u4kp2iiti665|t20-lat-svc-11
1790510811547709220|container|destroy|0b29f320488dc02d87f58cbc4fe32f89ab8724bf0846256302dc95d235e933c5|t20-lat-svc-11.1.d11czj5siwwsr207nvcdepq2w
1790510811706584423|container|exec_create: /bin/sh -c true|9c34c34c773b6288ab074e5f8af40be786d2d934086fe51e2a4ee0c87e16a1c6|t20-lat-svc-11.1.xcif7run2w3djqbqcr6usz3mo
1790510811706614006|container|exec_start: /bin/sh -c true|9c34c34c773b6288ab074e5f8af40be786d2d934086fe51e2a4ee0c87e16a1c6|t20-lat-svc-11.1.xcif7run2w3djqbqcr6usz3mo
1790510811732199205|container|exec_die|9c34c34c773b6288ab074e5f8af40be786d2d934086fe51e2a4ee0c87e16a1c6|t20-lat-svc-11.1.xcif7run2w3djqbqcr6usz3mo
1790510812280856626|container|kill|9c34c34c773b6288ab074e5f8af40be786d2d934086fe51e2a4ee0c87e16a1c6|t20-lat-svc-11.1.xcif7run2w3djqbqcr6usz3mo
1790510812731347666|container|exec_create: /bin/sh -c true|9c34c34c773b6288ab074e5f8af40be786d2d934086fe51e2a4ee0c87e16a1c6|t20-lat-svc-11.1.xcif7run2w3djqbqcr6usz3mo
1790510812731371097|container|exec_start: /bin/sh -c true|9c34c34c773b6288ab074e5f8af40be786d2d934086fe51e2a4ee0c87e16a1c6|t20-lat-svc-11.1.xcif7run2w3djqbqcr6usz3mo
1790510812756088892|container|exec_die|9c34c34c773b6288ab074e5f8af40be786d2d934086fe51e2a4ee0c87e16a1c6|t20-lat-svc-11.1.xcif7run2w3djqbqcr6usz3mo
1790510813756906416|container|exec_create: /bin/sh -c true|9c34c34c773b6288ab074e5f8af40be786d2d934086fe51e2a4ee0c87e16a1c6|t20-lat-svc-11.1.xcif7run2w3djqbqcr6usz3mo
1790510813756937783|container|exec_start: /bin/sh -c true|9c34c34c773b6288ab074e5f8af40be786d2d934086fe51e2a4ee0c87e16a1c6|t20-lat-svc-11.1.xcif7run2w3djqbqcr6usz3mo
1790510813780784388|container|exec_die|9c34c34c773b6288ab074e5f8af40be786d2d934086fe51e2a4ee0c87e16a1c6|t20-lat-svc-11.1.xcif7run2w3djqbqcr6usz3mo
1790510814294998992|container|kill|9c34c34c773b6288ab074e5f8af40be786d2d934086fe51e2a4ee0c87e16a1c6|t20-lat-svc-11.1.xcif7run2w3djqbqcr6usz3mo
1790510814447745587|network|disconnect|8db233da865a21ce3b3588d2a3425a428c76c745e4117af1e843d46e5c384ac5|bridge
1790510814455499948|container|stop|9c34c34c773b6288ab074e5f8af40be786d2d934086fe51e2a4ee0c87e16a1c6|t20-lat-svc-11.1.xcif7run2w3djqbqcr6usz3mo
1790510814465017860|container|die|9c34c34c773b6288ab074e5f8af40be786d2d934086fe51e2a4ee0c87e16a1c6|t20-lat-svc-11.1.xcif7run2w3djqbqcr6usz3mo
1790510814947589659|container|destroy|9c34c34c773b6288ab074e5f8af40be786d2d934086fe51e2a4ee0c87e16a1c6|t20-lat-svc-11.1.xcif7run2w3djqbqcr6usz3mo
1790510821895696019|service|create|rxslg8kpyo40192ik343g638z|t20-lat-svc-12
1790510822151992993|container|create|8c5efbcfb2eb389c6e06f43497223c92b37606c2be3ac36df7d7d1bd8ee8b62b|t20-lat-svc-12.1.37nkqrf6ffrnlhlnaj0g3zf4p
1790510822296058436|network|connect|8db233da865a21ce3b3588d2a3425a428c76c745e4117af1e843d46e5c384ac5|bridge
1790510822316069091|container|start|8c5efbcfb2eb389c6e06f43497223c92b37606c2be3ac36df7d7d1bd8ee8b62b|t20-lat-svc-12.1.37nkqrf6ffrnlhlnaj0g3zf4p
1790510823316503307|container|exec_create: /bin/sh -c true|8c5efbcfb2eb389c6e06f43497223c92b37606c2be3ac36df7d7d1bd8ee8b62b|t20-lat-svc-12.1.37nkqrf6ffrnlhlnaj0g3zf4p
1790510823316556574|container|exec_start: /bin/sh -c true|8c5efbcfb2eb389c6e06f43497223c92b37606c2be3ac36df7d7d1bd8ee8b62b|t20-lat-svc-12.1.37nkqrf6ffrnlhlnaj0g3zf4p
1790510823341342625|container|exec_die|8c5efbcfb2eb389c6e06f43497223c92b37606c2be3ac36df7d7d1bd8ee8b62b|t20-lat-svc-12.1.37nkqrf6ffrnlhlnaj0g3zf4p
1790510823341532194|container|health_status: healthy|8c5efbcfb2eb389c6e06f43497223c92b37606c2be3ac36df7d7d1bd8ee8b62b|t20-lat-svc-12.1.37nkqrf6ffrnlhlnaj0g3zf4p
1790510823963476608|service|update|rxslg8kpyo40192ik343g638z|t20-lat-svc-12
1790510823966353616|service|update|rxslg8kpyo40192ik343g638z|t20-lat-svc-12
1790510824237092753|container|create|ce74601004405f09ad44d3d032344a18cdc6a94a577085cef6de65ce97fe203f|t20-lat-svc-12.1.ozgtraok96qmw2ju8gtc34zm3
1790510824342035172|container|exec_create: /bin/sh -c true|8c5efbcfb2eb389c6e06f43497223c92b37606c2be3ac36df7d7d1bd8ee8b62b|t20-lat-svc-12.1.37nkqrf6ffrnlhlnaj0g3zf4p
1790510824342057997|container|exec_start: /bin/sh -c true|8c5efbcfb2eb389c6e06f43497223c92b37606c2be3ac36df7d7d1bd8ee8b62b|t20-lat-svc-12.1.37nkqrf6ffrnlhlnaj0g3zf4p
1790510824366339122|container|exec_die|8c5efbcfb2eb389c6e06f43497223c92b37606c2be3ac36df7d7d1bd8ee8b62b|t20-lat-svc-12.1.37nkqrf6ffrnlhlnaj0g3zf4p
1790510825152277626|container|kill|8c5efbcfb2eb389c6e06f43497223c92b37606c2be3ac36df7d7d1bd8ee8b62b|t20-lat-svc-12.1.37nkqrf6ffrnlhlnaj0g3zf4p
1790510825367280823|container|exec_create: /bin/sh -c true|8c5efbcfb2eb389c6e06f43497223c92b37606c2be3ac36df7d7d1bd8ee8b62b|t20-lat-svc-12.1.37nkqrf6ffrnlhlnaj0g3zf4p
1790510825367317273|container|exec_start: /bin/sh -c true|8c5efbcfb2eb389c6e06f43497223c92b37606c2be3ac36df7d7d1bd8ee8b62b|t20-lat-svc-12.1.37nkqrf6ffrnlhlnaj0g3zf4p
1790510825391515939|container|exec_die|8c5efbcfb2eb389c6e06f43497223c92b37606c2be3ac36df7d7d1bd8ee8b62b|t20-lat-svc-12.1.37nkqrf6ffrnlhlnaj0g3zf4p
1790510826391790066|container|exec_create: /bin/sh -c true|8c5efbcfb2eb389c6e06f43497223c92b37606c2be3ac36df7d7d1bd8ee8b62b|t20-lat-svc-12.1.37nkqrf6ffrnlhlnaj0g3zf4p
1790510826391823334|container|exec_start: /bin/sh -c true|8c5efbcfb2eb389c6e06f43497223c92b37606c2be3ac36df7d7d1bd8ee8b62b|t20-lat-svc-12.1.37nkqrf6ffrnlhlnaj0g3zf4p
1790510826416364175|container|exec_die|8c5efbcfb2eb389c6e06f43497223c92b37606c2be3ac36df7d7d1bd8ee8b62b|t20-lat-svc-12.1.37nkqrf6ffrnlhlnaj0g3zf4p
1790510827166872919|container|kill|8c5efbcfb2eb389c6e06f43497223c92b37606c2be3ac36df7d7d1bd8ee8b62b|t20-lat-svc-12.1.37nkqrf6ffrnlhlnaj0g3zf4p
1790510827288167629|network|disconnect|8db233da865a21ce3b3588d2a3425a428c76c745e4117af1e843d46e5c384ac5|bridge
1790510827293859654|container|stop|8c5efbcfb2eb389c6e06f43497223c92b37606c2be3ac36df7d7d1bd8ee8b62b|t20-lat-svc-12.1.37nkqrf6ffrnlhlnaj0g3zf4p
1790510827302183055|container|die|8c5efbcfb2eb389c6e06f43497223c92b37606c2be3ac36df7d7d1bd8ee8b62b|t20-lat-svc-12.1.37nkqrf6ffrnlhlnaj0g3zf4p
1790510827599221577|network|connect|8db233da865a21ce3b3588d2a3425a428c76c745e4117af1e843d46e5c384ac5|bridge
1790510827616170755|container|start|ce74601004405f09ad44d3d032344a18cdc6a94a577085cef6de65ce97fe203f|t20-lat-svc-12.1.ozgtraok96qmw2ju8gtc34zm3
1790510828616872309|container|exec_create: /bin/sh -c true|ce74601004405f09ad44d3d032344a18cdc6a94a577085cef6de65ce97fe203f|t20-lat-svc-12.1.ozgtraok96qmw2ju8gtc34zm3
1790510828616931090|container|exec_start: /bin/sh -c true|ce74601004405f09ad44d3d032344a18cdc6a94a577085cef6de65ce97fe203f|t20-lat-svc-12.1.ozgtraok96qmw2ju8gtc34zm3
1790510828642498521|container|exec_die|ce74601004405f09ad44d3d032344a18cdc6a94a577085cef6de65ce97fe203f|t20-lat-svc-12.1.ozgtraok96qmw2ju8gtc34zm3
1790510828642718770|container|health_status: healthy|ce74601004405f09ad44d3d032344a18cdc6a94a577085cef6de65ce97fe203f|t20-lat-svc-12.1.ozgtraok96qmw2ju8gtc34zm3
1790510829109438937|service|remove|rxslg8kpyo40192ik343g638z|t20-lat-svc-12
1790510829503961044|container|destroy|8c5efbcfb2eb389c6e06f43497223c92b37606c2be3ac36df7d7d1bd8ee8b62b|t20-lat-svc-12.1.37nkqrf6ffrnlhlnaj0g3zf4p
1790510829643725488|container|exec_create: /bin/sh -c true|ce74601004405f09ad44d3d032344a18cdc6a94a577085cef6de65ce97fe203f|t20-lat-svc-12.1.ozgtraok96qmw2ju8gtc34zm3
1790510829643830591|container|exec_start: /bin/sh -c true|ce74601004405f09ad44d3d032344a18cdc6a94a577085cef6de65ce97fe203f|t20-lat-svc-12.1.ozgtraok96qmw2ju8gtc34zm3
1790510829668506914|container|exec_die|ce74601004405f09ad44d3d032344a18cdc6a94a577085cef6de65ce97fe203f|t20-lat-svc-12.1.ozgtraok96qmw2ju8gtc34zm3
1790510830239391826|container|kill|ce74601004405f09ad44d3d032344a18cdc6a94a577085cef6de65ce97fe203f|t20-lat-svc-12.1.ozgtraok96qmw2ju8gtc34zm3
1790510830669388426|container|exec_create: /bin/sh -c true|ce74601004405f09ad44d3d032344a18cdc6a94a577085cef6de65ce97fe203f|t20-lat-svc-12.1.ozgtraok96qmw2ju8gtc34zm3
1790510830669430058|container|exec_start: /bin/sh -c true|ce74601004405f09ad44d3d032344a18cdc6a94a577085cef6de65ce97fe203f|t20-lat-svc-12.1.ozgtraok96qmw2ju8gtc34zm3
1790510830693620046|container|exec_die|ce74601004405f09ad44d3d032344a18cdc6a94a577085cef6de65ce97fe203f|t20-lat-svc-12.1.ozgtraok96qmw2ju8gtc34zm3
1790510831694856586|container|exec_create: /bin/sh -c true|ce74601004405f09ad44d3d032344a18cdc6a94a577085cef6de65ce97fe203f|t20-lat-svc-12.1.ozgtraok96qmw2ju8gtc34zm3
1790510831694881478|container|exec_start: /bin/sh -c true|ce74601004405f09ad44d3d032344a18cdc6a94a577085cef6de65ce97fe203f|t20-lat-svc-12.1.ozgtraok96qmw2ju8gtc34zm3
1790510831719652093|container|exec_die|ce74601004405f09ad44d3d032344a18cdc6a94a577085cef6de65ce97fe203f|t20-lat-svc-12.1.ozgtraok96qmw2ju8gtc34zm3
1790510832251585143|container|kill|ce74601004405f09ad44d3d032344a18cdc6a94a577085cef6de65ce97fe203f|t20-lat-svc-12.1.ozgtraok96qmw2ju8gtc34zm3
1790510832423330370|network|disconnect|8db233da865a21ce3b3588d2a3425a428c76c745e4117af1e843d46e5c384ac5|bridge
1790510832433090656|container|stop|ce74601004405f09ad44d3d032344a18cdc6a94a577085cef6de65ce97fe203f|t20-lat-svc-12.1.ozgtraok96qmw2ju8gtc34zm3
1790510832441573558|container|die|ce74601004405f09ad44d3d032344a18cdc6a94a577085cef6de65ce97fe203f|t20-lat-svc-12.1.ozgtraok96qmw2ju8gtc34zm3
1790510832885036065|container|destroy|ce74601004405f09ad44d3d032344a18cdc6a94a577085cef6de65ce97fe203f|t20-lat-svc-12.1.ozgtraok96qmw2ju8gtc34zm3
1790510837485350715|service|create|ptd2nxnmzcte9ed40iijrkink|t20-lat-svc-13
1790510837740518264|container|create|81e9f977b77f68e1ac85b3413d4b40a82568169ccf405d43ab23c68fac10ce0d|t20-lat-svc-13.1.to42zmr2x9rte40dew1ju5llx
1790510837860468026|network|connect|8db233da865a21ce3b3588d2a3425a428c76c745e4117af1e843d46e5c384ac5|bridge
1790510837877586310|container|start|81e9f977b77f68e1ac85b3413d4b40a82568169ccf405d43ab23c68fac10ce0d|t20-lat-svc-13.1.to42zmr2x9rte40dew1ju5llx
1790510838878380179|container|exec_create: /bin/sh -c true|81e9f977b77f68e1ac85b3413d4b40a82568169ccf405d43ab23c68fac10ce0d|t20-lat-svc-13.1.to42zmr2x9rte40dew1ju5llx
1790510838878460432|container|exec_start: /bin/sh -c true|81e9f977b77f68e1ac85b3413d4b40a82568169ccf405d43ab23c68fac10ce0d|t20-lat-svc-13.1.to42zmr2x9rte40dew1ju5llx
1790510838904660668|container|exec_die|81e9f977b77f68e1ac85b3413d4b40a82568169ccf405d43ab23c68fac10ce0d|t20-lat-svc-13.1.to42zmr2x9rte40dew1ju5llx
1790510838904920272|container|health_status: healthy|81e9f977b77f68e1ac85b3413d4b40a82568169ccf405d43ab23c68fac10ce0d|t20-lat-svc-13.1.to42zmr2x9rte40dew1ju5llx
1790510839553160386|service|update|ptd2nxnmzcte9ed40iijrkink|t20-lat-svc-13
1790510839555658669|service|update|ptd2nxnmzcte9ed40iijrkink|t20-lat-svc-13
1790510839819524375|container|create|6e376c983a605cf05495e54ea448c04bff7fefa73684a52f3649ef301f05235d|t20-lat-svc-13.1.41mn7en7p0ndvghzc656zlnca
1790510839905951301|container|exec_create: /bin/sh -c true|81e9f977b77f68e1ac85b3413d4b40a82568169ccf405d43ab23c68fac10ce0d|t20-lat-svc-13.1.to42zmr2x9rte40dew1ju5llx
1790510839905985838|container|exec_start: /bin/sh -c true|81e9f977b77f68e1ac85b3413d4b40a82568169ccf405d43ab23c68fac10ce0d|t20-lat-svc-13.1.to42zmr2x9rte40dew1ju5llx
1790510839931696175|container|exec_die|81e9f977b77f68e1ac85b3413d4b40a82568169ccf405d43ab23c68fac10ce0d|t20-lat-svc-13.1.to42zmr2x9rte40dew1ju5llx
1790510840745858388|container|kill|81e9f977b77f68e1ac85b3413d4b40a82568169ccf405d43ab23c68fac10ce0d|t20-lat-svc-13.1.to42zmr2x9rte40dew1ju5llx
1790510840932402893|container|exec_create: /bin/sh -c true|81e9f977b77f68e1ac85b3413d4b40a82568169ccf405d43ab23c68fac10ce0d|t20-lat-svc-13.1.to42zmr2x9rte40dew1ju5llx
1790510840932437236|container|exec_start: /bin/sh -c true|81e9f977b77f68e1ac85b3413d4b40a82568169ccf405d43ab23c68fac10ce0d|t20-lat-svc-13.1.to42zmr2x9rte40dew1ju5llx
1790510840957594290|container|exec_die|81e9f977b77f68e1ac85b3413d4b40a82568169ccf405d43ab23c68fac10ce0d|t20-lat-svc-13.1.to42zmr2x9rte40dew1ju5llx
1790510841958839675|container|exec_create: /bin/sh -c true|81e9f977b77f68e1ac85b3413d4b40a82568169ccf405d43ab23c68fac10ce0d|t20-lat-svc-13.1.to42zmr2x9rte40dew1ju5llx
1790510841958870049|container|exec_start: /bin/sh -c true|81e9f977b77f68e1ac85b3413d4b40a82568169ccf405d43ab23c68fac10ce0d|t20-lat-svc-13.1.to42zmr2x9rte40dew1ju5llx
1790510841984129719|container|exec_die|81e9f977b77f68e1ac85b3413d4b40a82568169ccf405d43ab23c68fac10ce0d|t20-lat-svc-13.1.to42zmr2x9rte40dew1ju5llx
1790510842758882054|container|kill|81e9f977b77f68e1ac85b3413d4b40a82568169ccf405d43ab23c68fac10ce0d|t20-lat-svc-13.1.to42zmr2x9rte40dew1ju5llx
1790510842919703893|network|disconnect|8db233da865a21ce3b3588d2a3425a428c76c745e4117af1e843d46e5c384ac5|bridge
1790510842925317296|container|stop|81e9f977b77f68e1ac85b3413d4b40a82568169ccf405d43ab23c68fac10ce0d|t20-lat-svc-13.1.to42zmr2x9rte40dew1ju5llx
1790510842933830713|container|die|81e9f977b77f68e1ac85b3413d4b40a82568169ccf405d43ab23c68fac10ce0d|t20-lat-svc-13.1.to42zmr2x9rte40dew1ju5llx
1790510843195806869|network|connect|8db233da865a21ce3b3588d2a3425a428c76c745e4117af1e843d46e5c384ac5|bridge
1790510843219671358|container|start|6e376c983a605cf05495e54ea448c04bff7fefa73684a52f3649ef301f05235d|t20-lat-svc-13.1.41mn7en7p0ndvghzc656zlnca
1790510844220691795|container|exec_create: /bin/sh -c true|6e376c983a605cf05495e54ea448c04bff7fefa73684a52f3649ef301f05235d|t20-lat-svc-13.1.41mn7en7p0ndvghzc656zlnca
1790510844220767774|container|exec_start: /bin/sh -c true|6e376c983a605cf05495e54ea448c04bff7fefa73684a52f3649ef301f05235d|t20-lat-svc-13.1.41mn7en7p0ndvghzc656zlnca
1790510844245091107|container|exec_die|6e376c983a605cf05495e54ea448c04bff7fefa73684a52f3649ef301f05235d|t20-lat-svc-13.1.41mn7en7p0ndvghzc656zlnca
1790510844245302132|container|health_status: healthy|6e376c983a605cf05495e54ea448c04bff7fefa73684a52f3649ef301f05235d|t20-lat-svc-13.1.41mn7en7p0ndvghzc656zlnca
1790510844694870557|service|remove|ptd2nxnmzcte9ed40iijrkink|t20-lat-svc-13
1790510845093435349|container|destroy|81e9f977b77f68e1ac85b3413d4b40a82568169ccf405d43ab23c68fac10ce0d|t20-lat-svc-13.1.to42zmr2x9rte40dew1ju5llx
1790510845246026002|container|exec_create: /bin/sh -c true|6e376c983a605cf05495e54ea448c04bff7fefa73684a52f3649ef301f05235d|t20-lat-svc-13.1.41mn7en7p0ndvghzc656zlnca
1790510845246104812|container|exec_start: /bin/sh -c true|6e376c983a605cf05495e54ea448c04bff7fefa73684a52f3649ef301f05235d|t20-lat-svc-13.1.41mn7en7p0ndvghzc656zlnca
1790510845271241580|container|exec_die|6e376c983a605cf05495e54ea448c04bff7fefa73684a52f3649ef301f05235d|t20-lat-svc-13.1.41mn7en7p0ndvghzc656zlnca
1790510845822742480|container|kill|6e376c983a605cf05495e54ea448c04bff7fefa73684a52f3649ef301f05235d|t20-lat-svc-13.1.41mn7en7p0ndvghzc656zlnca
1790510846272174623|container|exec_create: /bin/sh -c true|6e376c983a605cf05495e54ea448c04bff7fefa73684a52f3649ef301f05235d|t20-lat-svc-13.1.41mn7en7p0ndvghzc656zlnca
1790510846272199147|container|exec_start: /bin/sh -c true|6e376c983a605cf05495e54ea448c04bff7fefa73684a52f3649ef301f05235d|t20-lat-svc-13.1.41mn7en7p0ndvghzc656zlnca
1790510846297293611|container|exec_die|6e376c983a605cf05495e54ea448c04bff7fefa73684a52f3649ef301f05235d|t20-lat-svc-13.1.41mn7en7p0ndvghzc656zlnca
1790510847297783230|container|exec_create: /bin/sh -c true|6e376c983a605cf05495e54ea448c04bff7fefa73684a52f3649ef301f05235d|t20-lat-svc-13.1.41mn7en7p0ndvghzc656zlnca
1790510847297822748|container|exec_start: /bin/sh -c true|6e376c983a605cf05495e54ea448c04bff7fefa73684a52f3649ef301f05235d|t20-lat-svc-13.1.41mn7en7p0ndvghzc656zlnca
1790510847323014291|container|exec_die|6e376c983a605cf05495e54ea448c04bff7fefa73684a52f3649ef301f05235d|t20-lat-svc-13.1.41mn7en7p0ndvghzc656zlnca
1790510847836887179|container|kill|6e376c983a605cf05495e54ea448c04bff7fefa73684a52f3649ef301f05235d|t20-lat-svc-13.1.41mn7en7p0ndvghzc656zlnca
1790510847962750461|network|disconnect|8db233da865a21ce3b3588d2a3425a428c76c745e4117af1e843d46e5c384ac5|bridge
1790510847972739474|container|stop|6e376c983a605cf05495e54ea448c04bff7fefa73684a52f3649ef301f05235d|t20-lat-svc-13.1.41mn7en7p0ndvghzc656zlnca
1790510847982054854|container|die|6e376c983a605cf05495e54ea448c04bff7fefa73684a52f3649ef301f05235d|t20-lat-svc-13.1.41mn7en7p0ndvghzc656zlnca
1790510848414499242|container|destroy|6e376c983a605cf05495e54ea448c04bff7fefa73684a52f3649ef301f05235d|t20-lat-svc-13.1.41mn7en7p0ndvghzc656zlnca
1790510851590890513|service|create|3epjkc0msvyucn1nz2ammqeuh|t20-lat-svc-14
1790510851844106754|container|create|4897bb9c7f4b2cb0656ee67a774ca3d8a100748e27e48cdc2d9954f0f59418ff|t20-lat-svc-14.1.rbbwxx8yn7sp0sfk09myguv71
1790510851979925317|network|connect|8db233da865a21ce3b3588d2a3425a428c76c745e4117af1e843d46e5c384ac5|bridge
1790510851997034084|container|start|4897bb9c7f4b2cb0656ee67a774ca3d8a100748e27e48cdc2d9954f0f59418ff|t20-lat-svc-14.1.rbbwxx8yn7sp0sfk09myguv71
1790510852997572411|container|exec_create: /bin/sh -c true|4897bb9c7f4b2cb0656ee67a774ca3d8a100748e27e48cdc2d9954f0f59418ff|t20-lat-svc-14.1.rbbwxx8yn7sp0sfk09myguv71
1790510852997649772|container|exec_start: /bin/sh -c true|4897bb9c7f4b2cb0656ee67a774ca3d8a100748e27e48cdc2d9954f0f59418ff|t20-lat-svc-14.1.rbbwxx8yn7sp0sfk09myguv71
1790510853023212813|container|exec_die|4897bb9c7f4b2cb0656ee67a774ca3d8a100748e27e48cdc2d9954f0f59418ff|t20-lat-svc-14.1.rbbwxx8yn7sp0sfk09myguv71
1790510853023421379|container|health_status: healthy|4897bb9c7f4b2cb0656ee67a774ca3d8a100748e27e48cdc2d9954f0f59418ff|t20-lat-svc-14.1.rbbwxx8yn7sp0sfk09myguv71
1790510853654974414|service|update|3epjkc0msvyucn1nz2ammqeuh|t20-lat-svc-14
1790510853658157716|service|update|3epjkc0msvyucn1nz2ammqeuh|t20-lat-svc-14
1790510853921035349|container|create|abcbea5e6b94922e37a3e3ba1076877b37e78d2879764a8e65bb6aa24b652a0e|t20-lat-svc-14.1.85awtikhk7w99wnt5hafnsov1
1790510854023525380|container|exec_create: /bin/sh -c true|4897bb9c7f4b2cb0656ee67a774ca3d8a100748e27e48cdc2d9954f0f59418ff|t20-lat-svc-14.1.rbbwxx8yn7sp0sfk09myguv71
1790510854023549226|container|exec_start: /bin/sh -c true|4897bb9c7f4b2cb0656ee67a774ca3d8a100748e27e48cdc2d9954f0f59418ff|t20-lat-svc-14.1.rbbwxx8yn7sp0sfk09myguv71
1790510854048266785|container|exec_die|4897bb9c7f4b2cb0656ee67a774ca3d8a100748e27e48cdc2d9954f0f59418ff|t20-lat-svc-14.1.rbbwxx8yn7sp0sfk09myguv71
1790510854842022439|container|kill|4897bb9c7f4b2cb0656ee67a774ca3d8a100748e27e48cdc2d9954f0f59418ff|t20-lat-svc-14.1.rbbwxx8yn7sp0sfk09myguv71
1790510855048932125|container|exec_create: /bin/sh -c true|4897bb9c7f4b2cb0656ee67a774ca3d8a100748e27e48cdc2d9954f0f59418ff|t20-lat-svc-14.1.rbbwxx8yn7sp0sfk09myguv71
1790510855048972117|container|exec_start: /bin/sh -c true|4897bb9c7f4b2cb0656ee67a774ca3d8a100748e27e48cdc2d9954f0f59418ff|t20-lat-svc-14.1.rbbwxx8yn7sp0sfk09myguv71
1790510855073143130|container|exec_die|4897bb9c7f4b2cb0656ee67a774ca3d8a100748e27e48cdc2d9954f0f59418ff|t20-lat-svc-14.1.rbbwxx8yn7sp0sfk09myguv71
1790510856074095300|container|exec_create: /bin/sh -c true|4897bb9c7f4b2cb0656ee67a774ca3d8a100748e27e48cdc2d9954f0f59418ff|t20-lat-svc-14.1.rbbwxx8yn7sp0sfk09myguv71
1790510856074120112|container|exec_start: /bin/sh -c true|4897bb9c7f4b2cb0656ee67a774ca3d8a100748e27e48cdc2d9954f0f59418ff|t20-lat-svc-14.1.rbbwxx8yn7sp0sfk09myguv71
1790510856100289881|container|exec_die|4897bb9c7f4b2cb0656ee67a774ca3d8a100748e27e48cdc2d9954f0f59418ff|t20-lat-svc-14.1.rbbwxx8yn7sp0sfk09myguv71
1790510856855228273|container|kill|4897bb9c7f4b2cb0656ee67a774ca3d8a100748e27e48cdc2d9954f0f59418ff|t20-lat-svc-14.1.rbbwxx8yn7sp0sfk09myguv71
1790510856991061423|network|disconnect|8db233da865a21ce3b3588d2a3425a428c76c745e4117af1e843d46e5c384ac5|bridge
1790510856996789885|container|stop|4897bb9c7f4b2cb0656ee67a774ca3d8a100748e27e48cdc2d9954f0f59418ff|t20-lat-svc-14.1.rbbwxx8yn7sp0sfk09myguv71
1790510857005216592|container|die|4897bb9c7f4b2cb0656ee67a774ca3d8a100748e27e48cdc2d9954f0f59418ff|t20-lat-svc-14.1.rbbwxx8yn7sp0sfk09myguv71
1790510857336059013|network|connect|8db233da865a21ce3b3588d2a3425a428c76c745e4117af1e843d46e5c384ac5|bridge
1790510857353189491|container|start|abcbea5e6b94922e37a3e3ba1076877b37e78d2879764a8e65bb6aa24b652a0e|t20-lat-svc-14.1.85awtikhk7w99wnt5hafnsov1
1790510858354312444|container|exec_create: /bin/sh -c true|abcbea5e6b94922e37a3e3ba1076877b37e78d2879764a8e65bb6aa24b652a0e|t20-lat-svc-14.1.85awtikhk7w99wnt5hafnsov1
1790510858354383460|container|exec_start: /bin/sh -c true|abcbea5e6b94922e37a3e3ba1076877b37e78d2879764a8e65bb6aa24b652a0e|t20-lat-svc-14.1.85awtikhk7w99wnt5hafnsov1
1790510858380440276|container|exec_die|abcbea5e6b94922e37a3e3ba1076877b37e78d2879764a8e65bb6aa24b652a0e|t20-lat-svc-14.1.85awtikhk7w99wnt5hafnsov1
1790510858380676125|container|health_status: healthy|abcbea5e6b94922e37a3e3ba1076877b37e78d2879764a8e65bb6aa24b652a0e|t20-lat-svc-14.1.85awtikhk7w99wnt5hafnsov1
1790510858799229429|service|remove|3epjkc0msvyucn1nz2ammqeuh|t20-lat-svc-14
1790510859193837702|container|destroy|4897bb9c7f4b2cb0656ee67a774ca3d8a100748e27e48cdc2d9954f0f59418ff|t20-lat-svc-14.1.rbbwxx8yn7sp0sfk09myguv71
1790510859381639424|container|exec_create: /bin/sh -c true|abcbea5e6b94922e37a3e3ba1076877b37e78d2879764a8e65bb6aa24b652a0e|t20-lat-svc-14.1.85awtikhk7w99wnt5hafnsov1
1790510859381679393|container|exec_start: /bin/sh -c true|abcbea5e6b94922e37a3e3ba1076877b37e78d2879764a8e65bb6aa24b652a0e|t20-lat-svc-14.1.85awtikhk7w99wnt5hafnsov1
1790510859407529103|container|exec_die|abcbea5e6b94922e37a3e3ba1076877b37e78d2879764a8e65bb6aa24b652a0e|t20-lat-svc-14.1.85awtikhk7w99wnt5hafnsov1
1790510859929562128|container|kill|abcbea5e6b94922e37a3e3ba1076877b37e78d2879764a8e65bb6aa24b652a0e|t20-lat-svc-14.1.85awtikhk7w99wnt5hafnsov1
1790510860407939908|container|exec_create: /bin/sh -c true|abcbea5e6b94922e37a3e3ba1076877b37e78d2879764a8e65bb6aa24b652a0e|t20-lat-svc-14.1.85awtikhk7w99wnt5hafnsov1
1790510860407970169|container|exec_start: /bin/sh -c true|abcbea5e6b94922e37a3e3ba1076877b37e78d2879764a8e65bb6aa24b652a0e|t20-lat-svc-14.1.85awtikhk7w99wnt5hafnsov1
1790510860432201300|container|exec_die|abcbea5e6b94922e37a3e3ba1076877b37e78d2879764a8e65bb6aa24b652a0e|t20-lat-svc-14.1.85awtikhk7w99wnt5hafnsov1
1790510861433328073|container|exec_create: /bin/sh -c true|abcbea5e6b94922e37a3e3ba1076877b37e78d2879764a8e65bb6aa24b652a0e|t20-lat-svc-14.1.85awtikhk7w99wnt5hafnsov1
1790510861433353407|container|exec_start: /bin/sh -c true|abcbea5e6b94922e37a3e3ba1076877b37e78d2879764a8e65bb6aa24b652a0e|t20-lat-svc-14.1.85awtikhk7w99wnt5hafnsov1
1790510861458574900|container|exec_die|abcbea5e6b94922e37a3e3ba1076877b37e78d2879764a8e65bb6aa24b652a0e|t20-lat-svc-14.1.85awtikhk7w99wnt5hafnsov1
1790510861943573931|container|kill|abcbea5e6b94922e37a3e3ba1076877b37e78d2879764a8e65bb6aa24b652a0e|t20-lat-svc-14.1.85awtikhk7w99wnt5hafnsov1
1790510862114208825|network|disconnect|8db233da865a21ce3b3588d2a3425a428c76c745e4117af1e843d46e5c384ac5|bridge
1790510862123986225|container|stop|abcbea5e6b94922e37a3e3ba1076877b37e78d2879764a8e65bb6aa24b652a0e|t20-lat-svc-14.1.85awtikhk7w99wnt5hafnsov1
1790510862132255358|container|die|abcbea5e6b94922e37a3e3ba1076877b37e78d2879764a8e65bb6aa24b652a0e|t20-lat-svc-14.1.85awtikhk7w99wnt5hafnsov1
1790510862622858054|container|destroy|abcbea5e6b94922e37a3e3ba1076877b37e78d2879764a8e65bb6aa24b652a0e|t20-lat-svc-14.1.85awtikhk7w99wnt5hafnsov1
1790510870804030806|service|create|luqx0hzmnjgfx332twzwsifkb|t20-lat-svc-15
1790510871061522292|container|create|2d29efd802989f9cd777ad9e4796ff737c330c9c4f869162d49643d0ba73612c|t20-lat-svc-15.1.n26ut79qh98hzq95f5nwkndfx
1790510871192472811|network|connect|8db233da865a21ce3b3588d2a3425a428c76c745e4117af1e843d46e5c384ac5|bridge
1790510871210483831|container|start|2d29efd802989f9cd777ad9e4796ff737c330c9c4f869162d49643d0ba73612c|t20-lat-svc-15.1.n26ut79qh98hzq95f5nwkndfx
1790510872209633149|container|exec_create: /bin/sh -c true|2d29efd802989f9cd777ad9e4796ff737c330c9c4f869162d49643d0ba73612c|t20-lat-svc-15.1.n26ut79qh98hzq95f5nwkndfx
1790510872209701364|container|exec_start: /bin/sh -c true|2d29efd802989f9cd777ad9e4796ff737c330c9c4f869162d49643d0ba73612c|t20-lat-svc-15.1.n26ut79qh98hzq95f5nwkndfx
1790510872235452712|container|exec_die|2d29efd802989f9cd777ad9e4796ff737c330c9c4f869162d49643d0ba73612c|t20-lat-svc-15.1.n26ut79qh98hzq95f5nwkndfx
1790510872235722147|container|health_status: healthy|2d29efd802989f9cd777ad9e4796ff737c330c9c4f869162d49643d0ba73612c|t20-lat-svc-15.1.n26ut79qh98hzq95f5nwkndfx
1790510872868372059|service|update|luqx0hzmnjgfx332twzwsifkb|t20-lat-svc-15
1790510872871489607|service|update|luqx0hzmnjgfx332twzwsifkb|t20-lat-svc-15
1790510873143274848|container|create|4154a648e125cae66191fda693cb9e6de8620bceee3cba7ffbf1929fc0ec4e91|t20-lat-svc-15.1.jn03ptfh766a06exglimlnu1f
1790510873236746317|container|exec_create: /bin/sh -c true|2d29efd802989f9cd777ad9e4796ff737c330c9c4f869162d49643d0ba73612c|t20-lat-svc-15.1.n26ut79qh98hzq95f5nwkndfx
1790510873236790967|container|exec_start: /bin/sh -c true|2d29efd802989f9cd777ad9e4796ff737c330c9c4f869162d49643d0ba73612c|t20-lat-svc-15.1.n26ut79qh98hzq95f5nwkndfx
1790510873261425153|container|exec_die|2d29efd802989f9cd777ad9e4796ff737c330c9c4f869162d49643d0ba73612c|t20-lat-svc-15.1.n26ut79qh98hzq95f5nwkndfx
1790510874059701789|container|kill|2d29efd802989f9cd777ad9e4796ff737c330c9c4f869162d49643d0ba73612c|t20-lat-svc-15.1.n26ut79qh98hzq95f5nwkndfx
1790510874262743430|container|exec_create: /bin/sh -c true|2d29efd802989f9cd777ad9e4796ff737c330c9c4f869162d49643d0ba73612c|t20-lat-svc-15.1.n26ut79qh98hzq95f5nwkndfx
1790510874262781160|container|exec_start: /bin/sh -c true|2d29efd802989f9cd777ad9e4796ff737c330c9c4f869162d49643d0ba73612c|t20-lat-svc-15.1.n26ut79qh98hzq95f5nwkndfx
1790510874287652502|container|exec_die|2d29efd802989f9cd777ad9e4796ff737c330c9c4f869162d49643d0ba73612c|t20-lat-svc-15.1.n26ut79qh98hzq95f5nwkndfx
1790510875288229946|container|exec_create: /bin/sh -c true|2d29efd802989f9cd777ad9e4796ff737c330c9c4f869162d49643d0ba73612c|t20-lat-svc-15.1.n26ut79qh98hzq95f5nwkndfx
1790510875288267462|container|exec_start: /bin/sh -c true|2d29efd802989f9cd777ad9e4796ff737c330c9c4f869162d49643d0ba73612c|t20-lat-svc-15.1.n26ut79qh98hzq95f5nwkndfx
1790510875312683303|container|exec_die|2d29efd802989f9cd777ad9e4796ff737c330c9c4f869162d49643d0ba73612c|t20-lat-svc-15.1.n26ut79qh98hzq95f5nwkndfx
1790510876075173474|container|kill|2d29efd802989f9cd777ad9e4796ff737c330c9c4f869162d49643d0ba73612c|t20-lat-svc-15.1.n26ut79qh98hzq95f5nwkndfx
1790510876241317076|network|disconnect|8db233da865a21ce3b3588d2a3425a428c76c745e4117af1e843d46e5c384ac5|bridge
1790510876250978607|container|stop|2d29efd802989f9cd777ad9e4796ff737c330c9c4f869162d49643d0ba73612c|t20-lat-svc-15.1.n26ut79qh98hzq95f5nwkndfx
1790510876260433471|container|die|2d29efd802989f9cd777ad9e4796ff737c330c9c4f869162d49643d0ba73612c|t20-lat-svc-15.1.n26ut79qh98hzq95f5nwkndfx
1790510876582323433|network|connect|8db233da865a21ce3b3588d2a3425a428c76c745e4117af1e843d46e5c384ac5|bridge
1790510876599443620|container|start|4154a648e125cae66191fda693cb9e6de8620bceee3cba7ffbf1929fc0ec4e91|t20-lat-svc-15.1.jn03ptfh766a06exglimlnu1f
1790510877600111098|container|exec_create: /bin/sh -c true|4154a648e125cae66191fda693cb9e6de8620bceee3cba7ffbf1929fc0ec4e91|t20-lat-svc-15.1.jn03ptfh766a06exglimlnu1f
1790510877600193485|container|exec_start: /bin/sh -c true|4154a648e125cae66191fda693cb9e6de8620bceee3cba7ffbf1929fc0ec4e91|t20-lat-svc-15.1.jn03ptfh766a06exglimlnu1f
1790510877626810022|container|exec_die|4154a648e125cae66191fda693cb9e6de8620bceee3cba7ffbf1929fc0ec4e91|t20-lat-svc-15.1.jn03ptfh766a06exglimlnu1f
1790510877627036324|container|health_status: healthy|4154a648e125cae66191fda693cb9e6de8620bceee3cba7ffbf1929fc0ec4e91|t20-lat-svc-15.1.jn03ptfh766a06exglimlnu1f
1790510878016527040|service|remove|luqx0hzmnjgfx332twzwsifkb|t20-lat-svc-15
1790510878414112306|container|destroy|2d29efd802989f9cd777ad9e4796ff737c330c9c4f869162d49643d0ba73612c|t20-lat-svc-15.1.n26ut79qh98hzq95f5nwkndfx
1790510878628208363|container|exec_create: /bin/sh -c true|4154a648e125cae66191fda693cb9e6de8620bceee3cba7ffbf1929fc0ec4e91|t20-lat-svc-15.1.jn03ptfh766a06exglimlnu1f
1790510878628278599|container|exec_start: /bin/sh -c true|4154a648e125cae66191fda693cb9e6de8620bceee3cba7ffbf1929fc0ec4e91|t20-lat-svc-15.1.jn03ptfh766a06exglimlnu1f
1790510878652719788|container|exec_die|4154a648e125cae66191fda693cb9e6de8620bceee3cba7ffbf1929fc0ec4e91|t20-lat-svc-15.1.jn03ptfh766a06exglimlnu1f
1790510879145502659|container|kill|4154a648e125cae66191fda693cb9e6de8620bceee3cba7ffbf1929fc0ec4e91|t20-lat-svc-15.1.jn03ptfh766a06exglimlnu1f
1790510879653689522|container|exec_create: /bin/sh -c true|4154a648e125cae66191fda693cb9e6de8620bceee3cba7ffbf1929fc0ec4e91|t20-lat-svc-15.1.jn03ptfh766a06exglimlnu1f
1790510879653725214|container|exec_start: /bin/sh -c true|4154a648e125cae66191fda693cb9e6de8620bceee3cba7ffbf1929fc0ec4e91|t20-lat-svc-15.1.jn03ptfh766a06exglimlnu1f
1790510879678477061|container|exec_die|4154a648e125cae66191fda693cb9e6de8620bceee3cba7ffbf1929fc0ec4e91|t20-lat-svc-15.1.jn03ptfh766a06exglimlnu1f
1790510880679729750|container|exec_create: /bin/sh -c true|4154a648e125cae66191fda693cb9e6de8620bceee3cba7ffbf1929fc0ec4e91|t20-lat-svc-15.1.jn03ptfh766a06exglimlnu1f
1790510880679767643|container|exec_start: /bin/sh -c true|4154a648e125cae66191fda693cb9e6de8620bceee3cba7ffbf1929fc0ec4e91|t20-lat-svc-15.1.jn03ptfh766a06exglimlnu1f
1790510880704753119|container|exec_die|4154a648e125cae66191fda693cb9e6de8620bceee3cba7ffbf1929fc0ec4e91|t20-lat-svc-15.1.jn03ptfh766a06exglimlnu1f
1790510881158883515|container|kill|4154a648e125cae66191fda693cb9e6de8620bceee3cba7ffbf1929fc0ec4e91|t20-lat-svc-15.1.jn03ptfh766a06exglimlnu1f
1790510881265533264|network|disconnect|8db233da865a21ce3b3588d2a3425a428c76c745e4117af1e843d46e5c384ac5|bridge
1790510881276884937|container|stop|4154a648e125cae66191fda693cb9e6de8620bceee3cba7ffbf1929fc0ec4e91|t20-lat-svc-15.1.jn03ptfh766a06exglimlnu1f
1790510881291553090|container|die|4154a648e125cae66191fda693cb9e6de8620bceee3cba7ffbf1929fc0ec4e91|t20-lat-svc-15.1.jn03ptfh766a06exglimlnu1f
1790510881770146725|container|destroy|4154a648e125cae66191fda693cb9e6de8620bceee3cba7ffbf1929fc0ec4e91|t20-lat-svc-15.1.jn03ptfh766a06exglimlnu1f
1790510890239217721|service|create|xs6dacy5vrhn9ykua4a0yvuko|t20-lat-svc-16
1790510890493718970|container|create|dc9e05bdcec8548df84e76544cae9ea7065a53d14d38e0dc7305a10dea91d5d5|t20-lat-svc-16.1.29v3iqt8uhkehf8x1nqy1oltj
1790510890626696531|network|connect|8db233da865a21ce3b3588d2a3425a428c76c745e4117af1e843d46e5c384ac5|bridge
1790510890644756968|container|start|dc9e05bdcec8548df84e76544cae9ea7065a53d14d38e0dc7305a10dea91d5d5|t20-lat-svc-16.1.29v3iqt8uhkehf8x1nqy1oltj
1790510891645435933|container|exec_create: /bin/sh -c true|dc9e05bdcec8548df84e76544cae9ea7065a53d14d38e0dc7305a10dea91d5d5|t20-lat-svc-16.1.29v3iqt8uhkehf8x1nqy1oltj
1790510891645499308|container|exec_start: /bin/sh -c true|dc9e05bdcec8548df84e76544cae9ea7065a53d14d38e0dc7305a10dea91d5d5|t20-lat-svc-16.1.29v3iqt8uhkehf8x1nqy1oltj
1790510891671357649|container|exec_die|dc9e05bdcec8548df84e76544cae9ea7065a53d14d38e0dc7305a10dea91d5d5|t20-lat-svc-16.1.29v3iqt8uhkehf8x1nqy1oltj
1790510891671578677|container|health_status: healthy|dc9e05bdcec8548df84e76544cae9ea7065a53d14d38e0dc7305a10dea91d5d5|t20-lat-svc-16.1.29v3iqt8uhkehf8x1nqy1oltj
1790510892306081679|service|update|xs6dacy5vrhn9ykua4a0yvuko|t20-lat-svc-16
1790510892311059066|service|update|xs6dacy5vrhn9ykua4a0yvuko|t20-lat-svc-16
1790510892576785803|container|create|78f898b48f5c685b6de5351ac7f9b6d509ef572996eb089fb496ba78b30fd3ab|t20-lat-svc-16.1.ff4vynasiqidthia7k3pcpuzu
1790510892672437799|container|exec_create: /bin/sh -c true|dc9e05bdcec8548df84e76544cae9ea7065a53d14d38e0dc7305a10dea91d5d5|t20-lat-svc-16.1.29v3iqt8uhkehf8x1nqy1oltj
1790510892672469154|container|exec_start: /bin/sh -c true|dc9e05bdcec8548df84e76544cae9ea7065a53d14d38e0dc7305a10dea91d5d5|t20-lat-svc-16.1.29v3iqt8uhkehf8x1nqy1oltj
1790510892696962643|container|exec_die|dc9e05bdcec8548df84e76544cae9ea7065a53d14d38e0dc7305a10dea91d5d5|t20-lat-svc-16.1.29v3iqt8uhkehf8x1nqy1oltj
1790510893494882733|container|kill|dc9e05bdcec8548df84e76544cae9ea7065a53d14d38e0dc7305a10dea91d5d5|t20-lat-svc-16.1.29v3iqt8uhkehf8x1nqy1oltj
1790510893697864160|container|exec_create: /bin/sh -c true|dc9e05bdcec8548df84e76544cae9ea7065a53d14d38e0dc7305a10dea91d5d5|t20-lat-svc-16.1.29v3iqt8uhkehf8x1nqy1oltj
1790510893697906628|container|exec_start: /bin/sh -c true|dc9e05bdcec8548df84e76544cae9ea7065a53d14d38e0dc7305a10dea91d5d5|t20-lat-svc-16.1.29v3iqt8uhkehf8x1nqy1oltj
1790510893723115171|container|exec_die|dc9e05bdcec8548df84e76544cae9ea7065a53d14d38e0dc7305a10dea91d5d5|t20-lat-svc-16.1.29v3iqt8uhkehf8x1nqy1oltj
1790510894723512938|container|exec_create: /bin/sh -c true|dc9e05bdcec8548df84e76544cae9ea7065a53d14d38e0dc7305a10dea91d5d5|t20-lat-svc-16.1.29v3iqt8uhkehf8x1nqy1oltj
1790510894723535861|container|exec_start: /bin/sh -c true|dc9e05bdcec8548df84e76544cae9ea7065a53d14d38e0dc7305a10dea91d5d5|t20-lat-svc-16.1.29v3iqt8uhkehf8x1nqy1oltj
1790510894748033737|container|exec_die|dc9e05bdcec8548df84e76544cae9ea7065a53d14d38e0dc7305a10dea91d5d5|t20-lat-svc-16.1.29v3iqt8uhkehf8x1nqy1oltj
1790510895507888881|container|kill|dc9e05bdcec8548df84e76544cae9ea7065a53d14d38e0dc7305a10dea91d5d5|t20-lat-svc-16.1.29v3iqt8uhkehf8x1nqy1oltj
1790510895670857871|network|disconnect|8db233da865a21ce3b3588d2a3425a428c76c745e4117af1e843d46e5c384ac5|bridge
1790510895680556265|container|stop|dc9e05bdcec8548df84e76544cae9ea7065a53d14d38e0dc7305a10dea91d5d5|t20-lat-svc-16.1.29v3iqt8uhkehf8x1nqy1oltj
1790510895688884131|container|die|dc9e05bdcec8548df84e76544cae9ea7065a53d14d38e0dc7305a10dea91d5d5|t20-lat-svc-16.1.29v3iqt8uhkehf8x1nqy1oltj
1790510896012964918|network|connect|8db233da865a21ce3b3588d2a3425a428c76c745e4117af1e843d46e5c384ac5|bridge
1790510896030856868|container|start|78f898b48f5c685b6de5351ac7f9b6d509ef572996eb089fb496ba78b30fd3ab|t20-lat-svc-16.1.ff4vynasiqidthia7k3pcpuzu
1790510897031708737|container|exec_create: /bin/sh -c true|78f898b48f5c685b6de5351ac7f9b6d509ef572996eb089fb496ba78b30fd3ab|t20-lat-svc-16.1.ff4vynasiqidthia7k3pcpuzu
1790510897031777231|container|exec_start: /bin/sh -c true|78f898b48f5c685b6de5351ac7f9b6d509ef572996eb089fb496ba78b30fd3ab|t20-lat-svc-16.1.ff4vynasiqidthia7k3pcpuzu
1790510897056117631|container|exec_die|78f898b48f5c685b6de5351ac7f9b6d509ef572996eb089fb496ba78b30fd3ab|t20-lat-svc-16.1.ff4vynasiqidthia7k3pcpuzu
1790510897056347627|container|health_status: healthy|78f898b48f5c685b6de5351ac7f9b6d509ef572996eb089fb496ba78b30fd3ab|t20-lat-svc-16.1.ff4vynasiqidthia7k3pcpuzu
1790510897452106304|service|remove|xs6dacy5vrhn9ykua4a0yvuko|t20-lat-svc-16
1790510897850697076|container|destroy|dc9e05bdcec8548df84e76544cae9ea7065a53d14d38e0dc7305a10dea91d5d5|t20-lat-svc-16.1.29v3iqt8uhkehf8x1nqy1oltj
1790510898057051983|container|exec_create: /bin/sh -c true|78f898b48f5c685b6de5351ac7f9b6d509ef572996eb089fb496ba78b30fd3ab|t20-lat-svc-16.1.ff4vynasiqidthia7k3pcpuzu
1790510898057102212|container|exec_start: /bin/sh -c true|78f898b48f5c685b6de5351ac7f9b6d509ef572996eb089fb496ba78b30fd3ab|t20-lat-svc-16.1.ff4vynasiqidthia7k3pcpuzu
1790510898082109841|container|exec_die|78f898b48f5c685b6de5351ac7f9b6d509ef572996eb089fb496ba78b30fd3ab|t20-lat-svc-16.1.ff4vynasiqidthia7k3pcpuzu
1790510898578057753|container|kill|78f898b48f5c685b6de5351ac7f9b6d509ef572996eb089fb496ba78b30fd3ab|t20-lat-svc-16.1.ff4vynasiqidthia7k3pcpuzu
1790510899082695201|container|exec_create: /bin/sh -c true|78f898b48f5c685b6de5351ac7f9b6d509ef572996eb089fb496ba78b30fd3ab|t20-lat-svc-16.1.ff4vynasiqidthia7k3pcpuzu
1790510899082738736|container|exec_start: /bin/sh -c true|78f898b48f5c685b6de5351ac7f9b6d509ef572996eb089fb496ba78b30fd3ab|t20-lat-svc-16.1.ff4vynasiqidthia7k3pcpuzu
1790510899107365153|container|exec_die|78f898b48f5c685b6de5351ac7f9b6d509ef572996eb089fb496ba78b30fd3ab|t20-lat-svc-16.1.ff4vynasiqidthia7k3pcpuzu
1790510900108245746|container|exec_create: /bin/sh -c true|78f898b48f5c685b6de5351ac7f9b6d509ef572996eb089fb496ba78b30fd3ab|t20-lat-svc-16.1.ff4vynasiqidthia7k3pcpuzu
1790510900108270000|container|exec_start: /bin/sh -c true|78f898b48f5c685b6de5351ac7f9b6d509ef572996eb089fb496ba78b30fd3ab|t20-lat-svc-16.1.ff4vynasiqidthia7k3pcpuzu
1790510900133132598|container|exec_die|78f898b48f5c685b6de5351ac7f9b6d509ef572996eb089fb496ba78b30fd3ab|t20-lat-svc-16.1.ff4vynasiqidthia7k3pcpuzu
1790510900592107566|container|kill|78f898b48f5c685b6de5351ac7f9b6d509ef572996eb089fb496ba78b30fd3ab|t20-lat-svc-16.1.ff4vynasiqidthia7k3pcpuzu
1790510900761970014|network|disconnect|8db233da865a21ce3b3588d2a3425a428c76c745e4117af1e843d46e5c384ac5|bridge
1790510900770745938|container|stop|78f898b48f5c685b6de5351ac7f9b6d509ef572996eb089fb496ba78b30fd3ab|t20-lat-svc-16.1.ff4vynasiqidthia7k3pcpuzu
1790510900779108248|container|die|78f898b48f5c685b6de5351ac7f9b6d509ef572996eb089fb496ba78b30fd3ab|t20-lat-svc-16.1.ff4vynasiqidthia7k3pcpuzu
1790510901217776204|container|destroy|78f898b48f5c685b6de5351ac7f9b6d509ef572996eb089fb496ba78b30fd3ab|t20-lat-svc-16.1.ff4vynasiqidthia7k3pcpuzu
1790510906564097839|service|create|3oqms0jy41ouql47n8t7kkrt0|t20-lat-svc-17
1790510906817960917|container|create|2f3dab718fb1d77da1fd650a8cfa885a9554a79d35bf4336d0fe68ec53f8ba9a|t20-lat-svc-17.1.jjuoffqboindfgid01jsywilv
1790510906949071972|network|connect|8db233da865a21ce3b3588d2a3425a428c76c745e4117af1e843d46e5c384ac5|bridge
1790510906967962588|container|start|2f3dab718fb1d77da1fd650a8cfa885a9554a79d35bf4336d0fe68ec53f8ba9a|t20-lat-svc-17.1.jjuoffqboindfgid01jsywilv
1790510907969180649|container|exec_create: /bin/sh -c true|2f3dab718fb1d77da1fd650a8cfa885a9554a79d35bf4336d0fe68ec53f8ba9a|t20-lat-svc-17.1.jjuoffqboindfgid01jsywilv
1790510907969267998|container|exec_start: /bin/sh -c true|2f3dab718fb1d77da1fd650a8cfa885a9554a79d35bf4336d0fe68ec53f8ba9a|t20-lat-svc-17.1.jjuoffqboindfgid01jsywilv
1790510907995150820|container|exec_die|2f3dab718fb1d77da1fd650a8cfa885a9554a79d35bf4336d0fe68ec53f8ba9a|t20-lat-svc-17.1.jjuoffqboindfgid01jsywilv
1790510907995372171|container|health_status: healthy|2f3dab718fb1d77da1fd650a8cfa885a9554a79d35bf4336d0fe68ec53f8ba9a|t20-lat-svc-17.1.jjuoffqboindfgid01jsywilv
1790510908632420091|service|update|3oqms0jy41ouql47n8t7kkrt0|t20-lat-svc-17
1790510908635197887|service|update|3oqms0jy41ouql47n8t7kkrt0|t20-lat-svc-17
1790510908895443529|container|create|e6f6eee9806fd05f57293eab2bc592a1206f00fcc4663f2f5b7e023b23add505|t20-lat-svc-17.1.jp4oca3u2po5xv7gmd3mwz9q9
1790510908996370701|container|exec_create: /bin/sh -c true|2f3dab718fb1d77da1fd650a8cfa885a9554a79d35bf4336d0fe68ec53f8ba9a|t20-lat-svc-17.1.jjuoffqboindfgid01jsywilv
1790510908996390657|container|exec_start: /bin/sh -c true|2f3dab718fb1d77da1fd650a8cfa885a9554a79d35bf4336d0fe68ec53f8ba9a|t20-lat-svc-17.1.jjuoffqboindfgid01jsywilv
1790510909018612352|container|exec_die|2f3dab718fb1d77da1fd650a8cfa885a9554a79d35bf4336d0fe68ec53f8ba9a|t20-lat-svc-17.1.jjuoffqboindfgid01jsywilv
1790510909816636822|container|kill|2f3dab718fb1d77da1fd650a8cfa885a9554a79d35bf4336d0fe68ec53f8ba9a|t20-lat-svc-17.1.jjuoffqboindfgid01jsywilv
1790510910020037106|container|exec_create: /bin/sh -c true|2f3dab718fb1d77da1fd650a8cfa885a9554a79d35bf4336d0fe68ec53f8ba9a|t20-lat-svc-17.1.jjuoffqboindfgid01jsywilv
1790510910020058938|container|exec_start: /bin/sh -c true|2f3dab718fb1d77da1fd650a8cfa885a9554a79d35bf4336d0fe68ec53f8ba9a|t20-lat-svc-17.1.jjuoffqboindfgid01jsywilv
1790510910042761713|container|exec_die|2f3dab718fb1d77da1fd650a8cfa885a9554a79d35bf4336d0fe68ec53f8ba9a|t20-lat-svc-17.1.jjuoffqboindfgid01jsywilv
1790510911043210046|container|exec_create: /bin/sh -c true|2f3dab718fb1d77da1fd650a8cfa885a9554a79d35bf4336d0fe68ec53f8ba9a|t20-lat-svc-17.1.jjuoffqboindfgid01jsywilv
1790510911043247269|container|exec_start: /bin/sh -c true|2f3dab718fb1d77da1fd650a8cfa885a9554a79d35bf4336d0fe68ec53f8ba9a|t20-lat-svc-17.1.jjuoffqboindfgid01jsywilv
1790510911066061669|container|exec_die|2f3dab718fb1d77da1fd650a8cfa885a9554a79d35bf4336d0fe68ec53f8ba9a|t20-lat-svc-17.1.jjuoffqboindfgid01jsywilv
1790510911831288712|container|kill|2f3dab718fb1d77da1fd650a8cfa885a9554a79d35bf4336d0fe68ec53f8ba9a|t20-lat-svc-17.1.jjuoffqboindfgid01jsywilv
1790510911988958108|network|disconnect|8db233da865a21ce3b3588d2a3425a428c76c745e4117af1e843d46e5c384ac5|bridge
1790510911997833193|container|stop|2f3dab718fb1d77da1fd650a8cfa885a9554a79d35bf4336d0fe68ec53f8ba9a|t20-lat-svc-17.1.jjuoffqboindfgid01jsywilv
1790510912006155777|container|die|2f3dab718fb1d77da1fd650a8cfa885a9554a79d35bf4336d0fe68ec53f8ba9a|t20-lat-svc-17.1.jjuoffqboindfgid01jsywilv
1790510912355064275|network|connect|8db233da865a21ce3b3588d2a3425a428c76c745e4117af1e843d46e5c384ac5|bridge
1790510912372126861|container|start|e6f6eee9806fd05f57293eab2bc592a1206f00fcc4663f2f5b7e023b23add505|t20-lat-svc-17.1.jp4oca3u2po5xv7gmd3mwz9q9
1790510913372788045|container|exec_create: /bin/sh -c true|e6f6eee9806fd05f57293eab2bc592a1206f00fcc4663f2f5b7e023b23add505|t20-lat-svc-17.1.jp4oca3u2po5xv7gmd3mwz9q9
1790510913372866741|container|exec_start: /bin/sh -c true|e6f6eee9806fd05f57293eab2bc592a1206f00fcc4663f2f5b7e023b23add505|t20-lat-svc-17.1.jp4oca3u2po5xv7gmd3mwz9q9
1790510913397235820|container|exec_die|e6f6eee9806fd05f57293eab2bc592a1206f00fcc4663f2f5b7e023b23add505|t20-lat-svc-17.1.jp4oca3u2po5xv7gmd3mwz9q9
1790510913397478789|container|health_status: healthy|e6f6eee9806fd05f57293eab2bc592a1206f00fcc4663f2f5b7e023b23add505|t20-lat-svc-17.1.jp4oca3u2po5xv7gmd3mwz9q9
1790510913777344705|service|remove|3oqms0jy41ouql47n8t7kkrt0|t20-lat-svc-17
1790510914173794419|container|destroy|2f3dab718fb1d77da1fd650a8cfa885a9554a79d35bf4336d0fe68ec53f8ba9a|t20-lat-svc-17.1.jjuoffqboindfgid01jsywilv
1790510914398040740|container|exec_create: /bin/sh -c true|e6f6eee9806fd05f57293eab2bc592a1206f00fcc4663f2f5b7e023b23add505|t20-lat-svc-17.1.jp4oca3u2po5xv7gmd3mwz9q9
1790510914398065371|container|exec_start: /bin/sh -c true|e6f6eee9806fd05f57293eab2bc592a1206f00fcc4663f2f5b7e023b23add505|t20-lat-svc-17.1.jp4oca3u2po5xv7gmd3mwz9q9
1790510914422419500|container|exec_die|e6f6eee9806fd05f57293eab2bc592a1206f00fcc4663f2f5b7e023b23add505|t20-lat-svc-17.1.jp4oca3u2po5xv7gmd3mwz9q9
1790510914903221622|container|kill|e6f6eee9806fd05f57293eab2bc592a1206f00fcc4663f2f5b7e023b23add505|t20-lat-svc-17.1.jp4oca3u2po5xv7gmd3mwz9q9
1790510915423170223|container|exec_create: /bin/sh -c true|e6f6eee9806fd05f57293eab2bc592a1206f00fcc4663f2f5b7e023b23add505|t20-lat-svc-17.1.jp4oca3u2po5xv7gmd3mwz9q9
1790510915423194922|container|exec_start: /bin/sh -c true|e6f6eee9806fd05f57293eab2bc592a1206f00fcc4663f2f5b7e023b23add505|t20-lat-svc-17.1.jp4oca3u2po5xv7gmd3mwz9q9
1790510915448506069|container|exec_die|e6f6eee9806fd05f57293eab2bc592a1206f00fcc4663f2f5b7e023b23add505|t20-lat-svc-17.1.jp4oca3u2po5xv7gmd3mwz9q9
1790510916449733632|container|exec_create: /bin/sh -c true|e6f6eee9806fd05f57293eab2bc592a1206f00fcc4663f2f5b7e023b23add505|t20-lat-svc-17.1.jp4oca3u2po5xv7gmd3mwz9q9
1790510916449758852|container|exec_start: /bin/sh -c true|e6f6eee9806fd05f57293eab2bc592a1206f00fcc4663f2f5b7e023b23add505|t20-lat-svc-17.1.jp4oca3u2po5xv7gmd3mwz9q9
1790510916474379894|container|exec_die|e6f6eee9806fd05f57293eab2bc592a1206f00fcc4663f2f5b7e023b23add505|t20-lat-svc-17.1.jp4oca3u2po5xv7gmd3mwz9q9
1790510916918370153|container|kill|e6f6eee9806fd05f57293eab2bc592a1206f00fcc4663f2f5b7e023b23add505|t20-lat-svc-17.1.jp4oca3u2po5xv7gmd3mwz9q9
1790510917081183766|network|disconnect|8db233da865a21ce3b3588d2a3425a428c76c745e4117af1e843d46e5c384ac5|bridge
1790510917089901890|container|stop|e6f6eee9806fd05f57293eab2bc592a1206f00fcc4663f2f5b7e023b23add505|t20-lat-svc-17.1.jp4oca3u2po5xv7gmd3mwz9q9
1790510917098218282|container|die|e6f6eee9806fd05f57293eab2bc592a1206f00fcc4663f2f5b7e023b23add505|t20-lat-svc-17.1.jp4oca3u2po5xv7gmd3mwz9q9
1790510917548927282|container|destroy|e6f6eee9806fd05f57293eab2bc592a1206f00fcc4663f2f5b7e023b23add505|t20-lat-svc-17.1.jp4oca3u2po5xv7gmd3mwz9q9
1790510922090723681|service|create|9jjm1s3go8jhbu96ku0xf13lh|t20-lat-svc-18
1790510922347342190|container|create|7088244d970ee41bb903281a9337437d4b5d5553cb73a4e9346e592af356d3a4|t20-lat-svc-18.1.7iz6cdycb2g9qrenv2xcxzwg6
1790510922473413667|network|connect|8db233da865a21ce3b3588d2a3425a428c76c745e4117af1e843d46e5c384ac5|bridge
1790510922491409374|container|start|7088244d970ee41bb903281a9337437d4b5d5553cb73a4e9346e592af356d3a4|t20-lat-svc-18.1.7iz6cdycb2g9qrenv2xcxzwg6
1790510923491809444|container|exec_create: /bin/sh -c true|7088244d970ee41bb903281a9337437d4b5d5553cb73a4e9346e592af356d3a4|t20-lat-svc-18.1.7iz6cdycb2g9qrenv2xcxzwg6
1790510923491854526|container|exec_start: /bin/sh -c true|7088244d970ee41bb903281a9337437d4b5d5553cb73a4e9346e592af356d3a4|t20-lat-svc-18.1.7iz6cdycb2g9qrenv2xcxzwg6
1790510923517664273|container|exec_die|7088244d970ee41bb903281a9337437d4b5d5553cb73a4e9346e592af356d3a4|t20-lat-svc-18.1.7iz6cdycb2g9qrenv2xcxzwg6
1790510923517848876|container|health_status: healthy|7088244d970ee41bb903281a9337437d4b5d5553cb73a4e9346e592af356d3a4|t20-lat-svc-18.1.7iz6cdycb2g9qrenv2xcxzwg6
1790510924158614175|service|update|9jjm1s3go8jhbu96ku0xf13lh|t20-lat-svc-18
1790510924161676108|service|update|9jjm1s3go8jhbu96ku0xf13lh|t20-lat-svc-18
1790510924425353965|container|create|0f3ac3eabe8ae570d804a98ee5418c7d60d047ecee6bef8886ff0e720dab7792|t20-lat-svc-18.1.pw3ogry81r7a4y7265dr09px1
1790510924518475278|container|exec_create: /bin/sh -c true|7088244d970ee41bb903281a9337437d4b5d5553cb73a4e9346e592af356d3a4|t20-lat-svc-18.1.7iz6cdycb2g9qrenv2xcxzwg6
1790510924518495605|container|exec_start: /bin/sh -c true|7088244d970ee41bb903281a9337437d4b5d5553cb73a4e9346e592af356d3a4|t20-lat-svc-18.1.7iz6cdycb2g9qrenv2xcxzwg6
1790510924543591319|container|exec_die|7088244d970ee41bb903281a9337437d4b5d5553cb73a4e9346e592af356d3a4|t20-lat-svc-18.1.7iz6cdycb2g9qrenv2xcxzwg6
1790510925346440888|container|kill|7088244d970ee41bb903281a9337437d4b5d5553cb73a4e9346e592af356d3a4|t20-lat-svc-18.1.7iz6cdycb2g9qrenv2xcxzwg6
1790510925544144936|container|exec_create: /bin/sh -c true|7088244d970ee41bb903281a9337437d4b5d5553cb73a4e9346e592af356d3a4|t20-lat-svc-18.1.7iz6cdycb2g9qrenv2xcxzwg6
1790510925544185380|container|exec_start: /bin/sh -c true|7088244d970ee41bb903281a9337437d4b5d5553cb73a4e9346e592af356d3a4|t20-lat-svc-18.1.7iz6cdycb2g9qrenv2xcxzwg6
1790510925567451719|container|exec_die|7088244d970ee41bb903281a9337437d4b5d5553cb73a4e9346e592af356d3a4|t20-lat-svc-18.1.7iz6cdycb2g9qrenv2xcxzwg6
1790510926567836016|container|exec_create: /bin/sh -c true|7088244d970ee41bb903281a9337437d4b5d5553cb73a4e9346e592af356d3a4|t20-lat-svc-18.1.7iz6cdycb2g9qrenv2xcxzwg6
1790510926567915995|container|exec_start: /bin/sh -c true|7088244d970ee41bb903281a9337437d4b5d5553cb73a4e9346e592af356d3a4|t20-lat-svc-18.1.7iz6cdycb2g9qrenv2xcxzwg6
1790510926591641936|container|exec_die|7088244d970ee41bb903281a9337437d4b5d5553cb73a4e9346e592af356d3a4|t20-lat-svc-18.1.7iz6cdycb2g9qrenv2xcxzwg6
1790510927359449007|container|kill|7088244d970ee41bb903281a9337437d4b5d5553cb73a4e9346e592af356d3a4|t20-lat-svc-18.1.7iz6cdycb2g9qrenv2xcxzwg6
1790510927493493592|network|disconnect|8db233da865a21ce3b3588d2a3425a428c76c745e4117af1e843d46e5c384ac5|bridge
1790510927501257849|container|stop|7088244d970ee41bb903281a9337437d4b5d5553cb73a4e9346e592af356d3a4|t20-lat-svc-18.1.7iz6cdycb2g9qrenv2xcxzwg6
1790510927508548591|container|die|7088244d970ee41bb903281a9337437d4b5d5553cb73a4e9346e592af356d3a4|t20-lat-svc-18.1.7iz6cdycb2g9qrenv2xcxzwg6
1790510927769496491|network|connect|8db233da865a21ce3b3588d2a3425a428c76c745e4117af1e843d46e5c384ac5|bridge
1790510927786514968|container|start|0f3ac3eabe8ae570d804a98ee5418c7d60d047ecee6bef8886ff0e720dab7792|t20-lat-svc-18.1.pw3ogry81r7a4y7265dr09px1
1790510928787292342|container|exec_create: /bin/sh -c true|0f3ac3eabe8ae570d804a98ee5418c7d60d047ecee6bef8886ff0e720dab7792|t20-lat-svc-18.1.pw3ogry81r7a4y7265dr09px1
1790510928787356450|container|exec_start: /bin/sh -c true|0f3ac3eabe8ae570d804a98ee5418c7d60d047ecee6bef8886ff0e720dab7792|t20-lat-svc-18.1.pw3ogry81r7a4y7265dr09px1
1790510928812926359|container|exec_die|0f3ac3eabe8ae570d804a98ee5418c7d60d047ecee6bef8886ff0e720dab7792|t20-lat-svc-18.1.pw3ogry81r7a4y7265dr09px1
1790510928813139841|container|health_status: healthy|0f3ac3eabe8ae570d804a98ee5418c7d60d047ecee6bef8886ff0e720dab7792|t20-lat-svc-18.1.pw3ogry81r7a4y7265dr09px1
1790510929308890801|service|remove|9jjm1s3go8jhbu96ku0xf13lh|t20-lat-svc-18
1790510929701292306|container|destroy|7088244d970ee41bb903281a9337437d4b5d5553cb73a4e9346e592af356d3a4|t20-lat-svc-18.1.7iz6cdycb2g9qrenv2xcxzwg6
1790510929813316387|container|exec_create: /bin/sh -c true|0f3ac3eabe8ae570d804a98ee5418c7d60d047ecee6bef8886ff0e720dab7792|t20-lat-svc-18.1.pw3ogry81r7a4y7265dr09px1
1790510929813355878|container|exec_start: /bin/sh -c true|0f3ac3eabe8ae570d804a98ee5418c7d60d047ecee6bef8886ff0e720dab7792|t20-lat-svc-18.1.pw3ogry81r7a4y7265dr09px1
1790510929837722807|container|exec_die|0f3ac3eabe8ae570d804a98ee5418c7d60d047ecee6bef8886ff0e720dab7792|t20-lat-svc-18.1.pw3ogry81r7a4y7265dr09px1
1790510930437203272|container|kill|0f3ac3eabe8ae570d804a98ee5418c7d60d047ecee6bef8886ff0e720dab7792|t20-lat-svc-18.1.pw3ogry81r7a4y7265dr09px1
1790510930838817451|container|exec_create: /bin/sh -c true|0f3ac3eabe8ae570d804a98ee5418c7d60d047ecee6bef8886ff0e720dab7792|t20-lat-svc-18.1.pw3ogry81r7a4y7265dr09px1
1790510930838854244|container|exec_start: /bin/sh -c true|0f3ac3eabe8ae570d804a98ee5418c7d60d047ecee6bef8886ff0e720dab7792|t20-lat-svc-18.1.pw3ogry81r7a4y7265dr09px1
1790510930864760059|container|exec_die|0f3ac3eabe8ae570d804a98ee5418c7d60d047ecee6bef8886ff0e720dab7792|t20-lat-svc-18.1.pw3ogry81r7a4y7265dr09px1
1790510931865986591|container|exec_create: /bin/sh -c true|0f3ac3eabe8ae570d804a98ee5418c7d60d047ecee6bef8886ff0e720dab7792|t20-lat-svc-18.1.pw3ogry81r7a4y7265dr09px1
1790510931866012213|container|exec_start: /bin/sh -c true|0f3ac3eabe8ae570d804a98ee5418c7d60d047ecee6bef8886ff0e720dab7792|t20-lat-svc-18.1.pw3ogry81r7a4y7265dr09px1
1790510931891752485|container|exec_die|0f3ac3eabe8ae570d804a98ee5418c7d60d047ecee6bef8886ff0e720dab7792|t20-lat-svc-18.1.pw3ogry81r7a4y7265dr09px1
1790510932450876012|container|kill|0f3ac3eabe8ae570d804a98ee5418c7d60d047ecee6bef8886ff0e720dab7792|t20-lat-svc-18.1.pw3ogry81r7a4y7265dr09px1
1790510932607672945|network|disconnect|8db233da865a21ce3b3588d2a3425a428c76c745e4117af1e843d46e5c384ac5|bridge
1790510932616266423|container|stop|0f3ac3eabe8ae570d804a98ee5418c7d60d047ecee6bef8886ff0e720dab7792|t20-lat-svc-18.1.pw3ogry81r7a4y7265dr09px1
1790510932625939948|container|die|0f3ac3eabe8ae570d804a98ee5418c7d60d047ecee6bef8886ff0e720dab7792|t20-lat-svc-18.1.pw3ogry81r7a4y7265dr09px1
1790510933073556359|container|destroy|0f3ac3eabe8ae570d804a98ee5418c7d60d047ecee6bef8886ff0e720dab7792|t20-lat-svc-18.1.pw3ogry81r7a4y7265dr09px1
1790510937239975376|service|create|lzdhpn5pa38aictrvb500zk0m|t20-lat-svc-19
1790510937495154395|container|create|6e26914dbd98d70acc8032f87c5dbeccb5eba112f05fe89e89d3e11087de648e|t20-lat-svc-19.1.h54jjse11k7dshh90a41d586r
1790510937641949487|network|connect|8db233da865a21ce3b3588d2a3425a428c76c745e4117af1e843d46e5c384ac5|bridge
1790510937659849737|container|start|6e26914dbd98d70acc8032f87c5dbeccb5eba112f05fe89e89d3e11087de648e|t20-lat-svc-19.1.h54jjse11k7dshh90a41d586r
1790510938660990500|container|exec_create: /bin/sh -c true|6e26914dbd98d70acc8032f87c5dbeccb5eba112f05fe89e89d3e11087de648e|t20-lat-svc-19.1.h54jjse11k7dshh90a41d586r
1790510938661049037|container|exec_start: /bin/sh -c true|6e26914dbd98d70acc8032f87c5dbeccb5eba112f05fe89e89d3e11087de648e|t20-lat-svc-19.1.h54jjse11k7dshh90a41d586r
1790510938686364862|container|exec_die|6e26914dbd98d70acc8032f87c5dbeccb5eba112f05fe89e89d3e11087de648e|t20-lat-svc-19.1.h54jjse11k7dshh90a41d586r
1790510938686598387|container|health_status: healthy|6e26914dbd98d70acc8032f87c5dbeccb5eba112f05fe89e89d3e11087de648e|t20-lat-svc-19.1.h54jjse11k7dshh90a41d586r
1790510939307714746|service|update|lzdhpn5pa38aictrvb500zk0m|t20-lat-svc-19
1790510939311112958|service|update|lzdhpn5pa38aictrvb500zk0m|t20-lat-svc-19
1790510939579999651|container|create|336761b4bd86637e1a92c32aaa5f54d1a8b84ded01ab38fcc576d1829e708ae9|t20-lat-svc-19.1.bwlw3oqyclvxjlo7qnyjpx72m
1790510939686937317|container|exec_create: /bin/sh -c true|6e26914dbd98d70acc8032f87c5dbeccb5eba112f05fe89e89d3e11087de648e|t20-lat-svc-19.1.h54jjse11k7dshh90a41d586r
1790510939686975170|container|exec_start: /bin/sh -c true|6e26914dbd98d70acc8032f87c5dbeccb5eba112f05fe89e89d3e11087de648e|t20-lat-svc-19.1.h54jjse11k7dshh90a41d586r
1790510939712701131|container|exec_die|6e26914dbd98d70acc8032f87c5dbeccb5eba112f05fe89e89d3e11087de648e|t20-lat-svc-19.1.h54jjse11k7dshh90a41d586r
1790510940496571788|container|kill|6e26914dbd98d70acc8032f87c5dbeccb5eba112f05fe89e89d3e11087de648e|t20-lat-svc-19.1.h54jjse11k7dshh90a41d586r
1790510940713053367|container|exec_create: /bin/sh -c true|6e26914dbd98d70acc8032f87c5dbeccb5eba112f05fe89e89d3e11087de648e|t20-lat-svc-19.1.h54jjse11k7dshh90a41d586r
1790510940713088602|container|exec_start: /bin/sh -c true|6e26914dbd98d70acc8032f87c5dbeccb5eba112f05fe89e89d3e11087de648e|t20-lat-svc-19.1.h54jjse11k7dshh90a41d586r
1790510940738167032|container|exec_die|6e26914dbd98d70acc8032f87c5dbeccb5eba112f05fe89e89d3e11087de648e|t20-lat-svc-19.1.h54jjse11k7dshh90a41d586r
1790510941739043643|container|exec_create: /bin/sh -c true|6e26914dbd98d70acc8032f87c5dbeccb5eba112f05fe89e89d3e11087de648e|t20-lat-svc-19.1.h54jjse11k7dshh90a41d586r
1790510941739081213|container|exec_start: /bin/sh -c true|6e26914dbd98d70acc8032f87c5dbeccb5eba112f05fe89e89d3e11087de648e|t20-lat-svc-19.1.h54jjse11k7dshh90a41d586r
1790510941764351526|container|exec_die|6e26914dbd98d70acc8032f87c5dbeccb5eba112f05fe89e89d3e11087de648e|t20-lat-svc-19.1.h54jjse11k7dshh90a41d586r
1790510942513042720|container|kill|6e26914dbd98d70acc8032f87c5dbeccb5eba112f05fe89e89d3e11087de648e|t20-lat-svc-19.1.h54jjse11k7dshh90a41d586r
1790510942644063236|network|disconnect|8db233da865a21ce3b3588d2a3425a428c76c745e4117af1e843d46e5c384ac5|bridge
1790510942653758811|container|stop|6e26914dbd98d70acc8032f87c5dbeccb5eba112f05fe89e89d3e11087de648e|t20-lat-svc-19.1.h54jjse11k7dshh90a41d586r
1790510942666111929|container|die|6e26914dbd98d70acc8032f87c5dbeccb5eba112f05fe89e89d3e11087de648e|t20-lat-svc-19.1.h54jjse11k7dshh90a41d586r
1790510943001044991|network|connect|8db233da865a21ce3b3588d2a3425a428c76c745e4117af1e843d46e5c384ac5|bridge
1790510943018146914|container|start|336761b4bd86637e1a92c32aaa5f54d1a8b84ded01ab38fcc576d1829e708ae9|t20-lat-svc-19.1.bwlw3oqyclvxjlo7qnyjpx72m
1790510944018654381|container|exec_create: /bin/sh -c true|336761b4bd86637e1a92c32aaa5f54d1a8b84ded01ab38fcc576d1829e708ae9|t20-lat-svc-19.1.bwlw3oqyclvxjlo7qnyjpx72m
1790510944018710207|container|exec_start: /bin/sh -c true|336761b4bd86637e1a92c32aaa5f54d1a8b84ded01ab38fcc576d1829e708ae9|t20-lat-svc-19.1.bwlw3oqyclvxjlo7qnyjpx72m
1790510944045485628|container|exec_die|336761b4bd86637e1a92c32aaa5f54d1a8b84ded01ab38fcc576d1829e708ae9|t20-lat-svc-19.1.bwlw3oqyclvxjlo7qnyjpx72m
1790510944045695608|container|health_status: healthy|336761b4bd86637e1a92c32aaa5f54d1a8b84ded01ab38fcc576d1829e708ae9|t20-lat-svc-19.1.bwlw3oqyclvxjlo7qnyjpx72m
1790510944455233947|service|remove|lzdhpn5pa38aictrvb500zk0m|t20-lat-svc-19
1790510944850711407|container|destroy|6e26914dbd98d70acc8032f87c5dbeccb5eba112f05fe89e89d3e11087de648e|t20-lat-svc-19.1.h54jjse11k7dshh90a41d586r
1790510945046555099|container|exec_create: /bin/sh -c true|336761b4bd86637e1a92c32aaa5f54d1a8b84ded01ab38fcc576d1829e708ae9|t20-lat-svc-19.1.bwlw3oqyclvxjlo7qnyjpx72m
1790510945046591169|container|exec_start: /bin/sh -c true|336761b4bd86637e1a92c32aaa5f54d1a8b84ded01ab38fcc576d1829e708ae9|t20-lat-svc-19.1.bwlw3oqyclvxjlo7qnyjpx72m
1790510945071345736|container|exec_die|336761b4bd86637e1a92c32aaa5f54d1a8b84ded01ab38fcc576d1829e708ae9|t20-lat-svc-19.1.bwlw3oqyclvxjlo7qnyjpx72m
1790510945580236246|container|kill|336761b4bd86637e1a92c32aaa5f54d1a8b84ded01ab38fcc576d1829e708ae9|t20-lat-svc-19.1.bwlw3oqyclvxjlo7qnyjpx72m
1790510946071886138|container|exec_create: /bin/sh -c true|336761b4bd86637e1a92c32aaa5f54d1a8b84ded01ab38fcc576d1829e708ae9|t20-lat-svc-19.1.bwlw3oqyclvxjlo7qnyjpx72m
1790510946071917480|container|exec_start: /bin/sh -c true|336761b4bd86637e1a92c32aaa5f54d1a8b84ded01ab38fcc576d1829e708ae9|t20-lat-svc-19.1.bwlw3oqyclvxjlo7qnyjpx72m
1790510946096529334|container|exec_die|336761b4bd86637e1a92c32aaa5f54d1a8b84ded01ab38fcc576d1829e708ae9|t20-lat-svc-19.1.bwlw3oqyclvxjlo7qnyjpx72m
1790510947097938186|container|exec_create: /bin/sh -c true|336761b4bd86637e1a92c32aaa5f54d1a8b84ded01ab38fcc576d1829e708ae9|t20-lat-svc-19.1.bwlw3oqyclvxjlo7qnyjpx72m
1790510947097980996|container|exec_start: /bin/sh -c true|336761b4bd86637e1a92c32aaa5f54d1a8b84ded01ab38fcc576d1829e708ae9|t20-lat-svc-19.1.bwlw3oqyclvxjlo7qnyjpx72m
1790510947123311852|container|exec_die|336761b4bd86637e1a92c32aaa5f54d1a8b84ded01ab38fcc576d1829e708ae9|t20-lat-svc-19.1.bwlw3oqyclvxjlo7qnyjpx72m
1790510947594887465|container|kill|336761b4bd86637e1a92c32aaa5f54d1a8b84ded01ab38fcc576d1829e708ae9|t20-lat-svc-19.1.bwlw3oqyclvxjlo7qnyjpx72m
1790510947725119342|network|disconnect|8db233da865a21ce3b3588d2a3425a428c76c745e4117af1e843d46e5c384ac5|bridge
1790510947733871093|container|stop|336761b4bd86637e1a92c32aaa5f54d1a8b84ded01ab38fcc576d1829e708ae9|t20-lat-svc-19.1.bwlw3oqyclvxjlo7qnyjpx72m
1790510947742315988|container|die|336761b4bd86637e1a92c32aaa5f54d1a8b84ded01ab38fcc576d1829e708ae9|t20-lat-svc-19.1.bwlw3oqyclvxjlo7qnyjpx72m
1790510948204938218|container|destroy|336761b4bd86637e1a92c32aaa5f54d1a8b84ded01ab38fcc576d1829e708ae9|t20-lat-svc-19.1.bwlw3oqyclvxjlo7qnyjpx72m
1790510952701422159|service|create|qgzhz83pr1vlyayumi56evaj9|t20-lat-svc-20
1790510952959309805|container|create|206efbd64b7e992923c83286b09aa7082a6e8bcef8acac6d168103221afc309e|t20-lat-svc-20.1.o5nyt7nzs90ylxjzfjdo7kuvn
1790510953102321678|network|connect|8db233da865a21ce3b3588d2a3425a428c76c745e4117af1e843d46e5c384ac5|bridge
1790510953127412682|container|start|206efbd64b7e992923c83286b09aa7082a6e8bcef8acac6d168103221afc309e|t20-lat-svc-20.1.o5nyt7nzs90ylxjzfjdo7kuvn
1790510954127915882|container|exec_create: /bin/sh -c true|206efbd64b7e992923c83286b09aa7082a6e8bcef8acac6d168103221afc309e|t20-lat-svc-20.1.o5nyt7nzs90ylxjzfjdo7kuvn
1790510954127981435|container|exec_start: /bin/sh -c true|206efbd64b7e992923c83286b09aa7082a6e8bcef8acac6d168103221afc309e|t20-lat-svc-20.1.o5nyt7nzs90ylxjzfjdo7kuvn
1790510954152769771|container|exec_die|206efbd64b7e992923c83286b09aa7082a6e8bcef8acac6d168103221afc309e|t20-lat-svc-20.1.o5nyt7nzs90ylxjzfjdo7kuvn
1790510954152973671|container|health_status: healthy|206efbd64b7e992923c83286b09aa7082a6e8bcef8acac6d168103221afc309e|t20-lat-svc-20.1.o5nyt7nzs90ylxjzfjdo7kuvn
1790510954768832604|service|update|qgzhz83pr1vlyayumi56evaj9|t20-lat-svc-20
1790510954771470730|service|update|qgzhz83pr1vlyayumi56evaj9|t20-lat-svc-20
1790510955036308152|container|create|1e6cbe52d3827afc75e55156d518bfa4f90562ae6799943baf0ebce5fccbf677|t20-lat-svc-20.1.jmiyswke3nkx4cnqu8q58ft5e
1790510955154145730|container|exec_create: /bin/sh -c true|206efbd64b7e992923c83286b09aa7082a6e8bcef8acac6d168103221afc309e|t20-lat-svc-20.1.o5nyt7nzs90ylxjzfjdo7kuvn
1790510955154180037|container|exec_start: /bin/sh -c true|206efbd64b7e992923c83286b09aa7082a6e8bcef8acac6d168103221afc309e|t20-lat-svc-20.1.o5nyt7nzs90ylxjzfjdo7kuvn
1790510955179638137|container|exec_die|206efbd64b7e992923c83286b09aa7082a6e8bcef8acac6d168103221afc309e|t20-lat-svc-20.1.o5nyt7nzs90ylxjzfjdo7kuvn
1790510955957630884|container|kill|206efbd64b7e992923c83286b09aa7082a6e8bcef8acac6d168103221afc309e|t20-lat-svc-20.1.o5nyt7nzs90ylxjzfjdo7kuvn
1790510956179899248|container|exec_create: /bin/sh -c true|206efbd64b7e992923c83286b09aa7082a6e8bcef8acac6d168103221afc309e|t20-lat-svc-20.1.o5nyt7nzs90ylxjzfjdo7kuvn
1790510956179934521|container|exec_start: /bin/sh -c true|206efbd64b7e992923c83286b09aa7082a6e8bcef8acac6d168103221afc309e|t20-lat-svc-20.1.o5nyt7nzs90ylxjzfjdo7kuvn
1790510956205672404|container|exec_die|206efbd64b7e992923c83286b09aa7082a6e8bcef8acac6d168103221afc309e|t20-lat-svc-20.1.o5nyt7nzs90ylxjzfjdo7kuvn
1790510957206269318|container|exec_create: /bin/sh -c true|206efbd64b7e992923c83286b09aa7082a6e8bcef8acac6d168103221afc309e|t20-lat-svc-20.1.o5nyt7nzs90ylxjzfjdo7kuvn
1790510957206296195|container|exec_start: /bin/sh -c true|206efbd64b7e992923c83286b09aa7082a6e8bcef8acac6d168103221afc309e|t20-lat-svc-20.1.o5nyt7nzs90ylxjzfjdo7kuvn
1790510957231961425|container|exec_die|206efbd64b7e992923c83286b09aa7082a6e8bcef8acac6d168103221afc309e|t20-lat-svc-20.1.o5nyt7nzs90ylxjzfjdo7kuvn
1790510957971808569|container|kill|206efbd64b7e992923c83286b09aa7082a6e8bcef8acac6d168103221afc309e|t20-lat-svc-20.1.o5nyt7nzs90ylxjzfjdo7kuvn
1790510958119376785|network|disconnect|8db233da865a21ce3b3588d2a3425a428c76c745e4117af1e843d46e5c384ac5|bridge
1790510958124966850|container|stop|206efbd64b7e992923c83286b09aa7082a6e8bcef8acac6d168103221afc309e|t20-lat-svc-20.1.o5nyt7nzs90ylxjzfjdo7kuvn
1790510958133559998|container|die|206efbd64b7e992923c83286b09aa7082a6e8bcef8acac6d168103221afc309e|t20-lat-svc-20.1.o5nyt7nzs90ylxjzfjdo7kuvn
1790510958435507533|network|connect|8db233da865a21ce3b3588d2a3425a428c76c745e4117af1e843d46e5c384ac5|bridge
1790510958453525559|container|start|1e6cbe52d3827afc75e55156d518bfa4f90562ae6799943baf0ebce5fccbf677|t20-lat-svc-20.1.jmiyswke3nkx4cnqu8q58ft5e
1790510959454221938|container|exec_create: /bin/sh -c true|1e6cbe52d3827afc75e55156d518bfa4f90562ae6799943baf0ebce5fccbf677|t20-lat-svc-20.1.jmiyswke3nkx4cnqu8q58ft5e
1790510959454307164|container|exec_start: /bin/sh -c true|1e6cbe52d3827afc75e55156d518bfa4f90562ae6799943baf0ebce5fccbf677|t20-lat-svc-20.1.jmiyswke3nkx4cnqu8q58ft5e
1790510959478861579|container|exec_die|1e6cbe52d3827afc75e55156d518bfa4f90562ae6799943baf0ebce5fccbf677|t20-lat-svc-20.1.jmiyswke3nkx4cnqu8q58ft5e
1790510959479095447|container|health_status: healthy|1e6cbe52d3827afc75e55156d518bfa4f90562ae6799943baf0ebce5fccbf677|t20-lat-svc-20.1.jmiyswke3nkx4cnqu8q58ft5e
1790510959916701007|service|remove|qgzhz83pr1vlyayumi56evaj9|t20-lat-svc-20
1790510960312061154|container|destroy|206efbd64b7e992923c83286b09aa7082a6e8bcef8acac6d168103221afc309e|t20-lat-svc-20.1.o5nyt7nzs90ylxjzfjdo7kuvn
1790510960479382321|container|exec_create: /bin/sh -c true|1e6cbe52d3827afc75e55156d518bfa4f90562ae6799943baf0ebce5fccbf677|t20-lat-svc-20.1.jmiyswke3nkx4cnqu8q58ft5e
1790510960479408886|container|exec_start: /bin/sh -c true|1e6cbe52d3827afc75e55156d518bfa4f90562ae6799943baf0ebce5fccbf677|t20-lat-svc-20.1.jmiyswke3nkx4cnqu8q58ft5e
1790510960503549379|container|exec_die|1e6cbe52d3827afc75e55156d518bfa4f90562ae6799943baf0ebce5fccbf677|t20-lat-svc-20.1.jmiyswke3nkx4cnqu8q58ft5e
1790510961048679035|container|kill|1e6cbe52d3827afc75e55156d518bfa4f90562ae6799943baf0ebce5fccbf677|t20-lat-svc-20.1.jmiyswke3nkx4cnqu8q58ft5e
1790510961504146065|container|exec_create: /bin/sh -c true|1e6cbe52d3827afc75e55156d518bfa4f90562ae6799943baf0ebce5fccbf677|t20-lat-svc-20.1.jmiyswke3nkx4cnqu8q58ft5e
1790510961504184662|container|exec_start: /bin/sh -c true|1e6cbe52d3827afc75e55156d518bfa4f90562ae6799943baf0ebce5fccbf677|t20-lat-svc-20.1.jmiyswke3nkx4cnqu8q58ft5e
1790510961529013466|container|exec_die|1e6cbe52d3827afc75e55156d518bfa4f90562ae6799943baf0ebce5fccbf677|t20-lat-svc-20.1.jmiyswke3nkx4cnqu8q58ft5e
1790510962528836500|container|exec_create: /bin/sh -c true|1e6cbe52d3827afc75e55156d518bfa4f90562ae6799943baf0ebce5fccbf677|t20-lat-svc-20.1.jmiyswke3nkx4cnqu8q58ft5e
1790510962528863410|container|exec_start: /bin/sh -c true|1e6cbe52d3827afc75e55156d518bfa4f90562ae6799943baf0ebce5fccbf677|t20-lat-svc-20.1.jmiyswke3nkx4cnqu8q58ft5e
1790510962554080762|container|exec_die|1e6cbe52d3827afc75e55156d518bfa4f90562ae6799943baf0ebce5fccbf677|t20-lat-svc-20.1.jmiyswke3nkx4cnqu8q58ft5e
1790510963060908076|container|kill|1e6cbe52d3827afc75e55156d518bfa4f90562ae6799943baf0ebce5fccbf677|t20-lat-svc-20.1.jmiyswke3nkx4cnqu8q58ft5e
1790510963198567135|network|disconnect|8db233da865a21ce3b3588d2a3425a428c76c745e4117af1e843d46e5c384ac5|bridge
1790510963207334338|container|stop|1e6cbe52d3827afc75e55156d518bfa4f90562ae6799943baf0ebce5fccbf677|t20-lat-svc-20.1.jmiyswke3nkx4cnqu8q58ft5e
1790510963215679557|container|die|1e6cbe52d3827afc75e55156d518bfa4f90562ae6799943baf0ebce5fccbf677|t20-lat-svc-20.1.jmiyswke3nkx4cnqu8q58ft5e
1790510963623446437|container|destroy|1e6cbe52d3827afc75e55156d518bfa4f90562ae6799943baf0ebce5fccbf677|t20-lat-svc-20.1.jmiyswke3nkx4cnqu8q58ft5e
1790510970236766863|service|create|lpkuwy6w16xirdyl71hlupgxz|t20-lat-svc-21
1790510970491963348|container|create|55d87ca3d04ed3a5da56096e1e8a4fe46c50288d9f13d6bd3874f817057df61d|t20-lat-svc-21.1.l3gin0o6dyus5f6u1uxuimft3
1790510970621973948|network|connect|8db233da865a21ce3b3588d2a3425a428c76c745e4117af1e843d46e5c384ac5|bridge
1790510970639874401|container|start|55d87ca3d04ed3a5da56096e1e8a4fe46c50288d9f13d6bd3874f817057df61d|t20-lat-svc-21.1.l3gin0o6dyus5f6u1uxuimft3
1790510971640119921|container|exec_create: /bin/sh -c true|55d87ca3d04ed3a5da56096e1e8a4fe46c50288d9f13d6bd3874f817057df61d|t20-lat-svc-21.1.l3gin0o6dyus5f6u1uxuimft3
1790510971640197937|container|exec_start: /bin/sh -c true|55d87ca3d04ed3a5da56096e1e8a4fe46c50288d9f13d6bd3874f817057df61d|t20-lat-svc-21.1.l3gin0o6dyus5f6u1uxuimft3
1790510971665484862|container|exec_die|55d87ca3d04ed3a5da56096e1e8a4fe46c50288d9f13d6bd3874f817057df61d|t20-lat-svc-21.1.l3gin0o6dyus5f6u1uxuimft3
1790510971665696843|container|health_status: healthy|55d87ca3d04ed3a5da56096e1e8a4fe46c50288d9f13d6bd3874f817057df61d|t20-lat-svc-21.1.l3gin0o6dyus5f6u1uxuimft3
1790510972301593124|service|update|lpkuwy6w16xirdyl71hlupgxz|t20-lat-svc-21
1790510972304065242|service|update|lpkuwy6w16xirdyl71hlupgxz|t20-lat-svc-21
1790510972569950560|container|create|ec2af4a60b473860b324bb9185320e390a1b04652a228a1e8992ed114abf3d35|t20-lat-svc-21.1.r0bebsn46gun02nrhwtey0bh3
1790510972665815841|container|exec_create: /bin/sh -c true|55d87ca3d04ed3a5da56096e1e8a4fe46c50288d9f13d6bd3874f817057df61d|t20-lat-svc-21.1.l3gin0o6dyus5f6u1uxuimft3
1790510972665850890|container|exec_start: /bin/sh -c true|55d87ca3d04ed3a5da56096e1e8a4fe46c50288d9f13d6bd3874f817057df61d|t20-lat-svc-21.1.l3gin0o6dyus5f6u1uxuimft3
1790510972689941198|container|exec_die|55d87ca3d04ed3a5da56096e1e8a4fe46c50288d9f13d6bd3874f817057df61d|t20-lat-svc-21.1.l3gin0o6dyus5f6u1uxuimft3
1790510973489061999|container|kill|55d87ca3d04ed3a5da56096e1e8a4fe46c50288d9f13d6bd3874f817057df61d|t20-lat-svc-21.1.l3gin0o6dyus5f6u1uxuimft3
1790510973690556179|container|exec_create: /bin/sh -c true|55d87ca3d04ed3a5da56096e1e8a4fe46c50288d9f13d6bd3874f817057df61d|t20-lat-svc-21.1.l3gin0o6dyus5f6u1uxuimft3
1790510973690600475|container|exec_start: /bin/sh -c true|55d87ca3d04ed3a5da56096e1e8a4fe46c50288d9f13d6bd3874f817057df61d|t20-lat-svc-21.1.l3gin0o6dyus5f6u1uxuimft3
1790510973715654002|container|exec_die|55d87ca3d04ed3a5da56096e1e8a4fe46c50288d9f13d6bd3874f817057df61d|t20-lat-svc-21.1.l3gin0o6dyus5f6u1uxuimft3
1790510974715970486|container|exec_create: /bin/sh -c true|55d87ca3d04ed3a5da56096e1e8a4fe46c50288d9f13d6bd3874f817057df61d|t20-lat-svc-21.1.l3gin0o6dyus5f6u1uxuimft3
1790510974716009043|container|exec_start: /bin/sh -c true|55d87ca3d04ed3a5da56096e1e8a4fe46c50288d9f13d6bd3874f817057df61d|t20-lat-svc-21.1.l3gin0o6dyus5f6u1uxuimft3
1790510974739991183|container|exec_die|55d87ca3d04ed3a5da56096e1e8a4fe46c50288d9f13d6bd3874f817057df61d|t20-lat-svc-21.1.l3gin0o6dyus5f6u1uxuimft3
1790510975501764427|container|kill|55d87ca3d04ed3a5da56096e1e8a4fe46c50288d9f13d6bd3874f817057df61d|t20-lat-svc-21.1.l3gin0o6dyus5f6u1uxuimft3
1790510975646891551|network|disconnect|8db233da865a21ce3b3588d2a3425a428c76c745e4117af1e843d46e5c384ac5|bridge
1790510975651756598|container|stop|55d87ca3d04ed3a5da56096e1e8a4fe46c50288d9f13d6bd3874f817057df61d|t20-lat-svc-21.1.l3gin0o6dyus5f6u1uxuimft3
1790510975660114560|container|die|55d87ca3d04ed3a5da56096e1e8a4fe46c50288d9f13d6bd3874f817057df61d|t20-lat-svc-21.1.l3gin0o6dyus5f6u1uxuimft3
1790510975959011167|network|connect|8db233da865a21ce3b3588d2a3425a428c76c745e4117af1e843d46e5c384ac5|bridge
1790510975978069199|container|start|ec2af4a60b473860b324bb9185320e390a1b04652a228a1e8992ed114abf3d35|t20-lat-svc-21.1.r0bebsn46gun02nrhwtey0bh3
1790510976978743121|container|exec_create: /bin/sh -c true|ec2af4a60b473860b324bb9185320e390a1b04652a228a1e8992ed114abf3d35|t20-lat-svc-21.1.r0bebsn46gun02nrhwtey0bh3
1790510976978810058|container|exec_start: /bin/sh -c true|ec2af4a60b473860b324bb9185320e390a1b04652a228a1e8992ed114abf3d35|t20-lat-svc-21.1.r0bebsn46gun02nrhwtey0bh3
1790510977004336344|container|exec_die|ec2af4a60b473860b324bb9185320e390a1b04652a228a1e8992ed114abf3d35|t20-lat-svc-21.1.r0bebsn46gun02nrhwtey0bh3
1790510977004543094|container|health_status: healthy|ec2af4a60b473860b324bb9185320e390a1b04652a228a1e8992ed114abf3d35|t20-lat-svc-21.1.r0bebsn46gun02nrhwtey0bh3
1790510977448184974|service|remove|lpkuwy6w16xirdyl71hlupgxz|t20-lat-svc-21
1790510977844719566|container|destroy|55d87ca3d04ed3a5da56096e1e8a4fe46c50288d9f13d6bd3874f817057df61d|t20-lat-svc-21.1.l3gin0o6dyus5f6u1uxuimft3
1790510978005139097|container|exec_create: /bin/sh -c true|ec2af4a60b473860b324bb9185320e390a1b04652a228a1e8992ed114abf3d35|t20-lat-svc-21.1.r0bebsn46gun02nrhwtey0bh3
1790510978005169284|container|exec_start: /bin/sh -c true|ec2af4a60b473860b324bb9185320e390a1b04652a228a1e8992ed114abf3d35|t20-lat-svc-21.1.r0bebsn46gun02nrhwtey0bh3
1790510978034495439|container|exec_die|ec2af4a60b473860b324bb9185320e390a1b04652a228a1e8992ed114abf3d35|t20-lat-svc-21.1.r0bebsn46gun02nrhwtey0bh3
1790510978577369709|container|kill|ec2af4a60b473860b324bb9185320e390a1b04652a228a1e8992ed114abf3d35|t20-lat-svc-21.1.r0bebsn46gun02nrhwtey0bh3
1790510979035703125|container|exec_create: /bin/sh -c true|ec2af4a60b473860b324bb9185320e390a1b04652a228a1e8992ed114abf3d35|t20-lat-svc-21.1.r0bebsn46gun02nrhwtey0bh3
1790510979035745497|container|exec_start: /bin/sh -c true|ec2af4a60b473860b324bb9185320e390a1b04652a228a1e8992ed114abf3d35|t20-lat-svc-21.1.r0bebsn46gun02nrhwtey0bh3
1790510979060599789|container|exec_die|ec2af4a60b473860b324bb9185320e390a1b04652a228a1e8992ed114abf3d35|t20-lat-svc-21.1.r0bebsn46gun02nrhwtey0bh3
1790510980061396908|container|exec_create: /bin/sh -c true|ec2af4a60b473860b324bb9185320e390a1b04652a228a1e8992ed114abf3d35|t20-lat-svc-21.1.r0bebsn46gun02nrhwtey0bh3
1790510980061421858|container|exec_start: /bin/sh -c true|ec2af4a60b473860b324bb9185320e390a1b04652a228a1e8992ed114abf3d35|t20-lat-svc-21.1.r0bebsn46gun02nrhwtey0bh3
1790510980088352474|container|exec_die|ec2af4a60b473860b324bb9185320e390a1b04652a228a1e8992ed114abf3d35|t20-lat-svc-21.1.r0bebsn46gun02nrhwtey0bh3
1790510980591555299|container|kill|ec2af4a60b473860b324bb9185320e390a1b04652a228a1e8992ed114abf3d35|t20-lat-svc-21.1.r0bebsn46gun02nrhwtey0bh3
1790510980755101572|network|disconnect|8db233da865a21ce3b3588d2a3425a428c76c745e4117af1e843d46e5c384ac5|bridge
1790510980763702374|container|stop|ec2af4a60b473860b324bb9185320e390a1b04652a228a1e8992ed114abf3d35|t20-lat-svc-21.1.r0bebsn46gun02nrhwtey0bh3
1790510980772198361|container|die|ec2af4a60b473860b324bb9185320e390a1b04652a228a1e8992ed114abf3d35|t20-lat-svc-21.1.r0bebsn46gun02nrhwtey0bh3
1790510981252847236|container|destroy|ec2af4a60b473860b324bb9185320e390a1b04652a228a1e8992ed114abf3d35|t20-lat-svc-21.1.r0bebsn46gun02nrhwtey0bh3
1790510990730825191|service|create|o02snza4dfy0pt15alqupu91m|t20-lat-svc-22
1790510990986402085|container|create|31ea9c47b3db25e65631b213c3c2ebacf10c8764391df26c4a1101772ae387ed|t20-lat-svc-22.1.2yafebik838zikfbzg3zzshu0
1790510991133415701|network|connect|8db233da865a21ce3b3588d2a3425a428c76c745e4117af1e843d46e5c384ac5|bridge
1790510991153472141|container|start|31ea9c47b3db25e65631b213c3c2ebacf10c8764391df26c4a1101772ae387ed|t20-lat-svc-22.1.2yafebik838zikfbzg3zzshu0
1790510992152620091|container|exec_create: /bin/sh -c true|31ea9c47b3db25e65631b213c3c2ebacf10c8764391df26c4a1101772ae387ed|t20-lat-svc-22.1.2yafebik838zikfbzg3zzshu0
1790510992152686997|container|exec_start: /bin/sh -c true|31ea9c47b3db25e65631b213c3c2ebacf10c8764391df26c4a1101772ae387ed|t20-lat-svc-22.1.2yafebik838zikfbzg3zzshu0
1790510992177531933|container|exec_die|31ea9c47b3db25e65631b213c3c2ebacf10c8764391df26c4a1101772ae387ed|t20-lat-svc-22.1.2yafebik838zikfbzg3zzshu0
1790510992177718501|container|health_status: healthy|31ea9c47b3db25e65631b213c3c2ebacf10c8764391df26c4a1101772ae387ed|t20-lat-svc-22.1.2yafebik838zikfbzg3zzshu0
1790510992796028440|service|update|o02snza4dfy0pt15alqupu91m|t20-lat-svc-22
1790510992798440682|service|update|o02snza4dfy0pt15alqupu91m|t20-lat-svc-22
1790510993066258528|container|create|ee8d11b2100a559d739d996a444ad4383bee3945947bfc786bb8a40ce248901a|t20-lat-svc-22.1.dvtdh2hiqgmi9qg2a2awhjb7x
1790510993178136175|container|exec_create: /bin/sh -c true|31ea9c47b3db25e65631b213c3c2ebacf10c8764391df26c4a1101772ae387ed|t20-lat-svc-22.1.2yafebik838zikfbzg3zzshu0
1790510993178171080|container|exec_start: /bin/sh -c true|31ea9c47b3db25e65631b213c3c2ebacf10c8764391df26c4a1101772ae387ed|t20-lat-svc-22.1.2yafebik838zikfbzg3zzshu0
1790510993203378717|container|exec_die|31ea9c47b3db25e65631b213c3c2ebacf10c8764391df26c4a1101772ae387ed|t20-lat-svc-22.1.2yafebik838zikfbzg3zzshu0
1790510993988212474|container|kill|31ea9c47b3db25e65631b213c3c2ebacf10c8764391df26c4a1101772ae387ed|t20-lat-svc-22.1.2yafebik838zikfbzg3zzshu0
1790510994204186570|container|exec_create: /bin/sh -c true|31ea9c47b3db25e65631b213c3c2ebacf10c8764391df26c4a1101772ae387ed|t20-lat-svc-22.1.2yafebik838zikfbzg3zzshu0
1790510994204223045|container|exec_start: /bin/sh -c true|31ea9c47b3db25e65631b213c3c2ebacf10c8764391df26c4a1101772ae387ed|t20-lat-svc-22.1.2yafebik838zikfbzg3zzshu0
1790510994231686146|container|exec_die|31ea9c47b3db25e65631b213c3c2ebacf10c8764391df26c4a1101772ae387ed|t20-lat-svc-22.1.2yafebik838zikfbzg3zzshu0
1790510995232311628|container|exec_create: /bin/sh -c true|31ea9c47b3db25e65631b213c3c2ebacf10c8764391df26c4a1101772ae387ed|t20-lat-svc-22.1.2yafebik838zikfbzg3zzshu0
1790510995232336423|container|exec_start: /bin/sh -c true|31ea9c47b3db25e65631b213c3c2ebacf10c8764391df26c4a1101772ae387ed|t20-lat-svc-22.1.2yafebik838zikfbzg3zzshu0
1790510995256485240|container|exec_die|31ea9c47b3db25e65631b213c3c2ebacf10c8764391df26c4a1101772ae387ed|t20-lat-svc-22.1.2yafebik838zikfbzg3zzshu0
1790510996001535235|container|kill|31ea9c47b3db25e65631b213c3c2ebacf10c8764391df26c4a1101772ae387ed|t20-lat-svc-22.1.2yafebik838zikfbzg3zzshu0
1790510996189191768|network|disconnect|8db233da865a21ce3b3588d2a3425a428c76c745e4117af1e843d46e5c384ac5|bridge
1790510996194937520|container|stop|31ea9c47b3db25e65631b213c3c2ebacf10c8764391df26c4a1101772ae387ed|t20-lat-svc-22.1.2yafebik838zikfbzg3zzshu0
1790510996203411304|container|die|31ea9c47b3db25e65631b213c3c2ebacf10c8764391df26c4a1101772ae387ed|t20-lat-svc-22.1.2yafebik838zikfbzg3zzshu0
1790510996526297993|network|connect|8db233da865a21ce3b3588d2a3425a428c76c745e4117af1e843d46e5c384ac5|bridge
1790510996544389462|container|start|ee8d11b2100a559d739d996a444ad4383bee3945947bfc786bb8a40ce248901a|t20-lat-svc-22.1.dvtdh2hiqgmi9qg2a2awhjb7x
1790510997544861043|container|exec_create: /bin/sh -c true|ee8d11b2100a559d739d996a444ad4383bee3945947bfc786bb8a40ce248901a|t20-lat-svc-22.1.dvtdh2hiqgmi9qg2a2awhjb7x
1790510997544925914|container|exec_start: /bin/sh -c true|ee8d11b2100a559d739d996a444ad4383bee3945947bfc786bb8a40ce248901a|t20-lat-svc-22.1.dvtdh2hiqgmi9qg2a2awhjb7x
1790510997570558104|container|exec_die|ee8d11b2100a559d739d996a444ad4383bee3945947bfc786bb8a40ce248901a|t20-lat-svc-22.1.dvtdh2hiqgmi9qg2a2awhjb7x
1790510997570798189|container|health_status: healthy|ee8d11b2100a559d739d996a444ad4383bee3945947bfc786bb8a40ce248901a|t20-lat-svc-22.1.dvtdh2hiqgmi9qg2a2awhjb7x
1790510997941420638|service|remove|o02snza4dfy0pt15alqupu91m|t20-lat-svc-22
1790510998339079347|container|destroy|31ea9c47b3db25e65631b213c3c2ebacf10c8764391df26c4a1101772ae387ed|t20-lat-svc-22.1.2yafebik838zikfbzg3zzshu0
1790510998570947742|container|exec_create: /bin/sh -c true|ee8d11b2100a559d739d996a444ad4383bee3945947bfc786bb8a40ce248901a|t20-lat-svc-22.1.dvtdh2hiqgmi9qg2a2awhjb7x
1790510998570974470|container|exec_start: /bin/sh -c true|ee8d11b2100a559d739d996a444ad4383bee3945947bfc786bb8a40ce248901a|t20-lat-svc-22.1.dvtdh2hiqgmi9qg2a2awhjb7x
1790510998596675829|container|exec_die|ee8d11b2100a559d739d996a444ad4383bee3945947bfc786bb8a40ce248901a|t20-lat-svc-22.1.dvtdh2hiqgmi9qg2a2awhjb7x
1790510999072635008|container|kill|ee8d11b2100a559d739d996a444ad4383bee3945947bfc786bb8a40ce248901a|t20-lat-svc-22.1.dvtdh2hiqgmi9qg2a2awhjb7x
1790510999597240749|container|exec_create: /bin/sh -c true|ee8d11b2100a559d739d996a444ad4383bee3945947bfc786bb8a40ce248901a|t20-lat-svc-22.1.dvtdh2hiqgmi9qg2a2awhjb7x
1790510999597275891|container|exec_start: /bin/sh -c true|ee8d11b2100a559d739d996a444ad4383bee3945947bfc786bb8a40ce248901a|t20-lat-svc-22.1.dvtdh2hiqgmi9qg2a2awhjb7x
1790510999621800124|container|exec_die|ee8d11b2100a559d739d996a444ad4383bee3945947bfc786bb8a40ce248901a|t20-lat-svc-22.1.dvtdh2hiqgmi9qg2a2awhjb7x
1790511000622712134|container|exec_create: /bin/sh -c true|ee8d11b2100a559d739d996a444ad4383bee3945947bfc786bb8a40ce248901a|t20-lat-svc-22.1.dvtdh2hiqgmi9qg2a2awhjb7x
1790511000622739031|container|exec_start: /bin/sh -c true|ee8d11b2100a559d739d996a444ad4383bee3945947bfc786bb8a40ce248901a|t20-lat-svc-22.1.dvtdh2hiqgmi9qg2a2awhjb7x
1790511000646379111|container|exec_die|ee8d11b2100a559d739d996a444ad4383bee3945947bfc786bb8a40ce248901a|t20-lat-svc-22.1.dvtdh2hiqgmi9qg2a2awhjb7x
1790511001085498969|container|kill|ee8d11b2100a559d739d996a444ad4383bee3945947bfc786bb8a40ce248901a|t20-lat-svc-22.1.dvtdh2hiqgmi9qg2a2awhjb7x
1790511001251369852|network|disconnect|8db233da865a21ce3b3588d2a3425a428c76c745e4117af1e843d46e5c384ac5|bridge
1790511001260974261|container|stop|ee8d11b2100a559d739d996a444ad4383bee3945947bfc786bb8a40ce248901a|t20-lat-svc-22.1.dvtdh2hiqgmi9qg2a2awhjb7x
1790511001269428891|container|die|ee8d11b2100a559d739d996a444ad4383bee3945947bfc786bb8a40ce248901a|t20-lat-svc-22.1.dvtdh2hiqgmi9qg2a2awhjb7x
1790511001705075615|container|destroy|ee8d11b2100a559d739d996a444ad4383bee3945947bfc786bb8a40ce248901a|t20-lat-svc-22.1.dvtdh2hiqgmi9qg2a2awhjb7x
1790511007076972543|service|create|t91lj7ft027i8dd1mc0lsef1y|t20-lat-svc-23
1790511007336627261|container|create|f607b720f82815c414e4f235a044577786b56ac527c2f4ff4c493f5796471fda|t20-lat-svc-23.1.oug1o7skgq0cp79y0l75dlzmw
1790511007484487913|network|connect|8db233da865a21ce3b3588d2a3425a428c76c745e4117af1e843d46e5c384ac5|bridge
1790511007501628733|container|start|f607b720f82815c414e4f235a044577786b56ac527c2f4ff4c493f5796471fda|t20-lat-svc-23.1.oug1o7skgq0cp79y0l75dlzmw
1790511008502634228|container|exec_create: /bin/sh -c true|f607b720f82815c414e4f235a044577786b56ac527c2f4ff4c493f5796471fda|t20-lat-svc-23.1.oug1o7skgq0cp79y0l75dlzmw
1790511008502672619|container|exec_start: /bin/sh -c true|f607b720f82815c414e4f235a044577786b56ac527c2f4ff4c493f5796471fda|t20-lat-svc-23.1.oug1o7skgq0cp79y0l75dlzmw
1790511008527895097|container|exec_die|f607b720f82815c414e4f235a044577786b56ac527c2f4ff4c493f5796471fda|t20-lat-svc-23.1.oug1o7skgq0cp79y0l75dlzmw
1790511008528123653|container|health_status: healthy|f607b720f82815c414e4f235a044577786b56ac527c2f4ff4c493f5796471fda|t20-lat-svc-23.1.oug1o7skgq0cp79y0l75dlzmw
1790511009144989506|service|update|t91lj7ft027i8dd1mc0lsef1y|t20-lat-svc-23
1790511009149757290|service|update|t91lj7ft027i8dd1mc0lsef1y|t20-lat-svc-23
1790511009414625345|container|create|ac589638c885aa3b93619abf857c4904265e46c5d247c551e335b4763dd79db9|t20-lat-svc-23.1.mtv6ps9c0iqvocfnh0vgsl5p1
1790511009528972293|container|exec_create: /bin/sh -c true|f607b720f82815c414e4f235a044577786b56ac527c2f4ff4c493f5796471fda|t20-lat-svc-23.1.oug1o7skgq0cp79y0l75dlzmw
1790511009529009046|container|exec_start: /bin/sh -c true|f607b720f82815c414e4f235a044577786b56ac527c2f4ff4c493f5796471fda|t20-lat-svc-23.1.oug1o7skgq0cp79y0l75dlzmw
1790511009553577597|container|exec_die|f607b720f82815c414e4f235a044577786b56ac527c2f4ff4c493f5796471fda|t20-lat-svc-23.1.oug1o7skgq0cp79y0l75dlzmw
1790511010334696101|container|kill|f607b720f82815c414e4f235a044577786b56ac527c2f4ff4c493f5796471fda|t20-lat-svc-23.1.oug1o7skgq0cp79y0l75dlzmw
1790511010554477462|container|exec_create: /bin/sh -c true|f607b720f82815c414e4f235a044577786b56ac527c2f4ff4c493f5796471fda|t20-lat-svc-23.1.oug1o7skgq0cp79y0l75dlzmw
1790511010554514899|container|exec_start: /bin/sh -c true|f607b720f82815c414e4f235a044577786b56ac527c2f4ff4c493f5796471fda|t20-lat-svc-23.1.oug1o7skgq0cp79y0l75dlzmw
1790511010579887588|container|exec_die|f607b720f82815c414e4f235a044577786b56ac527c2f4ff4c493f5796471fda|t20-lat-svc-23.1.oug1o7skgq0cp79y0l75dlzmw
1790511011580324998|container|exec_create: /bin/sh -c true|f607b720f82815c414e4f235a044577786b56ac527c2f4ff4c493f5796471fda|t20-lat-svc-23.1.oug1o7skgq0cp79y0l75dlzmw
1790511011580352372|container|exec_start: /bin/sh -c true|f607b720f82815c414e4f235a044577786b56ac527c2f4ff4c493f5796471fda|t20-lat-svc-23.1.oug1o7skgq0cp79y0l75dlzmw
1790511011604927791|container|exec_die|f607b720f82815c414e4f235a044577786b56ac527c2f4ff4c493f5796471fda|t20-lat-svc-23.1.oug1o7skgq0cp79y0l75dlzmw
1790511012347874358|container|kill|f607b720f82815c414e4f235a044577786b56ac527c2f4ff4c493f5796471fda|t20-lat-svc-23.1.oug1o7skgq0cp79y0l75dlzmw
1790511012520770286|network|disconnect|8db233da865a21ce3b3588d2a3425a428c76c745e4117af1e843d46e5c384ac5|bridge
1790511012534168231|container|stop|f607b720f82815c414e4f235a044577786b56ac527c2f4ff4c493f5796471fda|t20-lat-svc-23.1.oug1o7skgq0cp79y0l75dlzmw
1790511012542759183|container|die|f607b720f82815c414e4f235a044577786b56ac527c2f4ff4c493f5796471fda|t20-lat-svc-23.1.oug1o7skgq0cp79y0l75dlzmw
1790511012836654284|network|connect|8db233da865a21ce3b3588d2a3425a428c76c745e4117af1e843d46e5c384ac5|bridge
1790511012853758960|container|start|ac589638c885aa3b93619abf857c4904265e46c5d247c551e335b4763dd79db9|t20-lat-svc-23.1.mtv6ps9c0iqvocfnh0vgsl5p1
1790511013854915701|container|exec_create: /bin/sh -c true|ac589638c885aa3b93619abf857c4904265e46c5d247c551e335b4763dd79db9|t20-lat-svc-23.1.mtv6ps9c0iqvocfnh0vgsl5p1
1790511013854970956|container|exec_start: /bin/sh -c true|ac589638c885aa3b93619abf857c4904265e46c5d247c551e335b4763dd79db9|t20-lat-svc-23.1.mtv6ps9c0iqvocfnh0vgsl5p1
1790511013881023091|container|exec_die|ac589638c885aa3b93619abf857c4904265e46c5d247c551e335b4763dd79db9|t20-lat-svc-23.1.mtv6ps9c0iqvocfnh0vgsl5p1
1790511013881277286|container|health_status: healthy|ac589638c885aa3b93619abf857c4904265e46c5d247c551e335b4763dd79db9|t20-lat-svc-23.1.mtv6ps9c0iqvocfnh0vgsl5p1
1790511014296032117|service|remove|t91lj7ft027i8dd1mc0lsef1y|t20-lat-svc-23
1790511014692347212|container|destroy|f607b720f82815c414e4f235a044577786b56ac527c2f4ff4c493f5796471fda|t20-lat-svc-23.1.oug1o7skgq0cp79y0l75dlzmw
1790511014881471522|container|exec_create: /bin/sh -c true|ac589638c885aa3b93619abf857c4904265e46c5d247c551e335b4763dd79db9|t20-lat-svc-23.1.mtv6ps9c0iqvocfnh0vgsl5p1
1790511014881506340|container|exec_start: /bin/sh -c true|ac589638c885aa3b93619abf857c4904265e46c5d247c551e335b4763dd79db9|t20-lat-svc-23.1.mtv6ps9c0iqvocfnh0vgsl5p1
1790511014905920528|container|exec_die|ac589638c885aa3b93619abf857c4904265e46c5d247c551e335b4763dd79db9|t20-lat-svc-23.1.mtv6ps9c0iqvocfnh0vgsl5p1
1790511015422087710|container|kill|ac589638c885aa3b93619abf857c4904265e46c5d247c551e335b4763dd79db9|t20-lat-svc-23.1.mtv6ps9c0iqvocfnh0vgsl5p1
1790511015906603196|container|exec_create: /bin/sh -c true|ac589638c885aa3b93619abf857c4904265e46c5d247c551e335b4763dd79db9|t20-lat-svc-23.1.mtv6ps9c0iqvocfnh0vgsl5p1
1790511015906631327|container|exec_start: /bin/sh -c true|ac589638c885aa3b93619abf857c4904265e46c5d247c551e335b4763dd79db9|t20-lat-svc-23.1.mtv6ps9c0iqvocfnh0vgsl5p1
1790511015932077854|container|exec_die|ac589638c885aa3b93619abf857c4904265e46c5d247c551e335b4763dd79db9|t20-lat-svc-23.1.mtv6ps9c0iqvocfnh0vgsl5p1
1790511016933055919|container|exec_create: /bin/sh -c true|ac589638c885aa3b93619abf857c4904265e46c5d247c551e335b4763dd79db9|t20-lat-svc-23.1.mtv6ps9c0iqvocfnh0vgsl5p1
1790511016933079833|container|exec_start: /bin/sh -c true|ac589638c885aa3b93619abf857c4904265e46c5d247c551e335b4763dd79db9|t20-lat-svc-23.1.mtv6ps9c0iqvocfnh0vgsl5p1
1790511016958056203|container|exec_die|ac589638c885aa3b93619abf857c4904265e46c5d247c551e335b4763dd79db9|t20-lat-svc-23.1.mtv6ps9c0iqvocfnh0vgsl5p1
1790511017436179167|container|kill|ac589638c885aa3b93619abf857c4904265e46c5d247c551e335b4763dd79db9|t20-lat-svc-23.1.mtv6ps9c0iqvocfnh0vgsl5p1
1790511017594714804|network|disconnect|8db233da865a21ce3b3588d2a3425a428c76c745e4117af1e843d46e5c384ac5|bridge
1790511017603445549|container|stop|ac589638c885aa3b93619abf857c4904265e46c5d247c551e335b4763dd79db9|t20-lat-svc-23.1.mtv6ps9c0iqvocfnh0vgsl5p1
1790511017611751510|container|die|ac589638c885aa3b93619abf857c4904265e46c5d247c551e335b4763dd79db9|t20-lat-svc-23.1.mtv6ps9c0iqvocfnh0vgsl5p1
1790511018036541500|container|destroy|ac589638c885aa3b93619abf857c4904265e46c5d247c551e335b4763dd79db9|t20-lat-svc-23.1.mtv6ps9c0iqvocfnh0vgsl5p1
1790511028120142320|service|create|p9zqxi4r3uzcfigry3kd9sks1|t20-lat-svc-24
1790511028377114451|container|create|772dadc7b582eb741dc1f1c739a9eccfe42c275da1c9405e8c2a3b80eed6e9b2|t20-lat-svc-24.1.u82mb678urfv579fgz04cxkwv
1790511028507123853|network|connect|8db233da865a21ce3b3588d2a3425a428c76c745e4117af1e843d46e5c384ac5|bridge
1790511028526110891|container|start|772dadc7b582eb741dc1f1c739a9eccfe42c275da1c9405e8c2a3b80eed6e9b2|t20-lat-svc-24.1.u82mb678urfv579fgz04cxkwv
1790511029526597764|container|exec_create: /bin/sh -c true|772dadc7b582eb741dc1f1c739a9eccfe42c275da1c9405e8c2a3b80eed6e9b2|t20-lat-svc-24.1.u82mb678urfv579fgz04cxkwv
1790511029526670213|container|exec_start: /bin/sh -c true|772dadc7b582eb741dc1f1c739a9eccfe42c275da1c9405e8c2a3b80eed6e9b2|t20-lat-svc-24.1.u82mb678urfv579fgz04cxkwv
1790511029551128726|container|exec_die|772dadc7b582eb741dc1f1c739a9eccfe42c275da1c9405e8c2a3b80eed6e9b2|t20-lat-svc-24.1.u82mb678urfv579fgz04cxkwv
1790511029551367281|container|health_status: healthy|772dadc7b582eb741dc1f1c739a9eccfe42c275da1c9405e8c2a3b80eed6e9b2|t20-lat-svc-24.1.u82mb678urfv579fgz04cxkwv
1790511030186450746|service|update|p9zqxi4r3uzcfigry3kd9sks1|t20-lat-svc-24
1790511030189255985|service|update|p9zqxi4r3uzcfigry3kd9sks1|t20-lat-svc-24
1790511030459182147|container|create|f5d31baa17fdab12fbabd675f32262ecbc900bc274300af136772cffc4d57a03|t20-lat-svc-24.1.qi99wnajf8xeb9022siivxn2e
1790511030551905479|container|exec_create: /bin/sh -c true|772dadc7b582eb741dc1f1c739a9eccfe42c275da1c9405e8c2a3b80eed6e9b2|t20-lat-svc-24.1.u82mb678urfv579fgz04cxkwv
1790511030551934598|container|exec_start: /bin/sh -c true|772dadc7b582eb741dc1f1c739a9eccfe42c275da1c9405e8c2a3b80eed6e9b2|t20-lat-svc-24.1.u82mb678urfv579fgz04cxkwv
1790511030576305438|container|exec_die|772dadc7b582eb741dc1f1c739a9eccfe42c275da1c9405e8c2a3b80eed6e9b2|t20-lat-svc-24.1.u82mb678urfv579fgz04cxkwv
1790511031381448310|container|kill|772dadc7b582eb741dc1f1c739a9eccfe42c275da1c9405e8c2a3b80eed6e9b2|t20-lat-svc-24.1.u82mb678urfv579fgz04cxkwv
1790511031577053269|container|exec_create: /bin/sh -c true|772dadc7b582eb741dc1f1c739a9eccfe42c275da1c9405e8c2a3b80eed6e9b2|t20-lat-svc-24.1.u82mb678urfv579fgz04cxkwv
1790511031577120541|container|exec_start: /bin/sh -c true|772dadc7b582eb741dc1f1c739a9eccfe42c275da1c9405e8c2a3b80eed6e9b2|t20-lat-svc-24.1.u82mb678urfv579fgz04cxkwv
1790511031601243633|container|exec_die|772dadc7b582eb741dc1f1c739a9eccfe42c275da1c9405e8c2a3b80eed6e9b2|t20-lat-svc-24.1.u82mb678urfv579fgz04cxkwv
1790511032602205743|container|exec_create: /bin/sh -c true|772dadc7b582eb741dc1f1c739a9eccfe42c275da1c9405e8c2a3b80eed6e9b2|t20-lat-svc-24.1.u82mb678urfv579fgz04cxkwv
1790511032602311371|container|exec_start: /bin/sh -c true|772dadc7b582eb741dc1f1c739a9eccfe42c275da1c9405e8c2a3b80eed6e9b2|t20-lat-svc-24.1.u82mb678urfv579fgz04cxkwv
1790511032627306437|container|exec_die|772dadc7b582eb741dc1f1c739a9eccfe42c275da1c9405e8c2a3b80eed6e9b2|t20-lat-svc-24.1.u82mb678urfv579fgz04cxkwv
1790511033395363294|container|kill|772dadc7b582eb741dc1f1c739a9eccfe42c275da1c9405e8c2a3b80eed6e9b2|t20-lat-svc-24.1.u82mb678urfv579fgz04cxkwv
1790511033556162886|network|disconnect|8db233da865a21ce3b3588d2a3425a428c76c745e4117af1e843d46e5c384ac5|bridge
1790511033561840848|container|stop|772dadc7b582eb741dc1f1c739a9eccfe42c275da1c9405e8c2a3b80eed6e9b2|t20-lat-svc-24.1.u82mb678urfv579fgz04cxkwv
1790511033570254821|container|die|772dadc7b582eb741dc1f1c739a9eccfe42c275da1c9405e8c2a3b80eed6e9b2|t20-lat-svc-24.1.u82mb678urfv579fgz04cxkwv
1790511033889225642|network|connect|8db233da865a21ce3b3588d2a3425a428c76c745e4117af1e843d46e5c384ac5|bridge
1790511033906189209|container|start|f5d31baa17fdab12fbabd675f32262ecbc900bc274300af136772cffc4d57a03|t20-lat-svc-24.1.qi99wnajf8xeb9022siivxn2e
1790511034907060235|container|exec_create: /bin/sh -c true|f5d31baa17fdab12fbabd675f32262ecbc900bc274300af136772cffc4d57a03|t20-lat-svc-24.1.qi99wnajf8xeb9022siivxn2e
1790511034907117645|container|exec_start: /bin/sh -c true|f5d31baa17fdab12fbabd675f32262ecbc900bc274300af136772cffc4d57a03|t20-lat-svc-24.1.qi99wnajf8xeb9022siivxn2e
1790511034932467051|container|exec_die|f5d31baa17fdab12fbabd675f32262ecbc900bc274300af136772cffc4d57a03|t20-lat-svc-24.1.qi99wnajf8xeb9022siivxn2e
1790511034932706970|container|health_status: healthy|f5d31baa17fdab12fbabd675f32262ecbc900bc274300af136772cffc4d57a03|t20-lat-svc-24.1.qi99wnajf8xeb9022siivxn2e
1790511035333393774|service|remove|p9zqxi4r3uzcfigry3kd9sks1|t20-lat-svc-24
1790511035729975854|container|destroy|772dadc7b582eb741dc1f1c739a9eccfe42c275da1c9405e8c2a3b80eed6e9b2|t20-lat-svc-24.1.u82mb678urfv579fgz04cxkwv
1790511035933727000|container|exec_create: /bin/sh -c true|f5d31baa17fdab12fbabd675f32262ecbc900bc274300af136772cffc4d57a03|t20-lat-svc-24.1.qi99wnajf8xeb9022siivxn2e
1790511035933761895|container|exec_start: /bin/sh -c true|f5d31baa17fdab12fbabd675f32262ecbc900bc274300af136772cffc4d57a03|t20-lat-svc-24.1.qi99wnajf8xeb9022siivxn2e
1790511035958880089|container|exec_die|f5d31baa17fdab12fbabd675f32262ecbc900bc274300af136772cffc4d57a03|t20-lat-svc-24.1.qi99wnajf8xeb9022siivxn2e
1790511036463311019|container|kill|f5d31baa17fdab12fbabd675f32262ecbc900bc274300af136772cffc4d57a03|t20-lat-svc-24.1.qi99wnajf8xeb9022siivxn2e
1790511036959356660|container|exec_create: /bin/sh -c true|f5d31baa17fdab12fbabd675f32262ecbc900bc274300af136772cffc4d57a03|t20-lat-svc-24.1.qi99wnajf8xeb9022siivxn2e
1790511036959386065|container|exec_start: /bin/sh -c true|f5d31baa17fdab12fbabd675f32262ecbc900bc274300af136772cffc4d57a03|t20-lat-svc-24.1.qi99wnajf8xeb9022siivxn2e
1790511036984458631|container|exec_die|f5d31baa17fdab12fbabd675f32262ecbc900bc274300af136772cffc4d57a03|t20-lat-svc-24.1.qi99wnajf8xeb9022siivxn2e
1790511037984810077|container|exec_create: /bin/sh -c true|f5d31baa17fdab12fbabd675f32262ecbc900bc274300af136772cffc4d57a03|t20-lat-svc-24.1.qi99wnajf8xeb9022siivxn2e
1790511037984834948|container|exec_start: /bin/sh -c true|f5d31baa17fdab12fbabd675f32262ecbc900bc274300af136772cffc4d57a03|t20-lat-svc-24.1.qi99wnajf8xeb9022siivxn2e
1790511038009474922|container|exec_die|f5d31baa17fdab12fbabd675f32262ecbc900bc274300af136772cffc4d57a03|t20-lat-svc-24.1.qi99wnajf8xeb9022siivxn2e
1790511038477563153|container|kill|f5d31baa17fdab12fbabd675f32262ecbc900bc274300af136772cffc4d57a03|t20-lat-svc-24.1.qi99wnajf8xeb9022siivxn2e
1790511038616261684|network|disconnect|8db233da865a21ce3b3588d2a3425a428c76c745e4117af1e843d46e5c384ac5|bridge
1790511038625941821|container|stop|f5d31baa17fdab12fbabd675f32262ecbc900bc274300af136772cffc4d57a03|t20-lat-svc-24.1.qi99wnajf8xeb9022siivxn2e
1790511038634357766|container|die|f5d31baa17fdab12fbabd675f32262ecbc900bc274300af136772cffc4d57a03|t20-lat-svc-24.1.qi99wnajf8xeb9022siivxn2e
1790511039106214685|container|destroy|f5d31baa17fdab12fbabd675f32262ecbc900bc274300af136772cffc4d57a03|t20-lat-svc-24.1.qi99wnajf8xeb9022siivxn2e
1790511042163461530|service|create|yz0rx24xdm6glnhfmx57erlvt|t20-lat-svc-25
1790511042425344555|container|create|27e6366054e1d3f53b7e4cb45642d81f8d67de35373d741a821072d5aa7c30de|t20-lat-svc-25.1.qres11rsfr0mnv1u7dxv482mc
1790511042567362713|network|connect|8db233da865a21ce3b3588d2a3425a428c76c745e4117af1e843d46e5c384ac5|bridge
1790511042584407877|container|start|27e6366054e1d3f53b7e4cb45642d81f8d67de35373d741a821072d5aa7c30de|t20-lat-svc-25.1.qres11rsfr0mnv1u7dxv482mc
1790511043585283109|container|exec_create: /bin/sh -c true|27e6366054e1d3f53b7e4cb45642d81f8d67de35373d741a821072d5aa7c30de|t20-lat-svc-25.1.qres11rsfr0mnv1u7dxv482mc
1790511043585318240|container|exec_start: /bin/sh -c true|27e6366054e1d3f53b7e4cb45642d81f8d67de35373d741a821072d5aa7c30de|t20-lat-svc-25.1.qres11rsfr0mnv1u7dxv482mc
1790511043610017640|container|exec_die|27e6366054e1d3f53b7e4cb45642d81f8d67de35373d741a821072d5aa7c30de|t20-lat-svc-25.1.qres11rsfr0mnv1u7dxv482mc
1790511043610238492|container|health_status: healthy|27e6366054e1d3f53b7e4cb45642d81f8d67de35373d741a821072d5aa7c30de|t20-lat-svc-25.1.qres11rsfr0mnv1u7dxv482mc
1790511044230160659|service|update|yz0rx24xdm6glnhfmx57erlvt|t20-lat-svc-25
1790511044233696505|service|update|yz0rx24xdm6glnhfmx57erlvt|t20-lat-svc-25
1790511044497537052|container|create|91ec76af8b32d209c985c15bd881119b9ceb8765d6371d472f0846ddbbdb1dbb|t20-lat-svc-25.1.9mgx93izt9b3pan3620muuj0l
1790511044610694739|container|exec_create: /bin/sh -c true|27e6366054e1d3f53b7e4cb45642d81f8d67de35373d741a821072d5aa7c30de|t20-lat-svc-25.1.qres11rsfr0mnv1u7dxv482mc
1790511044610728656|container|exec_start: /bin/sh -c true|27e6366054e1d3f53b7e4cb45642d81f8d67de35373d741a821072d5aa7c30de|t20-lat-svc-25.1.qres11rsfr0mnv1u7dxv482mc
1790511044635474014|container|exec_die|27e6366054e1d3f53b7e4cb45642d81f8d67de35373d741a821072d5aa7c30de|t20-lat-svc-25.1.qres11rsfr0mnv1u7dxv482mc
1790511045422492370|container|kill|27e6366054e1d3f53b7e4cb45642d81f8d67de35373d741a821072d5aa7c30de|t20-lat-svc-25.1.qres11rsfr0mnv1u7dxv482mc
1790511045635937684|container|exec_create: /bin/sh -c true|27e6366054e1d3f53b7e4cb45642d81f8d67de35373d741a821072d5aa7c30de|t20-lat-svc-25.1.qres11rsfr0mnv1u7dxv482mc
1790511045635964672|container|exec_start: /bin/sh -c true|27e6366054e1d3f53b7e4cb45642d81f8d67de35373d741a821072d5aa7c30de|t20-lat-svc-25.1.qres11rsfr0mnv1u7dxv482mc
1790511045660698576|container|exec_die|27e6366054e1d3f53b7e4cb45642d81f8d67de35373d741a821072d5aa7c30de|t20-lat-svc-25.1.qres11rsfr0mnv1u7dxv482mc
1790511046661760538|container|exec_create: /bin/sh -c true|27e6366054e1d3f53b7e4cb45642d81f8d67de35373d741a821072d5aa7c30de|t20-lat-svc-25.1.qres11rsfr0mnv1u7dxv482mc
1790511046661786624|container|exec_start: /bin/sh -c true|27e6366054e1d3f53b7e4cb45642d81f8d67de35373d741a821072d5aa7c30de|t20-lat-svc-25.1.qres11rsfr0mnv1u7dxv482mc
1790511046687903297|container|exec_die|27e6366054e1d3f53b7e4cb45642d81f8d67de35373d741a821072d5aa7c30de|t20-lat-svc-25.1.qres11rsfr0mnv1u7dxv482mc
1790511047435685718|container|kill|27e6366054e1d3f53b7e4cb45642d81f8d67de35373d741a821072d5aa7c30de|t20-lat-svc-25.1.qres11rsfr0mnv1u7dxv482mc
1790511047564519964|network|disconnect|8db233da865a21ce3b3588d2a3425a428c76c745e4117af1e843d46e5c384ac5|bridge
1790511047570324761|container|stop|27e6366054e1d3f53b7e4cb45642d81f8d67de35373d741a821072d5aa7c30de|t20-lat-svc-25.1.qres11rsfr0mnv1u7dxv482mc
1790511047578585409|container|die|27e6366054e1d3f53b7e4cb45642d81f8d67de35373d741a821072d5aa7c30de|t20-lat-svc-25.1.qres11rsfr0mnv1u7dxv482mc
1790511047822663540|network|connect|8db233da865a21ce3b3588d2a3425a428c76c745e4117af1e843d46e5c384ac5|bridge
1790511047840550296|container|start|91ec76af8b32d209c985c15bd881119b9ceb8765d6371d472f0846ddbbdb1dbb|t20-lat-svc-25.1.9mgx93izt9b3pan3620muuj0l
1790511048840759176|container|exec_create: /bin/sh -c true|91ec76af8b32d209c985c15bd881119b9ceb8765d6371d472f0846ddbbdb1dbb|t20-lat-svc-25.1.9mgx93izt9b3pan3620muuj0l
1790511048840796836|container|exec_start: /bin/sh -c true|91ec76af8b32d209c985c15bd881119b9ceb8765d6371d472f0846ddbbdb1dbb|t20-lat-svc-25.1.9mgx93izt9b3pan3620muuj0l
1790511048865766274|container|exec_die|91ec76af8b32d209c985c15bd881119b9ceb8765d6371d472f0846ddbbdb1dbb|t20-lat-svc-25.1.9mgx93izt9b3pan3620muuj0l
1790511048865974686|container|health_status: healthy|91ec76af8b32d209c985c15bd881119b9ceb8765d6371d472f0846ddbbdb1dbb|t20-lat-svc-25.1.9mgx93izt9b3pan3620muuj0l
1790511049379803525|service|remove|yz0rx24xdm6glnhfmx57erlvt|t20-lat-svc-25
1790511049778229169|container|destroy|27e6366054e1d3f53b7e4cb45642d81f8d67de35373d741a821072d5aa7c30de|t20-lat-svc-25.1.qres11rsfr0mnv1u7dxv482mc
1790511049866237697|container|exec_create: /bin/sh -c true|91ec76af8b32d209c985c15bd881119b9ceb8765d6371d472f0846ddbbdb1dbb|t20-lat-svc-25.1.9mgx93izt9b3pan3620muuj0l
1790511049866266380|container|exec_start: /bin/sh -c true|91ec76af8b32d209c985c15bd881119b9ceb8765d6371d472f0846ddbbdb1dbb|t20-lat-svc-25.1.9mgx93izt9b3pan3620muuj0l
1790511049892024293|container|exec_die|91ec76af8b32d209c985c15bd881119b9ceb8765d6371d472f0846ddbbdb1dbb|t20-lat-svc-25.1.9mgx93izt9b3pan3620muuj0l
1790511050511605043|container|kill|91ec76af8b32d209c985c15bd881119b9ceb8765d6371d472f0846ddbbdb1dbb|t20-lat-svc-25.1.9mgx93izt9b3pan3620muuj0l
1790511050892679399|container|exec_create: /bin/sh -c true|91ec76af8b32d209c985c15bd881119b9ceb8765d6371d472f0846ddbbdb1dbb|t20-lat-svc-25.1.9mgx93izt9b3pan3620muuj0l
1790511050892704325|container|exec_start: /bin/sh -c true|91ec76af8b32d209c985c15bd881119b9ceb8765d6371d472f0846ddbbdb1dbb|t20-lat-svc-25.1.9mgx93izt9b3pan3620muuj0l
1790511050918828222|container|exec_die|91ec76af8b32d209c985c15bd881119b9ceb8765d6371d472f0846ddbbdb1dbb|t20-lat-svc-25.1.9mgx93izt9b3pan3620muuj0l
1790511051919916571|container|exec_create: /bin/sh -c true|91ec76af8b32d209c985c15bd881119b9ceb8765d6371d472f0846ddbbdb1dbb|t20-lat-svc-25.1.9mgx93izt9b3pan3620muuj0l
1790511051919956855|container|exec_start: /bin/sh -c true|91ec76af8b32d209c985c15bd881119b9ceb8765d6371d472f0846ddbbdb1dbb|t20-lat-svc-25.1.9mgx93izt9b3pan3620muuj0l
1790511051945202424|container|exec_die|91ec76af8b32d209c985c15bd881119b9ceb8765d6371d472f0846ddbbdb1dbb|t20-lat-svc-25.1.9mgx93izt9b3pan3620muuj0l
1790511052523744323|container|kill|91ec76af8b32d209c985c15bd881119b9ceb8765d6371d472f0846ddbbdb1dbb|t20-lat-svc-25.1.9mgx93izt9b3pan3620muuj0l
1790511052667293120|network|disconnect|8db233da865a21ce3b3588d2a3425a428c76c745e4117af1e843d46e5c384ac5|bridge
1790511052674932525|container|stop|91ec76af8b32d209c985c15bd881119b9ceb8765d6371d472f0846ddbbdb1dbb|t20-lat-svc-25.1.9mgx93izt9b3pan3620muuj0l
1790511052683315406|container|die|91ec76af8b32d209c985c15bd881119b9ceb8765d6371d472f0846ddbbdb1dbb|t20-lat-svc-25.1.9mgx93izt9b3pan3620muuj0l
1790511053130107205|container|destroy|91ec76af8b32d209c985c15bd881119b9ceb8765d6371d472f0846ddbbdb1dbb|t20-lat-svc-25.1.9mgx93izt9b3pan3620muuj0l
1790511064291279722|service|create|wruj2uvb5v1urev3jlrzu0p7r|t20-lat-svc-26
1790511064545688129|container|create|35ee4b898b9b9548410bb4e9b999fd0680acb04aa6810cf4e8a34001f8d1f092|t20-lat-svc-26.1.vxna624zmc84q1gtm8vtmylft
1790511064682720585|network|connect|8db233da865a21ce3b3588d2a3425a428c76c745e4117af1e843d46e5c384ac5|bridge
1790511064700625224|container|start|35ee4b898b9b9548410bb4e9b999fd0680acb04aa6810cf4e8a34001f8d1f092|t20-lat-svc-26.1.vxna624zmc84q1gtm8vtmylft
1790511065700796547|container|exec_create: /bin/sh -c true|35ee4b898b9b9548410bb4e9b999fd0680acb04aa6810cf4e8a34001f8d1f092|t20-lat-svc-26.1.vxna624zmc84q1gtm8vtmylft
1790511065700853620|container|exec_start: /bin/sh -c true|35ee4b898b9b9548410bb4e9b999fd0680acb04aa6810cf4e8a34001f8d1f092|t20-lat-svc-26.1.vxna624zmc84q1gtm8vtmylft
1790511065725876268|container|exec_die|35ee4b898b9b9548410bb4e9b999fd0680acb04aa6810cf4e8a34001f8d1f092|t20-lat-svc-26.1.vxna624zmc84q1gtm8vtmylft
1790511065726106769|container|health_status: healthy|35ee4b898b9b9548410bb4e9b999fd0680acb04aa6810cf4e8a34001f8d1f092|t20-lat-svc-26.1.vxna624zmc84q1gtm8vtmylft
1790511066357487643|service|update|wruj2uvb5v1urev3jlrzu0p7r|t20-lat-svc-26
1790511066361134961|service|update|wruj2uvb5v1urev3jlrzu0p7r|t20-lat-svc-26
1790511066634754028|container|create|fc0e45d287d5645d54eb65f8c6353318e1790127bba82229190f5ad136e1cae3|t20-lat-svc-26.1.l9kubgb6hpfqx0joftgkor7fm
1790511066726974774|container|exec_create: /bin/sh -c true|35ee4b898b9b9548410bb4e9b999fd0680acb04aa6810cf4e8a34001f8d1f092|t20-lat-svc-26.1.vxna624zmc84q1gtm8vtmylft
1790511066727016517|container|exec_start: /bin/sh -c true|35ee4b898b9b9548410bb4e9b999fd0680acb04aa6810cf4e8a34001f8d1f092|t20-lat-svc-26.1.vxna624zmc84q1gtm8vtmylft
1790511066751850952|container|exec_die|35ee4b898b9b9548410bb4e9b999fd0680acb04aa6810cf4e8a34001f8d1f092|t20-lat-svc-26.1.vxna624zmc84q1gtm8vtmylft
1790511067549867992|container|kill|35ee4b898b9b9548410bb4e9b999fd0680acb04aa6810cf4e8a34001f8d1f092|t20-lat-svc-26.1.vxna624zmc84q1gtm8vtmylft
1790511067752158781|container|exec_create: /bin/sh -c true|35ee4b898b9b9548410bb4e9b999fd0680acb04aa6810cf4e8a34001f8d1f092|t20-lat-svc-26.1.vxna624zmc84q1gtm8vtmylft
1790511067752188975|container|exec_start: /bin/sh -c true|35ee4b898b9b9548410bb4e9b999fd0680acb04aa6810cf4e8a34001f8d1f092|t20-lat-svc-26.1.vxna624zmc84q1gtm8vtmylft
1790511067777433000|container|exec_die|35ee4b898b9b9548410bb4e9b999fd0680acb04aa6810cf4e8a34001f8d1f092|t20-lat-svc-26.1.vxna624zmc84q1gtm8vtmylft
1790511068778039451|container|exec_create: /bin/sh -c true|35ee4b898b9b9548410bb4e9b999fd0680acb04aa6810cf4e8a34001f8d1f092|t20-lat-svc-26.1.vxna624zmc84q1gtm8vtmylft
1790511068778083155|container|exec_start: /bin/sh -c true|35ee4b898b9b9548410bb4e9b999fd0680acb04aa6810cf4e8a34001f8d1f092|t20-lat-svc-26.1.vxna624zmc84q1gtm8vtmylft
1790511068803065641|container|exec_die|35ee4b898b9b9548410bb4e9b999fd0680acb04aa6810cf4e8a34001f8d1f092|t20-lat-svc-26.1.vxna624zmc84q1gtm8vtmylft
1790511069565074237|container|kill|35ee4b898b9b9548410bb4e9b999fd0680acb04aa6810cf4e8a34001f8d1f092|t20-lat-svc-26.1.vxna624zmc84q1gtm8vtmylft
1790511069730759656|network|disconnect|8db233da865a21ce3b3588d2a3425a428c76c745e4117af1e843d46e5c384ac5|bridge
1790511069736369855|container|stop|35ee4b898b9b9548410bb4e9b999fd0680acb04aa6810cf4e8a34001f8d1f092|t20-lat-svc-26.1.vxna624zmc84q1gtm8vtmylft
1790511069744906607|container|die|35ee4b898b9b9548410bb4e9b999fd0680acb04aa6810cf4e8a34001f8d1f092|t20-lat-svc-26.1.vxna624zmc84q1gtm8vtmylft
1790511069993833821|network|connect|8db233da865a21ce3b3588d2a3425a428c76c745e4117af1e843d46e5c384ac5|bridge
1790511070014044382|container|start|fc0e45d287d5645d54eb65f8c6353318e1790127bba82229190f5ad136e1cae3|t20-lat-svc-26.1.l9kubgb6hpfqx0joftgkor7fm
1790511071014734905|container|exec_create: /bin/sh -c true|fc0e45d287d5645d54eb65f8c6353318e1790127bba82229190f5ad136e1cae3|t20-lat-svc-26.1.l9kubgb6hpfqx0joftgkor7fm
1790511071014808428|container|exec_start: /bin/sh -c true|fc0e45d287d5645d54eb65f8c6353318e1790127bba82229190f5ad136e1cae3|t20-lat-svc-26.1.l9kubgb6hpfqx0joftgkor7fm
1790511071074740540|container|exec_die|fc0e45d287d5645d54eb65f8c6353318e1790127bba82229190f5ad136e1cae3|t20-lat-svc-26.1.l9kubgb6hpfqx0joftgkor7fm
1790511071075397084|container|health_status: healthy|fc0e45d287d5645d54eb65f8c6353318e1790127bba82229190f5ad136e1cae3|t20-lat-svc-26.1.l9kubgb6hpfqx0joftgkor7fm
1790511071678652335|service|remove|wruj2uvb5v1urev3jlrzu0p7r|t20-lat-svc-26
1790511072076064200|container|exec_create: /bin/sh -c true|fc0e45d287d5645d54eb65f8c6353318e1790127bba82229190f5ad136e1cae3|t20-lat-svc-26.1.l9kubgb6hpfqx0joftgkor7fm
1790511072076129842|container|exec_start: /bin/sh -c true|fc0e45d287d5645d54eb65f8c6353318e1790127bba82229190f5ad136e1cae3|t20-lat-svc-26.1.l9kubgb6hpfqx0joftgkor7fm
1790511072092269853|container|destroy|35ee4b898b9b9548410bb4e9b999fd0680acb04aa6810cf4e8a34001f8d1f092|t20-lat-svc-26.1.vxna624zmc84q1gtm8vtmylft
1790511072114027198|container|exec_die|fc0e45d287d5645d54eb65f8c6353318e1790127bba82229190f5ad136e1cae3|t20-lat-svc-26.1.l9kubgb6hpfqx0joftgkor7fm
1790511072810342648|container|kill|fc0e45d287d5645d54eb65f8c6353318e1790127bba82229190f5ad136e1cae3|t20-lat-svc-26.1.l9kubgb6hpfqx0joftgkor7fm
1790511073114828698|container|exec_create: /bin/sh -c true|fc0e45d287d5645d54eb65f8c6353318e1790127bba82229190f5ad136e1cae3|t20-lat-svc-26.1.l9kubgb6hpfqx0joftgkor7fm
1790511073114864763|container|exec_start: /bin/sh -c true|fc0e45d287d5645d54eb65f8c6353318e1790127bba82229190f5ad136e1cae3|t20-lat-svc-26.1.l9kubgb6hpfqx0joftgkor7fm
1790511073174268093|container|exec_die|fc0e45d287d5645d54eb65f8c6353318e1790127bba82229190f5ad136e1cae3|t20-lat-svc-26.1.l9kubgb6hpfqx0joftgkor7fm
1790511074175467527|container|exec_create: /bin/sh -c true|fc0e45d287d5645d54eb65f8c6353318e1790127bba82229190f5ad136e1cae3|t20-lat-svc-26.1.l9kubgb6hpfqx0joftgkor7fm
1790511074175504976|container|exec_start: /bin/sh -c true|fc0e45d287d5645d54eb65f8c6353318e1790127bba82229190f5ad136e1cae3|t20-lat-svc-26.1.l9kubgb6hpfqx0joftgkor7fm
1790511074203314305|container|exec_die|fc0e45d287d5645d54eb65f8c6353318e1790127bba82229190f5ad136e1cae3|t20-lat-svc-26.1.l9kubgb6hpfqx0joftgkor7fm
1790511074824475741|container|kill|fc0e45d287d5645d54eb65f8c6353318e1790127bba82229190f5ad136e1cae3|t20-lat-svc-26.1.l9kubgb6hpfqx0joftgkor7fm
1790511074979917176|network|disconnect|8db233da865a21ce3b3588d2a3425a428c76c745e4117af1e843d46e5c384ac5|bridge
1790511075026709887|container|stop|fc0e45d287d5645d54eb65f8c6353318e1790127bba82229190f5ad136e1cae3|t20-lat-svc-26.1.l9kubgb6hpfqx0joftgkor7fm
1790511075034924817|container|die|fc0e45d287d5645d54eb65f8c6353318e1790127bba82229190f5ad136e1cae3|t20-lat-svc-26.1.l9kubgb6hpfqx0joftgkor7fm
1790511075521712255|container|destroy|fc0e45d287d5645d54eb65f8c6353318e1790127bba82229190f5ad136e1cae3|t20-lat-svc-26.1.l9kubgb6hpfqx0joftgkor7fm
1790511079275560966|service|create|q272omk1io28zpe88moke83ph|t20-lat-svc-27
1790511079571230018|container|create|28d5d4a69a6dfba09c0a75b733ac86bd13153e7da065fb45526f7d0ff47381ab|t20-lat-svc-27.1.035kfc5wamdquu7q1bl7t0ggn
1790511079732011914|network|connect|8db233da865a21ce3b3588d2a3425a428c76c745e4117af1e843d46e5c384ac5|bridge
1790511079755300518|container|start|28d5d4a69a6dfba09c0a75b733ac86bd13153e7da065fb45526f7d0ff47381ab|t20-lat-svc-27.1.035kfc5wamdquu7q1bl7t0ggn
1790511080756008256|container|exec_create: /bin/sh -c true|28d5d4a69a6dfba09c0a75b733ac86bd13153e7da065fb45526f7d0ff47381ab|t20-lat-svc-27.1.035kfc5wamdquu7q1bl7t0ggn
1790511080756088400|container|exec_start: /bin/sh -c true|28d5d4a69a6dfba09c0a75b733ac86bd13153e7da065fb45526f7d0ff47381ab|t20-lat-svc-27.1.035kfc5wamdquu7q1bl7t0ggn
1790511080792110943|container|exec_die|28d5d4a69a6dfba09c0a75b733ac86bd13153e7da065fb45526f7d0ff47381ab|t20-lat-svc-27.1.035kfc5wamdquu7q1bl7t0ggn
1790511080792404667|container|health_status: healthy|28d5d4a69a6dfba09c0a75b733ac86bd13153e7da065fb45526f7d0ff47381ab|t20-lat-svc-27.1.035kfc5wamdquu7q1bl7t0ggn
1790511081364699616|service|update|q272omk1io28zpe88moke83ph|t20-lat-svc-27
1790511081367241613|service|update|q272omk1io28zpe88moke83ph|t20-lat-svc-27
1790511081634173038|container|create|7949aa32b5a7a1fe8864ee6a8f0fb8e1565a23ea0bed8c0b6f0fc488da2490e5|t20-lat-svc-27.1.apbt2f1r4zk8v1u3pzbzyl3yt
1790511081793499267|container|exec_create: /bin/sh -c true|28d5d4a69a6dfba09c0a75b733ac86bd13153e7da065fb45526f7d0ff47381ab|t20-lat-svc-27.1.035kfc5wamdquu7q1bl7t0ggn
1790511081793536815|container|exec_start: /bin/sh -c true|28d5d4a69a6dfba09c0a75b733ac86bd13153e7da065fb45526f7d0ff47381ab|t20-lat-svc-27.1.035kfc5wamdquu7q1bl7t0ggn
1790511081818332446|container|exec_die|28d5d4a69a6dfba09c0a75b733ac86bd13153e7da065fb45526f7d0ff47381ab|t20-lat-svc-27.1.035kfc5wamdquu7q1bl7t0ggn
1790511082554468583|container|kill|28d5d4a69a6dfba09c0a75b733ac86bd13153e7da065fb45526f7d0ff47381ab|t20-lat-svc-27.1.035kfc5wamdquu7q1bl7t0ggn
1790511082817792393|container|exec_create: /bin/sh -c true|28d5d4a69a6dfba09c0a75b733ac86bd13153e7da065fb45526f7d0ff47381ab|t20-lat-svc-27.1.035kfc5wamdquu7q1bl7t0ggn
1790511082817832143|container|exec_start: /bin/sh -c true|28d5d4a69a6dfba09c0a75b733ac86bd13153e7da065fb45526f7d0ff47381ab|t20-lat-svc-27.1.035kfc5wamdquu7q1bl7t0ggn
1790511082846549390|container|exec_die|28d5d4a69a6dfba09c0a75b733ac86bd13153e7da065fb45526f7d0ff47381ab|t20-lat-svc-27.1.035kfc5wamdquu7q1bl7t0ggn
1790511083847292765|container|exec_create: /bin/sh -c true|28d5d4a69a6dfba09c0a75b733ac86bd13153e7da065fb45526f7d0ff47381ab|t20-lat-svc-27.1.035kfc5wamdquu7q1bl7t0ggn
1790511083847339650|container|exec_start: /bin/sh -c true|28d5d4a69a6dfba09c0a75b733ac86bd13153e7da065fb45526f7d0ff47381ab|t20-lat-svc-27.1.035kfc5wamdquu7q1bl7t0ggn
1790511083873109036|container|exec_die|28d5d4a69a6dfba09c0a75b733ac86bd13153e7da065fb45526f7d0ff47381ab|t20-lat-svc-27.1.035kfc5wamdquu7q1bl7t0ggn
1790511084568260590|container|kill|28d5d4a69a6dfba09c0a75b733ac86bd13153e7da065fb45526f7d0ff47381ab|t20-lat-svc-27.1.035kfc5wamdquu7q1bl7t0ggn
1790511084725984087|network|disconnect|8db233da865a21ce3b3588d2a3425a428c76c745e4117af1e843d46e5c384ac5|bridge
1790511084731441336|container|stop|28d5d4a69a6dfba09c0a75b733ac86bd13153e7da065fb45526f7d0ff47381ab|t20-lat-svc-27.1.035kfc5wamdquu7q1bl7t0ggn
1790511084741158875|container|die|28d5d4a69a6dfba09c0a75b733ac86bd13153e7da065fb45526f7d0ff47381ab|t20-lat-svc-27.1.035kfc5wamdquu7q1bl7t0ggn
1790511085034031217|network|connect|8db233da865a21ce3b3588d2a3425a428c76c745e4117af1e843d46e5c384ac5|bridge
1790511085051146727|container|start|7949aa32b5a7a1fe8864ee6a8f0fb8e1565a23ea0bed8c0b6f0fc488da2490e5|t20-lat-svc-27.1.apbt2f1r4zk8v1u3pzbzyl3yt
1790511086052136016|container|exec_create: /bin/sh -c true|7949aa32b5a7a1fe8864ee6a8f0fb8e1565a23ea0bed8c0b6f0fc488da2490e5|t20-lat-svc-27.1.apbt2f1r4zk8v1u3pzbzyl3yt
1790511086052201006|container|exec_start: /bin/sh -c true|7949aa32b5a7a1fe8864ee6a8f0fb8e1565a23ea0bed8c0b6f0fc488da2490e5|t20-lat-svc-27.1.apbt2f1r4zk8v1u3pzbzyl3yt
1790511086077403137|container|exec_die|7949aa32b5a7a1fe8864ee6a8f0fb8e1565a23ea0bed8c0b6f0fc488da2490e5|t20-lat-svc-27.1.apbt2f1r4zk8v1u3pzbzyl3yt
1790511086077656733|container|health_status: healthy|7949aa32b5a7a1fe8864ee6a8f0fb8e1565a23ea0bed8c0b6f0fc488da2490e5|t20-lat-svc-27.1.apbt2f1r4zk8v1u3pzbzyl3yt
1790511086539542245|service|remove|q272omk1io28zpe88moke83ph|t20-lat-svc-27
1790511086936845350|container|destroy|28d5d4a69a6dfba09c0a75b733ac86bd13153e7da065fb45526f7d0ff47381ab|t20-lat-svc-27.1.035kfc5wamdquu7q1bl7t0ggn
1790511087078064884|container|exec_create: /bin/sh -c true|7949aa32b5a7a1fe8864ee6a8f0fb8e1565a23ea0bed8c0b6f0fc488da2490e5|t20-lat-svc-27.1.apbt2f1r4zk8v1u3pzbzyl3yt
1790511087078102396|container|exec_start: /bin/sh -c true|7949aa32b5a7a1fe8864ee6a8f0fb8e1565a23ea0bed8c0b6f0fc488da2490e5|t20-lat-svc-27.1.apbt2f1r4zk8v1u3pzbzyl3yt
1790511087103521116|container|exec_die|7949aa32b5a7a1fe8864ee6a8f0fb8e1565a23ea0bed8c0b6f0fc488da2490e5|t20-lat-svc-27.1.apbt2f1r4zk8v1u3pzbzyl3yt
1790511087669666840|container|kill|7949aa32b5a7a1fe8864ee6a8f0fb8e1565a23ea0bed8c0b6f0fc488da2490e5|t20-lat-svc-27.1.apbt2f1r4zk8v1u3pzbzyl3yt
1790511088104105696|container|exec_create: /bin/sh -c true|7949aa32b5a7a1fe8864ee6a8f0fb8e1565a23ea0bed8c0b6f0fc488da2490e5|t20-lat-svc-27.1.apbt2f1r4zk8v1u3pzbzyl3yt
1790511088104135627|container|exec_start: /bin/sh -c true|7949aa32b5a7a1fe8864ee6a8f0fb8e1565a23ea0bed8c0b6f0fc488da2490e5|t20-lat-svc-27.1.apbt2f1r4zk8v1u3pzbzyl3yt
1790511088129497388|container|exec_die|7949aa32b5a7a1fe8864ee6a8f0fb8e1565a23ea0bed8c0b6f0fc488da2490e5|t20-lat-svc-27.1.apbt2f1r4zk8v1u3pzbzyl3yt
1790511089130336326|container|exec_create: /bin/sh -c true|7949aa32b5a7a1fe8864ee6a8f0fb8e1565a23ea0bed8c0b6f0fc488da2490e5|t20-lat-svc-27.1.apbt2f1r4zk8v1u3pzbzyl3yt
1790511089130406914|container|exec_start: /bin/sh -c true|7949aa32b5a7a1fe8864ee6a8f0fb8e1565a23ea0bed8c0b6f0fc488da2490e5|t20-lat-svc-27.1.apbt2f1r4zk8v1u3pzbzyl3yt
1790511089174193367|container|exec_die|7949aa32b5a7a1fe8864ee6a8f0fb8e1565a23ea0bed8c0b6f0fc488da2490e5|t20-lat-svc-27.1.apbt2f1r4zk8v1u3pzbzyl3yt
1790511089683902133|container|kill|7949aa32b5a7a1fe8864ee6a8f0fb8e1565a23ea0bed8c0b6f0fc488da2490e5|t20-lat-svc-27.1.apbt2f1r4zk8v1u3pzbzyl3yt
1790511089858236964|network|disconnect|8db233da865a21ce3b3588d2a3425a428c76c745e4117af1e843d46e5c384ac5|bridge
1790511089866069071|container|stop|7949aa32b5a7a1fe8864ee6a8f0fb8e1565a23ea0bed8c0b6f0fc488da2490e5|t20-lat-svc-27.1.apbt2f1r4zk8v1u3pzbzyl3yt
1790511089874256551|container|die|7949aa32b5a7a1fe8864ee6a8f0fb8e1565a23ea0bed8c0b6f0fc488da2490e5|t20-lat-svc-27.1.apbt2f1r4zk8v1u3pzbzyl3yt
1790511090341094645|container|destroy|7949aa32b5a7a1fe8864ee6a8f0fb8e1565a23ea0bed8c0b6f0fc488da2490e5|t20-lat-svc-27.1.apbt2f1r4zk8v1u3pzbzyl3yt
1790511094277972034|service|create|bgajam5zk1i8icmq53nn7u5f2|t20-lat-svc-28
1790511094534417193|container|create|34528fd79162e72456be28c496feab417f94492e41a9ad6641947eb2efa03e6e|t20-lat-svc-28.1.smll652tz486xkck90zw0xq13
1790511094662377394|network|connect|8db233da865a21ce3b3588d2a3425a428c76c745e4117af1e843d46e5c384ac5|bridge
1790511094680507642|container|start|34528fd79162e72456be28c496feab417f94492e41a9ad6641947eb2efa03e6e|t20-lat-svc-28.1.smll652tz486xkck90zw0xq13
1790511095681512015|container|exec_create: /bin/sh -c true|34528fd79162e72456be28c496feab417f94492e41a9ad6641947eb2efa03e6e|t20-lat-svc-28.1.smll652tz486xkck90zw0xq13
1790511095681579651|container|exec_start: /bin/sh -c true|34528fd79162e72456be28c496feab417f94492e41a9ad6641947eb2efa03e6e|t20-lat-svc-28.1.smll652tz486xkck90zw0xq13
1790511095706544328|container|exec_die|34528fd79162e72456be28c496feab417f94492e41a9ad6641947eb2efa03e6e|t20-lat-svc-28.1.smll652tz486xkck90zw0xq13
1790511095706737887|container|health_status: healthy|34528fd79162e72456be28c496feab417f94492e41a9ad6641947eb2efa03e6e|t20-lat-svc-28.1.smll652tz486xkck90zw0xq13
1790511096347187700|service|update|bgajam5zk1i8icmq53nn7u5f2|t20-lat-svc-28
1790511096351529473|service|update|bgajam5zk1i8icmq53nn7u5f2|t20-lat-svc-28
1790511096611469214|container|create|2659eb57390bdf2dad9caa34805d1ef96ba91fd5f579134ea532e55dcd761665|t20-lat-svc-28.1.84f1wyrzy3xjtn0tgl57q8q8d
1790511096707145296|container|exec_create: /bin/sh -c true|34528fd79162e72456be28c496feab417f94492e41a9ad6641947eb2efa03e6e|t20-lat-svc-28.1.smll652tz486xkck90zw0xq13
1790511096707171316|container|exec_start: /bin/sh -c true|34528fd79162e72456be28c496feab417f94492e41a9ad6641947eb2efa03e6e|t20-lat-svc-28.1.smll652tz486xkck90zw0xq13
1790511096732309590|container|exec_die|34528fd79162e72456be28c496feab417f94492e41a9ad6641947eb2efa03e6e|t20-lat-svc-28.1.smll652tz486xkck90zw0xq13
1790511097542683040|container|kill|34528fd79162e72456be28c496feab417f94492e41a9ad6641947eb2efa03e6e|t20-lat-svc-28.1.smll652tz486xkck90zw0xq13
1790511097733343824|container|exec_create: /bin/sh -c true|34528fd79162e72456be28c496feab417f94492e41a9ad6641947eb2efa03e6e|t20-lat-svc-28.1.smll652tz486xkck90zw0xq13
1790511097733376982|container|exec_start: /bin/sh -c true|34528fd79162e72456be28c496feab417f94492e41a9ad6641947eb2efa03e6e|t20-lat-svc-28.1.smll652tz486xkck90zw0xq13
1790511097758726532|container|exec_die|34528fd79162e72456be28c496feab417f94492e41a9ad6641947eb2efa03e6e|t20-lat-svc-28.1.smll652tz486xkck90zw0xq13
1790511098759607249|container|exec_create: /bin/sh -c true|34528fd79162e72456be28c496feab417f94492e41a9ad6641947eb2efa03e6e|t20-lat-svc-28.1.smll652tz486xkck90zw0xq13
1790511098759647410|container|exec_start: /bin/sh -c true|34528fd79162e72456be28c496feab417f94492e41a9ad6641947eb2efa03e6e|t20-lat-svc-28.1.smll652tz486xkck90zw0xq13
1790511098784610235|container|exec_die|34528fd79162e72456be28c496feab417f94492e41a9ad6641947eb2efa03e6e|t20-lat-svc-28.1.smll652tz486xkck90zw0xq13
1790511099556724206|container|kill|34528fd79162e72456be28c496feab417f94492e41a9ad6641947eb2efa03e6e|t20-lat-svc-28.1.smll652tz486xkck90zw0xq13
1790511099674550367|network|disconnect|8db233da865a21ce3b3588d2a3425a428c76c745e4117af1e843d46e5c384ac5|bridge
1790511099684010613|container|stop|34528fd79162e72456be28c496feab417f94492e41a9ad6641947eb2efa03e6e|t20-lat-svc-28.1.smll652tz486xkck90zw0xq13
1790511099694627957|container|die|34528fd79162e72456be28c496feab417f94492e41a9ad6641947eb2efa03e6e|t20-lat-svc-28.1.smll652tz486xkck90zw0xq13
1790511099962610945|network|connect|8db233da865a21ce3b3588d2a3425a428c76c745e4117af1e843d46e5c384ac5|bridge
1790511099981612526|container|start|2659eb57390bdf2dad9caa34805d1ef96ba91fd5f579134ea532e55dcd761665|t20-lat-svc-28.1.84f1wyrzy3xjtn0tgl57q8q8d
1790511100982319860|container|exec_create: /bin/sh -c true|2659eb57390bdf2dad9caa34805d1ef96ba91fd5f579134ea532e55dcd761665|t20-lat-svc-28.1.84f1wyrzy3xjtn0tgl57q8q8d
1790511100982383187|container|exec_start: /bin/sh -c true|2659eb57390bdf2dad9caa34805d1ef96ba91fd5f579134ea532e55dcd761665|t20-lat-svc-28.1.84f1wyrzy3xjtn0tgl57q8q8d
1790511101006973364|container|exec_die|2659eb57390bdf2dad9caa34805d1ef96ba91fd5f579134ea532e55dcd761665|t20-lat-svc-28.1.84f1wyrzy3xjtn0tgl57q8q8d
1790511101007207486|container|health_status: healthy|2659eb57390bdf2dad9caa34805d1ef96ba91fd5f579134ea532e55dcd761665|t20-lat-svc-28.1.84f1wyrzy3xjtn0tgl57q8q8d
1790511101496691748|service|remove|bgajam5zk1i8icmq53nn7u5f2|t20-lat-svc-28
1790511101897299865|container|destroy|34528fd79162e72456be28c496feab417f94492e41a9ad6641947eb2efa03e6e|t20-lat-svc-28.1.smll652tz486xkck90zw0xq13
1790511102008343094|container|exec_create: /bin/sh -c true|2659eb57390bdf2dad9caa34805d1ef96ba91fd5f579134ea532e55dcd761665|t20-lat-svc-28.1.84f1wyrzy3xjtn0tgl57q8q8d
1790511102008369507|container|exec_start: /bin/sh -c true|2659eb57390bdf2dad9caa34805d1ef96ba91fd5f579134ea532e55dcd761665|t20-lat-svc-28.1.84f1wyrzy3xjtn0tgl57q8q8d
1790511102032796530|container|exec_die|2659eb57390bdf2dad9caa34805d1ef96ba91fd5f579134ea532e55dcd761665|t20-lat-svc-28.1.84f1wyrzy3xjtn0tgl57q8q8d
1790511102625663831|container|kill|2659eb57390bdf2dad9caa34805d1ef96ba91fd5f579134ea532e55dcd761665|t20-lat-svc-28.1.84f1wyrzy3xjtn0tgl57q8q8d
1790511103033541420|container|exec_create: /bin/sh -c true|2659eb57390bdf2dad9caa34805d1ef96ba91fd5f579134ea532e55dcd761665|t20-lat-svc-28.1.84f1wyrzy3xjtn0tgl57q8q8d
1790511103033574138|container|exec_start: /bin/sh -c true|2659eb57390bdf2dad9caa34805d1ef96ba91fd5f579134ea532e55dcd761665|t20-lat-svc-28.1.84f1wyrzy3xjtn0tgl57q8q8d
1790511103057684186|container|exec_die|2659eb57390bdf2dad9caa34805d1ef96ba91fd5f579134ea532e55dcd761665|t20-lat-svc-28.1.84f1wyrzy3xjtn0tgl57q8q8d
1790511104058518643|container|exec_create: /bin/sh -c true|2659eb57390bdf2dad9caa34805d1ef96ba91fd5f579134ea532e55dcd761665|t20-lat-svc-28.1.84f1wyrzy3xjtn0tgl57q8q8d
1790511104058557954|container|exec_start: /bin/sh -c true|2659eb57390bdf2dad9caa34805d1ef96ba91fd5f579134ea532e55dcd761665|t20-lat-svc-28.1.84f1wyrzy3xjtn0tgl57q8q8d
1790511104083757247|container|exec_die|2659eb57390bdf2dad9caa34805d1ef96ba91fd5f579134ea532e55dcd761665|t20-lat-svc-28.1.84f1wyrzy3xjtn0tgl57q8q8d
1790511104637680221|container|kill|2659eb57390bdf2dad9caa34805d1ef96ba91fd5f579134ea532e55dcd761665|t20-lat-svc-28.1.84f1wyrzy3xjtn0tgl57q8q8d
1790511104777602892|network|disconnect|8db233da865a21ce3b3588d2a3425a428c76c745e4117af1e843d46e5c384ac5|bridge
1790511104785288416|container|stop|2659eb57390bdf2dad9caa34805d1ef96ba91fd5f579134ea532e55dcd761665|t20-lat-svc-28.1.84f1wyrzy3xjtn0tgl57q8q8d
1790511104793674337|container|die|2659eb57390bdf2dad9caa34805d1ef96ba91fd5f579134ea532e55dcd761665|t20-lat-svc-28.1.84f1wyrzy3xjtn0tgl57q8q8d
1790511105267476725|container|destroy|2659eb57390bdf2dad9caa34805d1ef96ba91fd5f579134ea532e55dcd761665|t20-lat-svc-28.1.84f1wyrzy3xjtn0tgl57q8q8d
1790511108411030993|service|create|ywdm8lcuak3v8i5vnaxhotkz6|t20-lat-svc-29
1790511108664739582|container|create|82dc39a15209a8ee15c584d70b834119f6989b12d46cdb9a73f4a2af5790b537|t20-lat-svc-29.1.m1ezbwjjieqf53aiurqi9ntng
1790511108795781718|network|connect|8db233da865a21ce3b3588d2a3425a428c76c745e4117af1e843d46e5c384ac5|bridge
1790511108815833786|container|start|82dc39a15209a8ee15c584d70b834119f6989b12d46cdb9a73f4a2af5790b537|t20-lat-svc-29.1.m1ezbwjjieqf53aiurqi9ntng
1790511109816865253|container|exec_create: /bin/sh -c true|82dc39a15209a8ee15c584d70b834119f6989b12d46cdb9a73f4a2af5790b537|t20-lat-svc-29.1.m1ezbwjjieqf53aiurqi9ntng
1790511109816922626|container|exec_start: /bin/sh -c true|82dc39a15209a8ee15c584d70b834119f6989b12d46cdb9a73f4a2af5790b537|t20-lat-svc-29.1.m1ezbwjjieqf53aiurqi9ntng
1790511109841196941|container|exec_die|82dc39a15209a8ee15c584d70b834119f6989b12d46cdb9a73f4a2af5790b537|t20-lat-svc-29.1.m1ezbwjjieqf53aiurqi9ntng
1790511109841391395|container|health_status: healthy|82dc39a15209a8ee15c584d70b834119f6989b12d46cdb9a73f4a2af5790b537|t20-lat-svc-29.1.m1ezbwjjieqf53aiurqi9ntng
1790511110478107747|service|update|ywdm8lcuak3v8i5vnaxhotkz6|t20-lat-svc-29
1790511110480999245|service|update|ywdm8lcuak3v8i5vnaxhotkz6|t20-lat-svc-29
1790511110747889219|container|create|be75896320e3bcbc4285bf243bc42ac77d377c0c06d2fc3fc83df2f2b5dc927e|t20-lat-svc-29.1.y617vbyypjaw6pazykcxg9tz1
1790511110842248861|container|exec_create: /bin/sh -c true|82dc39a15209a8ee15c584d70b834119f6989b12d46cdb9a73f4a2af5790b537|t20-lat-svc-29.1.m1ezbwjjieqf53aiurqi9ntng
1790511110842287468|container|exec_start: /bin/sh -c true|82dc39a15209a8ee15c584d70b834119f6989b12d46cdb9a73f4a2af5790b537|t20-lat-svc-29.1.m1ezbwjjieqf53aiurqi9ntng
1790511110866898732|container|exec_die|82dc39a15209a8ee15c584d70b834119f6989b12d46cdb9a73f4a2af5790b537|t20-lat-svc-29.1.m1ezbwjjieqf53aiurqi9ntng
1790511111668884823|container|kill|82dc39a15209a8ee15c584d70b834119f6989b12d46cdb9a73f4a2af5790b537|t20-lat-svc-29.1.m1ezbwjjieqf53aiurqi9ntng
1790511111867896474|container|exec_create: /bin/sh -c true|82dc39a15209a8ee15c584d70b834119f6989b12d46cdb9a73f4a2af5790b537|t20-lat-svc-29.1.m1ezbwjjieqf53aiurqi9ntng
1790511111867934673|container|exec_start: /bin/sh -c true|82dc39a15209a8ee15c584d70b834119f6989b12d46cdb9a73f4a2af5790b537|t20-lat-svc-29.1.m1ezbwjjieqf53aiurqi9ntng
1790511111893334546|container|exec_die|82dc39a15209a8ee15c584d70b834119f6989b12d46cdb9a73f4a2af5790b537|t20-lat-svc-29.1.m1ezbwjjieqf53aiurqi9ntng
1790511112893485360|container|exec_create: /bin/sh -c true|82dc39a15209a8ee15c584d70b834119f6989b12d46cdb9a73f4a2af5790b537|t20-lat-svc-29.1.m1ezbwjjieqf53aiurqi9ntng
1790511112893522754|container|exec_start: /bin/sh -c true|82dc39a15209a8ee15c584d70b834119f6989b12d46cdb9a73f4a2af5790b537|t20-lat-svc-29.1.m1ezbwjjieqf53aiurqi9ntng
1790511112918854498|container|exec_die|82dc39a15209a8ee15c584d70b834119f6989b12d46cdb9a73f4a2af5790b537|t20-lat-svc-29.1.m1ezbwjjieqf53aiurqi9ntng
1790511113680759812|container|kill|82dc39a15209a8ee15c584d70b834119f6989b12d46cdb9a73f4a2af5790b537|t20-lat-svc-29.1.m1ezbwjjieqf53aiurqi9ntng
1790511113841667968|network|disconnect|8db233da865a21ce3b3588d2a3425a428c76c745e4117af1e843d46e5c384ac5|bridge
1790511113847417552|container|stop|82dc39a15209a8ee15c584d70b834119f6989b12d46cdb9a73f4a2af5790b537|t20-lat-svc-29.1.m1ezbwjjieqf53aiurqi9ntng
1790511113855753189|container|die|82dc39a15209a8ee15c584d70b834119f6989b12d46cdb9a73f4a2af5790b537|t20-lat-svc-29.1.m1ezbwjjieqf53aiurqi9ntng
1790511114175777622|network|connect|8db233da865a21ce3b3588d2a3425a428c76c745e4117af1e843d46e5c384ac5|bridge
1790511114193730926|container|start|be75896320e3bcbc4285bf243bc42ac77d377c0c06d2fc3fc83df2f2b5dc927e|t20-lat-svc-29.1.y617vbyypjaw6pazykcxg9tz1
1790511115194346862|container|exec_create: /bin/sh -c true|be75896320e3bcbc4285bf243bc42ac77d377c0c06d2fc3fc83df2f2b5dc927e|t20-lat-svc-29.1.y617vbyypjaw6pazykcxg9tz1
1790511115194410742|container|exec_start: /bin/sh -c true|be75896320e3bcbc4285bf243bc42ac77d377c0c06d2fc3fc83df2f2b5dc927e|t20-lat-svc-29.1.y617vbyypjaw6pazykcxg9tz1
1790511115220452296|container|exec_die|be75896320e3bcbc4285bf243bc42ac77d377c0c06d2fc3fc83df2f2b5dc927e|t20-lat-svc-29.1.y617vbyypjaw6pazykcxg9tz1
1790511115220667384|container|health_status: healthy|be75896320e3bcbc4285bf243bc42ac77d377c0c06d2fc3fc83df2f2b5dc927e|t20-lat-svc-29.1.y617vbyypjaw6pazykcxg9tz1
1790511115621791211|service|remove|ywdm8lcuak3v8i5vnaxhotkz6|t20-lat-svc-29
1790511116033350843|container|destroy|82dc39a15209a8ee15c584d70b834119f6989b12d46cdb9a73f4a2af5790b537|t20-lat-svc-29.1.m1ezbwjjieqf53aiurqi9ntng
1790511116220984790|container|exec_create: /bin/sh -c true|be75896320e3bcbc4285bf243bc42ac77d377c0c06d2fc3fc83df2f2b5dc927e|t20-lat-svc-29.1.y617vbyypjaw6pazykcxg9tz1
1790511116221010407|container|exec_start: /bin/sh -c true|be75896320e3bcbc4285bf243bc42ac77d377c0c06d2fc3fc83df2f2b5dc927e|t20-lat-svc-29.1.y617vbyypjaw6pazykcxg9tz1
1790511116246037311|container|exec_die|be75896320e3bcbc4285bf243bc42ac77d377c0c06d2fc3fc83df2f2b5dc927e|t20-lat-svc-29.1.y617vbyypjaw6pazykcxg9tz1
1790511116750135255|container|kill|be75896320e3bcbc4285bf243bc42ac77d377c0c06d2fc3fc83df2f2b5dc927e|t20-lat-svc-29.1.y617vbyypjaw6pazykcxg9tz1
1790511117247278600|container|exec_create: /bin/sh -c true|be75896320e3bcbc4285bf243bc42ac77d377c0c06d2fc3fc83df2f2b5dc927e|t20-lat-svc-29.1.y617vbyypjaw6pazykcxg9tz1
1790511117247315315|container|exec_start: /bin/sh -c true|be75896320e3bcbc4285bf243bc42ac77d377c0c06d2fc3fc83df2f2b5dc927e|t20-lat-svc-29.1.y617vbyypjaw6pazykcxg9tz1
1790511117271935055|container|exec_die|be75896320e3bcbc4285bf243bc42ac77d377c0c06d2fc3fc83df2f2b5dc927e|t20-lat-svc-29.1.y617vbyypjaw6pazykcxg9tz1
1790511118272755888|container|exec_create: /bin/sh -c true|be75896320e3bcbc4285bf243bc42ac77d377c0c06d2fc3fc83df2f2b5dc927e|t20-lat-svc-29.1.y617vbyypjaw6pazykcxg9tz1
1790511118272787928|container|exec_start: /bin/sh -c true|be75896320e3bcbc4285bf243bc42ac77d377c0c06d2fc3fc83df2f2b5dc927e|t20-lat-svc-29.1.y617vbyypjaw6pazykcxg9tz1
1790511118297231500|container|exec_die|be75896320e3bcbc4285bf243bc42ac77d377c0c06d2fc3fc83df2f2b5dc927e|t20-lat-svc-29.1.y617vbyypjaw6pazykcxg9tz1
1790511118763995122|container|kill|be75896320e3bcbc4285bf243bc42ac77d377c0c06d2fc3fc83df2f2b5dc927e|t20-lat-svc-29.1.y617vbyypjaw6pazykcxg9tz1
1790511118924710152|network|disconnect|8db233da865a21ce3b3588d2a3425a428c76c745e4117af1e843d46e5c384ac5|bridge
1790511118933566755|container|stop|be75896320e3bcbc4285bf243bc42ac77d377c0c06d2fc3fc83df2f2b5dc927e|t20-lat-svc-29.1.y617vbyypjaw6pazykcxg9tz1
1790511118941931494|container|die|be75896320e3bcbc4285bf243bc42ac77d377c0c06d2fc3fc83df2f2b5dc927e|t20-lat-svc-29.1.y617vbyypjaw6pazykcxg9tz1
1790511119372502092|container|destroy|be75896320e3bcbc4285bf243bc42ac77d377c0c06d2fc3fc83df2f2b5dc927e|t20-lat-svc-29.1.y617vbyypjaw6pazykcxg9tz1
1790511124160681815|service|create|c6zezd4ldawycpus7sacicbu0|t20-lat-svc-30
1790511124417050309|container|create|22fdb41d5a37d3df32640ca225e7220732f11b8948c67149f6f1f7fe66f73a94|t20-lat-svc-30.1.nd1f6u5on4ox0n6nnb7m6ozfd
1790511124566998980|network|connect|8db233da865a21ce3b3588d2a3425a428c76c745e4117af1e843d46e5c384ac5|bridge
1790511124585084291|container|start|22fdb41d5a37d3df32640ca225e7220732f11b8948c67149f6f1f7fe66f73a94|t20-lat-svc-30.1.nd1f6u5on4ox0n6nnb7m6ozfd
1790511125585558511|container|exec_create: /bin/sh -c true|22fdb41d5a37d3df32640ca225e7220732f11b8948c67149f6f1f7fe66f73a94|t20-lat-svc-30.1.nd1f6u5on4ox0n6nnb7m6ozfd
1790511125585608212|container|exec_start: /bin/sh -c true|22fdb41d5a37d3df32640ca225e7220732f11b8948c67149f6f1f7fe66f73a94|t20-lat-svc-30.1.nd1f6u5on4ox0n6nnb7m6ozfd
1790511125611360239|container|exec_die|22fdb41d5a37d3df32640ca225e7220732f11b8948c67149f6f1f7fe66f73a94|t20-lat-svc-30.1.nd1f6u5on4ox0n6nnb7m6ozfd
1790511125611737319|container|health_status: healthy|22fdb41d5a37d3df32640ca225e7220732f11b8948c67149f6f1f7fe66f73a94|t20-lat-svc-30.1.nd1f6u5on4ox0n6nnb7m6ozfd
1790511126227926784|service|update|c6zezd4ldawycpus7sacicbu0|t20-lat-svc-30
1790511126233142879|service|update|c6zezd4ldawycpus7sacicbu0|t20-lat-svc-30
1790511126501127698|container|create|a2041dd520dbf88f879a4245dd47404fe30944889cdb14557e8e2cca1efafe96|t20-lat-svc-30.1.xp0rlisl9hpfa4g6osuetxsae
1790511126612114453|container|exec_create: /bin/sh -c true|22fdb41d5a37d3df32640ca225e7220732f11b8948c67149f6f1f7fe66f73a94|t20-lat-svc-30.1.nd1f6u5on4ox0n6nnb7m6ozfd
1790511126612139378|container|exec_start: /bin/sh -c true|22fdb41d5a37d3df32640ca225e7220732f11b8948c67149f6f1f7fe66f73a94|t20-lat-svc-30.1.nd1f6u5on4ox0n6nnb7m6ozfd
1790511126638809185|container|exec_die|22fdb41d5a37d3df32640ca225e7220732f11b8948c67149f6f1f7fe66f73a94|t20-lat-svc-30.1.nd1f6u5on4ox0n6nnb7m6ozfd
1790511127419235238|container|kill|22fdb41d5a37d3df32640ca225e7220732f11b8948c67149f6f1f7fe66f73a94|t20-lat-svc-30.1.nd1f6u5on4ox0n6nnb7m6ozfd
1790511127639706900|container|exec_create: /bin/sh -c true|22fdb41d5a37d3df32640ca225e7220732f11b8948c67149f6f1f7fe66f73a94|t20-lat-svc-30.1.nd1f6u5on4ox0n6nnb7m6ozfd
1790511127639748876|container|exec_start: /bin/sh -c true|22fdb41d5a37d3df32640ca225e7220732f11b8948c67149f6f1f7fe66f73a94|t20-lat-svc-30.1.nd1f6u5on4ox0n6nnb7m6ozfd
1790511127664315401|container|exec_die|22fdb41d5a37d3df32640ca225e7220732f11b8948c67149f6f1f7fe66f73a94|t20-lat-svc-30.1.nd1f6u5on4ox0n6nnb7m6ozfd
1790511128665256927|container|exec_create: /bin/sh -c true|22fdb41d5a37d3df32640ca225e7220732f11b8948c67149f6f1f7fe66f73a94|t20-lat-svc-30.1.nd1f6u5on4ox0n6nnb7m6ozfd
1790511128665282785|container|exec_start: /bin/sh -c true|22fdb41d5a37d3df32640ca225e7220732f11b8948c67149f6f1f7fe66f73a94|t20-lat-svc-30.1.nd1f6u5on4ox0n6nnb7m6ozfd
1790511128691416671|container|exec_die|22fdb41d5a37d3df32640ca225e7220732f11b8948c67149f6f1f7fe66f73a94|t20-lat-svc-30.1.nd1f6u5on4ox0n6nnb7m6ozfd
1790511129433297015|container|kill|22fdb41d5a37d3df32640ca225e7220732f11b8948c67149f6f1f7fe66f73a94|t20-lat-svc-30.1.nd1f6u5on4ox0n6nnb7m6ozfd
1790511129581171628|network|disconnect|8db233da865a21ce3b3588d2a3425a428c76c745e4117af1e843d46e5c384ac5|bridge
1790511129586873702|container|stop|22fdb41d5a37d3df32640ca225e7220732f11b8948c67149f6f1f7fe66f73a94|t20-lat-svc-30.1.nd1f6u5on4ox0n6nnb7m6ozfd
1790511129595248908|container|die|22fdb41d5a37d3df32640ca225e7220732f11b8948c67149f6f1f7fe66f73a94|t20-lat-svc-30.1.nd1f6u5on4ox0n6nnb7m6ozfd
1790511129902139880|network|connect|8db233da865a21ce3b3588d2a3425a428c76c745e4117af1e843d46e5c384ac5|bridge
1790511129919321947|container|start|a2041dd520dbf88f879a4245dd47404fe30944889cdb14557e8e2cca1efafe96|t20-lat-svc-30.1.xp0rlisl9hpfa4g6osuetxsae
1790511130920348125|container|exec_create: /bin/sh -c true|a2041dd520dbf88f879a4245dd47404fe30944889cdb14557e8e2cca1efafe96|t20-lat-svc-30.1.xp0rlisl9hpfa4g6osuetxsae
1790511130920420198|container|exec_start: /bin/sh -c true|a2041dd520dbf88f879a4245dd47404fe30944889cdb14557e8e2cca1efafe96|t20-lat-svc-30.1.xp0rlisl9hpfa4g6osuetxsae
1790511130946606286|container|exec_die|a2041dd520dbf88f879a4245dd47404fe30944889cdb14557e8e2cca1efafe96|t20-lat-svc-30.1.xp0rlisl9hpfa4g6osuetxsae
1790511130946793003|container|health_status: healthy|a2041dd520dbf88f879a4245dd47404fe30944889cdb14557e8e2cca1efafe96|t20-lat-svc-30.1.xp0rlisl9hpfa4g6osuetxsae
1790511131376536856|service|remove|c6zezd4ldawycpus7sacicbu0|t20-lat-svc-30
1790511131772914068|container|destroy|22fdb41d5a37d3df32640ca225e7220732f11b8948c67149f6f1f7fe66f73a94|t20-lat-svc-30.1.nd1f6u5on4ox0n6nnb7m6ozfd
1790511131947359677|container|exec_create: /bin/sh -c true|a2041dd520dbf88f879a4245dd47404fe30944889cdb14557e8e2cca1efafe96|t20-lat-svc-30.1.xp0rlisl9hpfa4g6osuetxsae
1790511131947397574|container|exec_start: /bin/sh -c true|a2041dd520dbf88f879a4245dd47404fe30944889cdb14557e8e2cca1efafe96|t20-lat-svc-30.1.xp0rlisl9hpfa4g6osuetxsae
1790511131971794339|container|exec_die|a2041dd520dbf88f879a4245dd47404fe30944889cdb14557e8e2cca1efafe96|t20-lat-svc-30.1.xp0rlisl9hpfa4g6osuetxsae
1790511132506503920|container|kill|a2041dd520dbf88f879a4245dd47404fe30944889cdb14557e8e2cca1efafe96|t20-lat-svc-30.1.xp0rlisl9hpfa4g6osuetxsae
1790511132972385971|container|exec_create: /bin/sh -c true|a2041dd520dbf88f879a4245dd47404fe30944889cdb14557e8e2cca1efafe96|t20-lat-svc-30.1.xp0rlisl9hpfa4g6osuetxsae
1790511132972430554|container|exec_start: /bin/sh -c true|a2041dd520dbf88f879a4245dd47404fe30944889cdb14557e8e2cca1efafe96|t20-lat-svc-30.1.xp0rlisl9hpfa4g6osuetxsae
1790511132997440862|container|exec_die|a2041dd520dbf88f879a4245dd47404fe30944889cdb14557e8e2cca1efafe96|t20-lat-svc-30.1.xp0rlisl9hpfa4g6osuetxsae
1790511133998327187|container|exec_create: /bin/sh -c true|a2041dd520dbf88f879a4245dd47404fe30944889cdb14557e8e2cca1efafe96|t20-lat-svc-30.1.xp0rlisl9hpfa4g6osuetxsae
1790511133998366846|container|exec_start: /bin/sh -c true|a2041dd520dbf88f879a4245dd47404fe30944889cdb14557e8e2cca1efafe96|t20-lat-svc-30.1.xp0rlisl9hpfa4g6osuetxsae
1790511134022507090|container|exec_die|a2041dd520dbf88f879a4245dd47404fe30944889cdb14557e8e2cca1efafe96|t20-lat-svc-30.1.xp0rlisl9hpfa4g6osuetxsae
1790511134521379152|container|kill|a2041dd520dbf88f879a4245dd47404fe30944889cdb14557e8e2cca1efafe96|t20-lat-svc-30.1.xp0rlisl9hpfa4g6osuetxsae
1790511134673304240|network|disconnect|8db233da865a21ce3b3588d2a3425a428c76c745e4117af1e843d46e5c384ac5|bridge
1790511134683007515|container|stop|a2041dd520dbf88f879a4245dd47404fe30944889cdb14557e8e2cca1efafe96|t20-lat-svc-30.1.xp0rlisl9hpfa4g6osuetxsae
1790511134691390108|container|die|a2041dd520dbf88f879a4245dd47404fe30944889cdb14557e8e2cca1efafe96|t20-lat-svc-30.1.xp0rlisl9hpfa4g6osuetxsae
1790511135097036265|container|destroy|a2041dd520dbf88f879a4245dd47404fe30944889cdb14557e8e2cca1efafe96|t20-lat-svc-30.1.xp0rlisl9hpfa4g6osuetxsae
1790511135548485733|container|create|748d940b298a6a99a989bfa6806b54e870a7282e929809e550929b8622fa2702|t20-lat-ctr-1
1790511135665424770|network|connect|8db233da865a21ce3b3588d2a3425a428c76c745e4117af1e843d46e5c384ac5|bridge
1790511135684435700|container|start|748d940b298a6a99a989bfa6806b54e870a7282e929809e550929b8622fa2702|t20-lat-ctr-1
1790511136684917907|container|exec_create: /bin/sh -c true|748d940b298a6a99a989bfa6806b54e870a7282e929809e550929b8622fa2702|t20-lat-ctr-1
1790511136684953953|container|exec_start: /bin/sh -c true|748d940b298a6a99a989bfa6806b54e870a7282e929809e550929b8622fa2702|t20-lat-ctr-1
1790511136709699559|container|exec_die|748d940b298a6a99a989bfa6806b54e870a7282e929809e550929b8622fa2702|t20-lat-ctr-1
1790511136709915356|container|health_status: healthy|748d940b298a6a99a989bfa6806b54e870a7282e929809e550929b8622fa2702|t20-lat-ctr-1
1790511137710413753|container|exec_create: /bin/sh -c true|748d940b298a6a99a989bfa6806b54e870a7282e929809e550929b8622fa2702|t20-lat-ctr-1
1790511137710456405|container|exec_start: /bin/sh -c true|748d940b298a6a99a989bfa6806b54e870a7282e929809e550929b8622fa2702|t20-lat-ctr-1
1790511137736605426|container|exec_die|748d940b298a6a99a989bfa6806b54e870a7282e929809e550929b8622fa2702|t20-lat-ctr-1
1790511137747806168|container|kill|748d940b298a6a99a989bfa6806b54e870a7282e929809e550929b8622fa2702|t20-lat-ctr-1
1790511138748404670|container|exec_create: /bin/sh -c true|748d940b298a6a99a989bfa6806b54e870a7282e929809e550929b8622fa2702|t20-lat-ctr-1
1790511138748440364|container|exec_start: /bin/sh -c true|748d940b298a6a99a989bfa6806b54e870a7282e929809e550929b8622fa2702|t20-lat-ctr-1
1790511138773656407|container|exec_die|748d940b298a6a99a989bfa6806b54e870a7282e929809e550929b8622fa2702|t20-lat-ctr-1
1790511139761951838|container|kill|748d940b298a6a99a989bfa6806b54e870a7282e929809e550929b8622fa2702|t20-lat-ctr-1
1790511139774461606|container|exec_create: /bin/sh -c true|748d940b298a6a99a989bfa6806b54e870a7282e929809e550929b8622fa2702|t20-lat-ctr-1
1790511139774495239|container|exec_start: /bin/sh -c true|748d940b298a6a99a989bfa6806b54e870a7282e929809e550929b8622fa2702|t20-lat-ctr-1
1790511139776457962|container|health_status: unhealthy|748d940b298a6a99a989bfa6806b54e870a7282e929809e550929b8622fa2702|t20-lat-ctr-1
1790511139922493999|network|disconnect|8db233da865a21ce3b3588d2a3425a428c76c745e4117af1e843d46e5c384ac5|bridge
1790511139932241904|container|stop|748d940b298a6a99a989bfa6806b54e870a7282e929809e550929b8622fa2702|t20-lat-ctr-1
1790511139941569704|container|die|748d940b298a6a99a989bfa6806b54e870a7282e929809e550929b8622fa2702|t20-lat-ctr-1
1790511140001264119|container|destroy|748d940b298a6a99a989bfa6806b54e870a7282e929809e550929b8622fa2702|t20-lat-ctr-1
1790511140092496392|container|create|98ff576186410e9e19e52abcdb13bcec9de785d210c521a0ac07cb9b966e4565|t20-lat-ctr-2
1790511140206477990|network|connect|8db233da865a21ce3b3588d2a3425a428c76c745e4117af1e843d46e5c384ac5|bridge
1790511140223535307|container|start|98ff576186410e9e19e52abcdb13bcec9de785d210c521a0ac07cb9b966e4565|t20-lat-ctr-2
1790511141224411157|container|exec_create: /bin/sh -c true|98ff576186410e9e19e52abcdb13bcec9de785d210c521a0ac07cb9b966e4565|t20-lat-ctr-2
1790511141224446885|container|exec_start: /bin/sh -c true|98ff576186410e9e19e52abcdb13bcec9de785d210c521a0ac07cb9b966e4565|t20-lat-ctr-2
1790511141249934525|container|exec_die|98ff576186410e9e19e52abcdb13bcec9de785d210c521a0ac07cb9b966e4565|t20-lat-ctr-2
1790511141250111729|container|health_status: healthy|98ff576186410e9e19e52abcdb13bcec9de785d210c521a0ac07cb9b966e4565|t20-lat-ctr-2
1790511142249183975|container|exec_create: /bin/sh -c true|98ff576186410e9e19e52abcdb13bcec9de785d210c521a0ac07cb9b966e4565|t20-lat-ctr-2
1790511142249215994|container|exec_start: /bin/sh -c true|98ff576186410e9e19e52abcdb13bcec9de785d210c521a0ac07cb9b966e4565|t20-lat-ctr-2
1790511142275696363|container|exec_die|98ff576186410e9e19e52abcdb13bcec9de785d210c521a0ac07cb9b966e4565|t20-lat-ctr-2
1790511142286210524|container|kill|98ff576186410e9e19e52abcdb13bcec9de785d210c521a0ac07cb9b966e4565|t20-lat-ctr-2
1790511143287068700|container|exec_create: /bin/sh -c true|98ff576186410e9e19e52abcdb13bcec9de785d210c521a0ac07cb9b966e4565|t20-lat-ctr-2
1790511143287091887|container|exec_start: /bin/sh -c true|98ff576186410e9e19e52abcdb13bcec9de785d210c521a0ac07cb9b966e4565|t20-lat-ctr-2
1790511143311644158|container|exec_die|98ff576186410e9e19e52abcdb13bcec9de785d210c521a0ac07cb9b966e4565|t20-lat-ctr-2
1790511144299664974|container|kill|98ff576186410e9e19e52abcdb13bcec9de785d210c521a0ac07cb9b966e4565|t20-lat-ctr-2
1790511144311978031|container|exec_create: /bin/sh -c true|98ff576186410e9e19e52abcdb13bcec9de785d210c521a0ac07cb9b966e4565|t20-lat-ctr-2
1790511144312012787|container|exec_start: /bin/sh -c true|98ff576186410e9e19e52abcdb13bcec9de785d210c521a0ac07cb9b966e4565|t20-lat-ctr-2
1790511144313819076|container|health_status: unhealthy|98ff576186410e9e19e52abcdb13bcec9de785d210c521a0ac07cb9b966e4565|t20-lat-ctr-2
1790511144444456084|network|disconnect|8db233da865a21ce3b3588d2a3425a428c76c745e4117af1e843d46e5c384ac5|bridge
1790511144454189008|container|stop|98ff576186410e9e19e52abcdb13bcec9de785d210c521a0ac07cb9b966e4565|t20-lat-ctr-2
1790511144462532759|container|die|98ff576186410e9e19e52abcdb13bcec9de785d210c521a0ac07cb9b966e4565|t20-lat-ctr-2
1790511144521238316|container|destroy|98ff576186410e9e19e52abcdb13bcec9de785d210c521a0ac07cb9b966e4565|t20-lat-ctr-2
1790511144608504262|container|create|5898e1eb29354d5d5f0d94481411dfef59463905dd37df58b369b7f7ddf332f1|t20-lat-ctr-3
1790511144727459490|network|connect|8db233da865a21ce3b3588d2a3425a428c76c745e4117af1e843d46e5c384ac5|bridge
1790511144746483561|container|start|5898e1eb29354d5d5f0d94481411dfef59463905dd37df58b369b7f7ddf332f1|t20-lat-ctr-3
1790511145747070855|container|exec_create: /bin/sh -c true|5898e1eb29354d5d5f0d94481411dfef59463905dd37df58b369b7f7ddf332f1|t20-lat-ctr-3
1790511145747096734|container|exec_start: /bin/sh -c true|5898e1eb29354d5d5f0d94481411dfef59463905dd37df58b369b7f7ddf332f1|t20-lat-ctr-3
1790511145771599865|container|exec_die|5898e1eb29354d5d5f0d94481411dfef59463905dd37df58b369b7f7ddf332f1|t20-lat-ctr-3
1790511145771787917|container|health_status: healthy|5898e1eb29354d5d5f0d94481411dfef59463905dd37df58b369b7f7ddf332f1|t20-lat-ctr-3
1790511146772441086|container|exec_create: /bin/sh -c true|5898e1eb29354d5d5f0d94481411dfef59463905dd37df58b369b7f7ddf332f1|t20-lat-ctr-3
1790511146772476233|container|exec_start: /bin/sh -c true|5898e1eb29354d5d5f0d94481411dfef59463905dd37df58b369b7f7ddf332f1|t20-lat-ctr-3
1790511146797806259|container|exec_die|5898e1eb29354d5d5f0d94481411dfef59463905dd37df58b369b7f7ddf332f1|t20-lat-ctr-3
1790511146808661045|container|kill|5898e1eb29354d5d5f0d94481411dfef59463905dd37df58b369b7f7ddf332f1|t20-lat-ctr-3
1790511147808939186|container|exec_create: /bin/sh -c true|5898e1eb29354d5d5f0d94481411dfef59463905dd37df58b369b7f7ddf332f1|t20-lat-ctr-3
1790511147808965046|container|exec_start: /bin/sh -c true|5898e1eb29354d5d5f0d94481411dfef59463905dd37df58b369b7f7ddf332f1|t20-lat-ctr-3
1790511147835040454|container|exec_die|5898e1eb29354d5d5f0d94481411dfef59463905dd37df58b369b7f7ddf332f1|t20-lat-ctr-3
1790511148822960226|container|kill|5898e1eb29354d5d5f0d94481411dfef59463905dd37df58b369b7f7ddf332f1|t20-lat-ctr-3
1790511148835337759|container|exec_create: /bin/sh -c true|5898e1eb29354d5d5f0d94481411dfef59463905dd37df58b369b7f7ddf332f1|t20-lat-ctr-3
1790511148835367996|container|exec_start: /bin/sh -c true|5898e1eb29354d5d5f0d94481411dfef59463905dd37df58b369b7f7ddf332f1|t20-lat-ctr-3
1790511148836921765|container|health_status: unhealthy|5898e1eb29354d5d5f0d94481411dfef59463905dd37df58b369b7f7ddf332f1|t20-lat-ctr-3
1790511148976516978|network|disconnect|8db233da865a21ce3b3588d2a3425a428c76c745e4117af1e843d46e5c384ac5|bridge
1790511148986385469|container|stop|5898e1eb29354d5d5f0d94481411dfef59463905dd37df58b369b7f7ddf332f1|t20-lat-ctr-3
1790511148994680670|container|die|5898e1eb29354d5d5f0d94481411dfef59463905dd37df58b369b7f7ddf332f1|t20-lat-ctr-3
1790511149052303097|container|destroy|5898e1eb29354d5d5f0d94481411dfef59463905dd37df58b369b7f7ddf332f1|t20-lat-ctr-3
1790511149139529867|container|create|b7df9cb51f5c219c46cf115cea98a9faae793f4662b28574cc8239f30fb16d62|t20-lat-ctr-4
1790511149273531237|network|connect|8db233da865a21ce3b3588d2a3425a428c76c745e4117af1e843d46e5c384ac5|bridge
1790511149290661709|container|start|b7df9cb51f5c219c46cf115cea98a9faae793f4662b28574cc8239f30fb16d62|t20-lat-ctr-4
1790511150291383347|container|exec_create: /bin/sh -c true|b7df9cb51f5c219c46cf115cea98a9faae793f4662b28574cc8239f30fb16d62|t20-lat-ctr-4
1790511150291406900|container|exec_start: /bin/sh -c true|b7df9cb51f5c219c46cf115cea98a9faae793f4662b28574cc8239f30fb16d62|t20-lat-ctr-4
1790511150316988879|container|exec_die|b7df9cb51f5c219c46cf115cea98a9faae793f4662b28574cc8239f30fb16d62|t20-lat-ctr-4
1790511150317156606|container|health_status: healthy|b7df9cb51f5c219c46cf115cea98a9faae793f4662b28574cc8239f30fb16d62|t20-lat-ctr-4
1790511151317657872|container|exec_create: /bin/sh -c true|b7df9cb51f5c219c46cf115cea98a9faae793f4662b28574cc8239f30fb16d62|t20-lat-ctr-4
1790511151317698584|container|exec_start: /bin/sh -c true|b7df9cb51f5c219c46cf115cea98a9faae793f4662b28574cc8239f30fb16d62|t20-lat-ctr-4
1790511151341675567|container|exec_die|b7df9cb51f5c219c46cf115cea98a9faae793f4662b28574cc8239f30fb16d62|t20-lat-ctr-4
1790511151352486274|container|kill|b7df9cb51f5c219c46cf115cea98a9faae793f4662b28574cc8239f30fb16d62|t20-lat-ctr-4
1790511152353200022|container|exec_create: /bin/sh -c true|b7df9cb51f5c219c46cf115cea98a9faae793f4662b28574cc8239f30fb16d62|t20-lat-ctr-4
1790511152353224417|container|exec_start: /bin/sh -c true|b7df9cb51f5c219c46cf115cea98a9faae793f4662b28574cc8239f30fb16d62|t20-lat-ctr-4
1790511152378807651|container|exec_die|b7df9cb51f5c219c46cf115cea98a9faae793f4662b28574cc8239f30fb16d62|t20-lat-ctr-4
1790511153367983254|container|kill|b7df9cb51f5c219c46cf115cea98a9faae793f4662b28574cc8239f30fb16d62|t20-lat-ctr-4
1790511153515592506|network|disconnect|8db233da865a21ce3b3588d2a3425a428c76c745e4117af1e843d46e5c384ac5|bridge
1790511153525343089|container|stop|b7df9cb51f5c219c46cf115cea98a9faae793f4662b28574cc8239f30fb16d62|t20-lat-ctr-4
1790511153533764978|container|die|b7df9cb51f5c219c46cf115cea98a9faae793f4662b28574cc8239f30fb16d62|t20-lat-ctr-4
1790511153589331904|container|destroy|b7df9cb51f5c219c46cf115cea98a9faae793f4662b28574cc8239f30fb16d62|t20-lat-ctr-4
1790511153673814767|container|create|1743809572dbcf934aece470a0bd471f2e80c95d4d4c6f85de8fc6c27e278cc3|t20-lat-ctr-5
1790511153794684678|network|connect|8db233da865a21ce3b3588d2a3425a428c76c745e4117af1e843d46e5c384ac5|bridge
1790511153812816128|container|start|1743809572dbcf934aece470a0bd471f2e80c95d4d4c6f85de8fc6c27e278cc3|t20-lat-ctr-5
1790511154813913805|container|exec_create: /bin/sh -c true|1743809572dbcf934aece470a0bd471f2e80c95d4d4c6f85de8fc6c27e278cc3|t20-lat-ctr-5
1790511154813937514|container|exec_start: /bin/sh -c true|1743809572dbcf934aece470a0bd471f2e80c95d4d4c6f85de8fc6c27e278cc3|t20-lat-ctr-5
1790511154840013895|container|exec_die|1743809572dbcf934aece470a0bd471f2e80c95d4d4c6f85de8fc6c27e278cc3|t20-lat-ctr-5
1790511154840181111|container|health_status: healthy|1743809572dbcf934aece470a0bd471f2e80c95d4d4c6f85de8fc6c27e278cc3|t20-lat-ctr-5
1790511155840779518|container|exec_create: /bin/sh -c true|1743809572dbcf934aece470a0bd471f2e80c95d4d4c6f85de8fc6c27e278cc3|t20-lat-ctr-5
1790511155840808542|container|exec_start: /bin/sh -c true|1743809572dbcf934aece470a0bd471f2e80c95d4d4c6f85de8fc6c27e278cc3|t20-lat-ctr-5
1790511155869322157|container|exec_die|1743809572dbcf934aece470a0bd471f2e80c95d4d4c6f85de8fc6c27e278cc3|t20-lat-ctr-5
1790511155875206397|container|kill|1743809572dbcf934aece470a0bd471f2e80c95d4d4c6f85de8fc6c27e278cc3|t20-lat-ctr-5
1790511156875815148|container|exec_create: /bin/sh -c true|1743809572dbcf934aece470a0bd471f2e80c95d4d4c6f85de8fc6c27e278cc3|t20-lat-ctr-5
1790511156875846199|container|exec_start: /bin/sh -c true|1743809572dbcf934aece470a0bd471f2e80c95d4d4c6f85de8fc6c27e278cc3|t20-lat-ctr-5
1790511156900930234|container|exec_die|1743809572dbcf934aece470a0bd471f2e80c95d4d4c6f85de8fc6c27e278cc3|t20-lat-ctr-5
1790511157889904149|container|kill|1743809572dbcf934aece470a0bd471f2e80c95d4d4c6f85de8fc6c27e278cc3|t20-lat-ctr-5
1790511157901255364|container|exec_create: /bin/sh -c true|1743809572dbcf934aece470a0bd471f2e80c95d4d4c6f85de8fc6c27e278cc3|t20-lat-ctr-5
1790511157901278145|container|exec_start: /bin/sh -c true|1743809572dbcf934aece470a0bd471f2e80c95d4d4c6f85de8fc6c27e278cc3|t20-lat-ctr-5
1790511157902781294|container|health_status: unhealthy|1743809572dbcf934aece470a0bd471f2e80c95d4d4c6f85de8fc6c27e278cc3|t20-lat-ctr-5
1790511158039748181|network|disconnect|8db233da865a21ce3b3588d2a3425a428c76c745e4117af1e843d46e5c384ac5|bridge
1790511158047446326|container|stop|1743809572dbcf934aece470a0bd471f2e80c95d4d4c6f85de8fc6c27e278cc3|t20-lat-ctr-5
1790511158055798908|container|die|1743809572dbcf934aece470a0bd471f2e80c95d4d4c6f85de8fc6c27e278cc3|t20-lat-ctr-5
1790511158112547143|container|destroy|1743809572dbcf934aece470a0bd471f2e80c95d4d4c6f85de8fc6c27e278cc3|t20-lat-ctr-5
1790511158198743883|container|create|a448a4af38557a6a02392668715a272f09e37988a45a67d5c822b4d1f48df5c5|t20-lat-ctr-6
1790511158324804055|network|connect|8db233da865a21ce3b3588d2a3425a428c76c745e4117af1e843d46e5c384ac5|bridge
1790511158342819245|container|start|a448a4af38557a6a02392668715a272f09e37988a45a67d5c822b4d1f48df5c5|t20-lat-ctr-6
1790511159343633175|container|exec_create: /bin/sh -c true|a448a4af38557a6a02392668715a272f09e37988a45a67d5c822b4d1f48df5c5|t20-lat-ctr-6
1790511159343666075|container|exec_start: /bin/sh -c true|a448a4af38557a6a02392668715a272f09e37988a45a67d5c822b4d1f48df5c5|t20-lat-ctr-6
1790511159369097227|container|exec_die|a448a4af38557a6a02392668715a272f09e37988a45a67d5c822b4d1f48df5c5|t20-lat-ctr-6
1790511159369281261|container|health_status: healthy|a448a4af38557a6a02392668715a272f09e37988a45a67d5c822b4d1f48df5c5|t20-lat-ctr-6
1790511160369766482|container|exec_create: /bin/sh -c true|a448a4af38557a6a02392668715a272f09e37988a45a67d5c822b4d1f48df5c5|t20-lat-ctr-6
1790511160369824094|container|exec_start: /bin/sh -c true|a448a4af38557a6a02392668715a272f09e37988a45a67d5c822b4d1f48df5c5|t20-lat-ctr-6
1790511160394896343|container|exec_die|a448a4af38557a6a02392668715a272f09e37988a45a67d5c822b4d1f48df5c5|t20-lat-ctr-6
1790511160405714330|container|kill|a448a4af38557a6a02392668715a272f09e37988a45a67d5c822b4d1f48df5c5|t20-lat-ctr-6
1790511161406053447|container|exec_create: /bin/sh -c true|a448a4af38557a6a02392668715a272f09e37988a45a67d5c822b4d1f48df5c5|t20-lat-ctr-6
1790511161406091024|container|exec_start: /bin/sh -c true|a448a4af38557a6a02392668715a272f09e37988a45a67d5c822b4d1f48df5c5|t20-lat-ctr-6
1790511161431133247|container|exec_die|a448a4af38557a6a02392668715a272f09e37988a45a67d5c822b4d1f48df5c5|t20-lat-ctr-6
1790511162420018652|container|kill|a448a4af38557a6a02392668715a272f09e37988a45a67d5c822b4d1f48df5c5|t20-lat-ctr-6
1790511162432391513|container|exec_create: /bin/sh -c true|a448a4af38557a6a02392668715a272f09e37988a45a67d5c822b4d1f48df5c5|t20-lat-ctr-6
1790511162432413022|container|exec_start: /bin/sh -c true|a448a4af38557a6a02392668715a272f09e37988a45a67d5c822b4d1f48df5c5|t20-lat-ctr-6
1790511162433906382|container|health_status: unhealthy|a448a4af38557a6a02392668715a272f09e37988a45a67d5c822b4d1f48df5c5|t20-lat-ctr-6
1790511162571878301|network|disconnect|8db233da865a21ce3b3588d2a3425a428c76c745e4117af1e843d46e5c384ac5|bridge
1790511162581567128|container|stop|a448a4af38557a6a02392668715a272f09e37988a45a67d5c822b4d1f48df5c5|t20-lat-ctr-6
1790511162590976377|container|die|a448a4af38557a6a02392668715a272f09e37988a45a67d5c822b4d1f48df5c5|t20-lat-ctr-6
1790511162648237767|container|destroy|a448a4af38557a6a02392668715a272f09e37988a45a67d5c822b4d1f48df5c5|t20-lat-ctr-6
1790511162734899159|container|create|fec818bcab55eb4b096cc3833a83a39513dce1554cd9f6ecd2c80f974700b404|t20-lat-ctr-7
1790511162867956628|network|connect|8db233da865a21ce3b3588d2a3425a428c76c745e4117af1e843d46e5c384ac5|bridge
1790511162885873724|container|start|fec818bcab55eb4b096cc3833a83a39513dce1554cd9f6ecd2c80f974700b404|t20-lat-ctr-7
1790511163886824213|container|exec_create: /bin/sh -c true|fec818bcab55eb4b096cc3833a83a39513dce1554cd9f6ecd2c80f974700b404|t20-lat-ctr-7
1790511163886861136|container|exec_start: /bin/sh -c true|fec818bcab55eb4b096cc3833a83a39513dce1554cd9f6ecd2c80f974700b404|t20-lat-ctr-7
1790511163912149570|container|exec_die|fec818bcab55eb4b096cc3833a83a39513dce1554cd9f6ecd2c80f974700b404|t20-lat-ctr-7
1790511163912322347|container|health_status: healthy|fec818bcab55eb4b096cc3833a83a39513dce1554cd9f6ecd2c80f974700b404|t20-lat-ctr-7
1790511164913382272|container|exec_create: /bin/sh -c true|fec818bcab55eb4b096cc3833a83a39513dce1554cd9f6ecd2c80f974700b404|t20-lat-ctr-7
1790511164913419012|container|exec_start: /bin/sh -c true|fec818bcab55eb4b096cc3833a83a39513dce1554cd9f6ecd2c80f974700b404|t20-lat-ctr-7
1790511164939723016|container|exec_die|fec818bcab55eb4b096cc3833a83a39513dce1554cd9f6ecd2c80f974700b404|t20-lat-ctr-7
1790511164949815453|container|kill|fec818bcab55eb4b096cc3833a83a39513dce1554cd9f6ecd2c80f974700b404|t20-lat-ctr-7
1790511165950761809|container|exec_create: /bin/sh -c true|fec818bcab55eb4b096cc3833a83a39513dce1554cd9f6ecd2c80f974700b404|t20-lat-ctr-7
1790511165950800626|container|exec_start: /bin/sh -c true|fec818bcab55eb4b096cc3833a83a39513dce1554cd9f6ecd2c80f974700b404|t20-lat-ctr-7
1790511165976104820|container|exec_die|fec818bcab55eb4b096cc3833a83a39513dce1554cd9f6ecd2c80f974700b404|t20-lat-ctr-7
1790511166964584953|container|kill|fec818bcab55eb4b096cc3833a83a39513dce1554cd9f6ecd2c80f974700b404|t20-lat-ctr-7
1790511166977022200|container|exec_create: /bin/sh -c true|fec818bcab55eb4b096cc3833a83a39513dce1554cd9f6ecd2c80f974700b404|t20-lat-ctr-7
1790511166977057191|container|exec_start: /bin/sh -c true|fec818bcab55eb4b096cc3833a83a39513dce1554cd9f6ecd2c80f974700b404|t20-lat-ctr-7
1790511166978566301|container|health_status: unhealthy|fec818bcab55eb4b096cc3833a83a39513dce1554cd9f6ecd2c80f974700b404|t20-lat-ctr-7
1790511167103936457|network|disconnect|8db233da865a21ce3b3588d2a3425a428c76c745e4117af1e843d46e5c384ac5|bridge
1790511167113829506|container|stop|fec818bcab55eb4b096cc3833a83a39513dce1554cd9f6ecd2c80f974700b404|t20-lat-ctr-7
1790511167123182537|container|die|fec818bcab55eb4b096cc3833a83a39513dce1554cd9f6ecd2c80f974700b404|t20-lat-ctr-7
1790511167179761412|container|destroy|fec818bcab55eb4b096cc3833a83a39513dce1554cd9f6ecd2c80f974700b404|t20-lat-ctr-7
1790511167266121497|container|create|4cfda27de117590a1af79e574e065efeaca2ba6733f60e3fce2c0bd6465b21ba|t20-lat-ctr-8
1790511167412050193|network|connect|8db233da865a21ce3b3588d2a3425a428c76c745e4117af1e843d46e5c384ac5|bridge
1790511167455144758|container|start|4cfda27de117590a1af79e574e065efeaca2ba6733f60e3fce2c0bd6465b21ba|t20-lat-ctr-8
1790511168456124950|container|exec_create: /bin/sh -c true|4cfda27de117590a1af79e574e065efeaca2ba6733f60e3fce2c0bd6465b21ba|t20-lat-ctr-8
1790511168456157326|container|exec_start: /bin/sh -c true|4cfda27de117590a1af79e574e065efeaca2ba6733f60e3fce2c0bd6465b21ba|t20-lat-ctr-8
1790511168481629757|container|exec_die|4cfda27de117590a1af79e574e065efeaca2ba6733f60e3fce2c0bd6465b21ba|t20-lat-ctr-8
1790511168481904061|container|health_status: healthy|4cfda27de117590a1af79e574e065efeaca2ba6733f60e3fce2c0bd6465b21ba|t20-lat-ctr-8
1790511169482309763|container|exec_create: /bin/sh -c true|4cfda27de117590a1af79e574e065efeaca2ba6733f60e3fce2c0bd6465b21ba|t20-lat-ctr-8
1790511169482345371|container|exec_start: /bin/sh -c true|4cfda27de117590a1af79e574e065efeaca2ba6733f60e3fce2c0bd6465b21ba|t20-lat-ctr-8
1790511169508272091|container|exec_die|4cfda27de117590a1af79e574e065efeaca2ba6733f60e3fce2c0bd6465b21ba|t20-lat-ctr-8
1790511169520246943|container|kill|4cfda27de117590a1af79e574e065efeaca2ba6733f60e3fce2c0bd6465b21ba|t20-lat-ctr-8
1790511170520530364|container|exec_create: /bin/sh -c true|4cfda27de117590a1af79e574e065efeaca2ba6733f60e3fce2c0bd6465b21ba|t20-lat-ctr-8
1790511170520571159|container|exec_start: /bin/sh -c true|4cfda27de117590a1af79e574e065efeaca2ba6733f60e3fce2c0bd6465b21ba|t20-lat-ctr-8
1790511170545234293|container|exec_die|4cfda27de117590a1af79e574e065efeaca2ba6733f60e3fce2c0bd6465b21ba|t20-lat-ctr-8
1790511171534493244|container|kill|4cfda27de117590a1af79e574e065efeaca2ba6733f60e3fce2c0bd6465b21ba|t20-lat-ctr-8
1790511171664190439|network|disconnect|8db233da865a21ce3b3588d2a3425a428c76c745e4117af1e843d46e5c384ac5|bridge
1790511171673775815|container|stop|4cfda27de117590a1af79e574e065efeaca2ba6733f60e3fce2c0bd6465b21ba|t20-lat-ctr-8
1790511171682251771|container|die|4cfda27de117590a1af79e574e065efeaca2ba6733f60e3fce2c0bd6465b21ba|t20-lat-ctr-8
1790511171739913630|container|destroy|4cfda27de117590a1af79e574e065efeaca2ba6733f60e3fce2c0bd6465b21ba|t20-lat-ctr-8
1790511171826145025|container|create|950f17fbaf2dedfd23caff1c94181281699820593303750f56757b98fc6dee27|t20-lat-ctr-9
1790511171948148185|network|connect|8db233da865a21ce3b3588d2a3425a428c76c745e4117af1e843d46e5c384ac5|bridge
1790511171966262007|container|start|950f17fbaf2dedfd23caff1c94181281699820593303750f56757b98fc6dee27|t20-lat-ctr-9
1790511172965708615|container|exec_create: /bin/sh -c true|950f17fbaf2dedfd23caff1c94181281699820593303750f56757b98fc6dee27|t20-lat-ctr-9
1790511172965743109|container|exec_start: /bin/sh -c true|950f17fbaf2dedfd23caff1c94181281699820593303750f56757b98fc6dee27|t20-lat-ctr-9
1790511172991910635|container|exec_die|950f17fbaf2dedfd23caff1c94181281699820593303750f56757b98fc6dee27|t20-lat-ctr-9
1790511172992082368|container|health_status: healthy|950f17fbaf2dedfd23caff1c94181281699820593303750f56757b98fc6dee27|t20-lat-ctr-9
1790511173992254031|container|exec_create: /bin/sh -c true|950f17fbaf2dedfd23caff1c94181281699820593303750f56757b98fc6dee27|t20-lat-ctr-9
1790511173992280919|container|exec_start: /bin/sh -c true|950f17fbaf2dedfd23caff1c94181281699820593303750f56757b98fc6dee27|t20-lat-ctr-9
1790511174017657281|container|exec_die|950f17fbaf2dedfd23caff1c94181281699820593303750f56757b98fc6dee27|t20-lat-ctr-9
1790511174029087620|container|kill|950f17fbaf2dedfd23caff1c94181281699820593303750f56757b98fc6dee27|t20-lat-ctr-9
1790511175029780185|container|exec_create: /bin/sh -c true|950f17fbaf2dedfd23caff1c94181281699820593303750f56757b98fc6dee27|t20-lat-ctr-9
1790511175029804731|container|exec_start: /bin/sh -c true|950f17fbaf2dedfd23caff1c94181281699820593303750f56757b98fc6dee27|t20-lat-ctr-9
1790511175055074097|container|exec_die|950f17fbaf2dedfd23caff1c94181281699820593303750f56757b98fc6dee27|t20-lat-ctr-9
1790511176042568897|container|kill|950f17fbaf2dedfd23caff1c94181281699820593303750f56757b98fc6dee27|t20-lat-ctr-9
1790511176166613657|network|disconnect|8db233da865a21ce3b3588d2a3425a428c76c745e4117af1e843d46e5c384ac5|bridge
1790511176182237326|container|stop|950f17fbaf2dedfd23caff1c94181281699820593303750f56757b98fc6dee27|t20-lat-ctr-9
1790511176190481786|container|die|950f17fbaf2dedfd23caff1c94181281699820593303750f56757b98fc6dee27|t20-lat-ctr-9
1790511176247077974|container|destroy|950f17fbaf2dedfd23caff1c94181281699820593303750f56757b98fc6dee27|t20-lat-ctr-9
1790511176333503498|container|create|6aaa196139b46324c0e963a4bc1a1c036e5b7434c5b246c26a29aa37ea21521a|t20-lat-ctr-10
1790511176461529493|network|connect|8db233da865a21ce3b3588d2a3425a428c76c745e4117af1e843d46e5c384ac5|bridge
1790511176479473266|container|start|6aaa196139b46324c0e963a4bc1a1c036e5b7434c5b246c26a29aa37ea21521a|t20-lat-ctr-10
1790511177480531183|container|exec_create: /bin/sh -c true|6aaa196139b46324c0e963a4bc1a1c036e5b7434c5b246c26a29aa37ea21521a|t20-lat-ctr-10
1790511177480557730|container|exec_start: /bin/sh -c true|6aaa196139b46324c0e963a4bc1a1c036e5b7434c5b246c26a29aa37ea21521a|t20-lat-ctr-10
1790511177507545313|container|exec_die|6aaa196139b46324c0e963a4bc1a1c036e5b7434c5b246c26a29aa37ea21521a|t20-lat-ctr-10
1790511177507728888|container|health_status: healthy|6aaa196139b46324c0e963a4bc1a1c036e5b7434c5b246c26a29aa37ea21521a|t20-lat-ctr-10
1790511178508433112|container|exec_create: /bin/sh -c true|6aaa196139b46324c0e963a4bc1a1c036e5b7434c5b246c26a29aa37ea21521a|t20-lat-ctr-10
1790511178508466082|container|exec_start: /bin/sh -c true|6aaa196139b46324c0e963a4bc1a1c036e5b7434c5b246c26a29aa37ea21521a|t20-lat-ctr-10
1790511178538817101|container|exec_die|6aaa196139b46324c0e963a4bc1a1c036e5b7434c5b246c26a29aa37ea21521a|t20-lat-ctr-10
1790511178545165288|container|kill|6aaa196139b46324c0e963a4bc1a1c036e5b7434c5b246c26a29aa37ea21521a|t20-lat-ctr-10
1790511179545690820|container|exec_create: /bin/sh -c true|6aaa196139b46324c0e963a4bc1a1c036e5b7434c5b246c26a29aa37ea21521a|t20-lat-ctr-10
1790511179545716446|container|exec_start: /bin/sh -c true|6aaa196139b46324c0e963a4bc1a1c036e5b7434c5b246c26a29aa37ea21521a|t20-lat-ctr-10
1790511179569722224|container|exec_die|6aaa196139b46324c0e963a4bc1a1c036e5b7434c5b246c26a29aa37ea21521a|t20-lat-ctr-10
1790511180558847197|container|kill|6aaa196139b46324c0e963a4bc1a1c036e5b7434c5b246c26a29aa37ea21521a|t20-lat-ctr-10
1790511180570164426|container|exec_create: /bin/sh -c true|6aaa196139b46324c0e963a4bc1a1c036e5b7434c5b246c26a29aa37ea21521a|t20-lat-ctr-10
1790511180570191575|container|exec_start: /bin/sh -c true|6aaa196139b46324c0e963a4bc1a1c036e5b7434c5b246c26a29aa37ea21521a|t20-lat-ctr-10
1790511180571691650|container|health_status: unhealthy|6aaa196139b46324c0e963a4bc1a1c036e5b7434c5b246c26a29aa37ea21521a|t20-lat-ctr-10
1790511180714551516|network|disconnect|8db233da865a21ce3b3588d2a3425a428c76c745e4117af1e843d46e5c384ac5|bridge
1790511180724263240|container|stop|6aaa196139b46324c0e963a4bc1a1c036e5b7434c5b246c26a29aa37ea21521a|t20-lat-ctr-10
1790511180732665512|container|die|6aaa196139b46324c0e963a4bc1a1c036e5b7434c5b246c26a29aa37ea21521a|t20-lat-ctr-10
1790511180790227844|container|destroy|6aaa196139b46324c0e963a4bc1a1c036e5b7434c5b246c26a29aa37ea21521a|t20-lat-ctr-10
1790511180877575164|container|create|b9e98d6745f08ecf2174f499c6740889d6ae2ab7a58b087374358d5e9cb930c3|t20-lat-ctr-11
1790511181011490415|network|connect|8db233da865a21ce3b3588d2a3425a428c76c745e4117af1e843d46e5c384ac5|bridge
1790511181028596881|container|start|b9e98d6745f08ecf2174f499c6740889d6ae2ab7a58b087374358d5e9cb930c3|t20-lat-ctr-11
1790511182029648458|container|exec_create: /bin/sh -c true|b9e98d6745f08ecf2174f499c6740889d6ae2ab7a58b087374358d5e9cb930c3|t20-lat-ctr-11
1790511182029686415|container|exec_start: /bin/sh -c true|b9e98d6745f08ecf2174f499c6740889d6ae2ab7a58b087374358d5e9cb930c3|t20-lat-ctr-11
1790511182053899446|container|exec_die|b9e98d6745f08ecf2174f499c6740889d6ae2ab7a58b087374358d5e9cb930c3|t20-lat-ctr-11
1790511182054086088|container|health_status: healthy|b9e98d6745f08ecf2174f499c6740889d6ae2ab7a58b087374358d5e9cb930c3|t20-lat-ctr-11
1790511183054843098|container|exec_create: /bin/sh -c true|b9e98d6745f08ecf2174f499c6740889d6ae2ab7a58b087374358d5e9cb930c3|t20-lat-ctr-11
1790511183054887586|container|exec_start: /bin/sh -c true|b9e98d6745f08ecf2174f499c6740889d6ae2ab7a58b087374358d5e9cb930c3|t20-lat-ctr-11
1790511183079928693|container|exec_die|b9e98d6745f08ecf2174f499c6740889d6ae2ab7a58b087374358d5e9cb930c3|t20-lat-ctr-11
1790511183090641747|container|kill|b9e98d6745f08ecf2174f499c6740889d6ae2ab7a58b087374358d5e9cb930c3|t20-lat-ctr-11
1790511184091579791|container|exec_create: /bin/sh -c true|b9e98d6745f08ecf2174f499c6740889d6ae2ab7a58b087374358d5e9cb930c3|t20-lat-ctr-11
1790511184091604141|container|exec_start: /bin/sh -c true|b9e98d6745f08ecf2174f499c6740889d6ae2ab7a58b087374358d5e9cb930c3|t20-lat-ctr-11
1790511184116826680|container|exec_die|b9e98d6745f08ecf2174f499c6740889d6ae2ab7a58b087374358d5e9cb930c3|t20-lat-ctr-11
1790511185106061561|container|kill|b9e98d6745f08ecf2174f499c6740889d6ae2ab7a58b087374358d5e9cb930c3|t20-lat-ctr-11
1790511185270578374|network|disconnect|8db233da865a21ce3b3588d2a3425a428c76c745e4117af1e843d46e5c384ac5|bridge
1790511185280417369|container|stop|b9e98d6745f08ecf2174f499c6740889d6ae2ab7a58b087374358d5e9cb930c3|t20-lat-ctr-11
1790511185288868316|container|die|b9e98d6745f08ecf2174f499c6740889d6ae2ab7a58b087374358d5e9cb930c3|t20-lat-ctr-11
1790511185344377614|container|destroy|b9e98d6745f08ecf2174f499c6740889d6ae2ab7a58b087374358d5e9cb930c3|t20-lat-ctr-11
1790511185429692106|container|create|c360d93dfb76358483225bb334ef328df733daef50872d61ad68dd42ac88c523|t20-lat-ctr-12
1790511185550711566|network|connect|8db233da865a21ce3b3588d2a3425a428c76c745e4117af1e843d46e5c384ac5|bridge
1790511185569760471|container|start|c360d93dfb76358483225bb334ef328df733daef50872d61ad68dd42ac88c523|t20-lat-ctr-12
1790511186570860795|container|exec_create: /bin/sh -c true|c360d93dfb76358483225bb334ef328df733daef50872d61ad68dd42ac88c523|t20-lat-ctr-12
1790511186570884913|container|exec_start: /bin/sh -c true|c360d93dfb76358483225bb334ef328df733daef50872d61ad68dd42ac88c523|t20-lat-ctr-12
1790511186596121823|container|exec_die|c360d93dfb76358483225bb334ef328df733daef50872d61ad68dd42ac88c523|t20-lat-ctr-12
1790511186596307813|container|health_status: healthy|c360d93dfb76358483225bb334ef328df733daef50872d61ad68dd42ac88c523|t20-lat-ctr-12
1790511187597217573|container|exec_create: /bin/sh -c true|c360d93dfb76358483225bb334ef328df733daef50872d61ad68dd42ac88c523|t20-lat-ctr-12
1790511187597249996|container|exec_start: /bin/sh -c true|c360d93dfb76358483225bb334ef328df733daef50872d61ad68dd42ac88c523|t20-lat-ctr-12
1790511187623243822|container|exec_die|c360d93dfb76358483225bb334ef328df733daef50872d61ad68dd42ac88c523|t20-lat-ctr-12
1790511187633758815|container|kill|c360d93dfb76358483225bb334ef328df733daef50872d61ad68dd42ac88c523|t20-lat-ctr-12
1790511188634675239|container|exec_create: /bin/sh -c true|c360d93dfb76358483225bb334ef328df733daef50872d61ad68dd42ac88c523|t20-lat-ctr-12
1790511188634711297|container|exec_start: /bin/sh -c true|c360d93dfb76358483225bb334ef328df733daef50872d61ad68dd42ac88c523|t20-lat-ctr-12
1790511188658961933|container|exec_die|c360d93dfb76358483225bb334ef328df733daef50872d61ad68dd42ac88c523|t20-lat-ctr-12
1790511189647011083|container|kill|c360d93dfb76358483225bb334ef328df733daef50872d61ad68dd42ac88c523|t20-lat-ctr-12
1790511189783703549|network|disconnect|8db233da865a21ce3b3588d2a3425a428c76c745e4117af1e843d46e5c384ac5|bridge
1790511189792501132|container|stop|c360d93dfb76358483225bb334ef328df733daef50872d61ad68dd42ac88c523|t20-lat-ctr-12
1790511189801901982|container|die|c360d93dfb76358483225bb334ef328df733daef50872d61ad68dd42ac88c523|t20-lat-ctr-12
1790511189857533419|container|destroy|c360d93dfb76358483225bb334ef328df733daef50872d61ad68dd42ac88c523|t20-lat-ctr-12
1790511189942924582|container|create|011487617cb44a995c8c9ae0c5808edcc7a0397906b619baf8dcde0ef78c9826|t20-lat-ctr-13
1790511190057579611|network|connect|8db233da865a21ce3b3588d2a3425a428c76c745e4117af1e843d46e5c384ac5|bridge
1790511190075833681|container|start|011487617cb44a995c8c9ae0c5808edcc7a0397906b619baf8dcde0ef78c9826|t20-lat-ctr-13
1790511191076388899|container|exec_create: /bin/sh -c true|011487617cb44a995c8c9ae0c5808edcc7a0397906b619baf8dcde0ef78c9826|t20-lat-ctr-13
1790511191076426350|container|exec_start: /bin/sh -c true|011487617cb44a995c8c9ae0c5808edcc7a0397906b619baf8dcde0ef78c9826|t20-lat-ctr-13
1790511191100983780|container|exec_die|011487617cb44a995c8c9ae0c5808edcc7a0397906b619baf8dcde0ef78c9826|t20-lat-ctr-13
1790511191101229012|container|health_status: healthy|011487617cb44a995c8c9ae0c5808edcc7a0397906b619baf8dcde0ef78c9826|t20-lat-ctr-13
1790511192101550498|container|exec_create: /bin/sh -c true|011487617cb44a995c8c9ae0c5808edcc7a0397906b619baf8dcde0ef78c9826|t20-lat-ctr-13
1790511192101577393|container|exec_start: /bin/sh -c true|011487617cb44a995c8c9ae0c5808edcc7a0397906b619baf8dcde0ef78c9826|t20-lat-ctr-13
1790511192127224224|container|exec_die|011487617cb44a995c8c9ae0c5808edcc7a0397906b619baf8dcde0ef78c9826|t20-lat-ctr-13
1790511192137907965|container|kill|011487617cb44a995c8c9ae0c5808edcc7a0397906b619baf8dcde0ef78c9826|t20-lat-ctr-13
1790511193138652439|container|exec_create: /bin/sh -c true|011487617cb44a995c8c9ae0c5808edcc7a0397906b619baf8dcde0ef78c9826|t20-lat-ctr-13
1790511193138677893|container|exec_start: /bin/sh -c true|011487617cb44a995c8c9ae0c5808edcc7a0397906b619baf8dcde0ef78c9826|t20-lat-ctr-13
1790511193163999788|container|exec_die|011487617cb44a995c8c9ae0c5808edcc7a0397906b619baf8dcde0ef78c9826|t20-lat-ctr-13
1790511194151150123|container|kill|011487617cb44a995c8c9ae0c5808edcc7a0397906b619baf8dcde0ef78c9826|t20-lat-ctr-13
1790511194164551833|container|exec_create: /bin/sh -c true|011487617cb44a995c8c9ae0c5808edcc7a0397906b619baf8dcde0ef78c9826|t20-lat-ctr-13
1790511194164583832|container|exec_start: /bin/sh -c true|011487617cb44a995c8c9ae0c5808edcc7a0397906b619baf8dcde0ef78c9826|t20-lat-ctr-13
1790511194166142926|container|health_status: unhealthy|011487617cb44a995c8c9ae0c5808edcc7a0397906b619baf8dcde0ef78c9826|t20-lat-ctr-13
1790511194298825957|network|disconnect|8db233da865a21ce3b3588d2a3425a428c76c745e4117af1e843d46e5c384ac5|bridge
1790511194307650984|container|stop|011487617cb44a995c8c9ae0c5808edcc7a0397906b619baf8dcde0ef78c9826|t20-lat-ctr-13
1790511194317061069|container|die|011487617cb44a995c8c9ae0c5808edcc7a0397906b619baf8dcde0ef78c9826|t20-lat-ctr-13
1790511194373827508|container|destroy|011487617cb44a995c8c9ae0c5808edcc7a0397906b619baf8dcde0ef78c9826|t20-lat-ctr-13
1790511194462963675|container|create|3d8e8ba6130d9307cc7465b9ea14aec5824c66430abb4a6bcbd763707cc001d8|t20-lat-ctr-14
1790511194591872415|network|connect|8db233da865a21ce3b3588d2a3425a428c76c745e4117af1e843d46e5c384ac5|bridge
1790511194609057111|container|start|3d8e8ba6130d9307cc7465b9ea14aec5824c66430abb4a6bcbd763707cc001d8|t20-lat-ctr-14
1790511195609306820|container|exec_create: /bin/sh -c true|3d8e8ba6130d9307cc7465b9ea14aec5824c66430abb4a6bcbd763707cc001d8|t20-lat-ctr-14
1790511195609338982|container|exec_start: /bin/sh -c true|3d8e8ba6130d9307cc7465b9ea14aec5824c66430abb4a6bcbd763707cc001d8|t20-lat-ctr-14
1790511195634398874|container|exec_die|3d8e8ba6130d9307cc7465b9ea14aec5824c66430abb4a6bcbd763707cc001d8|t20-lat-ctr-14
1790511195634688304|container|health_status: healthy|3d8e8ba6130d9307cc7465b9ea14aec5824c66430abb4a6bcbd763707cc001d8|t20-lat-ctr-14
1790511196634796630|container|exec_create: /bin/sh -c true|3d8e8ba6130d9307cc7465b9ea14aec5824c66430abb4a6bcbd763707cc001d8|t20-lat-ctr-14
1790511196634829353|container|exec_start: /bin/sh -c true|3d8e8ba6130d9307cc7465b9ea14aec5824c66430abb4a6bcbd763707cc001d8|t20-lat-ctr-14
1790511196660108779|container|exec_die|3d8e8ba6130d9307cc7465b9ea14aec5824c66430abb4a6bcbd763707cc001d8|t20-lat-ctr-14
1790511196671206400|container|kill|3d8e8ba6130d9307cc7465b9ea14aec5824c66430abb4a6bcbd763707cc001d8|t20-lat-ctr-14
1790511197671536022|container|exec_create: /bin/sh -c true|3d8e8ba6130d9307cc7465b9ea14aec5824c66430abb4a6bcbd763707cc001d8|t20-lat-ctr-14
1790511197671561617|container|exec_start: /bin/sh -c true|3d8e8ba6130d9307cc7465b9ea14aec5824c66430abb4a6bcbd763707cc001d8|t20-lat-ctr-14
1790511197697240848|container|exec_die|3d8e8ba6130d9307cc7465b9ea14aec5824c66430abb4a6bcbd763707cc001d8|t20-lat-ctr-14
1790511198685269210|container|kill|3d8e8ba6130d9307cc7465b9ea14aec5824c66430abb4a6bcbd763707cc001d8|t20-lat-ctr-14
1790511198697689341|container|exec_create: /bin/sh -c true|3d8e8ba6130d9307cc7465b9ea14aec5824c66430abb4a6bcbd763707cc001d8|t20-lat-ctr-14
1790511198697720174|container|exec_start: /bin/sh -c true|3d8e8ba6130d9307cc7465b9ea14aec5824c66430abb4a6bcbd763707cc001d8|t20-lat-ctr-14
1790511198699268136|container|health_status: unhealthy|3d8e8ba6130d9307cc7465b9ea14aec5824c66430abb4a6bcbd763707cc001d8|t20-lat-ctr-14
1790511198839003016|network|disconnect|8db233da865a21ce3b3588d2a3425a428c76c745e4117af1e843d46e5c384ac5|bridge
1790511198848621654|container|stop|3d8e8ba6130d9307cc7465b9ea14aec5824c66430abb4a6bcbd763707cc001d8|t20-lat-ctr-14
1790511198857072587|container|die|3d8e8ba6130d9307cc7465b9ea14aec5824c66430abb4a6bcbd763707cc001d8|t20-lat-ctr-14
1790511198912773443|container|destroy|3d8e8ba6130d9307cc7465b9ea14aec5824c66430abb4a6bcbd763707cc001d8|t20-lat-ctr-14
1790511199001112878|container|create|b5308f221848cb0ac00ad076634d2480526f9d1f7a0c04386207979dac724744|t20-lat-ctr-15
1790511199135041315|network|connect|8db233da865a21ce3b3588d2a3425a428c76c745e4117af1e843d46e5c384ac5|bridge
1790511199152993918|container|start|b5308f221848cb0ac00ad076634d2480526f9d1f7a0c04386207979dac724744|t20-lat-ctr-15
1790511200153855080|container|exec_create: /bin/sh -c true|b5308f221848cb0ac00ad076634d2480526f9d1f7a0c04386207979dac724744|t20-lat-ctr-15
1790511200153894523|container|exec_start: /bin/sh -c true|b5308f221848cb0ac00ad076634d2480526f9d1f7a0c04386207979dac724744|t20-lat-ctr-15
1790511200179547264|container|exec_die|b5308f221848cb0ac00ad076634d2480526f9d1f7a0c04386207979dac724744|t20-lat-ctr-15
1790511200179715834|container|health_status: healthy|b5308f221848cb0ac00ad076634d2480526f9d1f7a0c04386207979dac724744|t20-lat-ctr-15
1790511201180378156|container|exec_create: /bin/sh -c true|b5308f221848cb0ac00ad076634d2480526f9d1f7a0c04386207979dac724744|t20-lat-ctr-15
1790511201180412504|container|exec_start: /bin/sh -c true|b5308f221848cb0ac00ad076634d2480526f9d1f7a0c04386207979dac724744|t20-lat-ctr-15
1790511201206333424|container|exec_die|b5308f221848cb0ac00ad076634d2480526f9d1f7a0c04386207979dac724744|t20-lat-ctr-15
1790511201213899738|container|kill|b5308f221848cb0ac00ad076634d2480526f9d1f7a0c04386207979dac724744|t20-lat-ctr-15
1790511202213738940|container|exec_create: /bin/sh -c true|b5308f221848cb0ac00ad076634d2480526f9d1f7a0c04386207979dac724744|t20-lat-ctr-15
1790511202213763955|container|exec_start: /bin/sh -c true|b5308f221848cb0ac00ad076634d2480526f9d1f7a0c04386207979dac724744|t20-lat-ctr-15
1790511202238958264|container|exec_die|b5308f221848cb0ac00ad076634d2480526f9d1f7a0c04386207979dac724744|t20-lat-ctr-15
1790511203228090531|container|kill|b5308f221848cb0ac00ad076634d2480526f9d1f7a0c04386207979dac724744|t20-lat-ctr-15
1790511203337911081|network|disconnect|8db233da865a21ce3b3588d2a3425a428c76c745e4117af1e843d46e5c384ac5|bridge
1790511203353746729|container|stop|b5308f221848cb0ac00ad076634d2480526f9d1f7a0c04386207979dac724744|t20-lat-ctr-15
1790511203363020859|container|die|b5308f221848cb0ac00ad076634d2480526f9d1f7a0c04386207979dac724744|t20-lat-ctr-15
1790511203418643647|container|destroy|b5308f221848cb0ac00ad076634d2480526f9d1f7a0c04386207979dac724744|t20-lat-ctr-15
1790511203508013690|container|create|8a126fa8ee0ec7149598f244291065c2db736f3cdd376fb395d0b32513b75616|t20-lat-ctr-16
1790511203645980239|network|connect|8db233da865a21ce3b3588d2a3425a428c76c745e4117af1e843d46e5c384ac5|bridge
1790511203668062307|container|start|8a126fa8ee0ec7149598f244291065c2db736f3cdd376fb395d0b32513b75616|t20-lat-ctr-16
1790511204669125907|container|exec_create: /bin/sh -c true|8a126fa8ee0ec7149598f244291065c2db736f3cdd376fb395d0b32513b75616|t20-lat-ctr-16
1790511204669157697|container|exec_start: /bin/sh -c true|8a126fa8ee0ec7149598f244291065c2db736f3cdd376fb395d0b32513b75616|t20-lat-ctr-16
1790511204694271826|container|exec_die|8a126fa8ee0ec7149598f244291065c2db736f3cdd376fb395d0b32513b75616|t20-lat-ctr-16
1790511204694432607|container|health_status: healthy|8a126fa8ee0ec7149598f244291065c2db736f3cdd376fb395d0b32513b75616|t20-lat-ctr-16
1790511205695222594|container|exec_create: /bin/sh -c true|8a126fa8ee0ec7149598f244291065c2db736f3cdd376fb395d0b32513b75616|t20-lat-ctr-16
1790511205695257865|container|exec_start: /bin/sh -c true|8a126fa8ee0ec7149598f244291065c2db736f3cdd376fb395d0b32513b75616|t20-lat-ctr-16
1790511205719277683|container|exec_die|8a126fa8ee0ec7149598f244291065c2db736f3cdd376fb395d0b32513b75616|t20-lat-ctr-16
1790511205729712217|container|kill|8a126fa8ee0ec7149598f244291065c2db736f3cdd376fb395d0b32513b75616|t20-lat-ctr-16
1790511206730614472|container|exec_create: /bin/sh -c true|8a126fa8ee0ec7149598f244291065c2db736f3cdd376fb395d0b32513b75616|t20-lat-ctr-16
1790511206730640969|container|exec_start: /bin/sh -c true|8a126fa8ee0ec7149598f244291065c2db736f3cdd376fb395d0b32513b75616|t20-lat-ctr-16
1790511206755124543|container|exec_die|8a126fa8ee0ec7149598f244291065c2db736f3cdd376fb395d0b32513b75616|t20-lat-ctr-16
1790511207744307096|container|kill|8a126fa8ee0ec7149598f244291065c2db736f3cdd376fb395d0b32513b75616|t20-lat-ctr-16
1790511207878962967|network|disconnect|8db233da865a21ce3b3588d2a3425a428c76c745e4117af1e843d46e5c384ac5|bridge
1790511207888601070|container|stop|8a126fa8ee0ec7149598f244291065c2db736f3cdd376fb395d0b32513b75616|t20-lat-ctr-16
1790511207897164957|container|die|8a126fa8ee0ec7149598f244291065c2db736f3cdd376fb395d0b32513b75616|t20-lat-ctr-16
1790511207954595928|container|destroy|8a126fa8ee0ec7149598f244291065c2db736f3cdd376fb395d0b32513b75616|t20-lat-ctr-16
1790511208040073860|container|create|d5a248aa2f841b903f2ba442cb193152957fe417beae947171eae877c28f2a4e|t20-lat-ctr-17
1790511208167061440|network|connect|8db233da865a21ce3b3588d2a3425a428c76c745e4117af1e843d46e5c384ac5|bridge
1790511208185118139|container|start|d5a248aa2f841b903f2ba442cb193152957fe417beae947171eae877c28f2a4e|t20-lat-ctr-17
1790511209185971605|container|exec_create: /bin/sh -c true|d5a248aa2f841b903f2ba442cb193152957fe417beae947171eae877c28f2a4e|t20-lat-ctr-17
1790511209185997549|container|exec_start: /bin/sh -c true|d5a248aa2f841b903f2ba442cb193152957fe417beae947171eae877c28f2a4e|t20-lat-ctr-17
1790511209211165981|container|exec_die|d5a248aa2f841b903f2ba442cb193152957fe417beae947171eae877c28f2a4e|t20-lat-ctr-17
1790511209211347485|container|health_status: healthy|d5a248aa2f841b903f2ba442cb193152957fe417beae947171eae877c28f2a4e|t20-lat-ctr-17
1790511210211721881|container|exec_create: /bin/sh -c true|d5a248aa2f841b903f2ba442cb193152957fe417beae947171eae877c28f2a4e|t20-lat-ctr-17
1790511210211754332|container|exec_start: /bin/sh -c true|d5a248aa2f841b903f2ba442cb193152957fe417beae947171eae877c28f2a4e|t20-lat-ctr-17
1790511210237147284|container|exec_die|d5a248aa2f841b903f2ba442cb193152957fe417beae947171eae877c28f2a4e|t20-lat-ctr-17
1790511210248935814|container|kill|d5a248aa2f841b903f2ba442cb193152957fe417beae947171eae877c28f2a4e|t20-lat-ctr-17
1790511211249360057|container|exec_create: /bin/sh -c true|d5a248aa2f841b903f2ba442cb193152957fe417beae947171eae877c28f2a4e|t20-lat-ctr-17
1790511211249395146|container|exec_start: /bin/sh -c true|d5a248aa2f841b903f2ba442cb193152957fe417beae947171eae877c28f2a4e|t20-lat-ctr-17
1790511211273495453|container|exec_die|d5a248aa2f841b903f2ba442cb193152957fe417beae947171eae877c28f2a4e|t20-lat-ctr-17
1790511212263445570|container|kill|d5a248aa2f841b903f2ba442cb193152957fe417beae947171eae877c28f2a4e|t20-lat-ctr-17
1790511212273892329|container|exec_create: /bin/sh -c true|d5a248aa2f841b903f2ba442cb193152957fe417beae947171eae877c28f2a4e|t20-lat-ctr-17
1790511212273918780|container|exec_start: /bin/sh -c true|d5a248aa2f841b903f2ba442cb193152957fe417beae947171eae877c28f2a4e|t20-lat-ctr-17
1790511212275297972|container|health_status: unhealthy|d5a248aa2f841b903f2ba442cb193152957fe417beae947171eae877c28f2a4e|t20-lat-ctr-17
1790511212401108912|network|disconnect|8db233da865a21ce3b3588d2a3425a428c76c745e4117af1e843d46e5c384ac5|bridge
1790511212410906269|container|stop|d5a248aa2f841b903f2ba442cb193152957fe417beae947171eae877c28f2a4e|t20-lat-ctr-17
1790511212419230945|container|die|d5a248aa2f841b903f2ba442cb193152957fe417beae947171eae877c28f2a4e|t20-lat-ctr-17
1790511212474946678|container|destroy|d5a248aa2f841b903f2ba442cb193152957fe417beae947171eae877c28f2a4e|t20-lat-ctr-17
1790511212559225023|container|create|5c0209f41b1af9f2df44864a498b5a93bc2f05a10cf673d75dfb68f869b8c398|t20-lat-ctr-18
1790511212680156164|network|connect|8db233da865a21ce3b3588d2a3425a428c76c745e4117af1e843d46e5c384ac5|bridge
1790511212697242496|container|start|5c0209f41b1af9f2df44864a498b5a93bc2f05a10cf673d75dfb68f869b8c398|t20-lat-ctr-18
1790511213698177438|container|exec_create: /bin/sh -c true|5c0209f41b1af9f2df44864a498b5a93bc2f05a10cf673d75dfb68f869b8c398|t20-lat-ctr-18
1790511213698208833|container|exec_start: /bin/sh -c true|5c0209f41b1af9f2df44864a498b5a93bc2f05a10cf673d75dfb68f869b8c398|t20-lat-ctr-18
1790511213724160552|container|exec_die|5c0209f41b1af9f2df44864a498b5a93bc2f05a10cf673d75dfb68f869b8c398|t20-lat-ctr-18
1790511213724349443|container|health_status: healthy|5c0209f41b1af9f2df44864a498b5a93bc2f05a10cf673d75dfb68f869b8c398|t20-lat-ctr-18
1790511214724491607|container|exec_create: /bin/sh -c true|5c0209f41b1af9f2df44864a498b5a93bc2f05a10cf673d75dfb68f869b8c398|t20-lat-ctr-18
1790511214724550709|container|exec_start: /bin/sh -c true|5c0209f41b1af9f2df44864a498b5a93bc2f05a10cf673d75dfb68f869b8c398|t20-lat-ctr-18
1790511214749418583|container|exec_die|5c0209f41b1af9f2df44864a498b5a93bc2f05a10cf673d75dfb68f869b8c398|t20-lat-ctr-18
1790511214759959900|container|kill|5c0209f41b1af9f2df44864a498b5a93bc2f05a10cf673d75dfb68f869b8c398|t20-lat-ctr-18
1790511215760833333|container|exec_create: /bin/sh -c true|5c0209f41b1af9f2df44864a498b5a93bc2f05a10cf673d75dfb68f869b8c398|t20-lat-ctr-18
1790511215760869710|container|exec_start: /bin/sh -c true|5c0209f41b1af9f2df44864a498b5a93bc2f05a10cf673d75dfb68f869b8c398|t20-lat-ctr-18
1790511215785348258|container|exec_die|5c0209f41b1af9f2df44864a498b5a93bc2f05a10cf673d75dfb68f869b8c398|t20-lat-ctr-18
1790511216773634702|container|kill|5c0209f41b1af9f2df44864a498b5a93bc2f05a10cf673d75dfb68f869b8c398|t20-lat-ctr-18
1790511216922170281|network|disconnect|8db233da865a21ce3b3588d2a3425a428c76c745e4117af1e843d46e5c384ac5|bridge
1790511216932036957|container|stop|5c0209f41b1af9f2df44864a498b5a93bc2f05a10cf673d75dfb68f869b8c398|t20-lat-ctr-18
1790511216940338611|container|die|5c0209f41b1af9f2df44864a498b5a93bc2f05a10cf673d75dfb68f869b8c398|t20-lat-ctr-18
1790511216995905813|container|destroy|5c0209f41b1af9f2df44864a498b5a93bc2f05a10cf673d75dfb68f869b8c398|t20-lat-ctr-18
1790511217081324409|container|create|54c4fc0017a36b3758e31c6a73461984ac05ce488ca58b693dfe911a05534403|t20-lat-ctr-19
1790511217213273269|network|connect|8db233da865a21ce3b3588d2a3425a428c76c745e4117af1e843d46e5c384ac5|bridge
1790511217231383009|container|start|54c4fc0017a36b3758e31c6a73461984ac05ce488ca58b693dfe911a05534403|t20-lat-ctr-19
1790511218232465885|container|exec_create: /bin/sh -c true|54c4fc0017a36b3758e31c6a73461984ac05ce488ca58b693dfe911a05534403|t20-lat-ctr-19
1790511218232503344|container|exec_start: /bin/sh -c true|54c4fc0017a36b3758e31c6a73461984ac05ce488ca58b693dfe911a05534403|t20-lat-ctr-19
1790511218258795440|container|exec_die|54c4fc0017a36b3758e31c6a73461984ac05ce488ca58b693dfe911a05534403|t20-lat-ctr-19
1790511218258977629|container|health_status: healthy|54c4fc0017a36b3758e31c6a73461984ac05ce488ca58b693dfe911a05534403|t20-lat-ctr-19
1790511219259408406|container|exec_create: /bin/sh -c true|54c4fc0017a36b3758e31c6a73461984ac05ce488ca58b693dfe911a05534403|t20-lat-ctr-19
1790511219259440316|container|exec_start: /bin/sh -c true|54c4fc0017a36b3758e31c6a73461984ac05ce488ca58b693dfe911a05534403|t20-lat-ctr-19
1790511219285736974|container|exec_die|54c4fc0017a36b3758e31c6a73461984ac05ce488ca58b693dfe911a05534403|t20-lat-ctr-19
1790511219295927573|container|kill|54c4fc0017a36b3758e31c6a73461984ac05ce488ca58b693dfe911a05534403|t20-lat-ctr-19
1790511220296565667|container|exec_create: /bin/sh -c true|54c4fc0017a36b3758e31c6a73461984ac05ce488ca58b693dfe911a05534403|t20-lat-ctr-19
1790511220296597972|container|exec_start: /bin/sh -c true|54c4fc0017a36b3758e31c6a73461984ac05ce488ca58b693dfe911a05534403|t20-lat-ctr-19
1790511220321814526|container|exec_die|54c4fc0017a36b3758e31c6a73461984ac05ce488ca58b693dfe911a05534403|t20-lat-ctr-19
1790511221310551549|container|kill|54c4fc0017a36b3758e31c6a73461984ac05ce488ca58b693dfe911a05534403|t20-lat-ctr-19
1790511221324011753|container|exec_create: /bin/sh -c true|54c4fc0017a36b3758e31c6a73461984ac05ce488ca58b693dfe911a05534403|t20-lat-ctr-19
1790511221324041979|container|exec_start: /bin/sh -c true|54c4fc0017a36b3758e31c6a73461984ac05ce488ca58b693dfe911a05534403|t20-lat-ctr-19
1790511221325554886|container|health_status: unhealthy|54c4fc0017a36b3758e31c6a73461984ac05ce488ca58b693dfe911a05534403|t20-lat-ctr-19
1790511221469338066|network|disconnect|8db233da865a21ce3b3588d2a3425a428c76c745e4117af1e843d46e5c384ac5|bridge
1790511221479349900|container|stop|54c4fc0017a36b3758e31c6a73461984ac05ce488ca58b693dfe911a05534403|t20-lat-ctr-19
1790511221487426178|container|die|54c4fc0017a36b3758e31c6a73461984ac05ce488ca58b693dfe911a05534403|t20-lat-ctr-19
1790511221544241338|container|destroy|54c4fc0017a36b3758e31c6a73461984ac05ce488ca58b693dfe911a05534403|t20-lat-ctr-19
1790511221627527026|container|create|f20be0097e6e12f2e13b4bb85afb833724c16627f7fbaa2409c3eaf472a8a840|t20-lat-ctr-20
1790511221764405567|network|connect|8db233da865a21ce3b3588d2a3425a428c76c745e4117af1e843d46e5c384ac5|bridge
1790511221782506437|container|start|f20be0097e6e12f2e13b4bb85afb833724c16627f7fbaa2409c3eaf472a8a840|t20-lat-ctr-20
1790511222783533588|container|exec_create: /bin/sh -c true|f20be0097e6e12f2e13b4bb85afb833724c16627f7fbaa2409c3eaf472a8a840|t20-lat-ctr-20
1790511222783567159|container|exec_start: /bin/sh -c true|f20be0097e6e12f2e13b4bb85afb833724c16627f7fbaa2409c3eaf472a8a840|t20-lat-ctr-20
1790511222808712142|container|exec_die|f20be0097e6e12f2e13b4bb85afb833724c16627f7fbaa2409c3eaf472a8a840|t20-lat-ctr-20
1790511222808875790|container|health_status: healthy|f20be0097e6e12f2e13b4bb85afb833724c16627f7fbaa2409c3eaf472a8a840|t20-lat-ctr-20
1790511223809690477|container|exec_create: /bin/sh -c true|f20be0097e6e12f2e13b4bb85afb833724c16627f7fbaa2409c3eaf472a8a840|t20-lat-ctr-20
1790511223809735405|container|exec_start: /bin/sh -c true|f20be0097e6e12f2e13b4bb85afb833724c16627f7fbaa2409c3eaf472a8a840|t20-lat-ctr-20
1790511223838032696|container|exec_die|f20be0097e6e12f2e13b4bb85afb833724c16627f7fbaa2409c3eaf472a8a840|t20-lat-ctr-20
1790511223848317000|container|kill|f20be0097e6e12f2e13b4bb85afb833724c16627f7fbaa2409c3eaf472a8a840|t20-lat-ctr-20
1790511224849115338|container|exec_create: /bin/sh -c true|f20be0097e6e12f2e13b4bb85afb833724c16627f7fbaa2409c3eaf472a8a840|t20-lat-ctr-20
1790511224849138886|container|exec_start: /bin/sh -c true|f20be0097e6e12f2e13b4bb85afb833724c16627f7fbaa2409c3eaf472a8a840|t20-lat-ctr-20
1790511224873841213|container|exec_die|f20be0097e6e12f2e13b4bb85afb833724c16627f7fbaa2409c3eaf472a8a840|t20-lat-ctr-20
1790511225861679167|container|kill|f20be0097e6e12f2e13b4bb85afb833724c16627f7fbaa2409c3eaf472a8a840|t20-lat-ctr-20
1790511225874255596|container|exec_create: /bin/sh -c true|f20be0097e6e12f2e13b4bb85afb833724c16627f7fbaa2409c3eaf472a8a840|t20-lat-ctr-20
1790511225874285715|container|exec_start: /bin/sh -c true|f20be0097e6e12f2e13b4bb85afb833724c16627f7fbaa2409c3eaf472a8a840|t20-lat-ctr-20
1790511225875707874|container|health_status: unhealthy|f20be0097e6e12f2e13b4bb85afb833724c16627f7fbaa2409c3eaf472a8a840|t20-lat-ctr-20
1790511225989494377|network|disconnect|8db233da865a21ce3b3588d2a3425a428c76c745e4117af1e843d46e5c384ac5|bridge
1790511225999207728|container|stop|f20be0097e6e12f2e13b4bb85afb833724c16627f7fbaa2409c3eaf472a8a840|t20-lat-ctr-20
1790511226007617968|container|die|f20be0097e6e12f2e13b4bb85afb833724c16627f7fbaa2409c3eaf472a8a840|t20-lat-ctr-20
1790511226065092095|container|destroy|f20be0097e6e12f2e13b4bb85afb833724c16627f7fbaa2409c3eaf472a8a840|t20-lat-ctr-20
1790511226151574862|container|create|8114c3968f4a42cd5d2389a189bb0230c133f2751c55dfe7be1b057521862fe5|t20-lat-ctr-21
1790511226279641551|network|connect|8db233da865a21ce3b3588d2a3425a428c76c745e4117af1e843d46e5c384ac5|bridge
1790511226297487613|container|start|8114c3968f4a42cd5d2389a189bb0230c133f2751c55dfe7be1b057521862fe5|t20-lat-ctr-21
1790511227298291673|container|exec_create: /bin/sh -c true|8114c3968f4a42cd5d2389a189bb0230c133f2751c55dfe7be1b057521862fe5|t20-lat-ctr-21
1790511227298323717|container|exec_start: /bin/sh -c true|8114c3968f4a42cd5d2389a189bb0230c133f2751c55dfe7be1b057521862fe5|t20-lat-ctr-21
1790511227323874102|container|exec_die|8114c3968f4a42cd5d2389a189bb0230c133f2751c55dfe7be1b057521862fe5|t20-lat-ctr-21
1790511227324040389|container|health_status: healthy|8114c3968f4a42cd5d2389a189bb0230c133f2751c55dfe7be1b057521862fe5|t20-lat-ctr-21
1790511228324570341|container|exec_create: /bin/sh -c true|8114c3968f4a42cd5d2389a189bb0230c133f2751c55dfe7be1b057521862fe5|t20-lat-ctr-21
1790511228324606908|container|exec_start: /bin/sh -c true|8114c3968f4a42cd5d2389a189bb0230c133f2751c55dfe7be1b057521862fe5|t20-lat-ctr-21
1790511228349631254|container|exec_die|8114c3968f4a42cd5d2389a189bb0230c133f2751c55dfe7be1b057521862fe5|t20-lat-ctr-21
1790511228361003056|container|kill|8114c3968f4a42cd5d2389a189bb0230c133f2751c55dfe7be1b057521862fe5|t20-lat-ctr-21
1790511229361595380|container|exec_create: /bin/sh -c true|8114c3968f4a42cd5d2389a189bb0230c133f2751c55dfe7be1b057521862fe5|t20-lat-ctr-21
1790511229361629222|container|exec_start: /bin/sh -c true|8114c3968f4a42cd5d2389a189bb0230c133f2751c55dfe7be1b057521862fe5|t20-lat-ctr-21
1790511229386064957|container|exec_die|8114c3968f4a42cd5d2389a189bb0230c133f2751c55dfe7be1b057521862fe5|t20-lat-ctr-21
1790511230374796758|container|kill|8114c3968f4a42cd5d2389a189bb0230c133f2751c55dfe7be1b057521862fe5|t20-lat-ctr-21
1790511230387227041|container|exec_create: /bin/sh -c true|8114c3968f4a42cd5d2389a189bb0230c133f2751c55dfe7be1b057521862fe5|t20-lat-ctr-21
1790511230387250596|container|exec_start: /bin/sh -c true|8114c3968f4a42cd5d2389a189bb0230c133f2751c55dfe7be1b057521862fe5|t20-lat-ctr-21
1790511230388726263|container|health_status: unhealthy|8114c3968f4a42cd5d2389a189bb0230c133f2751c55dfe7be1b057521862fe5|t20-lat-ctr-21
1790511230533638101|network|disconnect|8db233da865a21ce3b3588d2a3425a428c76c745e4117af1e843d46e5c384ac5|bridge
1790511230544308297|container|stop|8114c3968f4a42cd5d2389a189bb0230c133f2751c55dfe7be1b057521862fe5|t20-lat-ctr-21
1790511230552666501|container|die|8114c3968f4a42cd5d2389a189bb0230c133f2751c55dfe7be1b057521862fe5|t20-lat-ctr-21
1790511230608329720|container|destroy|8114c3968f4a42cd5d2389a189bb0230c133f2751c55dfe7be1b057521862fe5|t20-lat-ctr-21
1790511230693607279|container|create|9618fc8071a951407f4a9b8b5c6c3074e3806fe24a85061180e6fe85438df246|t20-lat-ctr-22
1790511230830687709|network|connect|8db233da865a21ce3b3588d2a3425a428c76c745e4117af1e843d46e5c384ac5|bridge
1790511230848628914|container|start|9618fc8071a951407f4a9b8b5c6c3074e3806fe24a85061180e6fe85438df246|t20-lat-ctr-22
1790511231849123593|container|exec_create: /bin/sh -c true|9618fc8071a951407f4a9b8b5c6c3074e3806fe24a85061180e6fe85438df246|t20-lat-ctr-22
1790511231849159420|container|exec_start: /bin/sh -c true|9618fc8071a951407f4a9b8b5c6c3074e3806fe24a85061180e6fe85438df246|t20-lat-ctr-22
1790511231874701958|container|exec_die|9618fc8071a951407f4a9b8b5c6c3074e3806fe24a85061180e6fe85438df246|t20-lat-ctr-22
1790511231874894743|container|health_status: healthy|9618fc8071a951407f4a9b8b5c6c3074e3806fe24a85061180e6fe85438df246|t20-lat-ctr-22
1790511232874791826|container|exec_create: /bin/sh -c true|9618fc8071a951407f4a9b8b5c6c3074e3806fe24a85061180e6fe85438df246|t20-lat-ctr-22
1790511232874824033|container|exec_start: /bin/sh -c true|9618fc8071a951407f4a9b8b5c6c3074e3806fe24a85061180e6fe85438df246|t20-lat-ctr-22
1790511232903942829|container|exec_die|9618fc8071a951407f4a9b8b5c6c3074e3806fe24a85061180e6fe85438df246|t20-lat-ctr-22
1790511232910521699|container|kill|9618fc8071a951407f4a9b8b5c6c3074e3806fe24a85061180e6fe85438df246|t20-lat-ctr-22
1790511233911440126|container|exec_create: /bin/sh -c true|9618fc8071a951407f4a9b8b5c6c3074e3806fe24a85061180e6fe85438df246|t20-lat-ctr-22
1790511233911473977|container|exec_start: /bin/sh -c true|9618fc8071a951407f4a9b8b5c6c3074e3806fe24a85061180e6fe85438df246|t20-lat-ctr-22
1790511233935917289|container|exec_die|9618fc8071a951407f4a9b8b5c6c3074e3806fe24a85061180e6fe85438df246|t20-lat-ctr-22
1790511234924999715|container|kill|9618fc8071a951407f4a9b8b5c6c3074e3806fe24a85061180e6fe85438df246|t20-lat-ctr-22
1790511235056629920|network|disconnect|8db233da865a21ce3b3588d2a3425a428c76c745e4117af1e843d46e5c384ac5|bridge
1790511235065405021|container|stop|9618fc8071a951407f4a9b8b5c6c3074e3806fe24a85061180e6fe85438df246|t20-lat-ctr-22
1790511235073777499|container|die|9618fc8071a951407f4a9b8b5c6c3074e3806fe24a85061180e6fe85438df246|t20-lat-ctr-22
1790511235130297613|container|destroy|9618fc8071a951407f4a9b8b5c6c3074e3806fe24a85061180e6fe85438df246|t20-lat-ctr-22
1790511235215852998|container|create|ca736e77b7435a7ef8102c42bf0ede92836b0d9f79d58e6c2c309bdda5b1e65a|t20-lat-ctr-23
1790511235358701042|network|connect|8db233da865a21ce3b3588d2a3425a428c76c745e4117af1e843d46e5c384ac5|bridge
1790511235375843876|container|start|ca736e77b7435a7ef8102c42bf0ede92836b0d9f79d58e6c2c309bdda5b1e65a|t20-lat-ctr-23
1790511236376682997|container|exec_create: /bin/sh -c true|ca736e77b7435a7ef8102c42bf0ede92836b0d9f79d58e6c2c309bdda5b1e65a|t20-lat-ctr-23
1790511236376727868|container|exec_start: /bin/sh -c true|ca736e77b7435a7ef8102c42bf0ede92836b0d9f79d58e6c2c309bdda5b1e65a|t20-lat-ctr-23
1790511236402140954|container|exec_die|ca736e77b7435a7ef8102c42bf0ede92836b0d9f79d58e6c2c309bdda5b1e65a|t20-lat-ctr-23
1790511236402310168|container|health_status: healthy|ca736e77b7435a7ef8102c42bf0ede92836b0d9f79d58e6c2c309bdda5b1e65a|t20-lat-ctr-23
1790511237403182245|container|exec_create: /bin/sh -c true|ca736e77b7435a7ef8102c42bf0ede92836b0d9f79d58e6c2c309bdda5b1e65a|t20-lat-ctr-23
1790511237403215562|container|exec_start: /bin/sh -c true|ca736e77b7435a7ef8102c42bf0ede92836b0d9f79d58e6c2c309bdda5b1e65a|t20-lat-ctr-23
1790511237430038998|container|exec_die|ca736e77b7435a7ef8102c42bf0ede92836b0d9f79d58e6c2c309bdda5b1e65a|t20-lat-ctr-23
1790511237440993743|container|kill|ca736e77b7435a7ef8102c42bf0ede92836b0d9f79d58e6c2c309bdda5b1e65a|t20-lat-ctr-23
1790511238441311874|container|exec_create: /bin/sh -c true|ca736e77b7435a7ef8102c42bf0ede92836b0d9f79d58e6c2c309bdda5b1e65a|t20-lat-ctr-23
1790511238441347936|container|exec_start: /bin/sh -c true|ca736e77b7435a7ef8102c42bf0ede92836b0d9f79d58e6c2c309bdda5b1e65a|t20-lat-ctr-23
1790511238465986353|container|exec_die|ca736e77b7435a7ef8102c42bf0ede92836b0d9f79d58e6c2c309bdda5b1e65a|t20-lat-ctr-23
1790511239453967127|container|kill|ca736e77b7435a7ef8102c42bf0ede92836b0d9f79d58e6c2c309bdda5b1e65a|t20-lat-ctr-23
1790511239466482426|container|exec_create: /bin/sh -c true|ca736e77b7435a7ef8102c42bf0ede92836b0d9f79d58e6c2c309bdda5b1e65a|t20-lat-ctr-23
1790511239466509461|container|exec_start: /bin/sh -c true|ca736e77b7435a7ef8102c42bf0ede92836b0d9f79d58e6c2c309bdda5b1e65a|t20-lat-ctr-23
1790511239467899370|container|health_status: unhealthy|ca736e77b7435a7ef8102c42bf0ede92836b0d9f79d58e6c2c309bdda5b1e65a|t20-lat-ctr-23
1790511239612843798|network|disconnect|8db233da865a21ce3b3588d2a3425a428c76c745e4117af1e843d46e5c384ac5|bridge
1790511239622515980|container|stop|ca736e77b7435a7ef8102c42bf0ede92836b0d9f79d58e6c2c309bdda5b1e65a|t20-lat-ctr-23
1790511239630886104|container|die|ca736e77b7435a7ef8102c42bf0ede92836b0d9f79d58e6c2c309bdda5b1e65a|t20-lat-ctr-23
1790511239687629767|container|destroy|ca736e77b7435a7ef8102c42bf0ede92836b0d9f79d58e6c2c309bdda5b1e65a|t20-lat-ctr-23
1790511239770888834|container|create|8fdefe7da6bd9d7bdf317701f9dab4717a9665397f3bce8e49f7a080f12ac1ff|t20-lat-ctr-24
1790511239880899247|network|connect|8db233da865a21ce3b3588d2a3425a428c76c745e4117af1e843d46e5c384ac5|bridge
1790511239898930960|container|start|8fdefe7da6bd9d7bdf317701f9dab4717a9665397f3bce8e49f7a080f12ac1ff|t20-lat-ctr-24
1790511240899691104|container|exec_create: /bin/sh -c true|8fdefe7da6bd9d7bdf317701f9dab4717a9665397f3bce8e49f7a080f12ac1ff|t20-lat-ctr-24
1790511240899724254|container|exec_start: /bin/sh -c true|8fdefe7da6bd9d7bdf317701f9dab4717a9665397f3bce8e49f7a080f12ac1ff|t20-lat-ctr-24
1790511240925272335|container|exec_die|8fdefe7da6bd9d7bdf317701f9dab4717a9665397f3bce8e49f7a080f12ac1ff|t20-lat-ctr-24
1790511240925454032|container|health_status: healthy|8fdefe7da6bd9d7bdf317701f9dab4717a9665397f3bce8e49f7a080f12ac1ff|t20-lat-ctr-24
1790511241925825678|container|exec_create: /bin/sh -c true|8fdefe7da6bd9d7bdf317701f9dab4717a9665397f3bce8e49f7a080f12ac1ff|t20-lat-ctr-24
1790511241925899171|container|exec_start: /bin/sh -c true|8fdefe7da6bd9d7bdf317701f9dab4717a9665397f3bce8e49f7a080f12ac1ff|t20-lat-ctr-24
1790511241958201524|container|exec_die|8fdefe7da6bd9d7bdf317701f9dab4717a9665397f3bce8e49f7a080f12ac1ff|t20-lat-ctr-24
1790511241964852858|container|kill|8fdefe7da6bd9d7bdf317701f9dab4717a9665397f3bce8e49f7a080f12ac1ff|t20-lat-ctr-24
1790511242965684774|container|exec_create: /bin/sh -c true|8fdefe7da6bd9d7bdf317701f9dab4717a9665397f3bce8e49f7a080f12ac1ff|t20-lat-ctr-24
1790511242965711176|container|exec_start: /bin/sh -c true|8fdefe7da6bd9d7bdf317701f9dab4717a9665397f3bce8e49f7a080f12ac1ff|t20-lat-ctr-24
1790511242990141536|container|exec_die|8fdefe7da6bd9d7bdf317701f9dab4717a9665397f3bce8e49f7a080f12ac1ff|t20-lat-ctr-24
1790511243980159697|container|kill|8fdefe7da6bd9d7bdf317701f9dab4717a9665397f3bce8e49f7a080f12ac1ff|t20-lat-ctr-24
1790511243990445084|container|exec_create: /bin/sh -c true|8fdefe7da6bd9d7bdf317701f9dab4717a9665397f3bce8e49f7a080f12ac1ff|t20-lat-ctr-24
1790511243990476895|container|exec_start: /bin/sh -c true|8fdefe7da6bd9d7bdf317701f9dab4717a9665397f3bce8e49f7a080f12ac1ff|t20-lat-ctr-24
1790511243992012616|container|health_status: unhealthy|8fdefe7da6bd9d7bdf317701f9dab4717a9665397f3bce8e49f7a080f12ac1ff|t20-lat-ctr-24
1790511244132110125|network|disconnect|8db233da865a21ce3b3588d2a3425a428c76c745e4117af1e843d46e5c384ac5|bridge
1790511244141740876|container|stop|8fdefe7da6bd9d7bdf317701f9dab4717a9665397f3bce8e49f7a080f12ac1ff|t20-lat-ctr-24
1790511244150023218|container|die|8fdefe7da6bd9d7bdf317701f9dab4717a9665397f3bce8e49f7a080f12ac1ff|t20-lat-ctr-24
1790511244205819847|container|destroy|8fdefe7da6bd9d7bdf317701f9dab4717a9665397f3bce8e49f7a080f12ac1ff|t20-lat-ctr-24
1790511244288939298|container|create|8d2b9cbc756245887a6c6f803fa97ac11f1b878fef5dc13817ebc2841d41eaa3|t20-lat-ctr-25
1790511244405077714|network|connect|8db233da865a21ce3b3588d2a3425a428c76c745e4117af1e843d46e5c384ac5|bridge
1790511244423104543|container|start|8d2b9cbc756245887a6c6f803fa97ac11f1b878fef5dc13817ebc2841d41eaa3|t20-lat-ctr-25
1790511245423712718|container|exec_create: /bin/sh -c true|8d2b9cbc756245887a6c6f803fa97ac11f1b878fef5dc13817ebc2841d41eaa3|t20-lat-ctr-25
1790511245423739965|container|exec_start: /bin/sh -c true|8d2b9cbc756245887a6c6f803fa97ac11f1b878fef5dc13817ebc2841d41eaa3|t20-lat-ctr-25
1790511245448480297|container|exec_die|8d2b9cbc756245887a6c6f803fa97ac11f1b878fef5dc13817ebc2841d41eaa3|t20-lat-ctr-25
1790511245448725614|container|health_status: healthy|8d2b9cbc756245887a6c6f803fa97ac11f1b878fef5dc13817ebc2841d41eaa3|t20-lat-ctr-25
1790511246448872844|container|exec_create: /bin/sh -c true|8d2b9cbc756245887a6c6f803fa97ac11f1b878fef5dc13817ebc2841d41eaa3|t20-lat-ctr-25
1790511246448906076|container|exec_start: /bin/sh -c true|8d2b9cbc756245887a6c6f803fa97ac11f1b878fef5dc13817ebc2841d41eaa3|t20-lat-ctr-25
1790511246475699801|container|exec_die|8d2b9cbc756245887a6c6f803fa97ac11f1b878fef5dc13817ebc2841d41eaa3|t20-lat-ctr-25
1790511246489504395|container|kill|8d2b9cbc756245887a6c6f803fa97ac11f1b878fef5dc13817ebc2841d41eaa3|t20-lat-ctr-25
1790511247490621551|container|exec_create: /bin/sh -c true|8d2b9cbc756245887a6c6f803fa97ac11f1b878fef5dc13817ebc2841d41eaa3|t20-lat-ctr-25
1790511247490645817|container|exec_start: /bin/sh -c true|8d2b9cbc756245887a6c6f803fa97ac11f1b878fef5dc13817ebc2841d41eaa3|t20-lat-ctr-25
1790511247516605545|container|exec_die|8d2b9cbc756245887a6c6f803fa97ac11f1b878fef5dc13817ebc2841d41eaa3|t20-lat-ctr-25
1790511248502554018|container|kill|8d2b9cbc756245887a6c6f803fa97ac11f1b878fef5dc13817ebc2841d41eaa3|t20-lat-ctr-25
1790511248646074627|network|disconnect|8db233da865a21ce3b3588d2a3425a428c76c745e4117af1e843d46e5c384ac5|bridge
1790511248654819790|container|stop|8d2b9cbc756245887a6c6f803fa97ac11f1b878fef5dc13817ebc2841d41eaa3|t20-lat-ctr-25
1790511248664162177|container|die|8d2b9cbc756245887a6c6f803fa97ac11f1b878fef5dc13817ebc2841d41eaa3|t20-lat-ctr-25
1790511248721940744|container|destroy|8d2b9cbc756245887a6c6f803fa97ac11f1b878fef5dc13817ebc2841d41eaa3|t20-lat-ctr-25
1790511248810169534|container|create|2177ee31d7648875ece115e91145b6617ca608804e16754df08ac793b307dd12|t20-lat-ctr-26
1790511248948196960|network|connect|8db233da865a21ce3b3588d2a3425a428c76c745e4117af1e843d46e5c384ac5|bridge
1790511248967081322|container|start|2177ee31d7648875ece115e91145b6617ca608804e16754df08ac793b307dd12|t20-lat-ctr-26
1790511249967904612|container|exec_create: /bin/sh -c true|2177ee31d7648875ece115e91145b6617ca608804e16754df08ac793b307dd12|t20-lat-ctr-26
1790511249967940618|container|exec_start: /bin/sh -c true|2177ee31d7648875ece115e91145b6617ca608804e16754df08ac793b307dd12|t20-lat-ctr-26
1790511249998959534|container|exec_die|2177ee31d7648875ece115e91145b6617ca608804e16754df08ac793b307dd12|t20-lat-ctr-26
1790511249999144392|container|health_status: healthy|2177ee31d7648875ece115e91145b6617ca608804e16754df08ac793b307dd12|t20-lat-ctr-26
1790511250999371675|container|exec_create: /bin/sh -c true|2177ee31d7648875ece115e91145b6617ca608804e16754df08ac793b307dd12|t20-lat-ctr-26
1790511250999398051|container|exec_start: /bin/sh -c true|2177ee31d7648875ece115e91145b6617ca608804e16754df08ac793b307dd12|t20-lat-ctr-26
1790511251026651252|container|exec_die|2177ee31d7648875ece115e91145b6617ca608804e16754df08ac793b307dd12|t20-lat-ctr-26
1790511251033235711|container|kill|2177ee31d7648875ece115e91145b6617ca608804e16754df08ac793b307dd12|t20-lat-ctr-26
1790511252034385709|container|exec_create: /bin/sh -c true|2177ee31d7648875ece115e91145b6617ca608804e16754df08ac793b307dd12|t20-lat-ctr-26
1790511252034426746|container|exec_start: /bin/sh -c true|2177ee31d7648875ece115e91145b6617ca608804e16754df08ac793b307dd12|t20-lat-ctr-26
1790511252059191163|container|exec_die|2177ee31d7648875ece115e91145b6617ca608804e16754df08ac793b307dd12|t20-lat-ctr-26
1790511253047407942|container|kill|2177ee31d7648875ece115e91145b6617ca608804e16754df08ac793b307dd12|t20-lat-ctr-26
1790511253184234211|network|disconnect|8db233da865a21ce3b3588d2a3425a428c76c745e4117af1e843d46e5c384ac5|bridge
1790511253191912356|container|stop|2177ee31d7648875ece115e91145b6617ca608804e16754df08ac793b307dd12|t20-lat-ctr-26
1790511253200245325|container|die|2177ee31d7648875ece115e91145b6617ca608804e16754df08ac793b307dd12|t20-lat-ctr-26
1790511253258048025|container|destroy|2177ee31d7648875ece115e91145b6617ca608804e16754df08ac793b307dd12|t20-lat-ctr-26
1790511253342273843|container|create|d5c978fa83c1f0c4e35a5ca4f07c3ed7ad9ead98287c58d341b335a70b582f63|t20-lat-ctr-27
1790511253468222714|network|connect|8db233da865a21ce3b3588d2a3425a428c76c745e4117af1e843d46e5c384ac5|bridge
1790511253487181658|container|start|d5c978fa83c1f0c4e35a5ca4f07c3ed7ad9ead98287c58d341b335a70b582f63|t20-lat-ctr-27
1790511254487705244|container|exec_create: /bin/sh -c true|d5c978fa83c1f0c4e35a5ca4f07c3ed7ad9ead98287c58d341b335a70b582f63|t20-lat-ctr-27
1790511254487741007|container|exec_start: /bin/sh -c true|d5c978fa83c1f0c4e35a5ca4f07c3ed7ad9ead98287c58d341b335a70b582f63|t20-lat-ctr-27
1790511254513273959|container|exec_die|d5c978fa83c1f0c4e35a5ca4f07c3ed7ad9ead98287c58d341b335a70b582f63|t20-lat-ctr-27
1790511254513455627|container|health_status: healthy|d5c978fa83c1f0c4e35a5ca4f07c3ed7ad9ead98287c58d341b335a70b582f63|t20-lat-ctr-27
1790511255514328822|container|exec_create: /bin/sh -c true|d5c978fa83c1f0c4e35a5ca4f07c3ed7ad9ead98287c58d341b335a70b582f63|t20-lat-ctr-27
1790511255514362498|container|exec_start: /bin/sh -c true|d5c978fa83c1f0c4e35a5ca4f07c3ed7ad9ead98287c58d341b335a70b582f63|t20-lat-ctr-27
1790511255540395103|container|exec_die|d5c978fa83c1f0c4e35a5ca4f07c3ed7ad9ead98287c58d341b335a70b582f63|t20-lat-ctr-27
1790511255551424314|container|kill|d5c978fa83c1f0c4e35a5ca4f07c3ed7ad9ead98287c58d341b335a70b582f63|t20-lat-ctr-27
1790511256552079281|container|exec_create: /bin/sh -c true|d5c978fa83c1f0c4e35a5ca4f07c3ed7ad9ead98287c58d341b335a70b582f63|t20-lat-ctr-27
1790511256552112784|container|exec_start: /bin/sh -c true|d5c978fa83c1f0c4e35a5ca4f07c3ed7ad9ead98287c58d341b335a70b582f63|t20-lat-ctr-27
1790511256581782007|container|exec_die|d5c978fa83c1f0c4e35a5ca4f07c3ed7ad9ead98287c58d341b335a70b582f63|t20-lat-ctr-27
1790511257566550902|container|kill|d5c978fa83c1f0c4e35a5ca4f07c3ed7ad9ead98287c58d341b335a70b582f63|t20-lat-ctr-27
1790511257728296015|network|disconnect|8db233da865a21ce3b3588d2a3425a428c76c745e4117af1e843d46e5c384ac5|bridge
1790511257737987226|container|stop|d5c978fa83c1f0c4e35a5ca4f07c3ed7ad9ead98287c58d341b335a70b582f63|t20-lat-ctr-27
1790511257746343116|container|die|d5c978fa83c1f0c4e35a5ca4f07c3ed7ad9ead98287c58d341b335a70b582f63|t20-lat-ctr-27
1790511257800967032|container|destroy|d5c978fa83c1f0c4e35a5ca4f07c3ed7ad9ead98287c58d341b335a70b582f63|t20-lat-ctr-27
1790511257883379254|container|create|d6750877368cfdf4ea1e377bcb058c7e24afebaf81b1a953984726c0542c0703|t20-lat-ctr-28
1790511258003371026|network|connect|8db233da865a21ce3b3588d2a3425a428c76c745e4117af1e843d46e5c384ac5|bridge
1790511258020371707|container|start|d6750877368cfdf4ea1e377bcb058c7e24afebaf81b1a953984726c0542c0703|t20-lat-ctr-28
1790511259021058485|container|exec_create: /bin/sh -c true|d6750877368cfdf4ea1e377bcb058c7e24afebaf81b1a953984726c0542c0703|t20-lat-ctr-28
1790511259021082822|container|exec_start: /bin/sh -c true|d6750877368cfdf4ea1e377bcb058c7e24afebaf81b1a953984726c0542c0703|t20-lat-ctr-28
1790511259046663279|container|exec_die|d6750877368cfdf4ea1e377bcb058c7e24afebaf81b1a953984726c0542c0703|t20-lat-ctr-28
1790511259046908125|container|health_status: healthy|d6750877368cfdf4ea1e377bcb058c7e24afebaf81b1a953984726c0542c0703|t20-lat-ctr-28
1790511260047811670|container|exec_create: /bin/sh -c true|d6750877368cfdf4ea1e377bcb058c7e24afebaf81b1a953984726c0542c0703|t20-lat-ctr-28
1790511260047885677|container|exec_start: /bin/sh -c true|d6750877368cfdf4ea1e377bcb058c7e24afebaf81b1a953984726c0542c0703|t20-lat-ctr-28
1790511260076728375|container|exec_die|d6750877368cfdf4ea1e377bcb058c7e24afebaf81b1a953984726c0542c0703|t20-lat-ctr-28
1790511260082994744|container|kill|d6750877368cfdf4ea1e377bcb058c7e24afebaf81b1a953984726c0542c0703|t20-lat-ctr-28
1790511261083304408|container|exec_create: /bin/sh -c true|d6750877368cfdf4ea1e377bcb058c7e24afebaf81b1a953984726c0542c0703|t20-lat-ctr-28
1790511261083336791|container|exec_start: /bin/sh -c true|d6750877368cfdf4ea1e377bcb058c7e24afebaf81b1a953984726c0542c0703|t20-lat-ctr-28
1790511261109195582|container|exec_die|d6750877368cfdf4ea1e377bcb058c7e24afebaf81b1a953984726c0542c0703|t20-lat-ctr-28
1790511262095712121|container|kill|d6750877368cfdf4ea1e377bcb058c7e24afebaf81b1a953984726c0542c0703|t20-lat-ctr-28
1790511262109087224|container|exec_create: /bin/sh -c true|d6750877368cfdf4ea1e377bcb058c7e24afebaf81b1a953984726c0542c0703|t20-lat-ctr-28
1790511262109112733|container|exec_start: /bin/sh -c true|d6750877368cfdf4ea1e377bcb058c7e24afebaf81b1a953984726c0542c0703|t20-lat-ctr-28
1790511262110813280|container|health_status: unhealthy|d6750877368cfdf4ea1e377bcb058c7e24afebaf81b1a953984726c0542c0703|t20-lat-ctr-28
1790511262275354420|network|disconnect|8db233da865a21ce3b3588d2a3425a428c76c745e4117af1e843d46e5c384ac5|bridge
1790511262285016197|container|stop|d6750877368cfdf4ea1e377bcb058c7e24afebaf81b1a953984726c0542c0703|t20-lat-ctr-28
1790511262293410600|container|die|d6750877368cfdf4ea1e377bcb058c7e24afebaf81b1a953984726c0542c0703|t20-lat-ctr-28
1790511262351046232|container|destroy|d6750877368cfdf4ea1e377bcb058c7e24afebaf81b1a953984726c0542c0703|t20-lat-ctr-28
1790511262436393012|container|create|7fa4074a9ec70e9e96db78e1c5a9263b6db5e4979945949fe902041675dcc97e|t20-lat-ctr-29
1790511262558293781|network|connect|8db233da865a21ce3b3588d2a3425a428c76c745e4117af1e843d46e5c384ac5|bridge
1790511262576455433|container|start|7fa4074a9ec70e9e96db78e1c5a9263b6db5e4979945949fe902041675dcc97e|t20-lat-ctr-29
1790511263577014336|container|exec_create: /bin/sh -c true|7fa4074a9ec70e9e96db78e1c5a9263b6db5e4979945949fe902041675dcc97e|t20-lat-ctr-29
1790511263577048806|container|exec_start: /bin/sh -c true|7fa4074a9ec70e9e96db78e1c5a9263b6db5e4979945949fe902041675dcc97e|t20-lat-ctr-29
1790511263602433305|container|exec_die|7fa4074a9ec70e9e96db78e1c5a9263b6db5e4979945949fe902041675dcc97e|t20-lat-ctr-29
1790511263602596323|container|health_status: healthy|7fa4074a9ec70e9e96db78e1c5a9263b6db5e4979945949fe902041675dcc97e|t20-lat-ctr-29
1790511264602833520|container|exec_create: /bin/sh -c true|7fa4074a9ec70e9e96db78e1c5a9263b6db5e4979945949fe902041675dcc97e|t20-lat-ctr-29
1790511264602870141|container|exec_start: /bin/sh -c true|7fa4074a9ec70e9e96db78e1c5a9263b6db5e4979945949fe902041675dcc97e|t20-lat-ctr-29
1790511264628585589|container|exec_die|7fa4074a9ec70e9e96db78e1c5a9263b6db5e4979945949fe902041675dcc97e|t20-lat-ctr-29
1790511264639195057|container|kill|7fa4074a9ec70e9e96db78e1c5a9263b6db5e4979945949fe902041675dcc97e|t20-lat-ctr-29
1790511265640010996|container|exec_create: /bin/sh -c true|7fa4074a9ec70e9e96db78e1c5a9263b6db5e4979945949fe902041675dcc97e|t20-lat-ctr-29
1790511265640037673|container|exec_start: /bin/sh -c true|7fa4074a9ec70e9e96db78e1c5a9263b6db5e4979945949fe902041675dcc97e|t20-lat-ctr-29
1790511265664821051|container|exec_die|7fa4074a9ec70e9e96db78e1c5a9263b6db5e4979945949fe902041675dcc97e|t20-lat-ctr-29
1790511266653850549|container|kill|7fa4074a9ec70e9e96db78e1c5a9263b6db5e4979945949fe902041675dcc97e|t20-lat-ctr-29
1790511266665342965|container|exec_create: /bin/sh -c true|7fa4074a9ec70e9e96db78e1c5a9263b6db5e4979945949fe902041675dcc97e|t20-lat-ctr-29
1790511266665377761|container|exec_start: /bin/sh -c true|7fa4074a9ec70e9e96db78e1c5a9263b6db5e4979945949fe902041675dcc97e|t20-lat-ctr-29
1790511266666997006|container|health_status: unhealthy|7fa4074a9ec70e9e96db78e1c5a9263b6db5e4979945949fe902041675dcc97e|t20-lat-ctr-29
1790511266800537314|network|disconnect|8db233da865a21ce3b3588d2a3425a428c76c745e4117af1e843d46e5c384ac5|bridge
1790511266811052055|container|stop|7fa4074a9ec70e9e96db78e1c5a9263b6db5e4979945949fe902041675dcc97e|t20-lat-ctr-29
1790511266819467912|container|die|7fa4074a9ec70e9e96db78e1c5a9263b6db5e4979945949fe902041675dcc97e|t20-lat-ctr-29
1790511266878248403|container|destroy|7fa4074a9ec70e9e96db78e1c5a9263b6db5e4979945949fe902041675dcc97e|t20-lat-ctr-29
1790511266959553045|container|create|825de1f00095893fa357f870bbe6847e65f33b935f67973857eb7224858aeac5|t20-lat-ctr-30
1790511267082464576|network|connect|8db233da865a21ce3b3588d2a3425a428c76c745e4117af1e843d46e5c384ac5|bridge
1790511267099570976|container|start|825de1f00095893fa357f870bbe6847e65f33b935f67973857eb7224858aeac5|t20-lat-ctr-30
1790511268099816068|container|exec_create: /bin/sh -c true|825de1f00095893fa357f870bbe6847e65f33b935f67973857eb7224858aeac5|t20-lat-ctr-30
1790511268099849762|container|exec_start: /bin/sh -c true|825de1f00095893fa357f870bbe6847e65f33b935f67973857eb7224858aeac5|t20-lat-ctr-30
1790511268132666884|container|exec_die|825de1f00095893fa357f870bbe6847e65f33b935f67973857eb7224858aeac5|t20-lat-ctr-30
1790511268132860033|container|health_status: healthy|825de1f00095893fa357f870bbe6847e65f33b935f67973857eb7224858aeac5|t20-lat-ctr-30
1790511269133602260|container|exec_create: /bin/sh -c true|825de1f00095893fa357f870bbe6847e65f33b935f67973857eb7224858aeac5|t20-lat-ctr-30
1790511269133664073|container|exec_start: /bin/sh -c true|825de1f00095893fa357f870bbe6847e65f33b935f67973857eb7224858aeac5|t20-lat-ctr-30
1790511269159607947|container|kill|825de1f00095893fa357f870bbe6847e65f33b935f67973857eb7224858aeac5|t20-lat-ctr-30
1790511269160594436|container|exec_die|825de1f00095893fa357f870bbe6847e65f33b935f67973857eb7224858aeac5|t20-lat-ctr-30
1790511270161212335|container|exec_create: /bin/sh -c true|825de1f00095893fa357f870bbe6847e65f33b935f67973857eb7224858aeac5|t20-lat-ctr-30
1790511270161240842|container|exec_start: /bin/sh -c true|825de1f00095893fa357f870bbe6847e65f33b935f67973857eb7224858aeac5|t20-lat-ctr-30
1790511270185749814|container|exec_die|825de1f00095893fa357f870bbe6847e65f33b935f67973857eb7224858aeac5|t20-lat-ctr-30
1790511271174884830|container|kill|825de1f00095893fa357f870bbe6847e65f33b935f67973857eb7224858aeac5|t20-lat-ctr-30
1790511271186236183|container|exec_create: /bin/sh -c true|825de1f00095893fa357f870bbe6847e65f33b935f67973857eb7224858aeac5|t20-lat-ctr-30
1790511271186265557|container|exec_start: /bin/sh -c true|825de1f00095893fa357f870bbe6847e65f33b935f67973857eb7224858aeac5|t20-lat-ctr-30
1790511271187689734|container|health_status: unhealthy|825de1f00095893fa357f870bbe6847e65f33b935f67973857eb7224858aeac5|t20-lat-ctr-30
1790511271351572473|network|disconnect|8db233da865a21ce3b3588d2a3425a428c76c745e4117af1e843d46e5c384ac5|bridge
1790511271361276231|container|stop|825de1f00095893fa357f870bbe6847e65f33b935f67973857eb7224858aeac5|t20-lat-ctr-30
1790511271369658412|container|die|825de1f00095893fa357f870bbe6847e65f33b935f67973857eb7224858aeac5|t20-lat-ctr-30
1790511271425422212|container|destroy|825de1f00095893fa357f870bbe6847e65f33b935f67973857eb7224858aeac5|t20-lat-ctr-30
